BENE_GEO_CD,County,State,total_medicare_benes,total_power_dependent_benes,o2_services_benes,home_health_benes,hospice_benes,any_healthcare_benes
01001,Autauga,AL,11864.0,588.0,123.0,96.0,44.0,307.0
01003,Baldwin,AL,65729.0,2346.0,390.0,393.0,223.0,1171.0
01005,Barbour,AL,5934.0,298.0,106.0,68.0,22.0,218.0
01007,Bibb,AL,4977.0,237.0,77.0,70.0,55.0,235.0
01009,Blount,AL,10002.0,549.0,94.0,107.0,66.0,300.0
01011,Bullock,AL,2522.0,95.0,22.0,33.0,22.0,99.0
01013,Butler,AL,4945.0,303.0,60.0,63.0,33.0,189.0
01015,Calhoun,AL,29434.0,1733.0,379.0,380.0,99.0,946.0
01017,Chambers,AL,9123.0,528.0,79.0,68.0,22.0,202.0
01019,Cherokee,AL,6905.0,339.0,94.0,69.0,44.0,240.0
01021,Chilton,AL,9258.0,497.0,89.0,88.0,79.0,300.0
01023,Choctaw,AL,3758.0,183.0,96.0,77.0,44.0,239.0
01025,Clarke,AL,6490.0,282.0,90.0,80.0,33.0,247.0
01027,Clay,AL,3626.0,201.0,75.0,44.0,22.0,152.0
01029,Cleburne,AL,3551.0,257.0,82.0,52.0,33.0,189.0
01031,Coffee,AL,11774.0,580.0,202.0,121.0,55.0,411.0
01033,Colbert,AL,14249.0,843.0,187.0,178.0,45.0,454.0
01035,Conecuh,AL,3436.0,177.0,56.0,42.0,33.0,164.0
01037,Coosa,AL,3159.0,149.0,56.0,33.0,44.0,133.0
01039,Covington,AL,10118.0,741.0,203.0,129.0,55.0,453.0
01041,Crenshaw,AL,3765.0,265.0,108.0,88.0,66.0,273.0
01043,Cullman,AL,21062.0,1295.0,438.0,248.0,124.0,865.0
01045,Dale,AL,11745.0,692.0,179.0,93.0,55.0,371.0
01047,Dallas,AL,10134.0,375.0,136.0,66.0,44.0,301.0
01049,De Kalb,AL,15712.0,925.0,211.0,220.0,121.0,629.0
01051,Elmore,AL,20989.0,954.0,231.0,141.0,88.0,548.0
01053,Escambia,AL,8949.0,453.0,131.0,96.0,33.0,282.0
01055,Etowah,AL,27109.0,1624.0,232.0,317.0,112.0,738.0
01057,Fayette,AL,4115.0,198.0,34.0,50.0,33.0,128.0
01059,Franklin,AL,7141.0,464.0,113.0,99.0,55.0,311.0
01061,Geneva,AL,7234.0,383.0,125.0,61.0,77.0,307.0
01063,Greene,AL,2260.0,73.0,33.0,33.0,11.0,99.0
01065,Hale,AL,4387.0,164.0,55.0,45.0,22.0,144.0
01067,Henry,AL,5270.0,273.0,94.0,68.0,33.0,217.0
01069,Houston,AL,25582.0,1339.0,408.0,224.0,84.0,806.0
01071,Jackson,AL,14790.0,852.0,268.0,246.0,132.0,712.0
01073,Jefferson,AL,144783.0,5453.0,952.0,941.0,495.0,2810.0
01075,Lamar,AL,4027.0,206.0,67.0,72.0,44.0,194.0
01077,Lauderdale,AL,23626.0,1262.0,301.0,223.0,76.0,644.0
01079,Lawrence,AL,6406.0,437.0,160.0,93.0,55.0,363.0
01081,Lee,AL,29410.0,1358.0,214.0,195.0,77.0,552.0
01083,Limestone,AL,21526.0,1103.0,331.0,198.0,78.0,674.0
01085,Lowndes,AL,2923.0,97.0,44.0,44.0,0.0,110.0
01087,Macon,AL,4496.0,229.0,63.0,60.0,11.0,167.0
01089,Madison,AL,79599.0,2949.0,866.0,484.0,220.0,1761.0
01091,Marengo,AL,5265.0,219.0,90.0,80.0,44.0,258.0
01093,Marion,AL,6902.0,384.0,104.0,85.0,44.0,266.0
01095,Marshall,AL,22806.0,1353.0,198.0,243.0,93.0,622.0
01097,Mobile,AL,89914.0,4274.0,834.0,640.0,340.0,2123.0
01099,Monroe,AL,5071.0,252.0,112.0,68.0,33.0,257.0
01101,Montgomery,AL,46418.0,1811.0,432.0,288.0,132.0,1013.0
01103,Morgan,AL,28792.0,1663.0,587.0,273.0,86.0,1023.0
01105,Perry,AL,2279.0,93.0,26.0,22.0,0.0,59.0
01107,Pickens,AL,5069.0,204.0,55.0,58.0,44.0,190.0
01109,Pike,AL,7244.0,411.0,59.0,85.0,44.0,243.0
01111,Randolph,AL,6249.0,470.0,120.0,82.0,44.0,279.0
01113,Russell,AL,12165.0,585.0,185.0,96.0,55.0,394.0
01115,Saint Clair,AL,19658.0,1035.0,152.0,174.0,110.0,524.0
01117,Shelby,AL,42571.0,1511.0,232.0,251.0,148.0,741.0
01119,Sumter,AL,3048.0,137.0,69.0,55.0,33.0,190.0
01121,Talladega,AL,19932.0,1149.0,213.0,168.0,84.0,532.0
01123,Tallapoosa,AL,10974.0,605.0,155.0,110.0,33.0,331.0
01125,Tuscaloosa,AL,36007.0,1420.0,186.0,323.0,143.0,752.0
01127,Walker,AL,17058.0,900.0,212.0,201.0,110.0,578.0
01129,Washington,AL,4326.0,214.0,121.0,110.0,44.0,286.0
01131,Wilcox,AL,3362.0,117.0,60.0,66.0,33.0,214.0
01133,Winston,AL,6611.0,459.0,126.0,121.0,57.0,326.0
02013,Aleutians East,AK,161.0,22.0,0.0,0.0,0.0,0.0
02016,Aleutians West,AK,256.0,11.0,0.0,0.0,0.0,0.0
02020,Anchorage,AK,46271.0,1236.0,110.0,150.0,66.0,403.0
02050,Bethel,AK,1718.0,121.0,0.0,0.0,0.0,11.0
02060,Bristol Bay,AK,163.0,22.0,11.0,11.0,0.0,22.0
02068,Denali,AK,343.0,33.0,0.0,0.0,0.0,0.0
02070,Dillingham,AK,585.0,66.0,0.0,0.0,0.0,0.0
02090,Fairbanks North Star,AK,13703.0,398.0,44.0,44.0,33.0,143.0
02100,Haines,AK,729.0,19.0,0.0,11.0,0.0,11.0
02105,Hoonah Angoon,AK,596.0,44.0,0.0,0.0,0.0,0.0
02110,Juneau,AK,6019.0,97.0,22.0,11.0,0.0,44.0
02122,Kenai Peninsula,AK,14723.0,452.0,66.0,56.0,0.0,166.0
02130,Ketchikan Gateway,AK,2789.0,70.0,0.0,11.0,0.0,11.0
02150,Kodiak Island,AK,2059.0,64.0,11.0,0.0,0.0,11.0
02164,Lake And Peninsula,AK,204.0,11.0,0.0,0.0,0.0,0.0
02170,Matanuska Susitna,AK,19469.0,571.0,55.0,66.0,33.0,187.0
02180,Nome,AK,1004.0,66.0,0.0,11.0,0.0,11.0
02185,North Slope,AK,571.0,44.0,0.0,0.0,0.0,0.0
02188,Northwest Arctic,AK,627.0,44.0,11.0,11.0,0.0,22.0
02195,Petersburg,AK,971.0,35.0,11.0,11.0,0.0,33.0
02198,Prince Of Wales Hyder,AK,1184.0,55.0,22.0,11.0,0.0,33.0
02220,Sitka,AK,1743.0,29.0,0.0,0.0,0.0,0.0
02230,Skagway,AK,202.0,11.0,0.0,0.0,0.0,0.0
02240,Southeast Fairbanks,AK,1505.0,60.0,0.0,0.0,0.0,0.0
02261,Valdez Cordova,AK,1817.0,64.0,11.0,0.0,0.0,11.0
02270,Wade Hampton,AK,656.0,33.0,0.0,0.0,0.0,0.0
02275,Wrangell,AK,631.0,16.0,0.0,0.0,0.0,0.0
02282,Yakutat,AK,131.0,11.0,0.0,0.0,0.0,0.0
02290,Yukon Koyukuk,AK,1023.0,165.0,11.0,0.0,0.0,11.0
04001,Apache,AZ,14855.0,1150.0,475.0,121.0,88.0,794.0
04003,Cochise,AZ,38023.0,2031.0,797.0,175.0,132.0,1181.0
04005,Coconino,AZ,22984.0,1885.0,701.0,173.0,66.0,1040.0
04007,Gila,AZ,18538.0,1210.0,415.0,65.0,60.0,595.0
04009,Graham,AZ,6205.0,375.0,198.0,52.0,33.0,327.0
04011,Greenlee,AZ,1327.0,95.0,41.0,22.0,11.0,85.0
04012,La Paz,AZ,6543.0,263.0,115.0,58.0,44.0,239.0
04013,Maricopa,AZ,800777.0,29490.0,7398.0,2503.0,1307.0,12432.0
04015,Mohave,AZ,77087.0,3841.0,1604.0,239.0,143.0,2121.0
04017,Navajo,AZ,28381.0,2699.0,876.0,160.0,142.0,1321.0
04019,Pima,AZ,263999.0,9777.0,3103.0,856.0,404.0,4798.0
04021,Pinal,AZ,97344.0,3833.0,1035.0,353.0,166.0,1732.0
04023,Santa Cruz,AZ,12119.0,378.0,153.0,64.0,44.0,294.0
04025,Yavapai,AZ,95576.0,6875.0,1681.0,407.0,202.0,2422.0
04027,Yuma,AZ,45678.0,1504.0,371.0,190.0,44.0,671.0
05001,Arkansas,AR,3974.0,275.0,135.0,47.0,22.0,226.0
05003,Ashley,AR,5186.0,377.0,142.0,71.0,33.0,290.0
05005,Baxter,AR,15333.0,1183.0,361.0,200.0,50.0,633.0
05007,Benton,AR,48492.0,2546.0,572.0,289.0,110.0,1095.0
05009,Boone,AR,11253.0,815.0,256.0,82.0,22.0,393.0
05011,Bradley,AR,2459.0,185.0,57.0,39.0,22.0,129.0
05013,Calhoun,AR,1006.0,108.0,27.0,22.0,11.0,71.0
05015,Carroll,AR,7582.0,481.0,130.0,44.0,44.0,240.0
05017,Chicot,AR,2717.0,158.0,40.0,33.0,22.0,128.0
05019,Clark,AR,5243.0,343.0,88.0,48.0,44.0,213.0
05021,Clay,AR,3800.0,366.0,166.0,97.0,22.0,318.0
05023,Cleburne,AR,8558.0,571.0,192.0,95.0,66.0,386.0
05025,Cleveland,AR,1899.0,158.0,59.0,35.0,11.0,127.0
05027,Columbia,AR,5568.0,383.0,115.0,77.0,33.0,247.0
05029,Conway,AR,5315.0,377.0,110.0,96.0,55.0,305.0
05031,Craighead,AR,17136.0,1353.0,510.0,207.0,66.0,853.0
05033,Crawford,AR,15084.0,1072.0,385.0,143.0,55.0,634.0
05035,Crittenden,AR,9572.0,547.0,210.0,80.0,33.0,390.0
05037,Cross,AR,3822.0,284.0,136.0,52.0,22.0,243.0
05039,Dallas,AR,1898.0,186.0,60.0,24.0,22.0,117.0
05041,Desha,AR,2890.0,193.0,73.0,55.0,22.0,205.0
05043,Drew,AR,3712.0,296.0,88.0,52.0,11.0,173.0
05045,Faulkner,AR,23260.0,1345.0,238.0,149.0,66.0,498.0
05047,Franklin,AR,4660.0,324.0,108.0,46.0,22.0,198.0
05049,Fulton,AR,3276.0,277.0,87.0,77.0,11.0,197.0
05051,Garland,AR,35791.0,2145.0,541.0,267.0,89.0,941.0
05053,Grant,AR,4000.0,273.0,99.0,65.0,22.0,197.0
05055,Greene,AR,9763.0,835.0,315.0,106.0,33.0,465.0
05057,Hempstead,AR,4291.0,331.0,155.0,89.0,44.0,310.0
05059,Hot Spring,AR,7676.0,607.0,219.0,84.0,48.0,373.0
05061,Howard,AR,3482.0,250.0,94.0,63.0,33.0,212.0
05063,Independence,AR,8685.0,926.0,289.0,195.0,81.0,598.0
05065,Izard,AR,4364.0,360.0,131.0,116.0,66.0,346.0
05067,Jackson,AR,3317.0,339.0,109.0,68.0,11.0,210.0
05069,Jefferson,AR,15883.0,1081.0,316.0,196.0,55.0,653.0
05071,Johnson,AR,5759.0,410.0,92.0,64.0,33.0,211.0
05073,Lafayette,AR,1640.0,135.0,50.0,48.0,22.0,131.0
05075,Lawrence,AR,4835.0,454.0,209.0,133.0,22.0,397.0
05077,Lee,AR,1769.0,127.0,45.0,22.0,11.0,89.0
05079,Lincoln,AR,2255.0,224.0,55.0,46.0,33.0,167.0
05081,Little River,AR,3195.0,272.0,73.0,57.0,33.0,185.0
05083,Logan,AR,6180.0,456.0,169.0,108.0,33.0,332.0
05085,Lonoke,AR,15673.0,1015.0,263.0,143.0,68.0,507.0
05087,Madison,AR,4207.0,352.0,130.0,68.0,22.0,253.0
05089,Marion,AR,5371.0,378.0,110.0,65.0,44.0,241.0
05091,Miller,AR,9274.0,696.0,176.0,106.0,33.0,326.0
05093,Mississippi,AR,8038.0,690.0,278.0,115.0,55.0,514.0
05095,Monroe,AR,1910.0,133.0,53.0,33.0,33.0,152.0
05097,Montgomery,AR,2435.0,135.0,77.0,66.0,33.0,176.0
05099,Nevada,AR,2156.0,220.0,77.0,40.0,33.0,172.0
05101,Newton,AR,2379.0,181.0,96.0,44.0,0.0,162.0
05103,Ouachita,AR,6308.0,460.0,104.0,75.0,33.0,256.0
05105,Perry,AR,2973.0,198.0,63.0,44.0,22.0,151.0
05107,Phillips,AR,4118.0,274.0,117.0,66.0,55.0,304.0
05109,Pike,AR,2750.0,237.0,75.0,61.0,55.0,202.0
05111,Poinsett,AR,5617.0,569.0,226.0,88.0,55.0,413.0
05113,Polk,AR,5599.0,388.0,148.0,81.0,22.0,262.0
05115,Pope,AR,14294.0,1065.0,192.0,132.0,55.0,423.0
05117,Prairie,AR,1931.0,177.0,75.0,66.0,22.0,185.0
05119,Pulaski,AR,83534.0,3834.0,903.0,495.0,198.0,1798.0
05121,Randolph,AR,4286.0,366.0,155.0,78.0,11.0,255.0
05123,Saint Francis,AR,5214.0,308.0,148.0,73.0,44.0,309.0
05125,Saline,AR,24706.0,1402.0,329.0,176.0,88.0,659.0
05127,Scott,AR,2821.0,230.0,85.0,50.0,33.0,179.0
05129,Searcy,AR,2714.0,195.0,66.0,58.0,22.0,168.0
05131,Sebastian,AR,27737.0,1766.0,596.0,213.0,77.0,963.0
05133,Sevier,AR,3001.0,246.0,99.0,54.0,22.0,208.0
05135,Sharp,AR,6911.0,668.0,201.0,106.0,55.0,417.0
05137,Stone,AR,4256.0,411.0,146.0,101.0,33.0,291.0
05139,Union,AR,9507.0,744.0,154.0,80.0,44.0,315.0
05141,Van Buren,AR,5823.0,423.0,104.0,81.0,66.0,262.0
05143,Washington,AR,41929.0,2411.0,579.0,272.0,121.0,1082.0
05145,White,AR,18760.0,1403.0,438.0,213.0,82.0,810.0
05147,Woodruff,AR,1829.0,159.0,72.0,51.0,22.0,156.0
05149,Yell,AR,5022.0,407.0,127.0,61.0,44.0,254.0
06001,Alameda,CA,275894.0,8696.0,1109.0,1965.0,451.0,4002.0
06003,Alpine,CA,282.0,22.0,12.0,0.0,11.0,23.0
06005,Amador,CA,12445.0,504.0,174.0,90.0,22.0,341.0
06007,Butte,CA,48403.0,2565.0,676.0,306.0,110.0,1204.0
06009,Calaveras,CA,14346.0,548.0,212.0,137.0,66.0,470.0
06011,Colusa,CA,4248.0,194.0,70.0,81.0,22.0,217.0
06013,Contra Costa,CA,224031.0,7428.0,889.0,1720.0,375.0,3409.0
06015,Del Norte,CA,6701.0,295.0,126.0,28.0,0.0,176.0
06017,El Dorado,CA,51745.0,2244.0,573.0,347.0,121.0,1118.0
06019,Fresno,CA,160310.0,6820.0,1638.0,1145.0,383.0,3598.0
06021,Glenn,CA,6045.0,352.0,91.0,53.0,11.0,188.0
06023,Humboldt,CA,31028.0,1252.0,432.0,99.0,77.0,685.0
06025,Imperial,CA,36483.0,1196.0,316.0,314.0,55.0,821.0
06027,Inyo,CA,4999.0,330.0,136.0,33.0,22.0,224.0
06029,Kern,CA,133897.0,7568.0,2182.0,982.0,349.0,3860.0
06031,Kings,CA,19412.0,1042.0,301.0,163.0,44.0,603.0
06033,Lake,CA,17737.0,900.0,287.0,133.0,33.0,541.0
06035,Lassen,CA,5896.0,569.0,171.0,36.0,11.0,229.0
06037,Los Angeles,CA,1682726.0,54257.0,12693.0,12488.0,3062.0,31628.0
06039,Madera,CA,27149.0,1084.0,244.0,195.0,88.0,593.0
06041,Marin,CA,64130.0,1479.0,181.0,331.0,154.0,732.0
06043,Mariposa,CA,4800.0,263.0,118.0,59.0,33.0,243.0
06045,Mendocino,CA,24229.0,970.0,356.0,157.0,55.0,634.0
06047,Merced,CA,41685.0,1619.0,470.0,246.0,132.0,1000.0
06049,Modoc,CA,2401.0,232.0,72.0,0.0,0.0,83.0
06051,Mono,CA,1857.0,118.0,78.0,22.0,0.0,100.0
06053,Monterey,CA,72943.0,1988.0,579.0,358.0,110.0,1228.0
06055,Napa,CA,32079.0,1089.0,179.0,243.0,47.0,535.0
06057,Nevada,CA,30043.0,1079.0,213.0,143.0,44.0,455.0
06059,Orange,CA,595960.0,17502.0,4115.0,3271.0,958.0,9319.0
06061,Placer,CA,101714.0,3665.0,675.0,646.0,174.0,1650.0
06063,Plumas,CA,5787.0,405.0,203.0,77.0,11.0,302.0
06065,Riverside,CA,444969.0,20015.0,5970.0,2586.0,868.0,10350.0
06067,Sacramento,CA,291519.0,12233.0,1767.0,2315.0,480.0,5157.0
06069,San Benito,CA,10804.0,263.0,81.0,71.0,11.0,185.0
06071,San Bernardino,CA,346325.0,17376.0,5755.0,2478.0,863.0,9964.0
06073,San Diego,CA,614729.0,17188.0,3077.0,2540.0,953.0,7428.0
06075,San Francisco,CA,158040.0,3939.0,638.0,925.0,220.0,1995.0
06077,San Joaquin,CA,127048.0,4652.0,1053.0,778.0,264.0,2426.0
06079,San Luis Obispo,CA,73269.0,2039.0,548.0,329.0,121.0,1109.0
06081,San Mateo,CA,139492.0,3580.0,549.0,832.0,220.0,1822.0
06083,Santa Barbara,CA,85608.0,1666.0,347.0,307.0,165.0,973.0
06085,Santa Clara,CA,309109.0,8098.0,1153.0,1755.0,506.0,3958.0
06087,Santa Cruz,CA,61456.0,1501.0,266.0,258.0,110.0,753.0
06089,Shasta,CA,51049.0,2893.0,446.0,435.0,110.0,1112.0
06091,Sierra,CA,866.0,101.0,59.0,11.0,0.0,70.0
06093,Siskiyou,CA,14047.0,848.0,313.0,88.0,55.0,522.0
06095,Solano,CA,91238.0,3642.0,484.0,754.0,121.0,1507.0
06097,Sonoma,CA,120535.0,3601.0,546.0,602.0,176.0,1489.0
06099,Stanislaus,CA,96036.0,3872.0,882.0,558.0,209.0,1904.0
06101,Sutter,CA,18466.0,998.0,234.0,157.0,22.0,468.0
06103,Tehama,CA,13054.0,801.0,134.0,120.0,33.0,342.0
06105,Trinity,CA,3622.0,236.0,99.0,33.0,22.0,165.0
06107,Tulare,CA,69715.0,3616.0,1104.0,471.0,157.0,1972.0
06109,Tuolumne,CA,16250.0,891.0,421.0,122.0,55.0,642.0
06111,Ventura,CA,175216.0,5642.0,549.0,1119.0,242.0,2194.0
06113,Yolo,CA,36984.0,1220.0,238.0,239.0,88.0,642.0
06115,Yuba,CA,14016.0,891.0,249.0,175.0,66.0,525.0
08001,Adams,CO,72874.0,8614.0,2551.0,459.0,143.0,3342.0
08003,Alamosa,CO,3345.0,727.0,281.0,49.0,11.0,352.0
08005,Arapahoe,CO,103524.0,10859.0,2712.0,578.0,176.0,3680.0
08007,Archuleta,CO,4713.0,536.0,165.0,22.0,11.0,198.0
08009,Baca,CO,956.0,117.0,59.0,22.0,0.0,103.0
08011,Bent,CO,1089.0,146.0,46.0,11.0,0.0,68.0
08013,Boulder,CO,59652.0,4280.0,1019.0,261.0,121.0,1502.0
08014,Broomfield,CO,14567.0,1295.0,342.0,68.0,22.0,454.0
08015,Chaffee,CO,6202.0,771.0,171.0,52.0,22.0,267.0
08017,Cheyenne,CO,416.0,44.0,33.0,0.0,0.0,33.0
08019,Clear Creek,CO,1303.0,193.0,65.0,22.0,0.0,98.0
08021,Conejos,CO,2071.0,417.0,156.0,55.0,0.0,233.0
08023,Costilla,CO,1329.0,260.0,94.0,33.0,0.0,149.0
08025,Crowley,CO,895.0,135.0,42.0,22.0,0.0,86.0
08027,Custer,CO,2116.0,264.0,61.0,22.0,0.0,94.0
08029,Delta,CO,10671.0,1385.0,420.0,82.0,44.0,568.0
08031,Denver,CO,91588.0,8762.0,2337.0,501.0,242.0,3375.0
08033,Dolores,CO,600.0,104.0,31.0,0.0,0.0,42.0
08035,Douglas,CO,64083.0,6443.0,1331.0,334.0,154.0,1918.0
08037,Eagle,CO,7707.0,686.0,135.0,11.0,11.0,168.0
08039,Elbert,CO,4601.0,543.0,159.0,29.0,11.0,210.0
08041,El Paso,CO,129198.0,17107.0,4980.0,824.0,320.0,6404.0
08043,Fremont,CO,13425.0,2306.0,620.0,118.0,48.0,830.0
08045,Garfield,CO,11517.0,1593.0,308.0,55.0,44.0,462.0
08047,Gilpin,CO,1202.0,162.0,55.0,22.0,0.0,77.0
08049,Grand,CO,3133.0,439.0,112.0,22.0,11.0,145.0
08051,Gunnison,CO,2754.0,369.0,96.0,11.0,0.0,107.0
08053,Hinsdale,CO,238.0,39.0,11.0,0.0,0.0,11.0
08055,Huerfano,CO,2640.0,406.0,134.0,11.0,22.0,178.0
08057,Jackson,CO,348.0,63.0,27.0,11.0,0.0,38.0
08059,Jefferson,CO,128927.0,14398.0,3616.0,741.0,242.0,4820.0
08061,Kiowa,CO,368.0,72.0,11.0,0.0,0.0,11.0
08063,Kit Carson,CO,1634.0,183.0,72.0,11.0,0.0,94.0
08065,Lake,CO,1155.0,297.0,62.0,11.0,11.0,95.0
08067,La Plata,CO,13508.0,1738.0,417.0,60.0,33.0,532.0
08069,Larimer,CO,74903.0,6099.0,1688.0,399.0,99.0,2325.0
08071,Las Animas,CO,4571.0,796.0,185.0,66.0,22.0,295.0
08073,Lincoln,CO,1043.0,148.0,33.0,0.0,11.0,44.0
08075,Logan,CO,4572.0,532.0,232.0,31.0,0.0,274.0
08077,Mesa,CO,41125.0,4274.0,1335.0,218.0,99.0,1773.0
08079,Mineral,CO,305.0,62.0,13.0,11.0,0.0,24.0
08081,Moffat,CO,2677.0,491.0,188.0,22.0,11.0,221.0
08083,Montezuma,CO,7836.0,1063.0,302.0,56.0,33.0,424.0
08085,Montrose,CO,13114.0,1681.0,526.0,60.0,52.0,682.0
08087,Morgan,CO,5731.0,615.0,246.0,45.0,0.0,324.0
08089,Otero,CO,4860.0,666.0,207.0,46.0,22.0,297.0
08091,Ouray,CO,1532.0,129.0,29.0,22.0,0.0,51.0
08093,Park,CO,4141.0,613.0,173.0,55.0,11.0,250.0
08095,Phillips,CO,1111.0,85.0,35.0,22.0,0.0,57.0
08097,Pitkin,CO,2932.0,324.0,72.0,11.0,0.0,94.0
08099,Prowers,CO,2685.0,307.0,100.0,11.0,22.0,144.0
08101,Pueblo,CO,40610.0,5916.0,1516.0,325.0,91.0,2027.0
08103,Rio Blanco,CO,1473.0,299.0,94.0,0.0,0.0,105.0
08105,Rio Grande,CO,3877.0,858.0,285.0,58.0,22.0,398.0
08107,Routt,CO,5101.0,376.0,159.0,22.0,0.0,192.0
08109,Saguache,CO,1299.0,193.0,76.0,22.0,0.0,98.0
08111,San Juan,CO,158.0,33.0,11.0,11.0,0.0,22.0
08113,San Miguel,CO,1320.0,99.0,33.0,11.0,0.0,44.0
08115,Sedgwick,CO,749.0,71.0,36.0,0.0,0.0,36.0
08117,Summit,CO,4425.0,626.0,57.0,44.0,0.0,101.0
08119,Teller,CO,7726.0,1170.0,353.0,56.0,22.0,464.0
08121,Washington,CO,1109.0,140.0,71.0,22.0,0.0,93.0
08123,Weld,CO,62071.0,6066.0,1720.0,486.0,187.0,2561.0
08125,Yuma,CO,1992.0,193.0,84.0,11.0,0.0,106.0
09001,Fairfield,CT,179544.0,4085.0,691.0,824.0,264.0,2120.0
09003,Hartford,CT,192100.0,5765.0,1583.0,936.0,352.0,3205.0
09005,Litchfield,CT,49265.0,1547.0,537.0,429.0,66.0,1142.0
09007,Middlesex,CT,42675.0,1044.0,323.0,248.0,99.0,725.0
09009,New Haven,CT,183930.0,5125.0,931.0,864.0,286.0,2411.0
09011,New London,CT,65113.0,2154.0,558.0,356.0,154.0,1189.0
09013,Tolland,CT,32257.0,961.0,284.0,177.0,88.0,615.0
09015,Windham,CT,26955.0,1049.0,323.0,254.0,99.0,786.0
10001,Kent,DE,42437.0,1970.0,610.0,270.0,99.0,1105.0
10003,New Castle,DE,114853.0,4175.0,962.0,647.0,212.0,2035.0
10005,Sussex,DE,96484.0,3193.0,1105.0,391.0,194.0,1866.0
11001,District Of Columbia,DC,96700.0,2679.0,573.0,391.0,198.0,1384.0
12001,Alachua,FL,56032.0,1971.0,567.0,286.0,143.0,1161.0
12003,Baker,FL,5586.0,314.0,89.0,46.0,33.0,201.0
12005,Bay,FL,44368.0,2056.0,485.0,265.0,111.0,918.0
12007,Bradford,FL,5711.0,345.0,138.0,77.0,33.0,270.0
12009,Brevard,FL,180569.0,7064.0,1885.0,746.0,264.0,3149.0
12011,Broward,FL,373112.0,11823.0,3021.0,1332.0,617.0,5550.0
12013,Calhoun,FL,2982.0,221.0,82.0,53.0,22.0,190.0
12015,Charlotte,FL,80391.0,3089.0,464.0,396.0,132.0,1102.0
12017,Citrus,FL,66109.0,2939.0,1013.0,254.0,143.0,1509.0
12019,Clay,FL,51086.0,2385.0,509.0,323.0,66.0,973.0
12021,Collier,FL,121430.0,3024.0,466.0,462.0,143.0,1225.0
12023,Columbia,FL,18102.0,900.0,369.0,141.0,44.0,598.0
12027,De Soto,FL,7803.0,409.0,103.0,63.0,22.0,210.0
12029,Dixie,FL,4531.0,249.0,89.0,35.0,11.0,146.0
12031,Duval,FL,191850.0,8116.0,1824.0,1179.0,343.0,3731.0
12033,Escambia,FL,75550.0,2918.0,883.0,473.0,158.0,1669.0
12035,Flagler,FL,46144.0,1615.0,435.0,171.0,48.0,688.0
12037,Franklin,FL,3438.0,164.0,33.0,35.0,11.0,90.0
12039,Gadsden,FL,11155.0,428.0,157.0,90.0,33.0,335.0
12041,Gilchrist,FL,4600.0,246.0,95.0,28.0,11.0,156.0
12043,Glades,FL,1593.0,103.0,46.0,22.0,11.0,90.0
12045,Gulf,FL,4878.0,263.0,66.0,38.0,22.0,137.0
12047,Hamilton,FL,3593.0,180.0,68.0,34.0,22.0,157.0
12049,Hardee,FL,4648.0,243.0,83.0,54.0,22.0,192.0
12051,Hendry,FL,7922.0,309.0,92.0,43.0,22.0,179.0
12053,Hernando,FL,61883.0,3029.0,1113.0,421.0,103.0,1725.0
12055,Highlands,FL,37220.0,1928.0,499.0,328.0,88.0,981.0
12057,Hillsborough,FL,275312.0,11267.0,2686.0,1679.0,510.0,5346.0
12059,Holmes,FL,5495.0,328.0,101.0,56.0,22.0,190.0
12061,Indian River,FL,62324.0,1700.0,339.0,280.0,77.0,773.0
12063,Jackson,FL,12411.0,845.0,348.0,186.0,99.0,721.0
12065,Jefferson,FL,4153.0,179.0,59.0,23.0,11.0,104.0
12067,Lafayette,FL,1246.0,70.0,22.0,16.0,11.0,60.0
12069,Lake,FL,130221.0,5460.0,1393.0,652.0,270.0,2524.0
12071,Lee,FL,222348.0,7263.0,1939.0,1170.0,312.0,3719.0
12073,Leon,FL,52987.0,1878.0,501.0,296.0,110.0,1006.0
12075,Levy,FL,13095.0,623.0,237.0,106.0,55.0,420.0
12077,Liberty,FL,1568.0,104.0,33.0,22.0,22.0,88.0
12079,Madison,FL,5166.0,228.0,72.0,38.0,33.0,165.0
12081,Manatee,FL,125552.0,3733.0,730.0,551.0,154.0,1567.0
12083,Marion,FL,130306.0,5472.0,1616.0,565.0,253.0,2654.0
12085,Martin,FL,52475.0,1596.0,420.0,265.0,77.0,817.0
12086,Miami-Dade,FL,515338.0,20443.0,5583.0,2363.0,1043.0,9848.0
12087,Monroe,FL,18968.0,461.0,118.0,102.0,44.0,308.0
12089,Nassau,FL,29461.0,1130.0,286.0,142.0,44.0,516.0
12091,Okaloosa,FL,47255.0,1890.0,523.0,269.0,121.0,1002.0
12093,Okeechobee,FL,10414.0,575.0,181.0,29.0,22.0,254.0
12095,Orange,FL,228186.0,7875.0,1830.0,1045.0,446.0,3746.0
12097,Osceola,FL,73170.0,2684.0,699.0,355.0,170.0,1336.0
12099,Palm Beach,FL,367685.0,10076.0,2450.0,1271.0,525.0,4746.0
12101,Pasco,FL,147553.0,6635.0,2080.0,820.0,266.0,3375.0
12103,Pinellas,FL,261027.0,9010.0,2036.0,1234.0,495.0,4217.0
12105,Polk,FL,182369.0,8081.0,1960.0,984.0,354.0,3667.0
12107,Putnam,FL,20941.0,1108.0,344.0,193.0,89.0,681.0
12109,Saint Johns,FL,79092.0,2354.0,427.0,339.0,99.0,964.0
12111,Saint Lucie,FL,96310.0,3131.0,848.0,500.0,158.0,1657.0
12113,Santa Rosa,FL,44541.0,1676.0,448.0,214.0,67.0,795.0
12115,Sarasota,FL,162343.0,4568.0,637.0,651.0,220.0,1717.0
12117,Seminole,FL,84325.0,3450.0,670.0,417.0,152.0,1386.0
12119,Sumter,FL,88282.0,2503.0,588.0,261.0,60.0,975.0
12121,Suwannee,FL,12629.0,630.0,240.0,106.0,44.0,434.0
12123,Taylor,FL,5220.0,266.0,73.0,49.0,11.0,155.0
12125,Union,FL,2569.0,147.0,68.0,29.0,11.0,130.0
12127,Volusia,FL,172507.0,6897.0,2116.0,687.0,262.0,3326.0
12129,Wakulla,FL,8060.0,333.0,130.0,63.0,22.0,237.0
12131,Walton,FL,17770.0,627.0,178.0,90.0,55.0,367.0
12133,Washington,FL,5770.0,339.0,117.0,80.0,35.0,276.0
13001,Appling,GA,3998.0,224.0,93.0,40.0,22.0,166.0
13003,Atkinson,GA,1587.0,142.0,66.0,33.0,11.0,143.0
13005,Bacon,GA,1969.0,179.0,68.0,36.0,11.0,115.0
13007,Baker,GA,536.0,27.0,11.0,11.0,0.0,33.0
13009,Baldwin,GA,9515.0,474.0,179.0,73.0,27.0,299.0
13011,Banks,GA,4542.0,311.0,116.0,44.0,33.0,237.0
13013,Barrow,GA,16787.0,925.0,329.0,112.0,44.0,539.0
13015,Bartow,GA,21933.0,1254.0,400.0,172.0,82.0,709.0
13017,Ben Hill,GA,4170.0,259.0,104.0,32.0,11.0,158.0
13019,Berrien,GA,4181.0,331.0,116.0,58.0,22.0,229.0
13021,Bibb,GA,37508.0,1747.0,589.0,231.0,99.0,1022.0
13023,Bleckley,GA,2859.0,145.0,44.0,15.0,11.0,81.0
13025,Brantley,GA,3484.0,250.0,68.0,44.0,11.0,156.0
13027,Brooks,GA,3206.0,177.0,79.0,64.0,33.0,187.0
13029,Bryan,GA,8490.0,378.0,59.0,42.0,33.0,167.0
13031,Bulloch,GA,11598.0,540.0,95.0,99.0,44.0,283.0
13033,Burke,GA,4861.0,197.0,79.0,57.0,22.0,191.0
13035,Butts,GA,6320.0,335.0,107.0,51.0,33.0,202.0
13037,Calhoun,GA,1426.0,93.0,47.0,44.0,22.0,135.0
13039,Camden,GA,11542.0,520.0,153.0,44.0,33.0,263.0
13043,Candler,GA,2260.0,116.0,11.0,19.0,11.0,52.0
13045,Carroll,GA,27004.0,1732.0,424.0,203.0,68.0,765.0
13047,Catoosa,GA,11376.0,683.0,161.0,73.0,25.0,281.0
13049,Charlton,GA,2413.0,169.0,58.0,26.0,22.0,117.0
13051,Chatham,GA,57291.0,1887.0,343.0,216.0,125.0,815.0
13053,Chattahoochee,GA,672.0,38.0,19.0,11.0,11.0,52.0
13055,Chattooga,GA,6544.0,445.0,179.0,86.0,33.0,331.0
13057,Cherokee,GA,57072.0,2487.0,614.0,326.0,97.0,1114.0
13059,Clarke,GA,20485.0,813.0,234.0,128.0,55.0,472.0
13061,Clay,GA,667.0,21.0,11.0,11.0,11.0,44.0
13063,Clayton,GA,35422.0,1466.0,373.0,179.0,88.0,750.0
13065,Clinch,GA,1506.0,114.0,65.0,34.0,11.0,143.0
13067,Cobb,GA,120910.0,4473.0,658.0,566.0,176.0,1590.0
13069,Coffee,GA,7678.0,737.0,338.0,126.0,55.0,575.0
13071,Colquitt,GA,8761.0,530.0,236.0,99.0,44.0,412.0
13073,Columbia,GA,31213.0,1064.0,250.0,129.0,59.0,493.0
13075,Cook,GA,3576.0,293.0,101.0,42.0,33.0,209.0
13077,Coweta,GA,29953.0,1271.0,345.0,145.0,69.0,631.0
13079,Crawford,GA,1338.0,71.0,39.0,33.0,11.0,105.0
13081,Crisp,GA,4639.0,306.0,124.0,39.0,11.0,196.0
13083,Dade,GA,3776.0,211.0,63.0,37.0,33.0,155.0
13085,Dawson,GA,7944.0,387.0,133.0,61.0,11.0,216.0
13087,Decatur,GA,5894.0,269.0,103.0,65.0,33.0,234.0
13089,Dekalb,GA,119761.0,3887.0,996.0,549.0,221.0,2011.0
13091,Dodge,GA,4523.0,262.0,112.0,47.0,44.0,236.0
13093,Dooly,GA,2312.0,156.0,73.0,33.0,11.0,139.0
13095,Dougherty,GA,19402.0,1110.0,382.0,99.0,44.0,579.0
13097,Douglas,GA,24086.0,1319.0,237.0,148.0,57.0,519.0
13099,Early,GA,2412.0,129.0,72.0,47.0,22.0,152.0
13101,Echols,GA,147.0,12.0,11.0,0.0,11.0,33.0
13103,Effingham,GA,11102.0,514.0,115.0,90.0,33.0,293.0
13105,Elbert,GA,5585.0,315.0,125.0,54.0,11.0,212.0
13107,Emanuel,GA,5105.0,247.0,84.0,52.0,33.0,191.0
13109,Evans,GA,2384.0,123.0,23.0,27.0,11.0,72.0
13111,Fannin,GA,9153.0,583.0,184.0,70.0,44.0,331.0
13113,Fayette,GA,28885.0,906.0,213.0,156.0,45.0,461.0
13115,Floyd,GA,21169.0,1127.0,408.0,160.0,71.0,697.0
13117,Forsyth,GA,29373.0,1093.0,332.0,144.0,33.0,542.0
13119,Franklin,GA,6722.0,391.0,150.0,47.0,33.0,263.0
13121,Fulton,GA,172529.0,5645.0,1247.0,810.0,359.0,2816.0
13123,Gilmer,GA,9606.0,539.0,185.0,93.0,33.0,322.0
13125,Glascock,GA,789.0,37.0,22.0,22.0,0.0,55.0
13127,Glynn,GA,21500.0,927.0,211.0,79.0,44.0,378.0
13129,Gordon,GA,12234.0,761.0,301.0,91.0,44.0,458.0
13131,Grady,GA,5021.0,231.0,55.0,39.0,22.0,127.0
13133,Greene,GA,7405.0,246.0,61.0,28.0,11.0,133.0
13135,Gwinnett,GA,122070.0,4355.0,1269.0,554.0,181.0,2203.0
13137,Habersham,GA,11512.0,657.0,250.0,95.0,44.0,433.0
13139,Hall,GA,39950.0,2131.0,710.0,305.0,100.0,1225.0
13141,Hancock,GA,2481.0,110.0,40.0,18.0,11.0,80.0
13143,Haralson,GA,6717.0,508.0,149.0,75.0,44.0,301.0
13145,Harris,GA,6723.0,252.0,113.0,77.0,55.0,300.0
13147,Hart,GA,5770.0,257.0,93.0,36.0,11.0,151.0
13149,Heard,GA,2003.0,130.0,41.0,14.0,11.0,77.0
13151,Henry,GA,43899.0,1815.0,499.0,238.0,60.0,872.0
13153,Houston,GA,29420.0,1517.0,562.0,195.0,66.0,912.0
13155,Irwin,GA,1608.0,124.0,52.0,30.0,22.0,126.0
13157,Jackson,GA,21793.0,962.0,281.0,137.0,55.0,528.0
13159,Jasper,GA,2959.0,145.0,55.0,25.0,33.0,135.0
13161,Jeff Davis,GA,2871.0,203.0,95.0,15.0,11.0,132.0
13163,Jefferson,GA,4121.0,179.0,87.0,77.0,33.0,241.0
13165,Jenkins,GA,1760.0,106.0,24.0,11.0,11.0,57.0
13167,Johnson,GA,1947.0,87.0,38.0,22.0,22.0,104.0
13169,Jones,GA,3787.0,213.0,77.0,29.0,11.0,139.0
13171,Lamar,GA,4378.0,226.0,95.0,30.0,22.0,169.0
13173,Lanier,GA,1373.0,86.0,38.0,22.0,11.0,93.0
13175,Laurens,GA,11181.0,597.0,253.0,107.0,58.0,469.0
13177,Lee,GA,5193.0,318.0,119.0,33.0,11.0,174.0
13179,Liberty,GA,9863.0,424.0,94.0,66.0,44.0,248.0
13181,Lincoln,GA,2389.0,77.0,27.0,11.0,11.0,60.0
13183,Long,GA,1905.0,100.0,16.0,11.0,11.0,49.0
13185,Lowndes,GA,22679.0,1127.0,332.0,185.0,55.0,654.0
13187,Lumpkin,GA,6773.0,354.0,124.0,47.0,11.0,193.0
13189,Mcduffie,GA,5298.0,249.0,86.0,33.0,22.0,152.0
13191,Mcintosh,GA,3639.0,179.0,41.0,22.0,22.0,107.0
13193,Macon,GA,2463.0,134.0,60.0,33.0,11.0,137.0
13195,Madison,GA,7416.0,387.0,132.0,61.0,22.0,237.0
13197,Marion,GA,1579.0,76.0,28.0,22.0,11.0,72.0
13199,Meriwether,GA,5159.0,270.0,110.0,66.0,22.0,242.0
13201,Miller,GA,1418.0,74.0,25.0,11.0,11.0,58.0
13205,Mitchell,GA,4626.0,297.0,91.0,48.0,22.0,194.0
13207,Monroe,GA,5466.0,238.0,86.0,48.0,33.0,178.0
13209,Montgomery,GA,1850.0,95.0,44.0,33.0,22.0,110.0
13211,Morgan,GA,5156.0,206.0,59.0,40.0,11.0,132.0
13213,Murray,GA,8060.0,559.0,217.0,68.0,24.0,331.0
13215,Muscogee,GA,40538.0,1773.0,666.0,274.0,90.0,1132.0
13217,Newton,GA,22681.0,1031.0,324.0,143.0,37.0,551.0
13219,Oconee,GA,8144.0,283.0,78.0,59.0,33.0,203.0
13221,Oglethorpe,GA,2068.0,92.0,46.0,44.0,11.0,123.0
13223,Paulding,GA,20852.0,1103.0,183.0,153.0,34.0,403.0
13225,Peach,GA,8346.0,464.0,198.0,48.0,22.0,290.0
13227,Pickens,GA,10959.0,581.0,223.0,102.0,27.0,385.0
13229,Pierce,GA,4623.0,361.0,136.0,73.0,33.0,264.0
13231,Pike,GA,4335.0,220.0,78.0,55.0,33.0,188.0
13233,Polk,GA,10322.0,684.0,236.0,94.0,34.0,397.0
13235,Pulaski,GA,2439.0,132.0,52.0,15.0,11.0,89.0
13237,Putnam,GA,6352.0,232.0,74.0,23.0,12.0,120.0
13239,Quitman,GA,952.0,59.0,30.0,11.0,11.0,74.0
13241,Rabun,GA,5748.0,301.0,117.0,67.0,22.0,228.0
13243,Randolph,GA,1675.0,104.0,43.0,11.0,22.0,87.0
13245,Richmond,GA,39055.0,1619.0,454.0,269.0,56.0,871.0
13247,Rockdale,GA,17658.0,729.0,212.0,111.0,33.0,393.0
13249,Schley,GA,875.0,34.0,11.0,11.0,11.0,33.0
13251,Screven,GA,3663.0,167.0,32.0,52.0,11.0,106.0
13253,Seminole,GA,2417.0,132.0,58.0,28.0,11.0,108.0
13255,Spalding,GA,16130.0,799.0,252.0,116.0,23.0,422.0
13257,Stephens,GA,8316.0,600.0,210.0,93.0,22.0,359.0
13259,Stewart,GA,1170.0,58.0,34.0,22.0,11.0,89.0
13261,Sumter,GA,6528.0,411.0,146.0,106.0,33.0,340.0
13263,Talbot,GA,1786.0,87.0,51.0,33.0,22.0,117.0
13265,Taliaferro,GA,513.0,24.0,12.0,11.0,11.0,45.0
13267,Tattnall,GA,4557.0,220.0,52.0,48.0,33.0,166.0
13269,Taylor,GA,1873.0,106.0,46.0,22.0,22.0,112.0
13271,Telfair,GA,2378.0,160.0,69.0,44.0,33.0,168.0
13273,Terrell,GA,2327.0,166.0,76.0,35.0,22.0,155.0
13275,Thomas,GA,12190.0,605.0,148.0,99.0,55.0,360.0
13277,Tift,GA,8763.0,612.0,248.0,111.0,44.0,462.0
13279,Toombs,GA,6154.0,274.0,45.0,25.0,22.0,114.0
13281,Towns,GA,6015.0,298.0,116.0,28.0,22.0,166.0
13283,Treutlen,GA,1309.0,71.0,19.0,11.0,11.0,41.0
13285,Troup,GA,14941.0,950.0,380.0,107.0,44.0,581.0
13287,Turner,GA,2112.0,181.0,71.0,39.0,11.0,143.0
13289,Twiggs,GA,1987.0,117.0,47.0,22.0,22.0,124.0
13291,Union,GA,10462.0,515.0,193.0,54.0,24.0,282.0
13293,Upson,GA,6380.0,324.0,129.0,65.0,22.0,227.0
13295,Walker,GA,18368.0,1294.0,335.0,131.0,81.0,602.0
13297,Walton,GA,26487.0,1339.0,463.0,152.0,58.0,747.0
13299,Ware,GA,8691.0,616.0,267.0,103.0,25.0,428.0
13301,Warren,GA,1448.0,83.0,50.0,22.0,22.0,105.0
13303,Washington,GA,4627.0,195.0,75.0,55.0,33.0,185.0
13305,Wayne,GA,6278.0,467.0,83.0,66.0,44.0,226.0
13307,Webster,GA,432.0,34.0,22.0,11.0,0.0,44.0
13309,Wheeler,GA,1133.0,40.0,22.0,22.0,0.0,44.0
13311,White,GA,8390.0,450.0,150.0,71.0,11.0,254.0
13313,Whitfield,GA,19352.0,1177.0,413.0,127.0,57.0,631.0
13315,Wilcox,GA,1961.0,135.0,58.0,44.0,33.0,179.0
13317,Wilkes,GA,3026.0,141.0,67.0,38.0,22.0,160.0
13319,Wilkinson,GA,2658.0,150.0,65.0,44.0,33.0,164.0
13321,Worth,GA,3845.0,292.0,118.0,44.0,22.0,206.0
15001,Hawaii,HI,53175.0,1181.0,190.0,145.0,66.0,491.0
15003,Honolulu,HI,206302.0,4500.0,494.0,602.0,276.0,1731.0
15005,Kalawao,HI,11.0,0.0,0.0,0.0,0.0,0.0
15007,Kauai,HI,17729.0,303.0,55.0,55.0,22.0,176.0
15009,Maui,HI,35599.0,753.0,88.0,110.0,88.0,363.0
16001,Ada,ID,104826.0,5307.0,1494.0,479.0,154.0,2248.0
16003,Adams,ID,1583.0,105.0,46.0,22.0,11.0,90.0
16005,Bannock,ID,17833.0,1869.0,703.0,250.0,44.0,1030.0
16007,Bear Lake,ID,1595.0,270.0,118.0,33.0,0.0,184.0
16009,Benewah,ID,3372.0,175.0,89.0,11.0,0.0,111.0
16011,Bingham,ID,9277.0,1048.0,343.0,150.0,55.0,592.0
16013,Blaine,ID,6225.0,295.0,96.0,44.0,11.0,151.0
16015,Boise,ID,2089.0,104.0,45.0,33.0,11.0,89.0
16017,Bonner,ID,15132.0,589.0,246.0,101.0,55.0,435.0
16019,Bonneville,ID,22300.0,2638.0,677.0,350.0,56.0,1128.0
16021,Boundary,ID,4068.0,178.0,45.0,33.0,11.0,100.0
16023,Butte,ID,785.0,80.0,34.0,33.0,11.0,78.0
16025,Camas,ID,309.0,36.0,33.0,11.0,0.0,44.0
16027,Canyon,ID,48626.0,2836.0,930.0,272.0,99.0,1389.0
16029,Caribou,ID,1551.0,215.0,84.0,33.0,11.0,139.0
16031,Cassia,ID,4533.0,423.0,125.0,48.0,11.0,195.0
16033,Clark,ID,137.0,27.0,22.0,11.0,0.0,33.0
16035,Clearwater,ID,3208.0,166.0,76.0,22.0,22.0,131.0
16037,Custer,ID,1466.0,123.0,40.0,22.0,0.0,62.0
16039,Elmore,ID,5465.0,443.0,129.0,44.0,33.0,228.0
16041,Franklin,ID,2746.0,315.0,120.0,46.0,0.0,177.0
16043,Fremont,ID,2831.0,320.0,88.0,55.0,22.0,176.0
16045,Gem,ID,5653.0,326.0,97.0,23.0,11.0,142.0
16047,Gooding,ID,3421.0,336.0,101.0,44.0,33.0,200.0
16049,Idaho,ID,4924.0,327.0,127.0,11.0,66.0,215.0
16051,Jefferson,ID,5278.0,599.0,180.0,93.0,11.0,317.0
16053,Jerome,ID,4189.0,376.0,129.0,45.0,22.0,218.0
16055,Kootenai,ID,47886.0,2182.0,685.0,233.0,88.0,1083.0
16057,Latah,ID,7814.0,316.0,145.0,55.0,11.0,222.0
16059,Lemhi,ID,2963.0,264.0,89.0,22.0,11.0,122.0
16061,Lewis,ID,2417.0,158.0,69.0,22.0,11.0,113.0
16063,Lincoln,ID,978.0,82.0,39.0,22.0,11.0,72.0
16065,Madison,ID,3963.0,402.0,105.0,40.0,11.0,178.0
16067,Minidoka,ID,4510.0,459.0,132.0,44.0,11.0,209.0
16069,Nez Perce,ID,10510.0,511.0,147.0,32.0,22.0,212.0
16071,Oneida,ID,1141.0,144.0,42.0,14.0,11.0,78.0
16073,Owyhee,ID,2439.0,133.0,62.0,22.0,11.0,95.0
16075,Payette,ID,6357.0,427.0,140.0,48.0,33.0,243.0
16077,Power,ID,1372.0,111.0,35.0,11.0,22.0,79.0
16079,Shoshone,ID,3943.0,290.0,131.0,88.0,22.0,285.0
16081,Teton,ID,2072.0,165.0,49.0,33.0,0.0,93.0
16083,Twin Falls,ID,19198.0,1788.0,631.0,182.0,63.0,912.0
16085,Valley,ID,3550.0,171.0,54.0,33.0,0.0,87.0
16087,Washington,ID,3385.0,226.0,97.0,43.0,11.0,173.0
17001,Adams,IL,15620.0,1039.0,256.0,69.0,44.0,435.0
17003,Alexander,IL,1504.0,123.0,58.0,22.0,22.0,113.0
17005,Bond,IL,3863.0,170.0,55.0,44.0,11.0,121.0
17007,Boone,IL,10434.0,443.0,129.0,62.0,11.0,213.0
17009,Brown,IL,1126.0,95.0,39.0,11.0,11.0,61.0
17011,Bureau,IL,8647.0,382.0,211.0,132.0,33.0,398.0
17013,Calhoun,IL,1255.0,103.0,77.0,11.0,0.0,88.0
17015,Carroll,IL,4539.0,213.0,89.0,66.0,22.0,199.0
17017,Cass,IL,2850.0,147.0,59.0,33.0,0.0,136.0
17019,Champaign,IL,33010.0,1439.0,275.0,196.0,88.0,680.0
17021,Christian,IL,8714.0,535.0,192.0,56.0,33.0,292.0
17023,Clark,IL,4042.0,247.0,78.0,44.0,22.0,155.0
17025,Clay,IL,3252.0,240.0,76.0,44.0,11.0,153.0
17027,Clinton,IL,7652.0,265.0,111.0,66.0,0.0,243.0
17029,Coles,IL,10539.0,652.0,178.0,82.0,22.0,315.0
17031,Cook,IL,866692.0,28011.0,5955.0,5019.0,1299.0,13992.0
17033,Crawford,IL,4605.0,295.0,110.0,22.0,11.0,165.0
17035,Cumberland,IL,2416.0,163.0,58.0,33.0,0.0,124.0
17037,Dekalb,IL,19842.0,781.0,238.0,182.0,66.0,541.0
17039,Dewitt,IL,3811.0,201.0,95.0,55.0,11.0,205.0
17041,Douglas,IL,4560.0,247.0,99.0,66.0,11.0,198.0
17043,Dupage,IL,188181.0,4945.0,953.0,807.0,297.0,2376.0
17045,Edgar,IL,4381.0,313.0,97.0,22.0,11.0,152.0
17047,Edwards,IL,1498.0,100.0,33.0,11.0,0.0,44.0
17049,Effingham,IL,8754.0,490.0,149.0,99.0,44.0,336.0
17051,Fayette,IL,4358.0,299.0,96.0,66.0,11.0,206.0
17053,Ford,IL,3242.0,213.0,79.0,66.0,11.0,178.0
17055,Franklin,IL,9923.0,675.0,187.0,129.0,11.0,382.0
17057,Fulton,IL,8485.0,507.0,197.0,99.0,33.0,351.0
17059,Gallatin,IL,1390.0,89.0,66.0,33.0,0.0,99.0
17061,Greene,IL,3213.0,218.0,88.0,44.0,11.0,154.0
17063,Grundy,IL,10314.0,492.0,130.0,111.0,44.0,329.0
17065,Hamilton,IL,1968.0,124.0,52.0,22.0,0.0,85.0
17067,Hancock,IL,5017.0,387.0,132.0,66.0,11.0,242.0
17069,Hardin,IL,1002.0,79.0,33.0,11.0,0.0,44.0
17071,Henderson,IL,1706.0,118.0,77.0,22.0,0.0,99.0
17073,Henry,IL,11921.0,495.0,206.0,132.0,22.0,393.0
17075,Iroquois,IL,7400.0,438.0,222.0,55.0,55.0,376.0
17077,Jackson,IL,11583.0,680.0,254.0,115.0,22.0,424.0
17079,Jasper,IL,2225.0,166.0,83.0,44.0,11.0,149.0
17081,Jefferson,IL,8544.0,460.0,129.0,127.0,33.0,322.0
17083,Jersey,IL,4758.0,230.0,104.0,44.0,11.0,170.0
17085,Jo Daviess,IL,6841.0,203.0,108.0,44.0,0.0,152.0
17087,Johnson,IL,3393.0,208.0,92.0,66.0,11.0,180.0
17089,Kane,IL,87769.0,2680.0,619.0,381.0,165.0,1337.0
17091,Kankakee,IL,23130.0,1212.0,349.0,166.0,55.0,658.0
17093,Kendall,IL,18295.0,730.0,230.0,134.0,33.0,441.0
17095,Knox,IL,12618.0,753.0,325.0,135.0,33.0,504.0
17097,Lake,IL,140033.0,4348.0,1025.0,685.0,242.0,2164.0
17099,La Salle,IL,25587.0,1139.0,345.0,194.0,66.0,682.0
17101,Lawrence,IL,3312.0,194.0,81.0,33.0,11.0,147.0
17103,Lee,IL,8753.0,470.0,178.0,80.0,33.0,346.0
17105,Livingston,IL,7903.0,470.0,150.0,127.0,33.0,343.0
17107,Logan,IL,6190.0,327.0,138.0,22.0,22.0,204.0
17109,Mcdonough,IL,5904.0,367.0,77.0,55.0,33.0,176.0
17111,Mchenry,IL,71283.0,2665.0,756.0,363.0,132.0,1372.0
17113,Mclean,IL,30613.0,1282.0,416.0,199.0,66.0,747.0
17115,Macon,IL,24265.0,1195.0,367.0,167.0,66.0,666.0
17117,Macoupin,IL,12416.0,685.0,193.0,132.0,55.0,457.0
17119,Madison,IL,60025.0,2467.0,684.0,300.0,121.0,1237.0
17121,Marion,IL,10970.0,701.0,262.0,117.0,55.0,467.0
17123,Marshall,IL,3377.0,145.0,99.0,55.0,22.0,187.0
17125,Mason,IL,3913.0,199.0,91.0,77.0,22.0,212.0
17127,Massac,IL,3520.0,264.0,96.0,22.0,22.0,162.0
17129,Menard,IL,3055.0,143.0,61.0,44.0,22.0,149.0
17131,Mercer,IL,4085.0,194.0,117.0,77.0,11.0,216.0
17133,Monroe,IL,8458.0,264.0,77.0,33.0,22.0,143.0
17135,Montgomery,IL,7258.0,431.0,167.0,99.0,11.0,310.0
17137,Morgan,IL,7980.0,493.0,148.0,58.0,33.0,261.0
17139,Moultrie,IL,3169.0,153.0,65.0,22.0,0.0,98.0
17141,Ogle,IL,11481.0,489.0,198.0,110.0,33.0,385.0
17143,Peoria,IL,37873.0,1681.0,538.0,247.0,110.0,1040.0
17145,Perry,IL,4478.0,235.0,85.0,44.0,22.0,162.0
17147,Piatt,IL,4038.0,222.0,91.0,44.0,0.0,168.0
17149,Pike,IL,3836.0,295.0,154.0,33.0,11.0,242.0
17151,Pope,IL,1066.0,70.0,22.0,22.0,0.0,55.0
17153,Pulaski,IL,1459.0,98.0,66.0,11.0,0.0,88.0
17155,Putnam,IL,1610.0,84.0,55.0,44.0,0.0,99.0
17157,Randolph,IL,7956.0,391.0,173.0,110.0,11.0,338.0
17159,Richland,IL,3850.0,216.0,95.0,40.0,0.0,146.0
17161,Rock Island,IL,32871.0,1291.0,444.0,188.0,110.0,808.0
17163,Saint Clair,IL,52833.0,1899.0,406.0,293.0,110.0,996.0
17165,Saline,IL,6134.0,369.0,81.0,56.0,11.0,192.0
17167,Sangamon,IL,44940.0,2120.0,472.0,329.0,121.0,1079.0
17169,Schuyler,IL,1737.0,121.0,22.0,11.0,0.0,55.0
17171,Scott,IL,1117.0,77.0,24.0,11.0,0.0,46.0
17173,Shelby,IL,4651.0,269.0,158.0,44.0,22.0,268.0
17175,Stark,IL,1456.0,97.0,58.0,44.0,11.0,135.0
17177,Stephenson,IL,12455.0,511.0,188.0,88.0,22.0,342.0
17179,Tazewell,IL,31181.0,1370.0,430.0,179.0,77.0,741.0
17181,Union,IL,4360.0,290.0,104.0,55.0,11.0,203.0
17183,Vermilion,IL,17756.0,1206.0,333.0,175.0,44.0,651.0
17185,Wabash,IL,2765.0,139.0,55.0,11.0,0.0,66.0
17187,Warren,IL,3601.0,248.0,119.0,60.0,11.0,223.0
17189,Washington,IL,3290.0,147.0,77.0,77.0,22.0,176.0
17191,Wayne,IL,3788.0,279.0,88.0,44.0,22.0,176.0
17193,White,IL,3812.0,210.0,49.0,44.0,11.0,104.0
17195,Whiteside,IL,14843.0,789.0,232.0,82.0,22.0,369.0
17197,Will,IL,120227.0,4136.0,981.0,584.0,297.0,2148.0
17199,Williamson,IL,15242.0,934.0,214.0,118.0,22.0,431.0
17201,Winnebago,IL,62936.0,2657.0,660.0,287.0,110.0,1200.0
17203,Woodford,IL,7353.0,297.0,108.0,66.0,33.0,218.0
18001,Adams,IN,6669.0,263.0,80.0,48.0,33.0,183.0
18003,Allen,IN,74515.0,3107.0,797.0,271.0,209.0,1453.0
18005,Bartholomew,IN,17133.0,1041.0,308.0,122.0,33.0,507.0
18007,Benton,IN,2104.0,130.0,69.0,66.0,22.0,179.0
18009,Blackford,IN,3113.0,219.0,68.0,22.0,11.0,112.0
18011,Boone,IN,13771.0,592.0,137.0,72.0,55.0,308.0
18013,Brown,IN,2672.0,96.0,19.0,11.0,11.0,41.0
18015,Carroll,IN,3727.0,232.0,88.0,66.0,0.0,176.0
18017,Cass,IN,8310.0,539.0,123.0,65.0,11.0,210.0
18019,Clark,IN,26986.0,1903.0,657.0,195.0,77.0,1021.0
18021,Clay,IN,6711.0,455.0,169.0,103.0,33.0,316.0
18023,Clinton,IN,7107.0,427.0,171.0,68.0,44.0,305.0
18025,Crawford,IN,3051.0,224.0,100.0,66.0,44.0,232.0
18027,Daviess,IN,5566.0,356.0,159.0,40.0,22.0,232.0
18029,Dearborn,IN,12544.0,570.0,159.0,88.0,33.0,291.0
18031,Decatur,IN,6352.0,362.0,91.0,41.0,11.0,154.0
18033,De Kalb,IN,9456.0,436.0,125.0,70.0,44.0,283.0
18035,Delaware,IN,24370.0,1607.0,418.0,169.0,55.0,730.0
18037,Dubois,IN,10549.0,354.0,130.0,77.0,0.0,218.0
18039,Elkhart,IN,37000.0,1710.0,524.0,110.0,99.0,799.0
18041,Fayette,IN,6385.0,473.0,204.0,49.0,11.0,275.0
18043,Floyd,IN,17549.0,1154.0,348.0,98.0,44.0,523.0
18045,Fountain,IN,4872.0,369.0,95.0,77.0,22.0,205.0
18047,Franklin,IN,4245.0,253.0,126.0,46.0,11.0,205.0
18049,Fulton,IN,4971.0,274.0,88.0,22.0,33.0,165.0
18051,Gibson,IN,7794.0,362.0,128.0,88.0,33.0,282.0
18053,Grant,IN,16079.0,1185.0,377.0,138.0,88.0,669.0
18055,Greene,IN,7967.0,501.0,169.0,77.0,44.0,323.0
18057,Hamilton,IN,60838.0,1936.0,363.0,213.0,77.0,752.0
18059,Hancock,IN,19453.0,961.0,224.0,86.0,44.0,400.0
18061,Harrison,IN,9995.0,708.0,291.0,120.0,44.0,488.0
18063,Hendricks,IN,30600.0,1233.0,224.0,127.0,66.0,472.0
18065,Henry,IN,11843.0,842.0,287.0,118.0,11.0,449.0
18067,Howard,IN,20712.0,1357.0,365.0,127.0,33.0,569.0
18069,Huntington,IN,9783.0,473.0,121.0,47.0,11.0,201.0
18071,Jackson,IN,10081.0,599.0,221.0,74.0,44.0,372.0
18073,Jasper,IN,8461.0,434.0,101.0,57.0,33.0,224.0
18075,Jay,IN,4774.0,315.0,133.0,44.0,44.0,243.0
18077,Jefferson,IN,7718.0,541.0,203.0,54.0,46.0,336.0
18079,Jennings,IN,6116.0,473.0,182.0,40.0,22.0,266.0
18081,Johnson,IN,33933.0,1682.0,435.0,181.0,77.0,748.0
18083,Knox,IN,8426.0,497.0,209.0,105.0,11.0,358.0
18085,Kosciusko,IN,17466.0,804.0,269.0,121.0,66.0,511.0
18087,Lagrange,IN,6075.0,275.0,101.0,55.0,33.0,222.0
18089,Lake,IN,104525.0,5223.0,911.0,636.0,264.0,2098.0
18091,La Porte,IN,25103.0,1353.0,403.0,178.0,33.0,683.0
18093,Lawrence,IN,11840.0,736.0,309.0,99.0,55.0,496.0
18095,Madison,IN,31074.0,1944.0,636.0,201.0,77.0,1002.0
18097,Marion,IN,159167.0,8203.0,2162.0,747.0,319.0,3627.0
18099,Marshall,IN,10474.0,513.0,162.0,59.0,33.0,287.0
18101,Martin,IN,2723.0,163.0,48.0,22.0,22.0,92.0
18103,Miami,IN,8018.0,491.0,160.0,95.0,44.0,310.0
18105,Monroe,IN,23193.0,1000.0,292.0,92.0,66.0,505.0
18107,Montgomery,IN,9073.0,471.0,184.0,85.0,33.0,335.0
18109,Morgan,IN,19590.0,1006.0,264.0,92.0,44.0,433.0
18111,Newton,IN,2771.0,173.0,91.0,55.0,11.0,168.0
18113,Noble,IN,9891.0,504.0,156.0,70.0,44.0,303.0
18115,Ohio,IN,1501.0,68.0,27.0,11.0,0.0,49.0
18117,Orange,IN,4772.0,267.0,96.0,44.0,33.0,206.0
18119,Owen,IN,5748.0,351.0,136.0,55.0,33.0,235.0
18121,Parke,IN,3704.0,247.0,89.0,66.0,11.0,177.0
18123,Perry,IN,4433.0,275.0,142.0,33.0,11.0,197.0
18125,Pike,IN,2870.0,163.0,56.0,22.0,11.0,89.0
18127,Porter,IN,37257.0,1624.0,268.0,179.0,55.0,568.0
18129,Posey,IN,5560.0,226.0,96.0,55.0,11.0,195.0
18131,Pulaski,IN,3328.0,190.0,78.0,33.0,11.0,133.0
18133,Putnam,IN,8840.0,474.0,131.0,72.0,55.0,302.0
18135,Randolph,IN,6218.0,490.0,187.0,72.0,55.0,358.0
18137,Ripley,IN,8299.0,467.0,152.0,79.0,55.0,308.0
18139,Rush,IN,3874.0,242.0,131.0,56.0,22.0,220.0
18141,St Joseph,IN,55749.0,2248.0,702.0,227.0,154.0,1237.0
18143,Scott,IN,6506.0,515.0,196.0,52.0,22.0,292.0
18145,Shelby,IN,9722.0,659.0,239.0,88.0,55.0,426.0
18147,Spencer,IN,5240.0,234.0,134.0,99.0,22.0,277.0
18149,Starke,IN,5686.0,321.0,96.0,44.0,22.0,184.0
18151,Steuben,IN,9267.0,398.0,125.0,57.0,22.0,248.0
18153,Sullivan,IN,4713.0,385.0,133.0,95.0,66.0,316.0
18155,Switzerland,IN,2025.0,138.0,65.0,33.0,22.0,120.0
18157,Tippecanoe,IN,28035.0,1404.0,359.0,137.0,66.0,628.0
18159,Tipton,IN,3581.0,195.0,66.0,33.0,22.0,143.0
18161,Union,IN,1831.0,133.0,63.0,33.0,11.0,129.0
18163,Vanderburgh,IN,40716.0,1775.0,493.0,147.0,88.0,816.0
18165,Vermillion,IN,3879.0,276.0,113.0,66.0,33.0,223.0
18167,Vigo,IN,22783.0,1660.0,358.0,125.0,66.0,615.0
18169,Wabash,IN,8351.0,448.0,159.0,55.0,22.0,258.0
18171,Warren,IN,1421.0,111.0,49.0,33.0,0.0,93.0
18173,Warrick,IN,14911.0,605.0,159.0,55.0,33.0,291.0
18175,Washington,IN,6265.0,491.0,162.0,60.0,33.0,277.0
18177,Wayne,IN,16423.0,1342.0,514.0,151.0,22.0,739.0
18179,Wells,IN,6646.0,329.0,84.0,33.0,33.0,183.0
18181,White,IN,7140.0,391.0,143.0,34.0,33.0,221.0
18183,Whitley,IN,9031.0,347.0,112.0,43.0,33.0,221.0
19001,Adair,IA,1622.0,80.0,44.0,22.0,0.0,77.0
19003,Adams,IA,1016.0,45.0,33.0,0.0,0.0,33.0
19005,Allamakee,IA,3798.0,116.0,69.0,33.0,11.0,124.0
19007,Appanoose,IA,3489.0,203.0,129.0,33.0,11.0,184.0
19009,Audubon,IA,1536.0,77.0,44.0,22.0,0.0,77.0
19011,Benton,IA,5809.0,242.0,110.0,66.0,0.0,187.0
19013,Black Hawk,IA,28395.0,1072.0,195.0,79.0,66.0,395.0
19015,Boone,IA,6031.0,267.0,111.0,33.0,11.0,166.0
19017,Bremer,IA,6099.0,237.0,77.0,33.0,22.0,143.0
19019,Buchanan,IA,5142.0,235.0,127.0,11.0,22.0,171.0
19021,Buena Vista,IA,4012.0,252.0,109.0,55.0,0.0,175.0
19023,Butler,IA,4061.0,161.0,77.0,55.0,22.0,154.0
19025,Calhoun,IA,2791.0,196.0,66.0,33.0,22.0,121.0
19027,Carroll,IA,5529.0,261.0,95.0,44.0,22.0,183.0
19029,Cass,IA,3839.0,212.0,99.0,33.0,11.0,154.0
19031,Cedar,IA,4159.0,143.0,77.0,22.0,22.0,132.0
19033,Cerro Gordo,IA,11973.0,502.0,140.0,33.0,11.0,195.0
19035,Cherokee,IA,3155.0,218.0,74.0,22.0,0.0,107.0
19037,Chickasaw,IA,3036.0,107.0,57.0,33.0,0.0,101.0
19039,Clarke,IA,2035.0,80.0,35.0,22.0,11.0,68.0
19041,Clay,IA,4208.0,245.0,59.0,22.0,11.0,92.0
19043,Clayton,IA,5009.0,207.0,110.0,44.0,11.0,187.0
19045,Clinton,IA,11430.0,505.0,139.0,85.0,11.0,257.0
19047,Crawford,IA,3462.0,173.0,112.0,44.0,22.0,178.0
19049,Dallas,IA,11590.0,391.0,154.0,99.0,11.0,286.0
19051,Davis,IA,1909.0,87.0,56.0,22.0,0.0,78.0
19053,Decatur,IA,1932.0,112.0,66.0,55.0,11.0,143.0
19055,Delaware,IA,4155.0,167.0,47.0,33.0,33.0,124.0
19057,Des Moines,IA,9941.0,502.0,206.0,68.0,11.0,296.0
19059,Dickinson,IA,5792.0,214.0,33.0,22.0,11.0,77.0
19061,Dubuque,IA,23546.0,835.0,141.0,88.0,55.0,306.0
19063,Emmet,IA,2479.0,125.0,22.0,22.0,11.0,66.0
19065,Fayette,IA,5133.0,231.0,140.0,33.0,44.0,239.0
19067,Floyd,IA,4028.0,192.0,72.0,11.0,11.0,105.0
19069,Franklin,IA,2200.0,129.0,55.0,0.0,0.0,55.0
19071,Fremont,IA,1860.0,118.0,77.0,66.0,0.0,154.0
19073,Greene,IA,2438.0,156.0,69.0,44.0,11.0,146.0
19075,Grundy,IA,2856.0,132.0,66.0,33.0,22.0,121.0
19077,Guthrie,IA,3207.0,144.0,77.0,0.0,22.0,99.0
19079,Hamilton,IA,3516.0,177.0,98.0,44.0,0.0,175.0
19081,Hancock,IA,2523.0,133.0,55.0,0.0,11.0,66.0
19083,Hardin,IA,4790.0,235.0,88.0,44.0,33.0,187.0
19085,Harrison,IA,3792.0,203.0,92.0,110.0,11.0,246.0
19087,Henry,IA,4946.0,202.0,81.0,22.0,22.0,125.0
19089,Howard,IA,2685.0,125.0,66.0,22.0,0.0,88.0
19091,Humboldt,IA,2360.0,176.0,86.0,22.0,22.0,141.0
19093,Ida,IA,1746.0,109.0,44.0,33.0,11.0,99.0
19095,Iowa,IA,4106.0,126.0,66.0,33.0,33.0,143.0
19097,Jackson,IA,5262.0,206.0,70.0,33.0,0.0,147.0
19099,Jasper,IA,8675.0,363.0,175.0,80.0,22.0,288.0
19101,Jefferson,IA,4748.0,137.0,36.0,33.0,11.0,91.0
19103,Johnson,IA,25008.0,624.0,152.0,99.0,22.0,328.0
19105,Jones,IA,4825.0,196.0,33.0,44.0,11.0,99.0
19107,Keokuk,IA,2729.0,170.0,113.0,33.0,0.0,146.0
19109,Kossuth,IA,3909.0,193.0,110.0,44.0,0.0,165.0
19111,Lee,IA,8629.0,439.0,165.0,33.0,22.0,242.0
19113,Linn,IA,48143.0,1671.0,413.0,185.0,88.0,818.0
19115,Louisa,IA,2545.0,130.0,69.0,33.0,0.0,102.0
19117,Lucas,IA,2249.0,103.0,32.0,11.0,11.0,54.0
19119,Lyon,IA,2508.0,121.0,66.0,11.0,11.0,99.0
19121,Madison,IA,3620.0,139.0,77.0,33.0,33.0,154.0
19123,Mahaska,IA,4712.0,234.0,84.0,33.0,11.0,128.0
19125,Marion,IA,7983.0,340.0,122.0,66.0,11.0,221.0
19127,Marshall,IA,8903.0,371.0,171.0,55.0,0.0,237.0
19129,Mills,IA,3490.0,190.0,75.0,55.0,11.0,163.0
19131,Mitchell,IA,2505.0,126.0,58.0,22.0,0.0,80.0
19133,Monona,IA,2362.0,145.0,33.0,22.0,11.0,77.0
19135,Monroe,IA,1883.0,82.0,38.0,22.0,11.0,71.0
19137,Montgomery,IA,2805.0,154.0,43.0,22.0,22.0,98.0
19139,Muscatine,IA,9699.0,343.0,150.0,29.0,11.0,212.0
19141,Obrien,IA,3593.0,128.0,55.0,44.0,0.0,110.0
19143,Osceola,IA,1501.0,78.0,33.0,22.0,0.0,55.0
19145,Page,IA,4115.0,276.0,70.0,45.0,11.0,148.0
19147,Palo Alto,IA,2500.0,153.0,69.0,33.0,0.0,113.0
19149,Plymouth,IA,5544.0,233.0,66.0,33.0,11.0,121.0
19151,Pocahontas,IA,2045.0,130.0,66.0,11.0,11.0,99.0
19153,Polk,IA,94582.0,3087.0,605.0,331.0,209.0,1343.0
19155,Pottawattamie,IA,21554.0,1136.0,419.0,193.0,55.0,711.0
19157,Poweshiek,IA,4660.0,194.0,96.0,33.0,0.0,140.0
19159,Ringgold,IA,1309.0,91.0,44.0,11.0,0.0,77.0
19161,Sac,IA,2637.0,145.0,67.0,44.0,11.0,122.0
19163,Scott,IA,37338.0,1575.0,496.0,177.0,77.0,827.0
19165,Shelby,IA,3239.0,170.0,55.0,33.0,0.0,99.0
19167,Sioux,IA,6719.0,247.0,55.0,66.0,22.0,154.0
19169,Story,IA,16409.0,481.0,176.0,66.0,22.0,297.0
19171,Tama,IA,4135.0,226.0,102.0,55.0,11.0,179.0
19173,Taylor,IA,1691.0,121.0,66.0,44.0,0.0,121.0
19175,Union,IA,3148.0,222.0,65.0,22.0,22.0,120.0
19177,Van Buren,IA,2066.0,135.0,99.0,33.0,11.0,143.0
19179,Wapello,IA,7745.0,388.0,154.0,33.0,22.0,220.0
19181,Warren,IA,11220.0,370.0,119.0,78.0,33.0,263.0
19183,Washington,IA,5782.0,230.0,107.0,22.0,22.0,162.0
19185,Wayne,IA,1629.0,104.0,77.0,33.0,22.0,132.0
19187,Webster,IA,8312.0,481.0,159.0,54.0,11.0,235.0
19189,Winnebago,IA,3050.0,122.0,33.0,11.0,0.0,66.0
19191,Winneshiek,IA,5282.0,147.0,68.0,33.0,11.0,123.0
19193,Woodbury,IA,20587.0,1037.0,216.0,153.0,44.0,501.0
19195,Worth,IA,1871.0,123.0,77.0,22.0,0.0,110.0
19197,Wright,IA,3139.0,177.0,72.0,33.0,22.0,138.0
20001,Allen,KS,3130.0,234.0,122.0,68.0,0.0,212.0
20003,Anderson,KS,2121.0,151.0,91.0,22.0,11.0,146.0
20005,Atchison,KS,3494.0,200.0,74.0,33.0,11.0,129.0
20007,Barber,KS,1250.0,145.0,78.0,33.0,11.0,122.0
20009,Barton,KS,6086.0,415.0,174.0,36.0,11.0,254.0
20011,Bourbon,KS,3390.0,282.0,122.0,39.0,11.0,194.0
20013,Brown,KS,2499.0,159.0,56.0,22.0,0.0,78.0
20015,Butler,KS,14013.0,758.0,291.0,107.0,55.0,497.0
20017,Chase,KS,616.0,48.0,22.0,33.0,11.0,77.0
20019,Chautauqua,KS,894.0,61.0,33.0,33.0,0.0,77.0
20021,Cherokee,KS,4588.0,375.0,91.0,78.0,33.0,246.0
20023,Cheyenne,KS,792.0,63.0,27.0,0.0,0.0,27.0
20025,Clark,KS,477.0,43.0,22.0,0.0,22.0,44.0
20027,Clay,KS,2144.0,153.0,33.0,22.0,11.0,88.0
20029,Cloud,KS,2308.0,128.0,45.0,33.0,0.0,89.0
20031,Coffey,KS,2257.0,108.0,74.0,44.0,0.0,129.0
20033,Comanche,KS,506.0,40.0,33.0,0.0,0.0,33.0
20035,Cowley,KS,7806.0,471.0,162.0,86.0,11.0,281.0
20037,Crawford,KS,7959.0,600.0,202.0,121.0,77.0,433.0
20039,Decatur,KS,855.0,80.0,35.0,22.0,0.0,57.0
20041,Dickinson,KS,4770.0,230.0,74.0,44.0,11.0,140.0
20043,Doniphan,KS,1763.0,122.0,55.0,0.0,11.0,66.0
20045,Douglas,KS,21161.0,859.0,256.0,85.0,55.0,440.0
20047,Edwards,KS,765.0,66.0,35.0,22.0,0.0,79.0
20049,Elk,KS,743.0,60.0,55.0,22.0,0.0,77.0
20051,Ellis,KS,6079.0,368.0,101.0,72.0,11.0,195.0
20053,Ellsworth,KS,1446.0,108.0,56.0,44.0,22.0,144.0
20055,Finney,KS,5258.0,287.0,45.0,57.0,11.0,135.0
20057,Ford,KS,4498.0,251.0,92.0,42.0,0.0,156.0
20059,Franklin,KS,6191.0,485.0,166.0,81.0,33.0,302.0
20061,Geary,KS,4481.0,198.0,35.0,22.0,0.0,68.0
20063,Gove,KS,746.0,64.0,55.0,11.0,0.0,66.0
20065,Graham,KS,711.0,64.0,44.0,33.0,0.0,77.0
20067,Grant,KS,1214.0,86.0,15.0,11.0,0.0,37.0
20069,Gray,KS,1247.0,65.0,44.0,22.0,0.0,66.0
20071,Greeley,KS,297.0,22.0,11.0,0.0,0.0,11.0
20073,Greenwood,KS,1911.0,136.0,50.0,33.0,0.0,83.0
20075,Hamilton,KS,415.0,51.0,22.0,11.0,0.0,44.0
20077,Harper,KS,1455.0,139.0,55.0,33.0,11.0,110.0
20079,Harvey,KS,8799.0,405.0,143.0,59.0,33.0,246.0
20081,Haskell,KS,606.0,31.0,22.0,22.0,0.0,55.0
20083,Hodgeman,KS,399.0,26.0,22.0,0.0,0.0,22.0
20085,Jackson,KS,3066.0,177.0,94.0,33.0,22.0,149.0
20087,Jefferson,KS,4733.0,213.0,102.0,77.0,22.0,212.0
20089,Jewell,KS,877.0,92.0,66.0,22.0,11.0,99.0
20091,Johnson,KS,118570.0,3726.0,839.0,438.0,275.0,1761.0
20093,Kearny,KS,672.0,44.0,22.0,11.0,0.0,33.0
20095,Kingman,KS,1934.0,145.0,70.0,22.0,22.0,114.0
20097,Kiowa,KS,617.0,37.0,22.0,11.0,0.0,33.0
20099,Labette,KS,4912.0,287.0,105.0,58.0,11.0,196.0
20101,Lane,KS,420.0,33.0,11.0,22.0,0.0,33.0
20103,Leavenworth,KS,15141.0,671.0,184.0,99.0,44.0,360.0
20105,Lincoln,KS,848.0,57.0,22.0,33.0,11.0,66.0
20107,Linn,KS,2563.0,128.0,68.0,66.0,22.0,178.0
20109,Logan,KS,711.0,61.0,23.0,22.0,0.0,45.0
20111,Lyon,KS,6687.0,319.0,149.0,80.0,22.0,284.0
20113,Mcpherson,KS,7504.0,283.0,113.0,73.0,11.0,208.0
20115,Marion,KS,3247.0,223.0,122.0,44.0,0.0,166.0
20117,Marshall,KS,2785.0,212.0,91.0,44.0,0.0,157.0
20119,Meade,KS,872.0,59.0,22.0,22.0,0.0,44.0
20121,Miami,KS,7080.0,313.0,126.0,47.0,11.0,184.0
20123,Mitchell,KS,1679.0,94.0,44.0,33.0,0.0,77.0
20125,Montgomery,KS,7956.0,469.0,118.0,71.0,44.0,266.0
20127,Morris,KS,1431.0,86.0,44.0,22.0,0.0,77.0
20129,Morton,KS,607.0,68.0,37.0,11.0,11.0,59.0
20131,Nemaha,KS,2477.0,151.0,55.0,22.0,0.0,88.0
20133,Neosho,KS,3759.0,235.0,110.0,25.0,11.0,168.0
20135,Ness,KS,838.0,65.0,55.0,22.0,0.0,77.0
20137,Norton,KS,1194.0,97.0,54.0,22.0,0.0,87.0
20139,Osage,KS,4395.0,213.0,110.0,77.0,33.0,231.0
20141,Osborne,KS,1008.0,82.0,55.0,22.0,0.0,77.0
20143,Ottawa,KS,1399.0,72.0,44.0,22.0,11.0,77.0
20145,Pawnee,KS,1457.0,123.0,48.0,22.0,11.0,92.0
20147,Phillips,KS,1454.0,138.0,72.0,33.0,11.0,116.0
20149,Pottawatomie,KS,4327.0,216.0,99.0,44.0,11.0,165.0
20151,Pratt,KS,2117.0,152.0,57.0,22.0,11.0,90.0
20153,Rawlins,KS,696.0,69.0,44.0,11.0,0.0,55.0
20155,Reno,KS,14823.0,706.0,310.0,93.0,33.0,491.0
20157,Republic,KS,1423.0,100.0,44.0,33.0,0.0,77.0
20159,Rice,KS,2319.0,137.0,82.0,44.0,33.0,192.0
20161,Riley,KS,10002.0,390.0,82.0,45.0,22.0,171.0
20163,Rooks,KS,1355.0,94.0,59.0,33.0,0.0,92.0
20165,Rush,KS,929.0,83.0,44.0,11.0,0.0,66.0
20167,Russell,KS,1920.0,197.0,97.0,34.0,0.0,142.0
20169,Saline,KS,12501.0,592.0,142.0,87.0,11.0,262.0
20171,Scott,KS,1030.0,70.0,11.0,11.0,0.0,33.0
20173,Sedgwick,KS,101929.0,5478.0,1700.0,688.0,319.0,2993.0
20175,Seward,KS,2581.0,173.0,32.0,27.0,0.0,70.0
20177,Shawnee,KS,41868.0,1637.0,474.0,228.0,121.0,988.0
20179,Sheridan,KS,600.0,36.0,22.0,22.0,0.0,44.0
20181,Sherman,KS,1393.0,175.0,75.0,22.0,0.0,97.0
20183,Smith,KS,1183.0,104.0,44.0,33.0,0.0,77.0
20185,Stafford,KS,1047.0,78.0,33.0,33.0,22.0,99.0
20187,Stanton,KS,361.0,29.0,22.0,11.0,0.0,33.0
20189,Stevens,KS,887.0,73.0,30.0,22.0,0.0,52.0
20191,Sumner,KS,5148.0,343.0,161.0,91.0,33.0,296.0
20193,Thomas,KS,1646.0,152.0,47.0,25.0,0.0,72.0
20195,Trego,KS,788.0,72.0,22.0,11.0,0.0,44.0
20197,Wabaunsee,KS,1700.0,74.0,55.0,33.0,11.0,110.0
20199,Wallace,KS,407.0,45.0,34.0,22.0,0.0,56.0
20201,Washington,KS,1528.0,130.0,88.0,11.0,0.0,110.0
20203,Wichita,KS,473.0,37.0,22.0,0.0,0.0,22.0
20205,Wilson,KS,2236.0,160.0,80.0,33.0,11.0,146.0
20207,Woodson,KS,858.0,53.0,33.0,22.0,0.0,66.0
20209,Wyandotte,KS,26281.0,1315.0,359.0,153.0,99.0,721.0
21001,Adair,KY,4477.0,345.0,165.0,56.0,11.0,243.0
21003,Allen,KY,4697.0,314.0,130.0,27.0,11.0,179.0
21005,Anderson,KY,5235.0,397.0,143.0,40.0,11.0,205.0
21007,Ballard,KY,1539.0,130.0,40.0,33.0,0.0,73.0
21009,Barren,KY,10371.0,839.0,292.0,122.0,22.0,469.0
21011,Bath,KY,3134.0,378.0,147.0,47.0,0.0,205.0
21013,Bell,KY,6363.0,876.0,263.0,180.0,33.0,542.0
21015,Boone,KY,26232.0,1208.0,276.0,130.0,33.0,483.0
21017,Bourbon,KY,4474.0,346.0,145.0,38.0,11.0,205.0
21019,Boyd,KY,12443.0,1014.0,272.0,97.0,22.0,424.0
21021,Boyle,KY,7495.0,570.0,108.0,84.0,11.0,236.0
21023,Bracken,KY,2362.0,189.0,76.0,33.0,0.0,120.0
21025,Breathitt,KY,3061.0,430.0,125.0,22.0,11.0,169.0
21027,Breckinridge,KY,4863.0,331.0,174.0,111.0,22.0,362.0
21029,Bullitt,KY,15147.0,949.0,337.0,115.0,22.0,507.0
21031,Butler,KY,2662.0,197.0,106.0,22.0,11.0,150.0
21033,Caldwell,KY,3293.0,209.0,78.0,28.0,0.0,128.0
21035,Calloway,KY,8485.0,591.0,174.0,59.0,11.0,266.0
21037,Campbell,KY,19310.0,784.0,222.0,125.0,11.0,402.0
21039,Carlisle,KY,1220.0,87.0,40.0,11.0,11.0,73.0
21041,Carroll,KY,2441.0,173.0,87.0,45.0,11.0,165.0
21043,Carter,KY,7111.0,680.0,211.0,72.0,22.0,327.0
21045,Casey,KY,3565.0,349.0,158.0,62.0,11.0,242.0
21047,Christian,KY,11858.0,711.0,277.0,113.0,11.0,447.0
21049,Clark,KY,8527.0,754.0,297.0,75.0,11.0,403.0
21051,Clay,KY,4687.0,606.0,264.0,61.0,11.0,358.0
21053,Clinton,KY,2599.0,264.0,78.0,42.0,22.0,153.0
21055,Crittenden,KY,2059.0,209.0,59.0,12.0,11.0,82.0
21057,Cumberland,KY,1920.0,126.0,40.0,24.0,0.0,75.0
21059,Daviess,KY,23828.0,1059.0,453.0,140.0,33.0,659.0
21061,Edmonson,KY,2105.0,165.0,80.0,55.0,11.0,146.0
21063,Elliott,KY,1127.0,117.0,49.0,24.0,22.0,95.0
21065,Estill,KY,3667.0,376.0,148.0,38.0,22.0,219.0
21067,Fayette,KY,55438.0,2899.0,913.0,355.0,77.0,1466.0
21069,Fleming,KY,3743.0,323.0,127.0,47.0,0.0,196.0
21071,Floyd,KY,9744.0,1255.0,469.0,215.0,132.0,893.0
21073,Franklin,KY,14947.0,1027.0,350.0,116.0,13.0,490.0
21075,Fulton,KY,1953.0,130.0,45.0,22.0,22.0,100.0
21077,Gallatin,KY,1625.0,93.0,37.0,33.0,11.0,81.0
21079,Garrard,KY,4321.0,334.0,78.0,48.0,11.0,148.0
21081,Grant,KY,6003.0,370.0,112.0,44.0,11.0,200.0
21083,Graves,KY,9299.0,664.0,230.0,100.0,11.0,363.0
21085,Grayson,KY,7630.0,607.0,188.0,121.0,11.0,342.0
21087,Green,KY,2671.0,196.0,84.0,30.0,11.0,136.0
21089,Greenup,KY,8849.0,795.0,237.0,91.0,33.0,405.0
21091,Hancock,KY,2154.0,122.0,57.0,22.0,11.0,112.0
21093,Hardin,KY,24998.0,1655.0,553.0,253.0,44.0,894.0
21095,Harlan,KY,6980.0,830.0,237.0,143.0,77.0,501.0
21097,Harrison,KY,4791.0,355.0,161.0,28.0,11.0,211.0
21099,Hart,KY,4233.0,304.0,109.0,66.0,44.0,252.0
21101,Henderson,KY,10643.0,593.0,191.0,79.0,11.0,314.0
21103,Henry,KY,4562.0,364.0,166.0,88.0,22.0,309.0
21105,Hickman,KY,872.0,72.0,26.0,11.0,0.0,37.0
21107,Hopkins,KY,11202.0,695.0,295.0,151.0,22.0,537.0
21109,Jackson,KY,3316.0,373.0,161.0,36.0,33.0,241.0
21111,Jefferson,KY,164294.0,8610.0,2829.0,979.0,297.0,4442.0
21113,Jessamine,KY,11168.0,751.0,253.0,71.0,22.0,363.0
21115,Johnson,KY,5945.0,617.0,257.0,110.0,44.0,488.0
21117,Kenton,KY,31663.0,1425.0,366.0,154.0,66.0,641.0
21119,Knott,KY,3063.0,397.0,188.0,88.0,55.0,375.0
21121,Knox,KY,6058.0,812.0,275.0,66.0,55.0,429.0
21123,Larue,KY,3633.0,271.0,90.0,46.0,11.0,158.0
21125,Laurel,KY,12943.0,1330.0,481.0,120.0,22.0,667.0
21127,Lawrence,KY,4137.0,423.0,150.0,71.0,33.0,298.0
21129,Lee,KY,1672.0,196.0,94.0,11.0,0.0,116.0
21131,Leslie,KY,2690.0,358.0,175.0,110.0,33.0,340.0
21133,Letcher,KY,5971.0,832.0,333.0,143.0,66.0,608.0
21135,Lewis,KY,3236.0,362.0,177.0,51.0,22.0,283.0
21137,Lincoln,KY,6738.0,623.0,129.0,64.0,22.0,237.0
21139,Livingston,KY,2741.0,261.0,90.0,44.0,11.0,145.0
21141,Logan,KY,6952.0,393.0,161.0,73.0,33.0,278.0
21143,Lyon,KY,2407.0,155.0,59.0,22.0,0.0,81.0
21145,Mccracken,KY,17381.0,1182.0,303.0,112.0,33.0,481.0
21147,Mccreary,KY,3837.0,514.0,240.0,66.0,22.0,372.0
21149,Mclean,KY,2526.0,158.0,74.0,44.0,11.0,162.0
21151,Madison,KY,19199.0,1584.0,473.0,152.0,33.0,697.0
21153,Magoffin,KY,3195.0,276.0,106.0,13.0,11.0,141.0
21155,Marion,KY,4586.0,364.0,125.0,54.0,11.0,212.0
21157,Marshall,KY,9040.0,675.0,238.0,67.0,22.0,349.0
21159,Martin,KY,2534.0,260.0,118.0,55.0,22.0,228.0
21161,Mason,KY,4178.0,345.0,153.0,26.0,11.0,212.0
21163,Meade,KY,4782.0,356.0,124.0,74.0,11.0,209.0
21165,Menifee,KY,1799.0,196.0,85.0,34.0,11.0,130.0
21167,Mercer,KY,5892.0,459.0,95.0,54.0,11.0,182.0
21169,Metcalfe,KY,2807.0,238.0,109.0,41.0,22.0,183.0
21171,Monroe,KY,2808.0,215.0,71.0,63.0,11.0,156.0
21173,Montgomery,KY,6337.0,641.0,216.0,64.0,11.0,313.0
21175,Morgan,KY,3041.0,303.0,139.0,50.0,11.0,233.0
21177,Muhlenberg,KY,7542.0,496.0,277.0,97.0,33.0,451.0
21179,Nelson,KY,11757.0,812.0,261.0,119.0,33.0,446.0
21181,Nicholas,KY,1771.0,165.0,79.0,11.0,11.0,112.0
21183,Ohio,KY,5598.0,326.0,183.0,79.0,0.0,295.0
21185,Oldham,KY,10997.0,573.0,183.0,76.0,22.0,303.0
21187,Owen,KY,1894.0,124.0,44.0,11.0,11.0,77.0
21189,Owsley,KY,1240.0,175.0,49.0,11.0,11.0,82.0
21191,Pendleton,KY,3402.0,234.0,73.0,35.0,0.0,119.0
21193,Perry,KY,7336.0,898.0,356.0,120.0,99.0,630.0
21195,Pike,KY,15273.0,1935.0,745.0,193.0,144.0,1192.0
21197,Powell,KY,3189.0,407.0,154.0,37.0,22.0,235.0
21199,Pulaski,KY,18369.0,1794.0,616.0,149.0,77.0,919.0
21201,Robertson,KY,534.0,42.0,17.0,11.0,0.0,28.0
21203,Rockcastle,KY,3874.0,416.0,169.0,50.0,22.0,274.0
21205,Rowan,KY,5055.0,556.0,184.0,58.0,22.0,275.0
21207,Russell,KY,4772.0,462.0,192.0,33.0,0.0,236.0
21209,Scott,KY,10402.0,674.0,273.0,87.0,33.0,404.0
21211,Shelby,KY,9273.0,585.0,220.0,74.0,44.0,360.0
21213,Simpson,KY,4381.0,274.0,116.0,28.0,11.0,166.0
21215,Spencer,KY,4006.0,233.0,65.0,28.0,11.0,115.0
21217,Taylor,KY,6693.0,483.0,181.0,51.0,22.0,265.0
21219,Todd,KY,2427.0,145.0,75.0,55.0,11.0,152.0
21221,Trigg,KY,4168.0,241.0,89.0,35.0,0.0,135.0
21223,Trimble,KY,1967.0,159.0,54.0,22.0,22.0,109.0
21225,Union,KY,3386.0,236.0,90.0,44.0,22.0,189.0
21227,Warren,KY,25284.0,1282.0,540.0,154.0,77.0,815.0
21229,Washington,KY,2885.0,234.0,72.0,37.0,11.0,120.0
21231,Wayne,KY,5005.0,477.0,155.0,29.0,11.0,206.0
21233,Webster,KY,3364.0,217.0,93.0,55.0,0.0,170.0
21235,Whitley,KY,12105.0,1444.0,415.0,66.0,33.0,536.0
21237,Wolfe,KY,2066.0,322.0,119.0,34.0,11.0,186.0
21239,Woodford,KY,6847.0,428.0,123.0,52.0,22.0,208.0
22001,Acadia,LA,12601.0,605.0,163.0,132.0,44.0,405.0
22003,Allen,LA,4512.0,257.0,106.0,62.0,44.0,234.0
22005,Ascension,LA,21696.0,807.0,214.0,124.0,55.0,437.0
22007,Assumption,LA,4749.0,200.0,71.0,65.0,22.0,202.0
22009,Avoyelles,LA,9165.0,396.0,156.0,140.0,66.0,428.0
22011,Beauregard,LA,8702.0,438.0,126.0,130.0,22.0,300.0
22013,Bienville,LA,3567.0,221.0,97.0,89.0,11.0,252.0
22015,Bossier,LA,23262.0,1352.0,451.0,249.0,66.0,812.0
22017,Caddo,LA,52779.0,2682.0,1008.0,512.0,190.0,1892.0
22019,Calcasieu,LA,40760.0,1657.0,398.0,297.0,121.0,937.0
22021,Caldwell,LA,2484.0,156.0,47.0,34.0,33.0,136.0
22023,Cameron,LA,550.0,44.0,22.0,11.0,0.0,33.0
22025,Catahoula,LA,2505.0,165.0,84.0,47.0,33.0,186.0
22027,Claiborne,LA,3167.0,196.0,78.0,69.0,22.0,191.0
22029,Concordia,LA,4192.0,266.0,107.0,65.0,22.0,238.0
22031,De Soto,LA,6553.0,367.0,159.0,112.0,33.0,359.0
22033,East Baton Rouge,LA,82924.0,2651.0,654.0,425.0,198.0,1487.0
22035,East Carroll,LA,1338.0,126.0,27.0,36.0,0.0,74.0
22037,East Feliciana,LA,4995.0,208.0,73.0,57.0,44.0,196.0
22039,Evangeline,LA,7068.0,417.0,80.0,131.0,33.0,266.0
22041,Franklin,LA,4465.0,290.0,114.0,77.0,44.0,257.0
22043,Grant,LA,4529.0,250.0,104.0,55.0,44.0,214.0
22045,Iberia,LA,16122.0,809.0,221.0,137.0,33.0,430.0
22047,Iberville,LA,6867.0,344.0,116.0,108.0,44.0,312.0
22049,Jackson,LA,3331.0,199.0,71.0,54.0,22.0,158.0
22051,Jefferson,LA,93725.0,3931.0,1000.0,547.0,178.0,1913.0
22053,Jefferson Davis,LA,6657.0,335.0,85.0,80.0,44.0,242.0
22055,Lafayette,LA,47718.0,1885.0,322.0,350.0,110.0,888.0
22057,Lafourche,LA,19329.0,945.0,257.0,137.0,67.0,505.0
22059,La Salle,LA,3179.0,217.0,90.0,62.0,22.0,196.0
22061,Lincoln,LA,8291.0,372.0,112.0,84.0,22.0,262.0
22063,Livingston,LA,24791.0,1262.0,336.0,195.0,100.0,675.0
22065,Madison,LA,1889.0,106.0,39.0,14.0,22.0,86.0
22067,Morehouse,LA,6514.0,343.0,120.0,99.0,22.0,263.0
22069,Natchitoches,LA,7938.0,485.0,175.0,129.0,33.0,394.0
22071,Orleans,LA,68740.0,2629.0,565.0,392.0,176.0,1329.0
22073,Ouachita,LA,31255.0,1645.0,504.0,344.0,91.0,1025.0
22075,Plaquemines,LA,4108.0,193.0,62.0,45.0,44.0,184.0
22077,Pointe Coupee,LA,5202.0,233.0,130.0,121.0,44.0,317.0
22079,Rapides,LA,29085.0,1401.0,538.0,256.0,145.0,1049.0
22081,Red River,LA,1839.0,120.0,44.0,27.0,11.0,93.0
22083,Richland,LA,4780.0,268.0,85.0,56.0,22.0,185.0
22085,Sabine,LA,5468.0,340.0,109.0,79.0,33.0,243.0
22087,Saint Bernard,LA,7484.0,434.0,102.0,77.0,33.0,256.0
22089,Saint Charles,LA,10360.0,481.0,124.0,106.0,44.0,351.0
22091,Saint Helena,LA,1554.0,64.0,26.0,22.0,22.0,81.0
22093,Saint James,LA,4948.0,197.0,80.0,55.0,33.0,212.0
22095,St John The Baptist,LA,9088.0,395.0,98.0,83.0,37.0,273.0
22097,Saint Landry,LA,20880.0,984.0,233.0,228.0,100.0,600.0
22099,Saint Martin,LA,10581.0,532.0,107.0,98.0,22.0,249.0
22101,Saint Mary,LA,11371.0,577.0,152.0,119.0,44.0,370.0
22103,Saint Tammany,LA,61993.0,2618.0,676.0,416.0,145.0,1375.0
22105,Tangipahoa,LA,28724.0,1389.0,316.0,261.0,88.0,753.0
22107,Tensas,LA,1185.0,72.0,33.0,33.0,22.0,121.0
22109,Terrebonne,LA,23424.0,1348.0,448.0,272.0,88.0,885.0
22111,Union,LA,5781.0,307.0,109.0,81.0,44.0,278.0
22113,Vermilion,LA,12304.0,581.0,135.0,110.0,55.0,322.0
22115,Vernon,LA,7623.0,480.0,153.0,112.0,55.0,353.0
22117,Washington,LA,10983.0,619.0,208.0,154.0,22.0,431.0
22119,Webster,LA,10012.0,636.0,237.0,154.0,66.0,523.0
22121,West Baton Rouge,LA,5316.0,189.0,71.0,51.0,22.0,166.0
22123,West Carroll,LA,2757.0,162.0,56.0,59.0,11.0,137.0
22125,West Feliciana,LA,2469.0,94.0,23.0,11.0,0.0,34.0
22127,Winn,LA,2714.0,204.0,87.0,62.0,22.0,193.0
23001,Androscoggin,ME,26754.0,959.0,299.0,160.0,66.0,580.0
23003,Aroostook,ME,21077.0,1220.0,580.0,263.0,77.0,975.0
23005,Cumberland,ME,76223.0,1819.0,426.0,334.0,132.0,991.0
23007,Franklin,ME,8913.0,378.0,165.0,57.0,55.0,310.0
23009,Hancock,ME,17023.0,685.0,408.0,188.0,121.0,805.0
23011,Kennebec,ME,34766.0,1225.0,407.0,231.0,77.0,803.0
23013,Knox,ME,13436.0,320.0,145.0,143.0,11.0,354.0
23015,Lincoln,ME,12517.0,384.0,198.0,154.0,55.0,429.0
23017,Oxford,ME,17916.0,659.0,310.0,165.0,99.0,607.0
23019,Penobscot,ME,41128.0,1853.0,717.0,400.0,220.0,1502.0
23021,Piscataquis,ME,5855.0,274.0,134.0,44.0,44.0,255.0
23023,Sagadahoc,ME,11213.0,291.0,91.0,66.0,22.0,190.0
23025,Somerset,ME,15285.0,707.0,303.0,178.0,55.0,569.0
23027,Waldo,ME,12681.0,423.0,200.0,143.0,66.0,420.0
23029,Washington,ME,10336.0,471.0,305.0,132.0,22.0,481.0
23031,York,ME,60070.0,1633.0,408.0,339.0,209.0,1077.0
24001,Allegany,MD,17702.0,922.0,350.0,95.0,0.0,467.0
24003,Anne Arundel,MD,106083.0,3308.0,843.0,607.0,209.0,1859.0
24005,Baltimore,MD,166668.0,5470.0,1442.0,811.0,286.0,2770.0
24009,Calvert,MD,19365.0,658.0,236.0,123.0,44.0,480.0
24011,Caroline,MD,7601.0,298.0,127.0,88.0,44.0,292.0
24013,Carroll,MD,37830.0,1296.0,331.0,186.0,66.0,671.0
24015,Cecil,MD,21779.0,972.0,301.0,148.0,88.0,584.0
24017,Charles,MD,28128.0,1020.0,389.0,169.0,99.0,756.0
24019,Dorchester,MD,8718.0,400.0,166.0,101.0,22.0,333.0
24021,Frederick,MD,54049.0,1602.0,429.0,278.0,121.0,982.0
24023,Garrett,MD,7343.0,423.0,151.0,86.0,33.0,303.0
24025,Harford,MD,55867.0,1910.0,522.0,304.0,132.0,1090.0
24027,Howard,MD,57200.0,1434.0,360.0,322.0,99.0,880.0
24029,Kent,MD,7250.0,241.0,109.0,82.0,44.0,246.0
24031,Montgomery,MD,195673.0,4281.0,887.0,720.0,308.0,2212.0
24033,Prince Georges,MD,152144.0,3866.0,906.0,559.0,220.0,2043.0
24035,Queen Annes,MD,12079.0,332.0,125.0,89.0,11.0,247.0
24037,Saint Marys,MD,20566.0,907.0,384.0,167.0,55.0,705.0
24039,Somerset,MD,5117.0,229.0,83.0,63.0,11.0,190.0
24041,Talbot,MD,12209.0,375.0,135.0,113.0,33.0,314.0
24043,Washington,MD,33663.0,1277.0,260.0,203.0,55.0,584.0
24045,Wicomico,MD,21571.0,836.0,270.0,178.0,33.0,547.0
24047,Worcester,MD,17638.0,607.0,213.0,133.0,44.0,445.0
24510,Baltimore City,MD,108439.0,3530.0,950.0,462.0,176.0,1802.0
25001,Barnstable,MA,87345.0,1840.0,643.0,471.0,110.0,1312.0
25003,Berkshire,MA,37981.0,1058.0,313.0,238.0,88.0,694.0
25005,Bristol,MA,133222.0,3982.0,1030.0,644.0,264.0,2180.0
25007,Dukes,MA,5647.0,132.0,49.0,33.0,33.0,126.0
25009,Essex,MA,178914.0,4329.0,942.0,830.0,353.0,2411.0
25011,Franklin,MA,21028.0,666.0,280.0,182.0,77.0,572.0
25013,Hampden,MA,108681.0,4417.0,937.0,579.0,220.0,1957.0
25015,Hampshire,MA,39491.0,1125.0,353.0,241.0,121.0,770.0
25017,Middlesex,MA,305163.0,6940.0,1240.0,1297.0,528.0,3505.0
25019,Nantucket,MA,2325.0,58.0,22.0,22.0,11.0,66.0
25021,Norfolk,MA,148281.0,3597.0,731.0,635.0,275.0,1916.0
25023,Plymouth,MA,129495.0,3651.0,911.0,578.0,249.0,1969.0
25025,Suffolk,MA,112973.0,3137.0,502.0,606.0,198.0,1526.0
25027,Worcester,MA,179254.0,5741.0,1586.0,1079.0,418.0,3545.0
26001,Alcona,MI,4385.0,229.0,103.0,66.0,55.0,235.0
26003,Alger,MI,2823.0,130.0,90.0,55.0,11.0,156.0
26005,Allegan,MI,24003.0,1026.0,284.0,155.0,55.0,593.0
26007,Alpena,MI,9734.0,468.0,167.0,49.0,11.0,260.0
26009,Antrim,MI,7602.0,302.0,124.0,88.0,55.0,267.0
26011,Arenac,MI,5902.0,417.0,146.0,68.0,66.0,313.0
26013,Baraga,MI,2081.0,88.0,33.0,22.0,11.0,66.0
26015,Barry,MI,12648.0,585.0,159.0,88.0,33.0,302.0
26017,Bay,MI,27954.0,1347.0,491.0,158.0,66.0,770.0
26019,Benzie,MI,5692.0,212.0,82.0,77.0,33.0,225.0
26021,Berrien,MI,42044.0,1736.0,537.0,250.0,110.0,977.0
26023,Branch,MI,10520.0,480.0,138.0,78.0,22.0,271.0
26025,Calhoun,MI,31707.0,1670.0,410.0,185.0,110.0,782.0
26027,Cass,MI,11355.0,490.0,154.0,74.0,22.0,294.0
26029,Charlevoix,MI,8847.0,324.0,110.0,44.0,33.0,220.0
26031,Cheboygan,MI,7858.0,328.0,98.0,60.0,33.0,202.0
26033,Chippewa,MI,8833.0,459.0,229.0,66.0,33.0,350.0
26035,Clare,MI,10903.0,877.0,247.0,80.0,44.0,404.0
26037,Clinton,MI,19031.0,878.0,174.0,137.0,33.0,410.0
26039,Crawford,MI,3860.0,225.0,49.0,24.0,11.0,95.0
26041,Delta,MI,11729.0,482.0,195.0,90.0,44.0,340.0
26043,Dickinson,MI,7762.0,318.0,148.0,55.0,22.0,247.0
26045,Eaton,MI,28357.0,1340.0,243.0,179.0,77.0,576.0
26047,Emmet,MI,11008.0,381.0,92.0,59.0,22.0,206.0
26049,Genesee,MI,99697.0,5246.0,1357.0,572.0,209.0,2349.0
26051,Gladwin,MI,9068.0,690.0,188.0,57.0,22.0,289.0
26053,Gogebic,MI,4698.0,167.0,79.0,33.0,0.0,134.0
26055,Grand Traverse,MI,28318.0,907.0,190.0,98.0,55.0,398.0
26057,Gratiot,MI,9841.0,568.0,201.0,101.0,44.0,368.0
26059,Hillsdale,MI,10899.0,589.0,264.0,134.0,99.0,552.0
26061,Houghton,MI,8178.0,300.0,156.0,99.0,22.0,288.0
26063,Huron,MI,10167.0,456.0,180.0,143.0,66.0,411.0
26065,Ingham,MI,50513.0,2397.0,483.0,282.0,121.0,1038.0
26067,Ionia,MI,13410.0,703.0,233.0,123.0,33.0,433.0
26069,Iosco,MI,9711.0,552.0,188.0,93.0,55.0,358.0
26071,Iron,MI,4309.0,190.0,83.0,22.0,11.0,127.0
26073,Isabella,MI,11657.0,670.0,155.0,82.0,33.0,292.0
26075,Jackson,MI,38446.0,1745.0,608.0,251.0,143.0,1079.0
26077,Kalamazoo,MI,53464.0,2292.0,477.0,242.0,143.0,972.0
26079,Kalkaska,MI,5331.0,251.0,66.0,33.0,22.0,143.0
26081,Kent,MI,126580.0,5262.0,1017.0,668.0,286.0,2259.0
26083,Keweenaw,MI,753.0,37.0,22.0,11.0,0.0,33.0
26085,Lake,MI,3931.0,287.0,99.0,55.0,22.0,198.0
26087,Lapeer,MI,21756.0,1072.0,305.0,148.0,44.0,552.0
26089,Leelanau,MI,6661.0,168.0,77.0,77.0,33.0,187.0
26091,Lenawee,MI,25583.0,1096.0,314.0,253.0,44.0,688.0
26093,Livingston,MI,39012.0,1503.0,354.0,193.0,66.0,679.0
26095,Luce,MI,1694.0,104.0,39.0,26.0,0.0,65.0
26097,Mackinac,MI,3728.0,182.0,122.0,55.0,33.0,221.0
26099,Macomb,MI,196028.0,8461.0,1371.0,1256.0,352.0,3322.0
26101,Manistee,MI,8560.0,460.0,182.0,50.0,22.0,298.0
26103,Marquette,MI,16866.0,585.0,208.0,94.0,44.0,390.0
26105,Mason,MI,9095.0,486.0,151.0,86.0,11.0,270.0
26107,Mecosta,MI,10599.0,602.0,214.0,102.0,55.0,426.0
26109,Menominee,MI,6830.0,252.0,140.0,66.0,22.0,250.0
26111,Midland,MI,19978.0,1076.0,311.0,122.0,44.0,499.0
26113,Missaukee,MI,3779.0,251.0,74.0,53.0,22.0,182.0
26115,Monroe,MI,39301.0,1947.0,470.0,258.0,132.0,981.0
26117,Montcalm,MI,16650.0,939.0,335.0,156.0,55.0,601.0
26119,Montmorency,MI,4820.0,230.0,73.0,33.0,22.0,139.0
26121,Muskegon,MI,43112.0,2391.0,534.0,282.0,121.0,1025.0
26123,Newaygo,MI,11958.0,684.0,163.0,89.0,33.0,318.0
26125,Oakland,MI,275794.0,10471.0,1772.0,1549.0,572.0,4521.0
26127,Oceana,MI,8057.0,425.0,128.0,88.0,44.0,293.0
26129,Ogemaw,MI,6980.0,623.0,196.0,63.0,44.0,314.0
26131,Ontonagon,MI,2517.0,120.0,66.0,33.0,44.0,143.0
26133,Osceola,MI,7624.0,473.0,144.0,66.0,55.0,287.0
26135,Oscoda,MI,2561.0,203.0,78.0,33.0,44.0,166.0
26137,Otsego,MI,7704.0,352.0,109.0,39.0,11.0,181.0
26139,Ottawa,MI,63684.0,2215.0,448.0,289.0,121.0,957.0
26141,Presque Isle,MI,5603.0,252.0,86.0,55.0,44.0,207.0
26143,Roscommon,MI,10984.0,720.0,215.0,55.0,44.0,347.0
26145,Saginaw,MI,47838.0,2856.0,888.0,327.0,132.0,1504.0
26147,Saint Clair,MI,42155.0,2096.0,517.0,292.0,132.0,1029.0
26149,Saint Joseph,MI,14259.0,674.0,228.0,99.0,44.0,415.0
26151,Sanilac,MI,11542.0,666.0,229.0,161.0,66.0,522.0
26153,Schoolcraft,MI,3128.0,168.0,76.0,36.0,11.0,134.0
26155,Shiawassee,MI,17653.0,964.0,288.0,131.0,77.0,562.0
26157,Tuscola,MI,14914.0,871.0,273.0,149.0,66.0,543.0
26159,Van Buren,MI,20520.0,1000.0,233.0,147.0,88.0,567.0
26161,Washtenaw,MI,65103.0,2135.0,414.0,280.0,143.0,934.0
26163,Wayne,MI,351522.0,16051.0,2712.0,2231.0,660.0,6393.0
26165,Wexford,MI,9832.0,588.0,160.0,75.0,44.0,290.0
27001,Aitkin,MN,5912.0,217.0,104.0,44.0,11.0,192.0
27003,Anoka,MN,66253.0,2442.0,177.0,292.0,99.0,678.0
27005,Becker,MN,9847.0,374.0,148.0,78.0,44.0,314.0
27007,Beltrami,MN,10470.0,512.0,198.0,64.0,33.0,328.0
27009,Benton,MN,7379.0,283.0,42.0,52.0,11.0,116.0
27011,Big Stone,MN,1597.0,105.0,55.0,0.0,11.0,66.0
27013,Blue Earth,MN,13142.0,574.0,163.0,68.0,11.0,264.0
27015,Brown,MN,7327.0,313.0,33.0,37.0,22.0,114.0
27017,Carlton,MN,9260.0,387.0,130.0,46.0,44.0,231.0
27019,Carver,MN,19007.0,533.0,88.0,113.0,33.0,278.0
27021,Cass,MN,8851.0,401.0,154.0,55.0,22.0,275.0
27023,Chippewa,MN,2755.0,138.0,33.0,11.0,0.0,44.0
27025,Chisago,MN,14578.0,537.0,89.0,103.0,55.0,280.0
27027,Clay,MN,11503.0,461.0,69.0,61.0,11.0,185.0
27029,Clearwater,MN,2398.0,110.0,51.0,33.0,11.0,95.0
27031,Cook,MN,1895.0,78.0,22.0,0.0,0.0,22.0
27033,Cottonwood,MN,3022.0,114.0,48.0,22.0,0.0,81.0
27035,Crow Wing,MN,21097.0,863.0,328.0,100.0,33.0,494.0
27037,Dakota,MN,85869.0,2643.0,227.0,360.0,121.0,862.0
27039,Dodge,MN,4058.0,187.0,60.0,44.0,11.0,137.0
27041,Douglas,MN,12098.0,435.0,132.0,80.0,33.0,267.0
27043,Faribault,MN,4016.0,191.0,99.0,33.0,0.0,143.0
27045,Fillmore,MN,6023.0,239.0,121.0,66.0,22.0,231.0
27047,Freeborn,MN,7909.0,306.0,132.0,33.0,11.0,198.0
27049,Goodhue,MN,12378.0,515.0,118.0,55.0,44.0,261.0
27051,Grant,MN,1757.0,101.0,77.0,33.0,11.0,121.0
27053,Hennepin,MN,226111.0,6710.0,717.0,896.0,330.0,2394.0
27055,Houston,MN,5481.0,171.0,79.0,33.0,11.0,134.0
27057,Hubbard,MN,6292.0,251.0,85.0,44.0,22.0,173.0
27059,Isanti,MN,8450.0,378.0,44.0,44.0,33.0,165.0
27061,Itasca,MN,13693.0,593.0,141.0,113.0,44.0,331.0
27063,Jackson,MN,2283.0,104.0,33.0,22.0,0.0,55.0
27065,Kanabec,MN,3536.0,151.0,31.0,11.0,11.0,64.0
27067,Kandiyohi,MN,10673.0,383.0,61.0,77.0,11.0,182.0
27069,Kittson,MN,1235.0,80.0,44.0,22.0,0.0,77.0
27071,Koochiching,MN,3985.0,178.0,53.0,11.0,0.0,75.0
27073,Lac Qui Parle,MN,1785.0,84.0,33.0,33.0,0.0,66.0
27075,Lake,MN,3279.0,114.0,55.0,11.0,11.0,77.0
27077,Lake Of The Woods,MN,1301.0,58.0,22.0,22.0,0.0,44.0
27079,Le Sueur,MN,5366.0,190.0,77.0,55.0,33.0,198.0
27081,Lincoln,MN,1509.0,80.0,55.0,33.0,0.0,88.0
27083,Lyon,MN,5660.0,284.0,44.0,66.0,11.0,132.0
27085,Mcleod,MN,9081.0,357.0,33.0,66.0,33.0,154.0
27087,Mahnomen,MN,922.0,66.0,22.0,0.0,0.0,22.0
27089,Marshall,MN,2341.0,149.0,78.0,33.0,0.0,111.0
27091,Martin,MN,5632.0,275.0,134.0,44.0,11.0,222.0
27093,Meeker,MN,5660.0,215.0,77.0,55.0,0.0,132.0
27095,Mille Lacs,MN,8555.0,376.0,86.0,55.0,33.0,196.0
27097,Morrison,MN,9232.0,367.0,167.0,92.0,33.0,325.0
27099,Mower,MN,8848.0,403.0,165.0,44.0,22.0,253.0
27101,Murray,MN,2259.0,160.0,55.0,22.0,11.0,88.0
27103,Nicollet,MN,6689.0,288.0,64.0,41.0,11.0,138.0
27105,Nobles,MN,4075.0,189.0,86.0,22.0,0.0,119.0
27107,Norman,MN,1630.0,99.0,55.0,22.0,0.0,77.0
27109,Olmsted,MN,31340.0,1221.0,249.0,82.0,66.0,476.0
27111,Otter Tail,MN,17226.0,656.0,245.0,141.0,55.0,452.0
27113,Pennington,MN,3216.0,123.0,36.0,11.0,11.0,69.0
27115,Pine,MN,8552.0,347.0,123.0,100.0,44.0,300.0
27117,Pipestone,MN,2232.0,135.0,22.0,11.0,0.0,44.0
27119,Polk,MN,6963.0,333.0,132.0,77.0,22.0,242.0
27121,Pope,MN,3167.0,122.0,55.0,22.0,11.0,88.0
27123,Ramsey,MN,99607.0,3243.0,328.0,423.0,143.0,1030.0
27125,Red Lake,MN,1069.0,57.0,22.0,22.0,0.0,44.0
27127,Redwood,MN,3899.0,230.0,66.0,44.0,0.0,121.0
27129,Renville,MN,3733.0,150.0,66.0,55.0,11.0,132.0
27131,Rice,MN,14113.0,472.0,96.0,68.0,22.0,208.0
27133,Rock,MN,2522.0,141.0,60.0,11.0,11.0,93.0
27135,Roseau,MN,3779.0,153.0,55.0,11.0,0.0,77.0
27137,Saint Louis,MN,51037.0,1967.0,425.0,323.0,198.0,1056.0
27139,Scott,MN,24696.0,746.0,90.0,115.0,44.0,282.0
27141,Sherburne,MN,19492.0,666.0,85.0,83.0,44.0,267.0
27143,Sibley,MN,3068.0,136.0,55.0,66.0,11.0,154.0
27145,Stearns,MN,32133.0,1053.0,213.0,166.0,66.0,533.0
27147,Steele,MN,8727.0,414.0,55.0,53.0,11.0,130.0
27149,Stevens,MN,1980.0,101.0,56.0,0.0,0.0,67.0
27151,Swift,MN,2529.0,138.0,33.0,44.0,0.0,88.0
27153,Todd,MN,4458.0,152.0,91.0,66.0,22.0,190.0
27155,Traverse,MN,1008.0,58.0,22.0,22.0,0.0,44.0
27157,Wabasha,MN,7012.0,269.0,92.0,55.0,44.0,213.0
27159,Wadena,MN,5725.0,288.0,107.0,55.0,22.0,217.0
27161,Waseca,MN,4459.0,188.0,57.0,33.0,11.0,123.0
27163,Washington,MN,58098.0,1687.0,191.0,242.0,110.0,642.0
27165,Watonwan,MN,2460.0,122.0,35.0,33.0,0.0,90.0
27167,Wilkin,MN,1620.0,86.0,33.0,33.0,0.0,77.0
27169,Winona,MN,10967.0,358.0,128.0,35.0,22.0,229.0
27171,Wright,MN,25545.0,852.0,165.0,176.0,55.0,462.0
27173,Yellow Medicine,MN,2773.0,122.0,44.0,22.0,0.0,77.0
28001,Adams,MS,7668.0,402.0,122.0,87.0,12.0,236.0
28003,Alcorn,MS,8785.0,611.0,186.0,118.0,33.0,359.0
28005,Amite,MS,3056.0,180.0,53.0,49.0,33.0,157.0
28007,Attala,MS,4502.0,282.0,77.0,61.0,22.0,193.0
28009,Benton,MS,1709.0,114.0,43.0,37.0,33.0,124.0
28011,Bolivar,MS,7554.0,649.0,209.0,191.0,33.0,521.0
28013,Calhoun,MS,3418.0,224.0,78.0,69.0,55.0,213.0
28015,Carroll,MS,2363.0,161.0,72.0,82.0,33.0,220.0
28017,Chickasaw,MS,4747.0,322.0,102.0,78.0,22.0,246.0
28019,Choctaw,MS,1668.0,111.0,42.0,41.0,33.0,138.0
28021,Claiborne,MS,1926.0,89.0,33.0,37.0,11.0,103.0
28023,Clarke,MS,4331.0,267.0,91.0,79.0,55.0,269.0
28025,Clay,MS,4499.0,295.0,75.0,72.0,11.0,169.0
28027,Coahoma,MS,4817.0,274.0,96.0,101.0,33.0,263.0
28029,Copiah,MS,6986.0,411.0,113.0,87.0,33.0,266.0
28031,Covington,MS,4742.0,291.0,121.0,76.0,33.0,263.0
28033,Desoto,MS,32270.0,1550.0,479.0,250.0,79.0,898.0
28035,Forrest,MS,20266.0,1214.0,461.0,229.0,33.0,775.0
28037,Franklin,MS,1900.0,117.0,44.0,46.0,22.0,123.0
28039,George,MS,6172.0,361.0,76.0,82.0,11.0,180.0
28041,Greene,MS,2101.0,135.0,52.0,47.0,22.0,154.0
28043,Grenada,MS,5457.0,468.0,130.0,150.0,14.0,327.0
28045,Hancock,MS,10784.0,602.0,109.0,96.0,55.0,304.0
28047,Harrison,MS,47824.0,2811.0,431.0,461.0,105.0,1113.0
28049,Hinds,MS,45381.0,1837.0,400.0,424.0,154.0,1155.0
28051,Holmes,MS,4558.0,279.0,82.0,96.0,44.0,299.0
28053,Humphreys,MS,1947.0,89.0,39.0,34.0,33.0,128.0
28055,Issaquena,MS,151.0,22.0,11.0,11.0,11.0,33.0
28057,Itawamba,MS,5741.0,450.0,124.0,78.0,44.0,268.0
28059,Jackson,MS,29560.0,1629.0,241.0,267.0,66.0,652.0
28061,Jasper,MS,4254.0,243.0,102.0,88.0,44.0,300.0
28063,Jefferson,MS,1725.0,84.0,33.0,33.0,22.0,110.0
28065,Jefferson Davis,MS,2600.0,182.0,57.0,47.0,22.0,148.0
28067,Jones,MS,14971.0,867.0,298.0,176.0,55.0,601.0
28069,Kemper,MS,1992.0,134.0,52.0,49.0,22.0,134.0
28071,Lafayette,MS,8756.0,429.0,135.0,49.0,33.0,245.0
28073,Lamar,MS,7195.0,457.0,169.0,86.0,33.0,321.0
28075,Lauderdale,MS,16363.0,1006.0,281.0,238.0,77.0,690.0
28077,Lawrence,MS,4158.0,238.0,97.0,86.0,44.0,260.0
28079,Leake,MS,5076.0,309.0,72.0,101.0,33.0,239.0
28081,Lee,MS,20023.0,1370.0,383.0,237.0,88.0,785.0
28083,Leflore,MS,6099.0,393.0,125.0,118.0,36.0,312.0
28085,Lincoln,MS,7231.0,466.0,127.0,124.0,39.0,312.0
28087,Lowndes,MS,12823.0,711.0,184.0,147.0,57.0,432.0
28089,Madison,MS,22568.0,720.0,152.0,163.0,44.0,403.0
28091,Marion,MS,6045.0,491.0,196.0,128.0,33.0,384.0
28093,Marshall,MS,9620.0,520.0,197.0,91.0,55.0,398.0
28095,Monroe,MS,8147.0,595.0,157.0,129.0,44.0,363.0
28097,Montgomery,MS,3033.0,213.0,69.0,88.0,33.0,212.0
28099,Neshoba,MS,6594.0,410.0,121.0,101.0,22.0,266.0
28101,Newton,MS,4092.0,287.0,99.0,96.0,66.0,294.0
28103,Noxubee,MS,2628.0,140.0,33.0,38.0,33.0,137.0
28105,Oktibbeha,MS,7370.0,431.0,69.0,102.0,22.0,213.0
28107,Panola,MS,8585.0,593.0,202.0,147.0,66.0,481.0
28109,Pearl River,MS,14228.0,834.0,259.0,136.0,46.0,476.0
28111,Perry,MS,2705.0,178.0,70.0,47.0,22.0,172.0
28113,Pike,MS,9633.0,631.0,186.0,109.0,44.0,373.0
28115,Pontotoc,MS,5969.0,448.0,155.0,96.0,22.0,306.0
28117,Prentiss,MS,4757.0,356.0,113.0,75.0,11.0,210.0
28119,Quitman,MS,1388.0,136.0,37.0,48.0,22.0,140.0
28121,Rankin,MS,30405.0,1370.0,266.0,253.0,55.0,641.0
28123,Scott,MS,5877.0,404.0,109.0,121.0,44.0,296.0
28125,Sharkey,MS,1092.0,72.0,33.0,33.0,0.0,88.0
28127,Simpson,MS,6369.0,307.0,100.0,108.0,44.0,274.0
28129,Smith,MS,2948.0,150.0,50.0,47.0,33.0,152.0
28131,Stone,MS,5164.0,337.0,85.0,71.0,33.0,200.0
28133,Sunflower,MS,4815.0,306.0,96.0,67.0,44.0,251.0
28135,Tallahatchie,MS,2688.0,204.0,99.0,94.0,33.0,248.0
28137,Tate,MS,5899.0,373.0,108.0,66.0,22.0,218.0
28139,Tippah,MS,5643.0,389.0,142.0,104.0,44.0,334.0
28141,Tishomingo,MS,5892.0,432.0,126.0,100.0,22.0,270.0
28143,Tunica,MS,2128.0,122.0,59.0,49.0,22.0,174.0
28145,Union,MS,6158.0,423.0,112.0,85.0,33.0,252.0
28147,Walthall,MS,2929.0,222.0,73.0,56.0,11.0,151.0
28149,Warren,MS,10363.0,443.0,78.0,110.0,22.0,233.0
28151,Washington,MS,10703.0,728.0,162.0,151.0,33.0,403.0
28153,Wayne,MS,3838.0,213.0,97.0,49.0,11.0,168.0
28155,Webster,MS,3259.0,242.0,69.0,67.0,33.0,191.0
28157,Wilkinson,MS,1953.0,92.0,31.0,22.0,11.0,86.0
28159,Winston,MS,4316.0,232.0,39.0,54.0,11.0,126.0
28161,Yalobusha,MS,4721.0,327.0,119.0,96.0,44.0,281.0
28163,Yazoo,MS,5106.0,262.0,85.0,86.0,33.0,226.0
29001,Adair,MO,4991.0,343.0,136.0,39.0,11.0,208.0
29003,Andrew,MO,2962.0,195.0,88.0,33.0,22.0,154.0
29005,Atchison,MO,1421.0,76.0,44.0,22.0,11.0,77.0
29007,Audrain,MO,5672.0,442.0,141.0,46.0,22.0,231.0
29009,Barry,MO,9896.0,622.0,210.0,88.0,33.0,375.0
29011,Barton,MO,3079.0,232.0,73.0,22.0,33.0,161.0
29013,Bates,MO,4441.0,305.0,99.0,55.0,44.0,209.0
29015,Benton,MO,7474.0,463.0,180.0,44.0,22.0,279.0
29017,Bollinger,MO,2828.0,268.0,100.0,55.0,11.0,199.0
29019,Boone,MO,32240.0,1424.0,314.0,106.0,55.0,519.0
29021,Buchanan,MO,19496.0,1372.0,421.0,119.0,77.0,683.0
29023,Butler,MO,9916.0,678.0,252.0,95.0,33.0,402.0
29025,Caldwell,MO,2319.0,138.0,84.0,33.0,11.0,150.0
29027,Callaway,MO,9881.0,592.0,206.0,63.0,33.0,313.0
29029,Camden,MO,14185.0,648.0,205.0,99.0,55.0,381.0
29031,Cape Girardeau,MO,17739.0,1182.0,312.0,110.0,44.0,510.0
29033,Carroll,MO,2442.0,167.0,103.0,44.0,0.0,169.0
29035,Carter,MO,1785.0,140.0,56.0,44.0,11.0,111.0
29037,Cass,MO,22675.0,1096.0,319.0,140.0,80.0,616.0
29039,Cedar,MO,4050.0,257.0,74.0,22.0,22.0,118.0
29041,Chariton,MO,1843.0,152.0,71.0,22.0,0.0,93.0
29043,Christian,MO,20002.0,1026.0,340.0,119.0,66.0,569.0
29045,Clark,MO,1542.0,129.0,72.0,44.0,11.0,127.0
29047,Clay,MO,49355.0,2261.0,620.0,237.0,88.0,1055.0
29049,Clinton,MO,5433.0,317.0,120.0,55.0,33.0,230.0
29051,Cole,MO,17574.0,808.0,230.0,94.0,33.0,390.0
29053,Cooper,MO,4107.0,242.0,112.0,33.0,22.0,200.0
29055,Crawford,MO,5644.0,375.0,146.0,44.0,44.0,278.0
29057,Dade,MO,2172.0,150.0,59.0,33.0,11.0,125.0
29059,Dallas,MO,4700.0,320.0,90.0,55.0,33.0,200.0
29061,Daviess,MO,1781.0,113.0,72.0,33.0,11.0,138.0
29063,Dekalb,MO,1970.0,137.0,87.0,44.0,11.0,164.0
29065,Dent,MO,4077.0,310.0,113.0,36.0,11.0,171.0
29067,Douglas,MO,3271.0,204.0,88.0,33.0,22.0,143.0
29069,Dunklin,MO,6735.0,712.0,289.0,85.0,55.0,462.0
29071,Franklin,MO,28832.0,1266.0,366.0,158.0,121.0,711.0
29073,Gasconade,MO,4648.0,258.0,76.0,55.0,22.0,153.0
29075,Gentry,MO,1571.0,128.0,49.0,22.0,0.0,71.0
29077,Greene,MO,64143.0,3507.0,1069.0,249.0,132.0,1615.0
29079,Grundy,MO,2487.0,172.0,79.0,44.0,0.0,134.0
29081,Harrison,MO,2307.0,183.0,78.0,22.0,22.0,144.0
29083,Henry,MO,7010.0,447.0,171.0,44.0,44.0,303.0
29085,Hickory,MO,2926.0,177.0,66.0,55.0,22.0,143.0
29087,Holt,MO,1197.0,68.0,33.0,22.0,11.0,77.0
29089,Howard,MO,2252.0,149.0,62.0,33.0,11.0,128.0
29091,Howell,MO,11204.0,781.0,285.0,70.0,55.0,454.0
29093,Iron,MO,3122.0,289.0,121.0,55.0,22.0,231.0
29095,Jackson,MO,135823.0,6107.0,1806.0,775.0,363.0,3397.0
29097,Jasper,MO,29774.0,2105.0,315.0,156.0,66.0,592.0
29099,Jefferson,MO,45166.0,2147.0,523.0,204.0,121.0,947.0
29101,Johnson,MO,9196.0,469.0,175.0,71.0,22.0,301.0
29103,Knox,MO,968.0,75.0,55.0,0.0,11.0,77.0
29105,Laclede,MO,9287.0,644.0,275.0,82.0,33.0,401.0
29107,Lafayette,MO,8177.0,460.0,162.0,99.0,66.0,360.0
29109,Lawrence,MO,8481.0,579.0,206.0,47.0,44.0,352.0
29111,Lewis,MO,2323.0,199.0,66.0,33.0,11.0,110.0
29113,Lincoln,MO,12315.0,600.0,150.0,83.0,33.0,321.0
29115,Linn,MO,3423.0,243.0,128.0,55.0,22.0,227.0
29117,Livingston,MO,3540.0,220.0,115.0,55.0,22.0,214.0
29119,Mcdonald,MO,4418.0,326.0,97.0,77.0,33.0,251.0
29121,Macon,MO,4195.0,337.0,159.0,66.0,11.0,269.0
29123,Madison,MO,3405.0,314.0,80.0,26.0,11.0,128.0
29125,Maries,MO,1712.0,132.0,50.0,22.0,11.0,83.0
29127,Marion,MO,7295.0,538.0,139.0,22.0,33.0,216.0
29129,Mercer,MO,815.0,56.0,28.0,22.0,0.0,61.0
29131,Miller,MO,4884.0,324.0,145.0,44.0,33.0,255.0
29133,Mississippi,MO,2900.0,248.0,83.0,33.0,22.0,160.0
29135,Moniteau,MO,2991.0,186.0,71.0,55.0,11.0,159.0
29137,Monroe,MO,2681.0,211.0,86.0,44.0,11.0,163.0
29139,Montgomery,MO,3449.0,217.0,93.0,55.0,0.0,181.0
29141,Morgan,MO,6277.0,362.0,148.0,55.0,33.0,258.0
29143,New Madrid,MO,3276.0,302.0,124.0,77.0,0.0,245.0
29145,Newton,MO,9301.0,595.0,98.0,79.0,22.0,254.0
29147,Nodaway,MO,4308.0,329.0,113.0,71.0,22.0,206.0
29149,Oregon,MO,2742.0,222.0,94.0,44.0,22.0,160.0
29151,Osage,MO,2841.0,149.0,92.0,44.0,11.0,169.0
29153,Ozark,MO,3034.0,233.0,115.0,44.0,22.0,203.0
29155,Pemiscot,MO,3424.0,353.0,168.0,55.0,33.0,289.0
29157,Perry,MO,4413.0,284.0,91.0,11.0,11.0,124.0
29159,Pettis,MO,9082.0,454.0,192.0,19.0,22.0,255.0
29161,Phelps,MO,10027.0,670.0,199.0,85.0,22.0,328.0
29163,Pike,MO,4180.0,307.0,110.0,44.0,11.0,176.0
29165,Platte,MO,20060.0,813.0,224.0,119.0,55.0,442.0
29167,Polk,MO,7723.0,494.0,126.0,84.0,33.0,254.0
29169,Pulaski,MO,8136.0,508.0,198.0,81.0,44.0,356.0
29171,Putnam,MO,1273.0,121.0,46.0,11.0,0.0,57.0
29173,Ralls,MO,1974.0,128.0,37.0,33.0,0.0,92.0
29175,Randolph,MO,5838.0,472.0,161.0,75.0,11.0,302.0
29177,Ray,MO,4640.0,271.0,112.0,44.0,22.0,222.0
29179,Reynolds,MO,1617.0,118.0,59.0,22.0,11.0,103.0
29181,Ripley,MO,3437.0,298.0,116.0,57.0,22.0,206.0
29183,Saint Charles,MO,86145.0,2720.0,281.0,231.0,99.0,688.0
29185,Saint Clair,MO,2551.0,187.0,62.0,44.0,33.0,150.0
29186,Sainte Genevieve,MO,4444.0,204.0,49.0,33.0,22.0,126.0
29187,Saint Francois,MO,16797.0,1046.0,286.0,121.0,33.0,473.0
29189,Saint Louis,MO,229802.0,6617.0,844.0,642.0,363.0,2285.0
29195,Saline,MO,5051.0,378.0,173.0,33.0,22.0,272.0
29197,Schuyler,MO,965.0,92.0,57.0,22.0,0.0,90.0
29199,Scotland,MO,990.0,82.0,33.0,22.0,0.0,66.0
29201,Scott,MO,10275.0,936.0,274.0,87.0,33.0,452.0
29203,Shannon,MO,1965.0,153.0,48.0,33.0,22.0,114.0
29205,Shelby,MO,1771.0,158.0,79.0,33.0,11.0,134.0
29207,Stoddard,MO,7637.0,653.0,225.0,94.0,66.0,418.0
29209,Stone,MO,10029.0,544.0,147.0,66.0,22.0,268.0
29211,Sullivan,MO,1513.0,137.0,74.0,22.0,0.0,96.0
29213,Taney,MO,15688.0,1076.0,335.0,95.0,55.0,529.0
29215,Texas,MO,6379.0,463.0,190.0,77.0,66.0,377.0
29217,Vernon,MO,4580.0,358.0,139.0,66.0,33.0,249.0
29219,Warren,MO,8357.0,336.0,63.0,33.0,22.0,140.0
29221,Washington,MO,5077.0,426.0,141.0,70.0,33.0,288.0
29223,Wayne,MO,4286.0,390.0,150.0,66.0,33.0,271.0
29225,Webster,MO,9756.0,570.0,189.0,55.0,44.0,310.0
29227,Worth,MO,603.0,56.0,33.0,11.0,0.0,44.0
29229,Wright,MO,5606.0,370.0,152.0,56.0,33.0,274.0
29510,Saint Louis City,MO,46657.0,1594.0,296.0,205.0,132.0,831.0
30001,Beaverhead,MT,2690.0,271.0,126.0,0.0,22.0,148.0
30003,Big Horn,MT,2061.0,191.0,136.0,0.0,0.0,191.0
30005,Blaine,MT,1224.0,97.0,65.0,0.0,0.0,65.0
30007,Broadwater,MT,1719.0,131.0,65.0,33.0,0.0,98.0
30009,Carbon,MT,3441.0,203.0,106.0,55.0,11.0,172.0
30011,Carter,MT,357.0,47.0,22.0,0.0,0.0,22.0
30013,Cascade,MT,19477.0,1636.0,542.0,137.0,33.0,767.0
30015,Chouteau,MT,1373.0,131.0,80.0,22.0,0.0,102.0
30017,Custer,MT,2923.0,178.0,70.0,11.0,0.0,92.0
30019,Daniels,MT,473.0,51.0,22.0,0.0,0.0,22.0
30021,Dawson,MT,2196.0,111.0,59.0,0.0,0.0,59.0
30023,Deer Lodge,MT,3052.0,392.0,156.0,22.0,11.0,200.0
30025,Fallon,MT,636.0,43.0,22.0,0.0,0.0,22.0
30027,Fergus,MT,3422.0,217.0,96.0,11.0,0.0,118.0
30029,Flathead,MT,29288.0,1402.0,574.0,98.0,33.0,749.0
30031,Gallatin,MT,20084.0,1241.0,420.0,105.0,66.0,613.0
30033,Garfield,MT,300.0,55.0,22.0,11.0,0.0,33.0
30035,Glacier,MT,2249.0,132.0,73.0,11.0,0.0,95.0
30037,Golden Valley,MT,349.0,24.0,22.0,0.0,11.0,44.0
30039,Granite,MT,899.0,56.0,34.0,0.0,0.0,34.0
30041,Hill,MT,3440.0,290.0,134.0,0.0,11.0,167.0
30043,Jefferson,MT,3832.0,273.0,108.0,44.0,22.0,185.0
30045,Judith Basin,MT,688.0,58.0,44.0,11.0,0.0,55.0
30047,Lake,MT,8196.0,402.0,176.0,88.0,44.0,330.0
30049,Lewis And Clark,MT,18378.0,1436.0,589.0,94.0,33.0,749.0
30051,Liberty,MT,498.0,48.0,11.0,0.0,0.0,11.0
30053,Lincoln,MT,8248.0,469.0,169.0,44.0,0.0,235.0
30055,Mccone,MT,381.0,38.0,22.0,0.0,0.0,22.0
30057,Madison,MT,2829.0,222.0,109.0,33.0,0.0,142.0
30059,Meagher,MT,630.0,62.0,32.0,0.0,0.0,32.0
30061,Mineral,MT,1945.0,125.0,47.0,22.0,0.0,80.0
30063,Missoula,MT,25550.0,1244.0,349.0,130.0,88.0,633.0
30065,Musselshell,MT,1647.0,123.0,55.0,11.0,11.0,77.0
30067,Park,MT,4766.0,284.0,132.0,50.0,11.0,204.0
30069,Petroleum,MT,120.0,11.0,11.0,0.0,0.0,11.0
30071,Phillips,MT,1139.0,105.0,50.0,0.0,0.0,50.0
30073,Pondera,MT,1602.0,123.0,55.0,11.0,11.0,88.0
30075,Powder River,MT,431.0,25.0,11.0,0.0,0.0,11.0
30077,Powell,MT,1847.0,166.0,89.0,0.0,11.0,111.0
30079,Prairie,MT,442.0,22.0,11.0,0.0,0.0,11.0
30081,Ravalli,MT,15645.0,909.0,272.0,74.0,66.0,434.0
30083,Richland,MT,2313.0,94.0,57.0,11.0,0.0,68.0
30085,Roosevelt,MT,1852.0,91.0,67.0,0.0,0.0,67.0
30087,Rosebud,MT,1945.0,118.0,76.0,0.0,0.0,98.0
30089,Sanders,MT,5001.0,247.0,91.0,33.0,22.0,157.0
30091,Sheridan,MT,996.0,111.0,55.0,0.0,0.0,55.0
30093,Silver Bow,MT,8666.0,1113.0,463.0,52.0,12.0,549.0
30095,Stillwater,MT,2837.0,144.0,76.0,22.0,0.0,109.0
30097,Sweet Grass,MT,1096.0,95.0,45.0,0.0,0.0,45.0
30099,Teton,MT,1722.0,151.0,61.0,11.0,0.0,72.0
30101,Toole,MT,1047.0,115.0,69.0,0.0,0.0,69.0
30103,Treasure,MT,247.0,22.0,11.0,0.0,0.0,11.0
30105,Valley,MT,1970.0,117.0,63.0,11.0,0.0,74.0
30107,Wheatland,MT,660.0,66.0,39.0,11.0,0.0,50.0
30109,Wibaux,MT,239.0,11.0,11.0,0.0,0.0,11.0
30111,Yellowstone,MT,37346.0,2310.0,848.0,112.0,55.0,1070.0
31001,Adams,NE,7112.0,503.0,133.0,40.0,11.0,195.0
31003,Antelope,NE,1518.0,115.0,55.0,11.0,22.0,99.0
31005,Arthur,NE,87.0,11.0,11.0,0.0,0.0,11.0
31007,Banner,NE,106.0,15.0,11.0,11.0,0.0,22.0
31009,Blaine,NE,122.0,33.0,0.0,0.0,0.0,0.0
31011,Boone,NE,1552.0,90.0,55.0,22.0,11.0,99.0
31013,Box Butte,NE,2772.0,331.0,109.0,11.0,0.0,131.0
31015,Boyd,NE,676.0,61.0,33.0,11.0,0.0,44.0
31017,Brown,NE,843.0,54.0,22.0,0.0,11.0,44.0
31019,Buffalo,NE,9910.0,641.0,226.0,114.0,33.0,406.0
31021,Burt,NE,1983.0,79.0,44.0,22.0,0.0,77.0
31023,Butler,NE,1942.0,116.0,66.0,22.0,0.0,88.0
31025,Cass,NE,6112.0,301.0,135.0,33.0,11.0,179.0
31027,Cedar,NE,2099.0,102.0,33.0,44.0,0.0,88.0
31029,Chase,NE,966.0,88.0,34.0,0.0,0.0,34.0
31031,Cherry,NE,1344.0,156.0,26.0,11.0,0.0,37.0
31033,Cheyenne,NE,2510.0,302.0,84.0,11.0,0.0,106.0
31035,Clay,NE,1738.0,120.0,77.0,33.0,0.0,110.0
31037,Colfax,NE,1876.0,74.0,33.0,33.0,11.0,77.0
31039,Cuming,NE,2073.0,69.0,33.0,0.0,0.0,33.0
31041,Custer,NE,2754.0,208.0,112.0,55.0,11.0,189.0
31043,Dakota,NE,3662.0,195.0,45.0,33.0,22.0,122.0
31045,Dawes,NE,1864.0,107.0,31.0,0.0,0.0,42.0
31047,Dawson,NE,4548.0,305.0,117.0,33.0,22.0,205.0
31049,Deuel,NE,595.0,52.0,22.0,22.0,0.0,55.0
31051,Dixon,NE,1368.0,85.0,44.0,22.0,0.0,66.0
31053,Dodge,NE,8897.0,460.0,97.0,94.0,33.0,246.0
31055,Douglas,NE,100683.0,3680.0,804.0,431.0,198.0,1698.0
31057,Dundy,NE,486.0,65.0,33.0,0.0,0.0,33.0
31059,Fillmore,NE,1525.0,117.0,44.0,33.0,0.0,88.0
31061,Franklin,NE,851.0,84.0,66.0,11.0,0.0,77.0
31063,Frontier,NE,653.0,66.0,33.0,22.0,0.0,55.0
31065,Furnas,NE,1517.0,117.0,66.0,33.0,0.0,99.0
31067,Gage,NE,5646.0,309.0,122.0,55.0,11.0,210.0
31069,Garden,NE,719.0,65.0,35.0,0.0,0.0,35.0
31071,Garfield,NE,598.0,23.0,11.0,0.0,11.0,22.0
31073,Gosper,NE,634.0,30.0,11.0,0.0,0.0,11.0
31075,Grant,NE,201.0,33.0,33.0,0.0,0.0,33.0
31077,Greeley,NE,658.0,44.0,22.0,33.0,0.0,55.0
31079,Hall,NE,11663.0,627.0,224.0,83.0,22.0,351.0
31081,Hamilton,NE,2228.0,130.0,61.0,33.0,0.0,94.0
31083,Harlan,NE,850.0,57.0,55.0,0.0,0.0,55.0
31085,Hayes,NE,103.0,11.0,0.0,0.0,0.0,0.0
31087,Hitchcock,NE,860.0,58.0,44.0,0.0,0.0,44.0
31089,Holt,NE,2731.0,196.0,87.0,55.0,0.0,153.0
31091,Hooker,NE,244.0,14.0,11.0,0.0,0.0,11.0
31093,Howard,NE,1577.0,103.0,66.0,11.0,0.0,77.0
31095,Jefferson,NE,1993.0,124.0,60.0,33.0,0.0,93.0
31097,Johnson,NE,1051.0,63.0,22.0,22.0,0.0,44.0
31099,Kearney,NE,1400.0,103.0,43.0,22.0,0.0,76.0
31101,Keith,NE,2258.0,170.0,89.0,11.0,0.0,100.0
31103,Keya Paha,NE,284.0,33.0,11.0,0.0,0.0,11.0
31105,Kimball,NE,1082.0,170.0,77.0,11.0,0.0,99.0
31107,Knox,NE,2510.0,118.0,55.0,44.0,11.0,121.0
31109,Lancaster,NE,59165.0,2531.0,828.0,361.0,99.0,1431.0
31111,Lincoln,NE,8219.0,518.0,175.0,22.0,0.0,219.0
31113,Logan,NE,226.0,11.0,0.0,0.0,0.0,0.0
31115,Loup,NE,115.0,11.0,11.0,11.0,0.0,22.0
31117,Mcpherson,NE,97.0,11.0,11.0,0.0,0.0,11.0
31119,Madison,NE,8329.0,410.0,109.0,55.0,11.0,197.0
31121,Merrick,NE,1887.0,103.0,62.0,22.0,0.0,106.0
31123,Morrill,NE,1211.0,149.0,57.0,22.0,0.0,101.0
31125,Nance,NE,824.0,43.0,22.0,0.0,0.0,22.0
31127,Nemaha,NE,1604.0,102.0,45.0,11.0,0.0,56.0
31129,Nuckolls,NE,1346.0,109.0,38.0,33.0,0.0,82.0
31131,Otoe,NE,3638.0,213.0,92.0,22.0,11.0,125.0
31133,Pawnee,NE,789.0,77.0,22.0,11.0,0.0,33.0
31135,Perkins,NE,692.0,51.0,44.0,0.0,0.0,44.0
31137,Phelps,NE,2194.0,181.0,74.0,33.0,0.0,118.0
31139,Pierce,NE,1558.0,79.0,33.0,11.0,0.0,44.0
31141,Platte,NE,7305.0,345.0,149.0,11.0,11.0,182.0
31143,Polk,NE,1182.0,48.0,33.0,11.0,0.0,44.0
31145,Red Willow,NE,2681.0,196.0,35.0,22.0,0.0,68.0
31147,Richardson,NE,2276.0,156.0,55.0,11.0,11.0,88.0
31149,Rock,NE,336.0,24.0,11.0,0.0,0.0,11.0
31151,Saline,NE,3041.0,154.0,82.0,22.0,22.0,148.0
31153,Sarpy,NE,32739.0,1172.0,293.0,136.0,55.0,561.0
31155,Saunders,NE,4969.0,215.0,119.0,66.0,11.0,207.0
31157,Scotts Bluff,NE,8784.0,1066.0,447.0,67.0,11.0,569.0
31159,Seward,NE,3756.0,195.0,115.0,22.0,22.0,181.0
31161,Sheridan,NE,1423.0,94.0,44.0,0.0,0.0,55.0
31163,Sherman,NE,824.0,70.0,44.0,33.0,0.0,77.0
31165,Sioux,NE,138.0,11.0,0.0,0.0,0.0,0.0
31167,Stanton,NE,708.0,37.0,22.0,11.0,0.0,33.0
31169,Thayer,NE,1518.0,131.0,66.0,22.0,11.0,110.0
31171,Thomas,NE,235.0,33.0,0.0,0.0,11.0,11.0
31173,Thurston,NE,1066.0,76.0,22.0,11.0,11.0,66.0
31175,Valley,NE,1137.0,84.0,47.0,22.0,0.0,69.0
31177,Washington,NE,4533.0,201.0,83.0,33.0,11.0,138.0
31179,Wayne,NE,1513.0,75.0,33.0,11.0,0.0,55.0
31181,Webster,NE,949.0,72.0,44.0,0.0,0.0,44.0
31183,Wheeler,NE,189.0,22.0,11.0,11.0,0.0,22.0
31185,York,NE,3373.0,168.0,25.0,33.0,11.0,91.0
32001,Churchill,NV,6216.0,478.0,216.0,62.0,11.0,302.0
32003,Clark,NV,420440.0,20358.0,7391.0,2680.0,659.0,11486.0
32005,Douglas,NV,18097.0,1216.0,441.0,133.0,55.0,684.0
32007,Elko,NV,8124.0,769.0,322.0,101.0,45.0,503.0
32009,Esmeralda,NV,270.0,33.0,33.0,0.0,0.0,33.0
32011,Eureka,NV,363.0,42.0,22.0,11.0,11.0,44.0
32013,Humboldt,NV,3620.0,297.0,152.0,22.0,11.0,196.0
32015,Lander,NV,1046.0,71.0,41.0,11.0,11.0,74.0
32017,Lincoln,NV,1154.0,102.0,54.0,22.0,11.0,87.0
32019,Lyon,NV,16793.0,1460.0,574.0,115.0,55.0,788.0
32021,Mineral,NV,1358.0,122.0,82.0,11.0,0.0,93.0
32023,Nye,NV,18205.0,1381.0,589.0,129.0,36.0,809.0
32027,Pershing,NV,956.0,91.0,42.0,11.0,0.0,64.0
32029,Storey,NV,454.0,16.0,11.0,11.0,0.0,22.0
32031,Washoe,NV,104569.0,6747.0,2067.0,616.0,211.0,3064.0
32033,White Pine,NV,1992.0,442.0,138.0,22.0,0.0,171.0
32510,Carson City,NV,15800.0,1348.0,480.0,116.0,33.0,662.0
33001,Belknap,NH,21941.0,702.0,260.0,149.0,77.0,552.0
33003,Carroll,NH,19306.0,558.0,283.0,209.0,33.0,558.0
33005,Cheshire,NH,21670.0,692.0,208.0,177.0,121.0,539.0
33007,Coos,NH,10876.0,431.0,146.0,111.0,44.0,323.0
33009,Grafton,NH,25108.0,753.0,338.0,264.0,121.0,789.0
33011,Hillsborough,NH,92813.0,2431.0,556.0,448.0,209.0,1345.0
33013,Merrimack,NH,39108.0,1140.0,349.0,249.0,77.0,752.0
33015,Rockingham,NH,81808.0,1984.0,490.0,347.0,198.0,1200.0
33017,Strafford,NH,29563.0,994.0,308.0,196.0,66.0,658.0
33019,Sullivan,NH,12311.0,442.0,148.0,115.0,33.0,340.0
34001,Atlantic,NJ,65931.0,2258.0,314.0,324.0,165.0,946.0
34003,Bergen,NJ,191513.0,4727.0,651.0,861.0,407.0,2414.0
34005,Burlington,NJ,100937.0,3523.0,416.0,514.0,220.0,1370.0
34007,Camden,NJ,107184.0,4036.0,487.0,593.0,220.0,1603.0
34009,Cape May,NJ,31218.0,1071.0,150.0,166.0,77.0,470.0
34011,Cumberland,NJ,31097.0,1635.0,428.0,274.0,77.0,846.0
34013,Essex,NJ,127967.0,3299.0,345.0,462.0,264.0,1352.0
34015,Gloucester,NJ,61125.0,2321.0,379.0,362.0,187.0,1093.0
34017,Hudson,NJ,87671.0,2521.0,471.0,333.0,121.0,1092.0
34019,Hunterdon,NJ,32015.0,796.0,187.0,214.0,77.0,566.0
34021,Mercer,NJ,73049.0,2185.0,240.0,239.0,121.0,791.0
34023,Middlesex,NJ,153854.0,4308.0,449.0,566.0,257.0,1607.0
34025,Monmouth,NJ,148918.0,4265.0,515.0,606.0,330.0,1771.0
34027,Morris,NJ,101917.0,2575.0,520.0,494.0,275.0,1553.0
34029,Ocean,NJ,167279.0,6163.0,396.0,646.0,225.0,1492.0
34031,Passaic,NJ,93987.0,2414.0,343.0,380.0,154.0,1141.0
34033,Salem,NJ,15304.0,615.0,144.0,93.0,44.0,336.0
34035,Somerset,NJ,61921.0,1646.0,288.0,254.0,121.0,819.0
34037,Sussex,NJ,34427.0,1050.0,276.0,214.0,121.0,688.0
34039,Union,NJ,97874.0,2502.0,399.0,340.0,242.0,1224.0
34041,Warren,NJ,27022.0,929.0,206.0,131.0,66.0,480.0
35001,Bernalillo,NM,141210.0,13541.0,4220.0,902.0,274.0,5627.0
35003,Catron,NM,1642.0,164.0,89.0,22.0,0.0,111.0
35005,Chaves,NM,12220.0,1159.0,365.0,118.0,33.0,549.0
35006,Cibola,NM,5101.0,607.0,280.0,33.0,22.0,390.0
35007,Colfax,NM,3871.0,566.0,236.0,33.0,11.0,291.0
35009,Curry,NM,7927.0,808.0,274.0,103.0,26.0,417.0
35011,De Baca,NM,539.0,65.0,25.0,11.0,11.0,47.0
35013,Dona Ana,NM,49549.0,4398.0,1117.0,594.0,134.0,2037.0
35015,Eddy,NM,10012.0,769.0,271.0,120.0,22.0,435.0
35017,Grant,NM,9188.0,1203.0,319.0,172.0,11.0,557.0
35019,Guadalupe,NM,1059.0,108.0,66.0,11.0,0.0,88.0
35021,Harding,NM,200.0,33.0,33.0,11.0,0.0,44.0
35023,Hidalgo,NM,1124.0,104.0,47.0,22.0,11.0,91.0
35025,Lea,NM,9763.0,689.0,284.0,110.0,33.0,463.0
35027,Lincoln,NM,6524.0,678.0,271.0,102.0,44.0,450.0
35028,Los Alamos,NM,2395.0,229.0,63.0,11.0,11.0,85.0
35029,Luna,NM,6714.0,671.0,239.0,52.0,11.0,315.0
35031,Mckinley,NM,12707.0,1029.0,428.0,11.0,22.0,582.0
35033,Mora,NM,1546.0,175.0,101.0,22.0,11.0,156.0
35035,Otero,NM,13723.0,1574.0,603.0,118.0,22.0,807.0
35037,Quay,NM,2512.0,277.0,122.0,33.0,22.0,188.0
35039,Rio Arriba,NM,10372.0,1294.0,458.0,117.0,88.0,718.0
35041,Roosevelt,NM,3264.0,344.0,131.0,50.0,22.0,214.0
35043,Sandoval,NM,36963.0,3549.0,1015.0,260.0,88.0,1494.0
35045,San Juan,NM,24685.0,2916.0,870.0,153.0,66.0,1203.0
35047,San Miguel,NM,7301.0,924.0,413.0,37.0,11.0,494.0
35049,Santa Fe,NM,46234.0,4297.0,1291.0,234.0,91.0,1682.0
35051,Sierra,NM,4639.0,548.0,172.0,83.0,33.0,310.0
35053,Socorro,NM,3919.0,407.0,177.0,44.0,11.0,287.0
35055,Taos,NM,10589.0,1581.0,451.0,106.0,88.0,700.0
35057,Torrance,NM,3596.0,443.0,181.0,22.0,44.0,269.0
35059,Union,NM,977.0,92.0,77.0,0.0,11.0,88.0
35061,Valencia,NM,17716.0,1856.0,641.0,133.0,67.0,907.0
36001,Albany,NY,62537.0,2009.0,522.0,288.0,176.0,1184.0
36003,Allegany,NY,11044.0,722.0,283.0,193.0,0.0,531.0
36005,Bronx,NY,231170.0,5877.0,676.0,752.0,231.0,1954.0
36007,Broome,NY,47358.0,2019.0,534.0,214.0,110.0,979.0
36009,Cattaraugus,NY,19705.0,1232.0,398.0,257.0,22.0,765.0
36011,Cayuga,NY,18023.0,978.0,320.0,156.0,33.0,575.0
36013,Chautauqua,NY,32999.0,1772.0,627.0,303.0,77.0,1107.0
36015,Chemung,NY,20315.0,1154.0,458.0,160.0,55.0,739.0
36017,Chenango,NY,13482.0,751.0,308.0,88.0,77.0,528.0
36019,Clinton,NY,20930.0,1021.0,368.0,182.0,44.0,660.0
36021,Columbia,NY,17086.0,583.0,296.0,154.0,77.0,560.0
36023,Cortland,NY,10161.0,550.0,237.0,69.0,22.0,350.0
36025,Delaware,NY,11555.0,628.0,352.0,154.0,66.0,627.0
36027,Dutchess,NY,68264.0,1954.0,435.0,297.0,176.0,1051.0
36029,Erie,NY,215200.0,8279.0,2555.0,942.0,330.0,4244.0
36031,Essex,NY,9481.0,448.0,284.0,132.0,22.0,471.0
36033,Franklin,NY,12891.0,797.0,354.0,154.0,22.0,640.0
36035,Fulton,NY,13308.0,711.0,276.0,63.0,33.0,416.0
36037,Genesee,NY,14758.0,543.0,212.0,104.0,0.0,371.0
36039,Greene,NY,12861.0,591.0,319.0,143.0,44.0,517.0
36041,Hamilton,NY,1641.0,124.0,88.0,44.0,0.0,132.0
36043,Herkimer,NY,14992.0,728.0,309.0,110.0,33.0,496.0
36045,Jefferson,NY,22674.0,1130.0,535.0,236.0,88.0,947.0
36047,Kings,NY,407991.0,11362.0,1221.0,1926.0,385.0,4071.0
36049,Lewis,NY,6385.0,296.0,157.0,88.0,11.0,267.0
36051,Livingston,NY,15927.0,648.0,251.0,121.0,33.0,471.0
36053,Madison,NY,16000.0,683.0,256.0,132.0,33.0,465.0
36055,Monroe,NY,173581.0,5100.0,1258.0,684.0,187.0,2520.0
36057,Montgomery,NY,14444.0,706.0,285.0,151.0,33.0,513.0
36059,Nassau,NY,301818.0,8204.0,680.0,1309.0,484.0,3030.0
36061,New York,NY,296189.0,7310.0,681.0,1167.0,385.0,2615.0
36063,Niagara,NY,54433.0,2347.0,778.0,299.0,111.0,1298.0
36065,Oneida,NY,55353.0,2517.0,1001.0,347.0,110.0,1612.0
36067,Onondaga,NY,104562.0,3926.0,1122.0,514.0,187.0,2098.0
36069,Ontario,NY,29050.0,881.0,274.0,138.0,33.0,500.0
36071,Orange,NY,72646.0,2403.0,663.0,414.0,143.0,1440.0
36073,Orleans,NY,9985.0,400.0,173.0,67.0,11.0,284.0
36075,Oswego,NY,28766.0,1552.0,545.0,281.0,66.0,980.0
36077,Otsego,NY,15351.0,754.0,354.0,185.0,77.0,715.0
36079,Putnam,NY,22093.0,547.0,138.0,97.0,55.0,367.0
36081,Queens,NY,415286.0,9550.0,828.0,1446.0,487.0,3408.0
36083,Rensselaer,NY,35547.0,1288.0,408.0,195.0,55.0,757.0
36085,Richmond,NY,98475.0,2750.0,186.0,339.0,88.0,745.0
36087,Rockland,NY,59681.0,1685.0,304.0,316.0,121.0,885.0
36089,Saint Lawrence,NY,24866.0,1642.0,698.0,308.0,77.0,1193.0
36091,Saratoga,NY,56406.0,1807.0,506.0,246.0,110.0,961.0
36093,Schenectady,NY,38587.0,1440.0,364.0,143.0,66.0,661.0
36095,Schoharie,NY,7913.0,423.0,207.0,99.0,55.0,394.0
36097,Schuyler,NY,4961.0,269.0,135.0,55.0,22.0,234.0
36099,Seneca,NY,7771.0,325.0,100.0,44.0,22.0,210.0
36101,Steuben,NY,23566.0,1290.0,520.0,196.0,99.0,903.0
36103,Suffolk,NY,329317.0,9806.0,956.0,1616.0,583.0,3842.0
36105,Sullivan,NY,18129.0,967.0,439.0,220.0,55.0,813.0
36107,Tioga,NY,12454.0,561.0,217.0,88.0,44.0,382.0
36109,Tompkins,NY,19017.0,710.0,231.0,103.0,55.0,422.0
36111,Ulster,NY,44349.0,1448.0,464.0,361.0,231.0,1221.0
36113,Warren,NY,19790.0,837.0,375.0,138.0,44.0,590.0
36115,Washington,NY,16550.0,748.0,315.0,156.0,55.0,559.0
36117,Wayne,NY,24940.0,1006.0,294.0,143.0,55.0,602.0
36119,Westchester,NY,195717.0,4790.0,850.0,886.0,418.0,2566.0
36121,Wyoming,NY,9734.0,486.0,216.0,99.0,0.0,359.0
36123,Yates,NY,6643.0,274.0,110.0,88.0,22.0,220.0
37001,Alamance,NC,39513.0,1742.0,210.0,183.0,55.0,526.0
37003,Alexander,NC,8577.0,503.0,134.0,50.0,33.0,239.0
37005,Alleghany,NC,3922.0,283.0,127.0,50.0,33.0,210.0
37007,Anson,NC,5698.0,310.0,92.0,67.0,44.0,258.0
37009,Ashe,NC,8550.0,662.0,264.0,104.0,77.0,489.0
37011,Avery,NC,5996.0,481.0,170.0,47.0,33.0,250.0
37013,Beaufort,NC,14844.0,605.0,161.0,119.0,44.0,368.0
37015,Bertie,NC,5606.0,247.0,97.0,49.0,33.0,223.0
37017,Bladen,NC,7621.0,379.0,135.0,85.0,55.0,308.0
37019,Brunswick,NC,66461.0,2031.0,551.0,257.0,99.0,995.0
37021,Buncombe,NC,65999.0,2853.0,699.0,308.0,121.0,1249.0
37023,Burke,NC,20855.0,1310.0,360.0,179.0,49.0,627.0
37025,Cabarrus,NC,40487.0,1752.0,431.0,207.0,66.0,770.0
37027,Caldwell,NC,20326.0,1494.0,469.0,181.0,47.0,736.0
37029,Camden,NC,2220.0,99.0,34.0,33.0,22.0,111.0
37031,Carteret,NC,20164.0,653.0,193.0,161.0,55.0,431.0
37033,Caswell,NC,4494.0,245.0,85.0,55.0,33.0,206.0
37035,Catawba,NC,40445.0,2125.0,561.0,236.0,88.0,973.0
37037,Chatham,NC,14561.0,522.0,121.0,85.0,33.0,283.0
37039,Cherokee,NC,11095.0,646.0,221.0,64.0,22.0,329.0
37041,Chowan,NC,4449.0,188.0,76.0,15.0,22.0,135.0
37043,Clay,NC,4781.0,255.0,103.0,33.0,11.0,147.0
37045,Cleveland,NC,25858.0,1371.0,450.0,229.0,66.0,823.0
37047,Columbus,NC,13689.0,881.0,275.0,179.0,110.0,674.0
37049,Craven,NC,28696.0,1066.0,314.0,119.0,44.0,521.0
37051,Cumberland,NC,61531.0,2865.0,708.0,320.0,123.0,1301.0
37053,Currituck,NC,7216.0,340.0,167.0,79.0,44.0,323.0
37055,Dare,NC,11170.0,350.0,157.0,77.0,22.0,267.0
37057,Davidson,NC,33996.0,1798.0,496.0,180.0,60.0,792.0
37059,Davie,NC,11830.0,533.0,160.0,79.0,22.0,283.0
37061,Duplin,NC,10893.0,581.0,161.0,116.0,55.0,398.0
37063,Durham,NC,54894.0,1637.0,349.0,254.0,77.0,782.0
37065,Edgecombe,NC,13444.0,719.0,142.0,82.0,55.0,342.0
37067,Forsyth,NC,88833.0,3544.0,1048.0,393.0,144.0,1744.0
37069,Franklin,NC,15225.0,582.0,143.0,71.0,44.0,291.0
37071,Gaston,NC,49716.0,2451.0,671.0,331.0,110.0,1214.0
37073,Gates,NC,2848.0,131.0,66.0,66.0,11.0,154.0
37075,Graham,NC,2243.0,155.0,48.0,11.0,11.0,81.0
37077,Granville,NC,11646.0,443.0,144.0,84.0,22.0,272.0
37079,Greene,NC,3498.0,136.0,35.0,42.0,11.0,121.0
37081,Guilford,NC,115835.0,4303.0,652.0,542.0,234.0,1665.0
37083,Halifax,NC,14955.0,740.0,241.0,119.0,66.0,503.0
37085,Harnett,NC,21187.0,962.0,248.0,106.0,77.0,508.0
37087,Haywood,NC,19426.0,1221.0,363.0,112.0,44.0,563.0
37089,Henderson,NC,37717.0,1541.0,426.0,161.0,88.0,752.0
37091,Hertford,NC,5664.0,233.0,85.0,74.0,11.0,203.0
37093,Hoke,NC,7144.0,327.0,104.0,30.0,11.0,156.0
37095,Hyde,NC,1217.0,64.0,33.0,11.0,0.0,55.0
37097,Iredell,NC,40897.0,1944.0,504.0,226.0,62.0,858.0
37099,Jackson,NC,9070.0,504.0,134.0,70.0,33.0,281.0
37101,Johnston,NC,35252.0,1561.0,346.0,166.0,88.0,689.0
37103,Jones,NC,3100.0,148.0,46.0,33.0,11.0,101.0
37105,Lee,NC,17176.0,735.0,254.0,79.0,33.0,402.0
37107,Lenoir,NC,16081.0,645.0,98.0,96.0,33.0,282.0
37109,Lincoln,NC,22683.0,1094.0,335.0,134.0,62.0,575.0
37111,Mcdowell,NC,12585.0,792.0,241.0,77.0,33.0,373.0
37113,Macon,NC,12611.0,728.0,205.0,62.0,22.0,311.0
37115,Madison,NC,6260.0,353.0,107.0,38.0,11.0,167.0
37117,Martin,NC,6678.0,339.0,119.0,58.0,22.0,221.0
37119,Mecklenburg,NC,166509.0,5447.0,1267.0,637.0,264.0,2472.0
37121,Mitchell,NC,4590.0,278.0,88.0,22.0,22.0,143.0
37123,Montgomery,NC,6291.0,356.0,117.0,56.0,33.0,250.0
37125,Moore,NC,28906.0,1057.0,383.0,143.0,88.0,702.0
37127,Nash,NC,24319.0,1125.0,286.0,144.0,66.0,579.0
37129,New Hanover,NC,54741.0,1807.0,425.0,230.0,77.0,820.0
37131,Northampton,NC,5660.0,242.0,124.0,110.0,33.0,333.0
37133,Onslow,NC,33760.0,1389.0,378.0,171.0,77.0,692.0
37135,Orange,NC,31767.0,809.0,165.0,118.0,55.0,382.0
37137,Pamlico,NC,4105.0,163.0,67.0,66.0,44.0,188.0
37139,Pasquotank,NC,9786.0,415.0,117.0,38.0,11.0,178.0
37141,Pender,NC,14481.0,562.0,166.0,97.0,55.0,373.0
37143,Perquimans,NC,4361.0,209.0,71.0,22.0,11.0,126.0
37145,Person,NC,10339.0,464.0,155.0,64.0,22.0,274.0
37147,Pitt,NC,35522.0,1566.0,419.0,218.0,66.0,828.0
37149,Polk,NC,7351.0,243.0,67.0,45.0,33.0,167.0
37151,Randolph,NC,29077.0,1588.0,404.0,151.0,88.0,720.0
37153,Richmond,NC,10552.0,567.0,243.0,68.0,33.0,388.0
37155,Robeson,NC,28241.0,1444.0,535.0,165.0,115.0,952.0
37157,Rockingham,NC,24374.0,1186.0,203.0,134.0,55.0,427.0
37159,Rowan,NC,31053.0,1597.0,472.0,226.0,77.0,877.0
37161,Rutherford,NC,16905.0,663.0,221.0,112.0,66.0,443.0
37163,Sampson,NC,12925.0,711.0,237.0,131.0,66.0,525.0
37165,Scotland,NC,8128.0,377.0,134.0,54.0,11.0,236.0
37167,Stanly,NC,16544.0,783.0,186.0,99.0,66.0,395.0
37169,Stokes,NC,11990.0,630.0,214.0,104.0,77.0,450.0
37171,Surry,NC,20354.0,1538.0,529.0,179.0,45.0,814.0
37173,Swain,NC,4191.0,260.0,76.0,22.0,22.0,142.0
37175,Transylvania,NC,11055.0,481.0,183.0,102.0,44.0,351.0
37177,Tyrrell,NC,876.0,47.0,21.0,11.0,11.0,54.0
37179,Union,NC,42073.0,1512.0,344.0,221.0,55.0,697.0
37181,Vance,NC,11519.0,490.0,166.0,53.0,33.0,285.0
37183,Wake,NC,197752.0,5907.0,1155.0,795.0,300.0,2582.0
37185,Warren,NC,4014.0,182.0,60.0,33.0,22.0,148.0
37187,Washington,NC,3610.0,140.0,48.0,35.0,22.0,127.0
37189,Watauga,NC,9306.0,606.0,182.0,89.0,44.0,359.0
37191,Wayne,NC,25727.0,1043.0,287.0,152.0,66.0,561.0
37193,Wilkes,NC,17538.0,1457.0,515.0,196.0,99.0,887.0
37195,Wilson,NC,18832.0,788.0,176.0,104.0,55.0,392.0
37197,Yadkin,NC,9868.0,672.0,228.0,64.0,55.0,402.0
37199,Yancey,NC,5830.0,326.0,103.0,28.0,22.0,164.0
38001,Adams,ND,662.0,34.0,11.0,0.0,0.0,11.0
38003,Barnes,ND,2943.0,178.0,22.0,22.0,11.0,77.0
38005,Benson,ND,1164.0,69.0,44.0,0.0,0.0,66.0
38007,Billings,ND,115.0,22.0,11.0,0.0,0.0,11.0
38009,Bottineau,ND,1863.0,123.0,44.0,11.0,0.0,55.0
38011,Bowman,ND,894.0,53.0,11.0,11.0,0.0,22.0
38013,Burke,ND,520.0,44.0,11.0,0.0,0.0,22.0
38015,Burleigh,ND,20844.0,791.0,55.0,61.0,22.0,149.0
38017,Cass,ND,30639.0,1066.0,132.0,84.0,44.0,304.0
38019,Cavalier,ND,1049.0,66.0,22.0,0.0,11.0,33.0
38021,Dickey,ND,1209.0,62.0,22.0,0.0,11.0,44.0
38023,Divide,ND,489.0,48.0,11.0,11.0,0.0,22.0
38025,Dunn,ND,686.0,44.0,0.0,0.0,0.0,0.0
38027,Eddy,ND,621.0,31.0,11.0,11.0,0.0,22.0
38029,Emmons,ND,973.0,62.0,0.0,0.0,0.0,11.0
38031,Foster,ND,872.0,54.0,11.0,0.0,0.0,11.0
38033,Golden Valley,ND,457.0,26.0,11.0,0.0,0.0,11.0
38035,Grand Forks,ND,12365.0,507.0,109.0,56.0,11.0,198.0
38037,Grant,ND,657.0,33.0,11.0,0.0,0.0,11.0
38039,Griggs,ND,662.0,63.0,33.0,22.0,0.0,66.0
38041,Hettinger,ND,726.0,42.0,11.0,0.0,11.0,22.0
38043,Kidder,ND,631.0,66.0,22.0,0.0,0.0,22.0
38045,Lamoure,ND,1201.0,95.0,11.0,0.0,0.0,22.0
38047,Logan,ND,497.0,33.0,11.0,11.0,0.0,33.0
38049,Mchenry,ND,1467.0,99.0,33.0,0.0,0.0,33.0
38051,Mcintosh,ND,922.0,54.0,0.0,0.0,11.0,11.0
38053,Mckenzie,ND,1296.0,90.0,44.0,0.0,0.0,55.0
38055,Mclean,ND,2888.0,158.0,33.0,33.0,0.0,66.0
38057,Mercer,ND,2211.0,98.0,33.0,0.0,0.0,44.0
38059,Morton,ND,7097.0,323.0,33.0,37.0,0.0,81.0
38061,Mountrail,ND,1561.0,87.0,33.0,11.0,0.0,44.0
38063,Nelson,ND,1089.0,80.0,55.0,22.0,0.0,88.0
38065,Oliver,ND,326.0,19.0,11.0,11.0,0.0,22.0
38067,Pembina,ND,1946.0,130.0,88.0,11.0,11.0,110.0
38069,Pierce,ND,1002.0,40.0,11.0,0.0,0.0,22.0
38071,Ramsey,ND,2869.0,170.0,40.0,11.0,11.0,73.0
38073,Ransom,ND,1346.0,61.0,33.0,0.0,11.0,44.0
38075,Renville,ND,548.0,44.0,0.0,11.0,0.0,11.0
38077,Richland,ND,3785.0,189.0,81.0,33.0,11.0,136.0
38079,Rolette,ND,2381.0,110.0,44.0,22.0,0.0,88.0
38081,Sargent,ND,1028.0,88.0,33.0,11.0,0.0,44.0
38083,Sheridan,ND,365.0,44.0,0.0,0.0,0.0,0.0
38085,Sioux,ND,481.0,44.0,11.0,0.0,0.0,22.0
38087,Slope,ND,83.0,22.0,11.0,0.0,0.0,11.0
38089,Stark,ND,5807.0,237.0,24.0,11.0,11.0,57.0
38091,Steele,ND,438.0,33.0,0.0,0.0,0.0,0.0
38093,Stutsman,ND,5202.0,269.0,22.0,11.0,11.0,55.0
38095,Towner,ND,560.0,45.0,11.0,11.0,0.0,33.0
38097,Traill,ND,1906.0,103.0,55.0,44.0,0.0,99.0
38099,Walsh,ND,2706.0,161.0,99.0,22.0,11.0,143.0
38101,Ward,ND,11521.0,520.0,121.0,58.0,11.0,212.0
38103,Wells,ND,1241.0,77.0,11.0,11.0,0.0,22.0
38105,Williams,ND,4689.0,213.0,82.0,33.0,0.0,148.0
39001,Adams,OH,7832.0,551.0,233.0,81.0,33.0,369.0
39003,Allen,OH,24861.0,1487.0,389.0,129.0,55.0,650.0
39005,Ashland,OH,12300.0,714.0,232.0,91.0,44.0,389.0
39007,Ashtabula,OH,25061.0,1476.0,413.0,206.0,77.0,786.0
39009,Athens,OH,12361.0,811.0,308.0,134.0,77.0,574.0
39011,Auglaize,OH,10820.0,600.0,172.0,55.0,22.0,271.0
39013,Belmont,OH,16540.0,1311.0,452.0,142.0,77.0,759.0
39015,Brown,OH,9695.0,655.0,230.0,96.0,55.0,436.0
39017,Butler,OH,74422.0,3690.0,860.0,437.0,88.0,1509.0
39019,Carroll,OH,5352.0,283.0,114.0,46.0,22.0,204.0
39021,Champaign,OH,8865.0,551.0,173.0,106.0,44.0,378.0
39023,Clark,OH,31556.0,2026.0,446.0,224.0,110.0,846.0
39025,Clermont,OH,49224.0,2239.0,515.0,267.0,88.0,991.0
39027,Clinton,OH,11001.0,704.0,271.0,70.0,55.0,429.0
39029,Columbiana,OH,27494.0,1626.0,619.0,217.0,88.0,1034.0
39031,Coshocton,OH,8277.0,592.0,221.0,63.0,44.0,372.0
39033,Crawford,OH,11640.0,775.0,163.0,78.0,33.0,307.0
39035,Cuyahoga,OH,275808.0,11029.0,2255.0,1118.0,495.0,4417.0
39037,Darke,OH,11727.0,613.0,207.0,87.0,44.0,360.0
39039,Defiance,OH,9512.0,490.0,238.0,57.0,22.0,328.0
39041,Delaware,OH,41312.0,1432.0,289.0,168.0,66.0,578.0
39043,Erie,OH,21941.0,921.0,120.0,132.0,22.0,318.0
39045,Fairfield,OH,31077.0,1399.0,434.0,173.0,73.0,713.0
39047,Fayette,OH,6019.0,426.0,183.0,47.0,11.0,263.0
39049,Franklin,OH,208866.0,9220.0,2390.0,945.0,386.0,4154.0
39051,Fulton,OH,11540.0,551.0,198.0,74.0,55.0,382.0
39053,Gallia,OH,7620.0,617.0,217.0,97.0,66.0,424.0
39055,Geauga,OH,22394.0,712.0,184.0,121.0,77.0,426.0
39057,Greene,OH,36474.0,1886.0,341.0,286.0,110.0,792.0
39059,Guernsey,OH,9723.0,859.0,312.0,112.0,33.0,490.0
39061,Hamilton,OH,163736.0,6570.0,1371.0,911.0,385.0,3121.0
39063,Hancock,OH,15336.0,706.0,189.0,79.0,22.0,323.0
39065,Hardin,OH,6587.0,426.0,128.0,79.0,33.0,284.0
39067,Harrison,OH,4125.0,315.0,141.0,79.0,22.0,264.0
39069,Henry,OH,6649.0,295.0,164.0,58.0,11.0,277.0
39071,Highland,OH,10035.0,709.0,306.0,66.0,33.0,449.0
39073,Hocking,OH,6553.0,439.0,167.0,42.0,22.0,264.0
39075,Holmes,OH,4741.0,248.0,117.0,55.0,33.0,249.0
39077,Huron,OH,17297.0,838.0,158.0,121.0,55.0,411.0
39079,Jackson,OH,7399.0,576.0,247.0,39.0,44.0,363.0
39081,Jefferson,OH,17581.0,1169.0,453.0,219.0,99.0,848.0
39083,Knox,OH,14851.0,845.0,222.0,84.0,55.0,394.0
39085,Lake,OH,60065.0,2477.0,443.0,259.0,77.0,834.0
39087,Lawrence,OH,14412.0,1245.0,421.0,166.0,44.0,697.0
39089,Licking,OH,36229.0,1939.0,744.0,194.0,71.0,1075.0
39091,Logan,OH,11910.0,688.0,288.0,107.0,44.0,472.0
39093,Lorain,OH,74430.0,3728.0,515.0,304.0,132.0,1070.0
39095,Lucas,OH,90182.0,4772.0,1228.0,495.0,220.0,2174.0
39097,Madison,OH,11318.0,585.0,157.0,48.0,44.0,282.0
39099,Mahoning,OH,59213.0,2930.0,946.0,455.0,176.0,1764.0
39101,Marion,OH,14920.0,1076.0,212.0,136.0,39.0,443.0
39103,Medina,OH,43571.0,1678.0,404.0,197.0,88.0,733.0
39105,Meigs,OH,5228.0,391.0,162.0,77.0,22.0,294.0
39107,Mercer,OH,9740.0,433.0,133.0,55.0,22.0,243.0
39109,Miami,OH,26136.0,1346.0,434.0,219.0,77.0,785.0
39111,Monroe,OH,3632.0,293.0,125.0,66.0,44.0,257.0
39113,Montgomery,OH,118622.0,6183.0,1383.0,898.0,308.0,2899.0
39115,Morgan,OH,3114.0,214.0,72.0,36.0,44.0,185.0
39117,Morrow,OH,6391.0,413.0,117.0,55.0,33.0,238.0
39119,Muskingum,OH,22576.0,1869.0,649.0,238.0,66.0,1025.0
39121,Noble,OH,2194.0,155.0,81.0,44.0,11.0,147.0
39123,Ottawa,OH,13472.0,633.0,179.0,130.0,33.0,364.0
39125,Paulding,OH,4183.0,260.0,120.0,66.0,22.0,230.0
39127,Perry,OH,9419.0,662.0,229.0,122.0,99.0,494.0
39129,Pickaway,OH,11766.0,652.0,234.0,73.0,55.0,406.0
39131,Pike,OH,5836.0,451.0,216.0,28.0,44.0,321.0
39133,Portage,OH,38785.0,1761.0,451.0,219.0,122.0,847.0
39135,Preble,OH,9865.0,619.0,200.0,120.0,33.0,397.0
39137,Putnam,OH,8229.0,345.0,134.0,66.0,11.0,211.0
39139,Richland,OH,30097.0,1757.0,325.0,171.0,77.0,650.0
39141,Ross,OH,17225.0,1225.0,506.0,125.0,46.0,699.0
39143,Sandusky,OH,13171.0,633.0,140.0,78.0,22.0,306.0
39145,Scioto,OH,16872.0,1602.0,698.0,182.0,99.0,1067.0
39147,Seneca,OH,15012.0,691.0,181.0,103.0,33.0,350.0
39149,Shelby,OH,9843.0,516.0,187.0,80.0,11.0,289.0
39151,Stark,OH,99444.0,4710.0,1428.0,538.0,220.0,2453.0
39153,Summit,OH,119645.0,5672.0,1395.0,762.0,268.0,2726.0
39155,Trumbull,OH,51876.0,2828.0,915.0,406.0,176.0,1695.0
39157,Tuscarawas,OH,22889.0,1357.0,519.0,138.0,99.0,822.0
39159,Union,OH,8615.0,491.0,197.0,38.0,22.0,279.0
39161,Van Wert,OH,5854.0,363.0,141.0,49.0,22.0,223.0
39163,Vinton,OH,2663.0,199.0,106.0,22.0,33.0,183.0
39165,Warren,OH,43849.0,1776.0,334.0,234.0,88.0,744.0
39167,Washington,OH,16551.0,1014.0,272.0,173.0,99.0,577.0
39169,Wayne,OH,26874.0,1642.0,560.0,178.0,55.0,893.0
39171,Williams,OH,9560.0,462.0,225.0,77.0,66.0,412.0
39173,Wood,OH,27307.0,1203.0,358.0,209.0,66.0,732.0
39175,Wyandot,OH,5811.0,323.0,100.0,55.0,33.0,199.0
40001,Adair,OK,4751.0,292.0,119.0,70.0,44.0,255.0
40003,Alfalfa,OK,1196.0,109.0,66.0,44.0,11.0,121.0
40005,Atoka,OK,2773.0,151.0,63.0,82.0,11.0,167.0
40007,Beaver,OK,1019.0,80.0,55.0,44.0,22.0,132.0
40009,Beckham,OK,4365.0,283.0,111.0,46.0,33.0,212.0
40011,Blaine,OK,2150.0,148.0,68.0,70.0,22.0,171.0
40013,Bryan,OK,10422.0,603.0,117.0,173.0,77.0,422.0
40015,Caddo,OK,6741.0,406.0,184.0,136.0,44.0,397.0
40017,Canadian,OK,27244.0,1312.0,281.0,204.0,44.0,585.0
40019,Carter,OK,11484.0,712.0,219.0,152.0,58.0,462.0
40021,Cherokee,OK,9582.0,503.0,154.0,100.0,44.0,331.0
40023,Choctaw,OK,3895.0,307.0,114.0,137.0,44.0,306.0
40025,Cimarron,OK,531.0,46.0,22.0,0.0,0.0,22.0
40027,Cleveland,OK,49802.0,2334.0,541.0,326.0,110.0,1078.0
40029,Coal,OK,1254.0,103.0,57.0,44.0,11.0,123.0
40031,Comanche,OK,21495.0,1244.0,561.0,285.0,66.0,980.0
40033,Cotton,OK,1330.0,83.0,40.0,39.0,11.0,101.0
40035,Craig,OK,4380.0,281.0,114.0,67.0,22.0,214.0
40037,Creek,OK,17084.0,1098.0,334.0,158.0,66.0,635.0
40039,Custer,OK,5051.0,251.0,96.0,85.0,44.0,247.0
40041,Delaware,OK,9992.0,573.0,157.0,94.0,55.0,339.0
40043,Dewey,OK,1212.0,103.0,88.0,55.0,11.0,165.0
40045,Ellis,OK,944.0,52.0,44.0,44.0,0.0,110.0
40047,Garfield,OK,12758.0,723.0,264.0,163.0,22.0,460.0
40049,Garvin,OK,6848.0,367.0,118.0,98.0,33.0,293.0
40051,Grady,OK,10154.0,596.0,194.0,167.0,22.0,416.0
40053,Grant,OK,1022.0,87.0,77.0,66.0,0.0,143.0
40055,Greer,OK,1244.0,77.0,40.0,33.0,0.0,95.0
40057,Harmon,OK,594.0,50.0,22.0,22.0,11.0,66.0
40059,Harper,OK,874.0,70.0,35.0,33.0,0.0,68.0
40061,Haskell,OK,3239.0,202.0,96.0,79.0,33.0,230.0
40063,Hughes,OK,3099.0,236.0,106.0,77.0,22.0,238.0
40065,Jackson,OK,4723.0,296.0,136.0,98.0,11.0,256.0
40067,Jefferson,OK,1643.0,124.0,56.0,44.0,11.0,122.0
40069,Johnston,OK,2676.0,186.0,82.0,101.0,22.0,238.0
40071,Kay,OK,11238.0,813.0,204.0,98.0,55.0,412.0
40073,Kingfisher,OK,3555.0,184.0,87.0,81.0,33.0,223.0
40075,Kiowa,OK,2266.0,155.0,89.0,69.0,11.0,191.0
40077,Latimer,OK,2829.0,140.0,52.0,36.0,33.0,143.0
40079,Le Flore,OK,11275.0,883.0,356.0,239.0,77.0,727.0
40081,Lincoln,OK,7721.0,520.0,212.0,104.0,55.0,448.0
40083,Logan,OK,7667.0,416.0,114.0,61.0,22.0,208.0
40085,Love,OK,2309.0,147.0,64.0,44.0,22.0,141.0
40087,Mcclain,OK,10569.0,523.0,141.0,102.0,44.0,331.0
40089,Mccurtain,OK,7444.0,541.0,223.0,222.0,44.0,533.0
40091,Mcintosh,OK,6219.0,381.0,151.0,73.0,22.0,268.0
40093,Major,OK,1747.0,103.0,66.0,66.0,22.0,154.0
40095,Marshall,OK,4303.0,245.0,68.0,71.0,11.0,161.0
40097,Mayes,OK,9700.0,595.0,183.0,129.0,55.0,433.0
40099,Murray,OK,3332.0,172.0,36.0,26.0,11.0,84.0
40101,Muskogee,OK,16916.0,1025.0,405.0,226.0,55.0,743.0
40103,Noble,OK,2516.0,148.0,70.0,37.0,0.0,118.0
40105,Nowata,OK,2573.0,127.0,62.0,44.0,0.0,128.0
40107,Okfuskee,OK,2688.0,158.0,79.0,62.0,22.0,207.0
40109,Oklahoma,OK,152025.0,7151.0,1668.0,1103.0,407.0,3640.0
40111,Okmulgee,OK,8664.0,479.0,164.0,81.0,22.0,289.0
40113,Osage,OK,3822.0,230.0,93.0,88.0,44.0,247.0
40115,Ottawa,OK,9477.0,561.0,152.0,81.0,66.0,343.0
40117,Pawnee,OK,4013.0,271.0,99.0,57.0,44.0,211.0
40119,Payne,OK,14029.0,723.0,226.0,105.0,66.0,441.0
40121,Pittsburg,OK,9954.0,689.0,290.0,162.0,52.0,538.0
40123,Pontotoc,OK,8348.0,549.0,208.0,119.0,22.0,371.0
40125,Pottawatomie,OK,16775.0,1022.0,407.0,163.0,55.0,680.0
40127,Pushmataha,OK,3079.0,235.0,129.0,115.0,22.0,288.0
40129,Roger Mills,OK,793.0,76.0,55.0,33.0,11.0,99.0
40131,Rogers,OK,18021.0,935.0,254.0,146.0,55.0,510.0
40133,Seminole,OK,5318.0,386.0,137.0,54.0,22.0,257.0
40135,Sequoyah,OK,10498.0,799.0,259.0,154.0,55.0,501.0
40137,Stephens,OK,11350.0,661.0,261.0,142.0,22.0,447.0
40139,Texas,OK,2735.0,163.0,86.0,44.0,33.0,174.0
40141,Tillman,OK,1629.0,115.0,62.0,68.0,11.0,163.0
40143,Tulsa,OK,136088.0,6494.0,1796.0,757.0,353.0,3212.0
40145,Wagoner,OK,16903.0,965.0,293.0,125.0,45.0,507.0
40147,Washington,OK,12886.0,652.0,183.0,85.0,77.0,367.0
40149,Washita,OK,2474.0,183.0,86.0,88.0,22.0,229.0
40151,Woods,OK,1730.0,106.0,42.0,22.0,22.0,119.0
40153,Woodward,OK,3888.0,267.0,132.0,80.0,22.0,245.0
41001,Baker,OR,5498.0,379.0,190.0,63.0,33.0,297.0
41003,Benton,OR,17860.0,550.0,122.0,59.0,22.0,236.0
41005,Clackamas,OR,96403.0,2929.0,581.0,393.0,176.0,1326.0
41007,Clatsop,OR,11460.0,491.0,107.0,57.0,33.0,230.0
41009,Columbia,OR,13865.0,541.0,155.0,75.0,33.0,318.0
41011,Coos,OR,21802.0,1014.0,344.0,89.0,22.0,510.0
41013,Crook,OR,8095.0,468.0,130.0,35.0,22.0,198.0
41015,Curry,OR,9894.0,376.0,148.0,44.0,33.0,247.0
41017,Deschutes,OR,44173.0,2308.0,585.0,201.0,44.0,885.0
41019,Douglas,OR,36011.0,1766.0,599.0,306.0,121.0,1114.0
41021,Gilliam,OR,622.0,26.0,22.0,22.0,0.0,55.0
41023,Grant,OR,2345.0,166.0,91.0,11.0,11.0,124.0
41025,Harney,OR,2191.0,204.0,79.0,22.0,11.0,123.0
41027,Hood River,OR,5203.0,147.0,55.0,22.0,11.0,99.0
41029,Jackson,OR,60829.0,2776.0,644.0,390.0,132.0,1287.0
41031,Jefferson,OR,7310.0,382.0,139.0,60.0,33.0,254.0
41033,Josephine,OR,28823.0,1387.0,369.0,235.0,55.0,714.0
41035,Klamath,OR,18438.0,1566.0,648.0,71.0,66.0,829.0
41037,Lake,OR,2424.0,207.0,77.0,33.0,0.0,110.0
41039,Lane,OR,96565.0,3155.0,1006.0,373.0,176.0,1709.0
41041,Lincoln,OR,18191.0,676.0,229.0,132.0,66.0,482.0
41043,Linn,OR,34474.0,1493.0,371.0,168.0,66.0,682.0
41045,Malheur,OR,6526.0,523.0,223.0,44.0,33.0,322.0
41047,Marion,OR,71755.0,2893.0,652.0,425.0,165.0,1378.0
41049,Morrow,OR,2327.0,104.0,55.0,33.0,11.0,110.0
41051,Multnomah,OR,135353.0,4329.0,849.0,602.0,286.0,2003.0
41053,Polk,OR,20086.0,692.0,166.0,117.0,55.0,404.0
41055,Sherman,OR,566.0,44.0,33.0,22.0,0.0,55.0
41057,Tillamook,OR,8843.0,340.0,141.0,122.0,55.0,329.0
41059,Umatilla,OR,15968.0,710.0,191.0,89.0,0.0,335.0
41061,Union,OR,6868.0,502.0,192.0,53.0,33.0,300.0
41063,Wallowa,OR,2659.0,143.0,58.0,0.0,0.0,58.0
41065,Wasco,OR,6638.0,230.0,95.0,39.0,11.0,156.0
41067,Washington,OR,106503.0,3332.0,651.0,468.0,165.0,1449.0
41069,Wheeler,OR,523.0,41.0,33.0,0.0,0.0,44.0
41071,Yamhill,OR,24544.0,941.0,252.0,155.0,77.0,539.0
42001,Adams,PA,27297.0,1578.0,441.0,168.0,88.0,796.0
42003,Allegheny,PA,278616.0,14099.0,1422.0,2596.0,682.0,5460.0
42005,Armstrong,PA,16664.0,916.0,250.0,207.0,55.0,578.0
42007,Beaver,PA,44432.0,2111.0,322.0,340.0,110.0,871.0
42009,Bedford,PA,13701.0,707.0,315.0,204.0,88.0,640.0
42011,Berks,PA,93400.0,3592.0,1333.0,574.0,242.0,2391.0
42013,Blair,PA,33344.0,1608.0,358.0,182.0,77.0,683.0
42015,Bradford,PA,15943.0,889.0,351.0,154.0,66.0,615.0
42017,Bucks,PA,154690.0,5102.0,921.0,759.0,242.0,2186.0
42019,Butler,PA,51227.0,2311.0,375.0,381.0,154.0,987.0
42021,Cambria,PA,38594.0,2069.0,672.0,392.0,187.0,1361.0
42023,Cameron,PA,1542.0,106.0,49.0,25.0,0.0,85.0
42025,Carbon,PA,18023.0,869.0,254.0,161.0,44.0,547.0
42027,Centre,PA,28084.0,1382.0,405.0,207.0,110.0,832.0
42029,Chester,PA,110640.0,3379.0,589.0,549.0,165.0,1517.0
42031,Clarion,PA,9657.0,606.0,201.0,110.0,44.0,399.0
42033,Clearfield,PA,20326.0,1200.0,515.0,341.0,99.0,1043.0
42035,Clinton,PA,8753.0,545.0,100.0,94.0,11.0,238.0
42037,Columbia,PA,16684.0,996.0,207.0,144.0,44.0,439.0
42039,Crawford,PA,22558.0,1277.0,395.0,199.0,66.0,715.0
42041,Cumberland,PA,65055.0,2441.0,640.0,338.0,88.0,1198.0
42043,Dauphin,PA,61788.0,2458.0,478.0,353.0,176.0,1194.0
42045,Delaware,PA,124954.0,4446.0,646.0,731.0,275.0,1957.0
42047,Elk,PA,8778.0,425.0,158.0,111.0,11.0,335.0
42049,Erie,PA,66219.0,3002.0,694.0,355.0,198.0,1423.0
42051,Fayette,PA,38177.0,2949.0,769.0,542.0,253.0,1795.0
42053,Forest,PA,2043.0,142.0,52.0,44.0,11.0,107.0
42055,Franklin,PA,36742.0,1802.0,744.0,294.0,110.0,1236.0
42057,Fulton,PA,3973.0,231.0,114.0,55.0,22.0,224.0
42059,Greene,PA,8949.0,745.0,286.0,193.0,66.0,611.0
42061,Huntingdon,PA,11461.0,675.0,322.0,188.0,44.0,620.0
42063,Indiana,PA,21659.0,1241.0,413.0,280.0,99.0,847.0
42065,Jefferson,PA,12179.0,757.0,284.0,163.0,55.0,557.0
42067,Juniata,PA,5557.0,313.0,131.0,66.0,33.0,285.0
42069,Lackawanna,PA,53625.0,2750.0,888.0,450.0,143.0,1635.0
42071,Lancaster,PA,125328.0,4482.0,1288.0,611.0,308.0,2451.0
42073,Lawrence,PA,25002.0,1293.0,245.0,241.0,66.0,640.0
42075,Lebanon,PA,35520.0,1173.0,180.0,168.0,77.0,502.0
42077,Lehigh,PA,77826.0,2585.0,675.0,409.0,165.0,1403.0
42079,Luzerne,PA,77239.0,3839.0,1018.0,597.0,187.0,2056.0
42081,Lycoming,PA,29534.0,1742.0,357.0,182.0,77.0,671.0
42083,Mckean,PA,10554.0,590.0,134.0,102.0,0.0,280.0
42085,Mercer,PA,30274.0,1597.0,347.0,264.0,77.0,820.0
42087,Mifflin,PA,11963.0,779.0,303.0,109.0,55.0,522.0
42089,Monroe,PA,39373.0,1799.0,432.0,343.0,44.0,973.0
42091,Montgomery,PA,188800.0,5773.0,1165.0,905.0,374.0,2787.0
42093,Montour,PA,4951.0,298.0,55.0,36.0,11.0,113.0
42095,Northampton,PA,82705.0,2946.0,670.0,387.0,132.0,1332.0
42097,Northumberland,PA,23900.0,1546.0,303.0,261.0,88.0,729.0
42099,Perry,PA,12113.0,577.0,190.0,134.0,66.0,434.0
42101,Philadelphia,PA,264989.0,12504.0,2014.0,1767.0,451.0,4930.0
42103,Pike,PA,17838.0,664.0,184.0,129.0,33.0,390.0
42105,Potter,PA,4907.0,275.0,99.0,77.0,22.0,220.0
42107,Schuylkill,PA,37101.0,1932.0,676.0,461.0,132.0,1412.0
42109,Snyder,PA,8313.0,491.0,112.0,95.0,55.0,306.0
42111,Somerset,PA,20742.0,1322.0,390.0,254.0,121.0,842.0
42113,Sullivan,PA,2148.0,145.0,94.0,33.0,11.0,149.0
42115,Susquehanna,PA,11069.0,580.0,267.0,132.0,55.0,520.0
42117,Tioga,PA,11588.0,648.0,269.0,121.0,22.0,445.0
42119,Union,PA,9576.0,484.0,138.0,105.0,44.0,320.0
42121,Venango,PA,14481.0,973.0,271.0,145.0,44.0,515.0
42123,Warren,PA,10652.0,579.0,169.0,105.0,11.0,329.0
42125,Washington,PA,56271.0,3430.0,803.0,735.0,227.0,1969.0
42127,Wayne,PA,14990.0,737.0,291.0,176.0,55.0,566.0
42129,Westmoreland,PA,101288.0,5815.0,902.0,1071.0,269.0,2539.0
42131,Wyoming,PA,8099.0,404.0,155.0,97.0,44.0,329.0
42133,York,PA,104911.0,4533.0,1087.0,557.0,264.0,2184.0
44001,Bristol,RI,13079.0,270.0,57.0,34.0,22.0,135.0
44003,Kent,RI,44331.0,1207.0,376.0,139.0,66.0,647.0
44005,Newport,RI,22601.0,472.0,101.0,90.0,66.0,290.0
44007,Providence,RI,131598.0,3328.0,955.0,514.0,220.0,1953.0
44009,Washington,RI,37077.0,763.0,216.0,209.0,88.0,557.0
45001,Abbeville,SC,5415.0,238.0,94.0,50.0,44.0,221.0
45003,Aiken,SC,41674.0,1510.0,372.0,282.0,113.0,877.0
45005,Allendale,SC,2108.0,102.0,48.0,46.0,0.0,127.0
45007,Anderson,SC,46468.0,2347.0,940.0,340.0,122.0,1512.0
45009,Bamberg,SC,3371.0,145.0,53.0,50.0,22.0,158.0
45011,Barnwell,SC,5410.0,255.0,60.0,47.0,33.0,173.0
45013,Beaufort,SC,64206.0,1477.0,347.0,207.0,101.0,732.0
45015,Berkeley,SC,37736.0,1345.0,315.0,240.0,77.0,709.0
45017,Calhoun,SC,2879.0,114.0,33.0,23.0,0.0,78.0
45019,Charleston,SC,83409.0,2175.0,489.0,376.0,132.0,1163.0
45021,Cherokee,SC,12000.0,705.0,270.0,85.0,33.0,421.0
45023,Chester,SC,8250.0,455.0,159.0,95.0,44.0,354.0
45025,Chesterfield,SC,10049.0,548.0,223.0,114.0,66.0,458.0
45027,Clarendon,SC,9394.0,479.0,178.0,94.0,44.0,370.0
45029,Colleton,SC,10637.0,587.0,203.0,161.0,55.0,463.0
45031,Darlington,SC,15687.0,786.0,315.0,137.0,44.0,552.0
45033,Dillon,SC,6807.0,456.0,217.0,101.0,33.0,395.0
45035,Dorchester,SC,33804.0,1180.0,277.0,202.0,77.0,633.0
45037,Edgefield,SC,8830.0,334.0,96.0,56.0,33.0,218.0
45039,Fairfield,SC,6342.0,245.0,86.0,55.0,22.0,196.0
45041,Florence,SC,33744.0,1703.0,673.0,296.0,88.0,1163.0
45043,Georgetown,SC,18719.0,686.0,222.0,106.0,33.0,402.0
45045,Greenville,SC,122340.0,5078.0,1763.0,704.0,192.0,2824.0
45047,Greenwood,SC,18193.0,845.0,280.0,136.0,55.0,515.0
45049,Hampton,SC,5634.0,326.0,138.0,97.0,33.0,323.0
45051,Horry,SC,138382.0,5017.0,1300.0,591.0,178.0,2223.0
45053,Jasper,SC,8064.0,235.0,71.0,43.0,11.0,158.0
45055,Kershaw,SC,18805.0,744.0,202.0,99.0,44.0,411.0
45057,Lancaster,SC,27698.0,1179.0,392.0,142.0,31.0,613.0
45059,Laurens,SC,14618.0,812.0,324.0,143.0,66.0,568.0
45061,Lee,SC,3740.0,190.0,68.0,34.0,22.0,146.0
45063,Lexington,SC,68671.0,2732.0,678.0,382.0,154.0,1346.0
45065,Mccormick,SC,5001.0,189.0,75.0,36.0,22.0,166.0
45067,Marion,SC,7875.0,424.0,207.0,102.0,44.0,386.0
45069,Marlboro,SC,6480.0,367.0,175.0,80.0,22.0,322.0
45071,Newberry,SC,10792.0,482.0,166.0,118.0,66.0,394.0
45073,Oconee,SC,24847.0,1120.0,441.0,188.0,55.0,739.0
45075,Orangeburg,SC,22480.0,826.0,287.0,224.0,99.0,722.0
45077,Pickens,SC,32742.0,1760.0,655.0,285.0,99.0,1094.0
45079,Richland,SC,74344.0,2761.0,677.0,425.0,143.0,1422.0
45081,Saluda,SC,3222.0,151.0,61.0,40.0,11.0,134.0
45083,Spartanburg,SC,74658.0,3462.0,1292.0,462.0,212.0,2190.0
45085,Sumter,SC,24546.0,1202.0,396.0,203.0,82.0,781.0
45087,Union,SC,7301.0,390.0,156.0,81.0,22.0,281.0
45089,Williamsburg,SC,8115.0,405.0,168.0,121.0,44.0,400.0
45091,York,SC,56772.0,2344.0,682.0,373.0,99.0,1233.0
46003,Aurora,SD,624.0,41.0,11.0,22.0,0.0,33.0
46005,Beadle,SD,3994.0,187.0,44.0,22.0,0.0,77.0
46007,Bennett,SD,504.0,45.0,22.0,0.0,0.0,22.0
46009,Bon Homme,SD,1708.0,58.0,22.0,0.0,0.0,33.0
46011,Brookings,SD,5832.0,212.0,56.0,44.0,11.0,122.0
46013,Brown,SD,8560.0,475.0,22.0,44.0,0.0,77.0
46015,Brule,SD,1245.0,55.0,11.0,0.0,0.0,22.0
46017,Buffalo,SD,195.0,11.0,0.0,0.0,0.0,0.0
46019,Butte,SD,2848.0,201.0,75.0,22.0,11.0,119.0
46021,Campbell,SD,412.0,33.0,22.0,0.0,0.0,33.0
46023,Charles Mix,SD,1920.0,110.0,55.0,22.0,0.0,88.0
46025,Clark,SD,937.0,80.0,44.0,33.0,0.0,99.0
46027,Clay,SD,2314.0,107.0,44.0,11.0,0.0,66.0
46029,Codington,SD,6644.0,296.0,70.0,31.0,0.0,112.0
46031,Corson,SD,574.0,66.0,11.0,0.0,0.0,55.0
46033,Custer,SD,3461.0,246.0,61.0,33.0,0.0,105.0
46035,Davison,SD,4907.0,210.0,22.0,22.0,0.0,55.0
46037,Day,SD,1627.0,106.0,33.0,0.0,0.0,44.0
46039,Deuel,SD,1082.0,74.0,33.0,11.0,11.0,55.0
46041,Dewey,SD,897.0,96.0,0.0,22.0,0.0,33.0
46043,Douglas,SD,843.0,56.0,22.0,0.0,0.0,33.0
46045,Edmunds,SD,949.0,51.0,0.0,0.0,0.0,0.0
46047,Fall River,SD,3155.0,230.0,53.0,22.0,11.0,97.0
46049,Faulk,SD,569.0,25.0,0.0,0.0,0.0,11.0
46051,Grant,SD,2161.0,133.0,33.0,22.0,0.0,55.0
46053,Gregory,SD,1284.0,91.0,44.0,0.0,0.0,55.0
46055,Haakon,SD,598.0,39.0,22.0,0.0,0.0,22.0
46057,Hamlin,SD,1238.0,76.0,33.0,33.0,0.0,77.0
46059,Hand,SD,795.0,48.0,11.0,11.0,0.0,22.0
46061,Hanson,SD,981.0,43.0,11.0,22.0,0.0,33.0
46063,Harding,SD,296.0,44.0,33.0,11.0,0.0,44.0
46065,Hughes,SD,3865.0,158.0,11.0,11.0,11.0,44.0
46067,Hutchinson,SD,1930.0,102.0,44.0,11.0,11.0,66.0
46069,Hyde,SD,356.0,25.0,11.0,11.0,0.0,22.0
46071,Jackson,SD,467.0,62.0,11.0,0.0,0.0,22.0
46073,Jerauld,SD,605.0,34.0,22.0,0.0,11.0,44.0
46075,Jones,SD,255.0,33.0,0.0,0.0,0.0,0.0
46077,Kingsbury,SD,1746.0,100.0,44.0,22.0,0.0,66.0
46079,Lake,SD,2837.0,151.0,33.0,11.0,11.0,66.0
46081,Lawrence,SD,8162.0,489.0,147.0,44.0,11.0,213.0
46083,Lincoln,SD,11612.0,424.0,80.0,44.0,22.0,168.0
46085,Lyman,SD,712.0,66.0,11.0,0.0,0.0,11.0
46087,Mccook,SD,1391.0,62.0,22.0,0.0,0.0,22.0
46089,Mcpherson,SD,661.0,39.0,0.0,11.0,0.0,11.0
46091,Marshall,SD,1166.0,64.0,11.0,0.0,0.0,11.0
46093,Meade,SD,6180.0,434.0,121.0,58.0,11.0,201.0
46095,Mellette,SD,358.0,27.0,11.0,0.0,0.0,11.0
46097,Miner,SD,621.0,52.0,22.0,0.0,0.0,33.0
46099,Minnehaha,SD,41074.0,1553.0,282.0,117.0,55.0,531.0
46101,Moody,SD,1287.0,82.0,22.0,22.0,0.0,44.0
46103,Pennington,SD,30538.0,1804.0,436.0,106.0,33.0,626.0
46105,Perkins,SD,897.0,53.0,22.0,11.0,0.0,33.0
46107,Potter,SD,737.0,58.0,11.0,11.0,0.0,22.0
46109,Roberts,SD,2165.0,134.0,58.0,0.0,0.0,91.0
46111,Sanborn,SD,648.0,34.0,0.0,11.0,0.0,22.0
46113,Shannon,SD,1425.0,88.0,55.0,0.0,0.0,110.0
46115,Spink,SD,1687.0,141.0,22.0,0.0,11.0,33.0
46117,Stanley,SD,788.0,30.0,11.0,11.0,11.0,44.0
46119,Sully,SD,265.0,22.0,11.0,11.0,0.0,22.0
46121,Todd,SD,978.0,93.0,33.0,0.0,0.0,66.0
46123,Tripp,SD,1342.0,107.0,11.0,0.0,0.0,22.0
46125,Turner,SD,2075.0,105.0,66.0,33.0,0.0,110.0
46127,Union,SD,3953.0,152.0,55.0,33.0,22.0,132.0
46129,Walworth,SD,1487.0,83.0,33.0,11.0,0.0,44.0
46135,Yankton,SD,5739.0,269.0,11.0,11.0,0.0,33.0
46137,Ziebach,SD,194.0,11.0,0.0,11.0,0.0,22.0
47001,Anderson,TN,18525.0,1198.0,336.0,141.0,35.0,545.0
47003,Bedford,TN,10296.0,639.0,196.0,123.0,44.0,407.0
47005,Benton,TN,4985.0,403.0,120.0,61.0,22.0,214.0
47007,Bledsoe,TN,2896.0,242.0,54.0,27.0,11.0,103.0
47009,Blount,TN,33451.0,1987.0,497.0,216.0,91.0,848.0
47011,Bradley,TN,24486.0,1486.0,404.0,201.0,45.0,705.0
47013,Campbell,TN,10249.0,872.0,268.0,131.0,33.0,476.0
47015,Cannon,TN,3703.0,220.0,49.0,56.0,22.0,149.0
47017,Carroll,TN,8207.0,634.0,214.0,157.0,55.0,470.0
47019,Carter,TN,12847.0,1176.0,282.0,116.0,47.0,467.0
47021,Cheatham,TN,9045.0,427.0,86.0,86.0,33.0,238.0
47023,Chester,TN,3466.0,261.0,88.0,58.0,33.0,190.0
47025,Claiborne,TN,9417.0,802.0,310.0,143.0,44.0,530.0
47027,Clay,TN,1600.0,141.0,42.0,28.0,0.0,81.0
47029,Cocke,TN,11398.0,979.0,344.0,121.0,65.0,596.0
47031,Coffee,TN,14825.0,1115.0,397.0,185.0,22.0,637.0
47033,Crockett,TN,3438.0,234.0,66.0,51.0,33.0,183.0
47035,Cumberland,TN,23537.0,1601.0,374.0,186.0,44.0,637.0
47037,Davidson,TN,106932.0,4004.0,846.0,697.0,198.0,1977.0
47039,Decatur,TN,3629.0,277.0,95.0,64.0,33.0,192.0
47041,Dekalb,TN,5002.0,356.0,112.0,69.0,22.0,225.0
47043,Dickson,TN,12481.0,702.0,185.0,131.0,22.0,360.0
47045,Dyer,TN,8004.0,577.0,213.0,113.0,11.0,370.0
47047,Fayette,TN,8837.0,401.0,131.0,85.0,44.0,304.0
47049,Fentress,TN,6187.0,621.0,148.0,161.0,33.0,364.0
47051,Franklin,TN,10474.0,809.0,265.0,139.0,44.0,503.0
47053,Gibson,TN,13454.0,942.0,250.0,140.0,66.0,522.0
47055,Giles,TN,7633.0,462.0,142.0,102.0,22.0,288.0
47057,Grainger,TN,7213.0,595.0,175.0,89.0,44.0,352.0
47059,Greene,TN,20204.0,1699.0,648.0,176.0,80.0,970.0
47061,Grundy,TN,4400.0,375.0,147.0,99.0,44.0,312.0
47063,Hamblen,TN,16426.0,1402.0,448.0,164.0,68.0,735.0
47065,Hamilton,TN,82330.0,3982.0,933.0,595.0,233.0,1970.0
47067,Hancock,TN,1560.0,167.0,64.0,41.0,11.0,116.0
47069,Hardeman,TN,6316.0,350.0,137.0,90.0,44.0,315.0
47071,Hardin,TN,7093.0,454.0,182.0,100.0,55.0,348.0
47073,Hawkins,TN,16544.0,1359.0,416.0,150.0,77.0,709.0
47075,Haywood,TN,4026.0,223.0,46.0,31.0,11.0,99.0
47077,Henderson,TN,6430.0,447.0,135.0,91.0,22.0,281.0
47079,Henry,TN,9494.0,709.0,188.0,135.0,33.0,400.0
47081,Hickman,TN,5771.0,344.0,94.0,75.0,33.0,235.0
47083,Houston,TN,2247.0,166.0,62.0,39.0,33.0,145.0
47085,Humphreys,TN,4861.0,292.0,95.0,65.0,22.0,215.0
47087,Jackson,TN,2488.0,221.0,78.0,52.0,11.0,152.0
47089,Jefferson,TN,15503.0,1087.0,317.0,113.0,55.0,529.0
47091,Johnson,TN,5763.0,516.0,165.0,93.0,55.0,324.0
47093,Knox,TN,98925.0,5287.0,1307.0,572.0,209.0,2308.0
47095,Lake,TN,1458.0,119.0,45.0,26.0,11.0,93.0
47097,Lauderdale,TN,5810.0,488.0,134.0,97.0,22.0,297.0
47099,Lawrence,TN,11864.0,949.0,287.0,177.0,33.0,552.0
47101,Lewis,TN,2829.0,230.0,61.0,31.0,11.0,114.0
47103,Lincoln,TN,9354.0,576.0,264.0,113.0,33.0,432.0
47105,Loudon,TN,21820.0,1076.0,264.0,106.0,55.0,469.0
47107,Mcminn,TN,13752.0,1003.0,278.0,130.0,55.0,507.0
47109,Mcnairy,TN,7727.0,512.0,179.0,113.0,66.0,380.0
47111,Macon,TN,4627.0,350.0,99.0,47.0,11.0,168.0
47113,Madison,TN,22294.0,1322.0,302.0,196.0,44.0,595.0
47115,Marion,TN,4963.0,319.0,88.0,50.0,44.0,204.0
47117,Marshall,TN,7680.0,487.0,128.0,81.0,22.0,242.0
47119,Maury,TN,27431.0,1241.0,213.0,181.0,55.0,494.0
47121,Meigs,TN,5073.0,361.0,107.0,44.0,33.0,206.0
47123,Monroe,TN,14069.0,930.0,247.0,79.0,44.0,415.0
47125,Montgomery,TN,31870.0,1530.0,259.0,286.0,55.0,655.0
47127,Moore,TN,890.0,55.0,17.0,11.0,0.0,28.0
47129,Morgan,TN,3766.0,330.0,89.0,56.0,44.0,200.0
47131,Obion,TN,7598.0,487.0,170.0,107.0,33.0,332.0
47133,Overton,TN,5604.0,479.0,148.0,110.0,66.0,346.0
47135,Perry,TN,2258.0,124.0,33.0,22.0,11.0,66.0
47137,Pickett,TN,1269.0,108.0,28.0,26.0,11.0,76.0
47139,Polk,TN,5306.0,334.0,123.0,90.0,44.0,312.0
47141,Putnam,TN,21530.0,1555.0,426.0,223.0,55.0,759.0
47143,Rhea,TN,9580.0,670.0,203.0,90.0,33.0,359.0
47145,Roane,TN,15743.0,1203.0,378.0,126.0,33.0,581.0
47147,Robertson,TN,16188.0,821.0,154.0,153.0,55.0,406.0
47149,Rutherford,TN,51710.0,2196.0,404.0,360.0,77.0,907.0
47151,Scott,TN,5103.0,584.0,91.0,86.0,55.0,276.0
47153,Sequatchie,TN,6740.0,444.0,129.0,40.0,11.0,202.0
47155,Sevier,TN,25724.0,1593.0,546.0,148.0,68.0,817.0
47157,Shelby,TN,168149.0,6801.0,1872.0,791.0,308.0,3406.0
47159,Smith,TN,4368.0,295.0,136.0,126.0,33.0,306.0
47161,Stewart,TN,3704.0,209.0,61.0,59.0,0.0,153.0
47163,Sullivan,TN,45484.0,3579.0,855.0,311.0,96.0,1350.0
47165,Sumner,TN,39256.0,1937.0,438.0,301.0,69.0,874.0
47167,Tipton,TN,12640.0,788.0,198.0,110.0,33.0,407.0
47169,Trousdale,TN,1771.0,124.0,34.0,15.0,11.0,71.0
47171,Unicoi,TN,5473.0,515.0,149.0,56.0,22.0,238.0
47173,Union,TN,4306.0,361.0,113.0,39.0,33.0,196.0
47175,Van Buren,TN,1298.0,101.0,29.0,12.0,11.0,63.0
47177,Warren,TN,10964.0,719.0,234.0,104.0,22.0,371.0
47179,Washington,TN,36152.0,2796.0,682.0,245.0,72.0,1065.0
47181,Wayne,TN,3482.0,338.0,96.0,90.0,44.0,263.0
47183,Weakley,TN,7039.0,499.0,163.0,103.0,33.0,365.0
47185,White,TN,8348.0,611.0,165.0,93.0,22.0,302.0
47187,Williamson,TN,46088.0,1145.0,209.0,185.0,66.0,515.0
47189,Wilson,TN,30382.0,1270.0,277.0,181.0,33.0,535.0
48001,Anderson,TX,12002.0,647.0,236.0,128.0,55.0,474.0
48003,Andrews,TX,2446.0,153.0,27.0,11.0,0.0,49.0
48005,Angelina,TX,18843.0,1014.0,285.0,150.0,60.0,539.0
48007,Aransas,TX,7899.0,338.0,74.0,48.0,22.0,166.0
48009,Archer,TX,1480.0,84.0,44.0,55.0,22.0,121.0
48011,Armstrong,TX,501.0,25.0,11.0,11.0,11.0,33.0
48013,Atascosa,TX,9443.0,352.0,115.0,65.0,44.0,268.0
48015,Austin,TX,8407.0,338.0,104.0,82.0,33.0,241.0
48017,Bailey,TX,1154.0,91.0,24.0,14.0,11.0,60.0
48019,Bandera,TX,8101.0,321.0,114.0,36.0,22.0,194.0
48021,Bastrop,TX,19601.0,749.0,235.0,146.0,55.0,491.0
48023,Baylor,TX,937.0,55.0,18.0,18.0,11.0,47.0
48025,Bee,TX,5091.0,264.0,87.0,48.0,22.0,190.0
48027,Bell,TX,62938.0,2707.0,952.0,521.0,132.0,1752.0
48029,Bexar,TX,333235.0,11250.0,2911.0,1401.0,703.0,5751.0
48031,Blanco,TX,4267.0,137.0,40.0,33.0,22.0,117.0
48033,Borden,TX,59.0,11.0,11.0,0.0,0.0,11.0
48035,Bosque,TX,5862.0,265.0,128.0,77.0,33.0,260.0
48037,Bowie,TX,20262.0,1399.0,332.0,256.0,79.0,727.0
48039,Brazoria,TX,66554.0,2348.0,532.0,371.0,121.0,1191.0
48041,Brazos,TX,29836.0,926.0,236.0,148.0,55.0,516.0
48043,Brewster,TX,2345.0,101.0,42.0,11.0,11.0,64.0
48045,Briscoe,TX,425.0,28.0,22.0,22.0,11.0,66.0
48047,Brooks,TX,1564.0,79.0,31.0,32.0,11.0,85.0
48049,Brown,TX,9804.0,490.0,138.0,110.0,55.0,325.0
48051,Burleson,TX,5223.0,204.0,61.0,44.0,11.0,138.0
48053,Burnet,TX,12392.0,583.0,155.0,90.0,33.0,311.0
48055,Caldwell,TX,8872.0,394.0,102.0,73.0,44.0,274.0
48057,Calhoun,TX,4599.0,144.0,53.0,40.0,11.0,126.0
48059,Callahan,TX,3531.0,187.0,55.0,37.0,22.0,125.0
48061,Cameron,TX,72322.0,2056.0,332.0,317.0,132.0,965.0
48063,Camp,TX,3529.0,173.0,63.0,39.0,11.0,135.0
48065,Carson,TX,1216.0,87.0,46.0,44.0,22.0,123.0
48067,Cass,TX,8777.0,682.0,214.0,163.0,55.0,509.0
48069,Castro,TX,1190.0,72.0,22.0,33.0,11.0,77.0
48071,Chambers,TX,7075.0,322.0,99.0,74.0,44.0,250.0
48073,Cherokee,TX,9451.0,521.0,199.0,103.0,44.0,379.0
48075,Childress,TX,1335.0,86.0,17.0,11.0,11.0,50.0
48077,Clay,TX,1932.0,118.0,36.0,52.0,11.0,99.0
48079,Cochran,TX,536.0,53.0,24.0,33.0,11.0,79.0
48081,Coke,TX,980.0,72.0,27.0,22.0,0.0,60.0
48083,Coleman,TX,2625.0,183.0,60.0,66.0,22.0,159.0
48085,Collin,TX,143727.0,4483.0,945.0,762.0,264.0,2224.0
48087,Collingsworth,TX,656.0,73.0,19.0,11.0,11.0,52.0
48089,Colorado,TX,5610.0,202.0,77.0,77.0,33.0,231.0
48091,Comal,TX,49830.0,1613.0,287.0,206.0,88.0,641.0
48093,Comanche,TX,3480.0,183.0,69.0,44.0,33.0,179.0
48095,Concho,TX,748.0,54.0,45.0,33.0,11.0,89.0
48097,Cooke,TX,8960.0,397.0,112.0,107.0,11.0,241.0
48099,Coryell,TX,12535.0,606.0,230.0,112.0,22.0,386.0
48101,Cottle,TX,402.0,30.0,11.0,11.0,0.0,33.0
48103,Crane,TX,658.0,31.0,11.0,11.0,0.0,22.0
48105,Crockett,TX,765.0,29.0,11.0,11.0,11.0,33.0
48107,Crosby,TX,1231.0,111.0,42.0,33.0,22.0,119.0
48109,Culberson,TX,477.0,24.0,11.0,11.0,0.0,33.0
48111,Dallam,TX,1392.0,114.0,49.0,25.0,11.0,85.0
48113,Dallas,TX,369853.0,12481.0,3282.0,2153.0,762.0,7082.0
48115,Dawson,TX,2134.0,156.0,39.0,27.0,11.0,88.0
48117,Deaf Smith,TX,2763.0,185.0,45.0,30.0,11.0,97.0
48119,Delta,TX,1347.0,99.0,44.0,44.0,11.0,99.0
48121,Denton,TX,128799.0,4518.0,1086.0,710.0,275.0,2303.0
48123,De Witt,TX,4200.0,173.0,71.0,38.0,11.0,153.0
48125,Dickens,TX,620.0,52.0,33.0,11.0,0.0,44.0
48127,Dimmit,TX,1875.0,82.0,36.0,22.0,11.0,102.0
48129,Donley,TX,972.0,88.0,42.0,11.0,11.0,75.0
48131,Duval,TX,2460.0,149.0,47.0,61.0,22.0,163.0
48133,Eastland,TX,5197.0,326.0,105.0,71.0,33.0,242.0
48135,Ector,TX,22259.0,1347.0,339.0,207.0,55.0,681.0
48137,Edwards,TX,592.0,27.0,22.0,0.0,11.0,33.0
48139,Ellis,TX,37941.0,1678.0,407.0,266.0,89.0,854.0
48141,El Paso,TX,151809.0,7939.0,1886.0,1176.0,269.0,3820.0
48143,Erath,TX,7540.0,366.0,124.0,38.0,33.0,217.0
48145,Falls,TX,3272.0,166.0,89.0,71.0,22.0,215.0
48147,Fannin,TX,8152.0,428.0,189.0,134.0,88.0,444.0
48149,Fayette,TX,8160.0,259.0,104.0,107.0,44.0,266.0
48151,Fisher,TX,837.0,53.0,33.0,22.0,0.0,55.0
48153,Floyd,TX,1216.0,108.0,38.0,22.0,22.0,104.0
48155,Foard,TX,367.0,17.0,11.0,11.0,0.0,22.0
48157,Fort Bend,TX,126914.0,3685.0,647.0,626.0,154.0,1630.0
48159,Franklin,TX,2515.0,163.0,47.0,36.0,33.0,127.0
48161,Freestone,TX,4722.0,218.0,85.0,55.0,44.0,217.0
48163,Frio,TX,3006.0,127.0,43.0,34.0,22.0,121.0
48165,Gaines,TX,2228.0,179.0,69.0,31.0,11.0,122.0
48167,Galveston,TX,71644.0,2895.0,695.0,426.0,156.0,1411.0
48169,Garza,TX,900.0,75.0,11.0,11.0,11.0,33.0
48171,Gillespie,TX,9753.0,333.0,75.0,45.0,22.0,153.0
48173,Glasscock,TX,188.0,11.0,11.0,0.0,0.0,11.0
48175,Goliad,TX,1596.0,48.0,13.0,11.0,11.0,35.0
48177,Gonzales,TX,4730.0,199.0,100.0,55.0,22.0,210.0
48179,Gray,TX,4144.0,371.0,134.0,37.0,24.0,217.0
48181,Grayson,TX,33831.0,1701.0,438.0,293.0,132.0,984.0
48183,Gregg,TX,32302.0,1731.0,502.0,345.0,88.0,1012.0
48185,Grimes,TX,7623.0,294.0,101.0,76.0,22.0,221.0
48187,Guadalupe,TX,30701.0,1143.0,225.0,130.0,60.0,485.0
48189,Hale,TX,5906.0,479.0,130.0,89.0,22.0,275.0
48191,Hall,TX,732.0,69.0,35.0,22.0,11.0,90.0
48193,Hamilton,TX,2684.0,114.0,28.0,22.0,11.0,72.0
48195,Hansford,TX,941.0,49.0,22.0,11.0,0.0,44.0
48197,Hardeman,TX,940.0,49.0,22.0,22.0,22.0,66.0
48199,Hardin,TX,12961.0,666.0,158.0,120.0,44.0,366.0
48201,Harris,TX,656377.0,22394.0,4806.0,3799.0,1265.0,11363.0
48203,Harrison,TX,12089.0,620.0,215.0,123.0,44.0,426.0
48205,Hartley,TX,164.0,22.0,22.0,0.0,0.0,22.0
48207,Haskell,TX,1452.0,119.0,43.0,45.0,0.0,110.0
48209,Hays,TX,44392.0,1418.0,393.0,190.0,79.0,720.0
48211,Hemphill,TX,658.0,32.0,11.0,11.0,0.0,22.0
48213,Henderson,TX,20787.0,1212.0,444.0,205.0,99.0,814.0
48215,Hidalgo,TX,123487.0,3572.0,602.0,478.0,209.0,1618.0
48217,Hill,TX,9656.0,545.0,232.0,129.0,66.0,482.0
48219,Hockley,TX,3946.0,275.0,96.0,49.0,22.0,211.0
48221,Hood,TX,21349.0,1058.0,289.0,156.0,33.0,511.0
48223,Hopkins,TX,8475.0,478.0,139.0,137.0,33.0,331.0
48225,Houston,TX,6073.0,315.0,95.0,66.0,44.0,249.0
48227,Howard,TX,5245.0,304.0,101.0,94.0,11.0,228.0
48229,Hudspeth,TX,731.0,54.0,44.0,0.0,0.0,44.0
48231,Hunt,TX,18928.0,1074.0,328.0,163.0,77.0,649.0
48233,Hutchinson,TX,4354.0,327.0,125.0,72.0,33.0,241.0
48235,Irion,TX,353.0,13.0,11.0,11.0,0.0,22.0
48237,Jack,TX,1759.0,107.0,46.0,49.0,11.0,106.0
48239,Jackson,TX,3296.0,150.0,67.0,44.0,22.0,155.0
48241,Jasper,TX,9108.0,477.0,126.0,96.0,47.0,313.0
48243,Jeff Davis,TX,688.0,33.0,11.0,11.0,0.0,22.0
48245,Jefferson,TX,45712.0,2219.0,553.0,347.0,157.0,1223.0
48247,Jim Hogg,TX,995.0,34.0,11.0,14.0,11.0,47.0
48249,Jim Wells,TX,9015.0,460.0,103.0,122.0,44.0,296.0
48251,Johnson,TX,39223.0,1984.0,537.0,310.0,110.0,1056.0
48253,Jones,TX,3010.0,160.0,75.0,55.0,33.0,185.0
48255,Karnes,TX,3230.0,128.0,57.0,33.0,44.0,167.0
48257,Kaufman,TX,28982.0,1330.0,426.0,218.0,77.0,799.0
48259,Kendall,TX,18293.0,521.0,142.0,57.0,22.0,265.0
48261,Kenedy,TX,59.0,11.0,11.0,11.0,0.0,22.0
48263,Kent,TX,204.0,22.0,11.0,11.0,0.0,22.0
48265,Kerr,TX,17717.0,724.0,192.0,86.0,45.0,345.0
48267,Kimble,TX,1312.0,49.0,22.0,22.0,11.0,55.0
48269,King,TX,28.0,11.0,0.0,0.0,0.0,0.0
48271,Kinney,TX,919.0,55.0,12.0,11.0,0.0,34.0
48273,Kleberg,TX,5367.0,232.0,61.0,50.0,11.0,133.0
48275,Knox,TX,851.0,62.0,33.0,11.0,0.0,44.0
48277,Lamar,TX,11827.0,790.0,260.0,222.0,55.0,581.0
48279,Lamb,TX,2717.0,232.0,80.0,47.0,22.0,193.0
48281,Lampasas,TX,6665.0,272.0,90.0,54.0,33.0,188.0
48283,La Salle,TX,1175.0,54.0,33.0,22.0,11.0,77.0
48285,Lavaca,TX,6571.0,220.0,71.0,46.0,33.0,161.0
48287,Lee,TX,3890.0,143.0,63.0,34.0,11.0,119.0
48289,Leon,TX,6133.0,232.0,87.0,68.0,44.0,221.0
48291,Liberty,TX,19130.0,1128.0,370.0,176.0,58.0,649.0
48293,Limestone,TX,5467.0,266.0,119.0,59.0,22.0,233.0
48295,Lipscomb,TX,661.0,58.0,55.0,11.0,11.0,77.0
48297,Live Oak,TX,2056.0,73.0,22.0,22.0,11.0,66.0
48299,Llano,TX,10207.0,427.0,121.0,74.0,44.0,283.0
48301,Loving,TX,16.0,0.0,0.0,0.0,0.0,0.0
48303,Lubbock,TX,53727.0,3836.0,1005.0,558.0,184.0,1920.0
48305,Lynn,TX,1088.0,71.0,33.0,33.0,33.0,110.0
48307,Mcculloch,TX,2329.0,136.0,79.0,42.0,22.0,154.0
48309,Mclennan,TX,50409.0,2082.0,743.0,419.0,187.0,1484.0
48311,Mcmullen,TX,190.0,11.0,0.0,0.0,11.0,11.0
48313,Madison,TX,2520.0,105.0,37.0,22.0,11.0,92.0
48315,Marion,TX,2519.0,191.0,77.0,38.0,11.0,137.0
48317,Martin,TX,888.0,71.0,35.0,22.0,11.0,79.0
48319,Mason,TX,1400.0,65.0,22.0,22.0,0.0,44.0
48321,Matagorda,TX,8363.0,350.0,134.0,102.0,22.0,302.0
48323,Maverick,TX,11406.0,319.0,103.0,82.0,11.0,226.0
48325,Medina,TX,10793.0,398.0,136.0,80.0,66.0,326.0
48327,Menard,TX,718.0,58.0,19.0,13.0,11.0,43.0
48329,Midland,TX,21234.0,1007.0,207.0,138.0,55.0,459.0
48331,Milam,TX,6572.0,297.0,128.0,75.0,22.0,247.0
48333,Mills,TX,1461.0,49.0,11.0,11.0,11.0,33.0
48335,Mitchell,TX,1563.0,78.0,22.0,33.0,11.0,88.0
48337,Montague,TX,6210.0,308.0,101.0,107.0,66.0,285.0
48339,Montgomery,TX,117931.0,4637.0,957.0,688.0,232.0,2097.0
48341,Moore,TX,2687.0,161.0,64.0,38.0,33.0,157.0
48343,Morris,TX,3782.0,258.0,92.0,50.0,33.0,208.0
48345,Motley,TX,341.0,40.0,11.0,11.0,0.0,22.0
48347,Nacogdoches,TX,12948.0,678.0,214.0,141.0,77.0,487.0
48349,Navarro,TX,11120.0,549.0,228.0,154.0,77.0,525.0
48351,Newton,TX,2646.0,142.0,81.0,35.0,33.0,193.0
48353,Nolan,TX,3434.0,221.0,65.0,48.0,22.0,146.0
48355,Nueces,TX,66609.0,2666.0,593.0,480.0,201.0,1507.0
48357,Ochiltree,TX,1396.0,84.0,42.0,11.0,0.0,53.0
48359,Oldham,TX,505.0,44.0,33.0,22.0,0.0,55.0
48361,Orange,TX,17348.0,953.0,235.0,148.0,56.0,484.0
48363,Palo Pinto,TX,6952.0,493.0,138.0,97.0,33.0,279.0
48365,Panola,TX,5398.0,274.0,116.0,84.0,22.0,255.0
48367,Parker,TX,30552.0,1796.0,391.0,231.0,88.0,754.0
48369,Parmer,TX,1478.0,95.0,37.0,33.0,11.0,92.0
48371,Pecos,TX,2435.0,144.0,64.0,18.0,11.0,104.0
48373,Polk,TX,18823.0,923.0,237.0,118.0,64.0,466.0
48375,Potter,TX,20558.0,1489.0,481.0,250.0,77.0,900.0
48377,Presidio,TX,1803.0,74.0,26.0,33.0,0.0,70.0
48379,Rains,TX,3470.0,209.0,57.0,26.0,22.0,116.0
48381,Randall,TX,26458.0,1655.0,462.0,220.0,55.0,792.0
48383,Reagan,TX,486.0,16.0,11.0,11.0,0.0,22.0
48385,Real,TX,1343.0,56.0,33.0,11.0,0.0,44.0
48387,Red River,TX,3604.0,232.0,92.0,85.0,33.0,232.0
48389,Reeves,TX,2131.0,85.0,27.0,11.0,11.0,60.0
48391,Refugio,TX,1883.0,103.0,44.0,44.0,11.0,121.0
48393,Roberts,TX,164.0,16.0,11.0,11.0,0.0,22.0
48395,Robertson,TX,4106.0,144.0,58.0,44.0,33.0,168.0
48397,Rockwall,TX,21539.0,752.0,189.0,99.0,33.0,357.0
48399,Runnels,TX,2779.0,178.0,81.0,44.0,22.0,169.0
48401,Rusk,TX,9340.0,512.0,164.0,103.0,44.0,366.0
48403,Sabine,TX,3627.0,207.0,73.0,60.0,33.0,177.0
48405,San Augustine,TX,2346.0,131.0,49.0,25.0,11.0,107.0
48407,San Jacinto,TX,5259.0,295.0,94.0,57.0,44.0,217.0
48409,San Patricio,TX,15264.0,713.0,164.0,131.0,77.0,471.0
48411,San Saba,TX,1549.0,56.0,36.0,22.0,22.0,80.0
48413,Schleicher,TX,624.0,27.0,12.0,11.0,11.0,45.0
48415,Scurry,TX,3120.0,193.0,46.0,47.0,11.0,115.0
48417,Shackelford,TX,776.0,48.0,25.0,22.0,0.0,47.0
48419,Shelby,TX,5570.0,299.0,107.0,76.0,44.0,249.0
48421,Sherman,TX,359.0,26.0,11.0,22.0,0.0,33.0
48423,Smith,TX,53165.0,2530.0,699.0,409.0,154.0,1366.0
48425,Somervell,TX,2310.0,113.0,44.0,22.0,11.0,88.0
48427,Starr,TX,10403.0,378.0,130.0,102.0,22.0,287.0
48429,Stephens,TX,2036.0,139.0,43.0,31.0,22.0,107.0
48431,Sterling,TX,252.0,11.0,11.0,11.0,0.0,22.0
48433,Stonewall,TX,385.0,35.0,11.0,11.0,0.0,22.0
48435,Sutton,TX,857.0,41.0,12.0,11.0,0.0,34.0
48437,Swisher,TX,1509.0,100.0,47.0,33.0,0.0,102.0
48439,Tarrant,TX,314397.0,12969.0,3677.0,2043.0,664.0,7129.0
48441,Taylor,TX,28782.0,1470.0,471.0,258.0,88.0,894.0
48443,Terrell,TX,235.0,22.0,11.0,11.0,0.0,22.0
48445,Terry,TX,2047.0,158.0,55.0,27.0,11.0,104.0
48447,Throckmorton,TX,364.0,22.0,22.0,22.0,0.0,44.0
48449,Titus,TX,5483.0,312.0,89.0,51.0,22.0,184.0
48451,Tom Green,TX,24272.0,1406.0,487.0,312.0,55.0,930.0
48453,Travis,TX,155571.0,4533.0,1144.0,810.0,374.0,2702.0
48455,Trinity,TX,4663.0,274.0,77.0,51.0,22.0,172.0
48457,Tyler,TX,5363.0,308.0,120.0,102.0,66.0,321.0
48459,Upshur,TX,9161.0,518.0,172.0,92.0,55.0,363.0
48461,Upton,TX,656.0,32.0,22.0,11.0,0.0,33.0
48463,Uvalde,TX,5724.0,291.0,79.0,60.0,22.0,194.0
48465,Val Verde,TX,9020.0,402.0,136.0,80.0,11.0,252.0
48467,Van Zandt,TX,14034.0,774.0,274.0,125.0,58.0,523.0
48469,Victoria,TX,19663.0,718.0,219.0,151.0,44.0,471.0
48471,Walker,TX,12691.0,585.0,85.0,89.0,33.0,229.0
48473,Waller,TX,5800.0,222.0,59.0,46.0,22.0,149.0
48475,Ward,TX,1884.0,179.0,67.0,42.0,11.0,131.0
48477,Washington,TX,10237.0,310.0,101.0,59.0,11.0,182.0
48479,Webb,TX,38643.0,966.0,176.0,237.0,66.0,559.0
48481,Wharton,TX,9348.0,374.0,124.0,103.0,33.0,304.0
48483,Wheeler,TX,1203.0,92.0,33.0,33.0,11.0,77.0
48485,Wichita,TX,27969.0,1774.0,357.0,511.0,110.0,1077.0
48487,Wilbarger,TX,2815.0,164.0,73.0,66.0,11.0,161.0
48489,Willacy,TX,3694.0,106.0,33.0,22.0,22.0,99.0
48491,Williamson,TX,105163.0,3606.0,740.0,517.0,178.0,1600.0
48493,Wilson,TX,10511.0,439.0,100.0,51.0,33.0,239.0
48495,Winkler,TX,1083.0,82.0,33.0,22.0,11.0,77.0
48497,Wise,TX,14576.0,695.0,185.0,138.0,55.0,422.0
48499,Wood,TX,17198.0,925.0,251.0,150.0,55.0,522.0
48501,Yoakum,TX,1359.0,101.0,30.0,22.0,11.0,85.0
48503,Young,TX,4764.0,269.0,87.0,93.0,22.0,213.0
48505,Zapata,TX,2158.0,86.0,12.0,22.0,22.0,67.0
48507,Zavala,TX,2120.0,118.0,43.0,14.0,0.0,68.0
49001,Beaver,UT,1488.0,209.0,73.0,33.0,0.0,106.0
49003,Box Elder,UT,9997.0,1083.0,360.0,174.0,33.0,589.0
49005,Cache,UT,17287.0,1712.0,528.0,168.0,66.0,817.0
49007,Carbon,UT,4900.0,844.0,316.0,83.0,44.0,476.0
49009,Daggett,UT,284.0,47.0,22.0,11.0,0.0,33.0
49011,Davis,UT,47940.0,4669.0,1336.0,403.0,110.0,1950.0
49013,Duchesne,UT,3943.0,686.0,332.0,139.0,22.0,515.0
49015,Emery,UT,2263.0,391.0,151.0,99.0,44.0,305.0
49017,Garfield,UT,1347.0,221.0,117.0,44.0,11.0,183.0
49019,Grand,UT,2350.0,185.0,95.0,11.0,11.0,128.0
49021,Iron,UT,10956.0,1494.0,519.0,143.0,33.0,728.0
49023,Juab,UT,1973.0,292.0,80.0,46.0,11.0,159.0
49025,Kane,UT,2238.0,241.0,93.0,11.0,11.0,126.0
49027,Millard,UT,2757.0,362.0,159.0,44.0,0.0,214.0
49029,Morgan,UT,1965.0,171.0,42.0,11.0,11.0,64.0
49031,Piute,UT,457.0,81.0,55.0,55.0,0.0,121.0
49033,Rich,UT,519.0,86.0,44.0,33.0,11.0,88.0
49035,Salt Lake,UT,159202.0,14838.0,4426.0,1444.0,386.0,6564.0
49037,San Juan,UT,2418.0,245.0,131.0,33.0,11.0,230.0
49039,Sanpete,UT,5569.0,924.0,294.0,99.0,55.0,470.0
49041,Sevier,UT,4732.0,697.0,258.0,88.0,44.0,412.0
49043,Summit,UT,8678.0,811.0,227.0,66.0,55.0,370.0
49045,Tooele,UT,10025.0,1238.0,471.0,160.0,25.0,689.0
49047,Uintah,UT,5238.0,1002.0,418.0,140.0,21.0,612.0
49049,Utah,UT,69132.0,6170.0,1907.0,646.0,211.0,2962.0
49051,Wasatch,UT,5571.0,543.0,162.0,43.0,22.0,227.0
49053,Washington,UT,47326.0,2941.0,790.0,262.0,79.0,1208.0
49055,Wayne,UT,719.0,104.0,66.0,44.0,11.0,121.0
49057,Weber,UT,42888.0,4558.0,1392.0,376.0,80.0,1927.0
50001,Addison,VT,9798.0,315.0,144.0,114.0,22.0,291.0
50003,Bennington,VT,10909.0,387.0,191.0,120.0,22.0,344.0
50005,Caledonia,VT,8333.0,330.0,166.0,115.0,44.0,336.0
50007,Chittenden,VT,37446.0,951.0,211.0,197.0,88.0,573.0
50009,Essex,VT,2107.0,120.0,77.0,77.0,11.0,176.0
50011,Franklin,VT,10035.0,444.0,129.0,100.0,33.0,306.0
50013,Grand Isle,VT,2446.0,67.0,44.0,33.0,0.0,99.0
50015,Lamoille,VT,6044.0,210.0,99.0,101.0,44.0,255.0
50017,Orange,VT,8130.0,316.0,165.0,154.0,33.0,363.0
50019,Orleans,VT,8153.0,389.0,132.0,176.0,66.0,429.0
50021,Rutland,VT,18533.0,755.0,287.0,231.0,66.0,650.0
50023,Washington,VT,15674.0,481.0,149.0,171.0,33.0,375.0
50025,Windham,VT,13151.0,405.0,234.0,88.0,66.0,432.0
50027,Windsor,VT,17347.0,567.0,192.0,154.0,44.0,412.0
51001,Accomack,VA,10204.0,481.0,233.0,187.0,55.0,541.0
51003,Albemarle,VA,22594.0,607.0,220.0,106.0,55.0,436.0
51005,Alleghany,VA,2054.0,123.0,62.0,14.0,11.0,109.0
51007,Amelia,VA,3482.0,157.0,60.0,23.0,22.0,116.0
51009,Amherst,VA,8392.0,387.0,138.0,41.0,22.0,234.0
51011,Appomattox,VA,4278.0,211.0,81.0,33.0,33.0,180.0
51013,Arlington,VA,28080.0,666.0,131.0,126.0,55.0,356.0
51015,Augusta,VA,12896.0,667.0,257.0,168.0,121.0,590.0
51017,Bath,VA,1586.0,78.0,45.0,22.0,11.0,100.0
51019,Bedford,VA,21709.0,977.0,275.0,145.0,44.0,530.0
51021,Bland,VA,1793.0,168.0,56.0,44.0,33.0,144.0
51023,Botetourt,VA,8733.0,391.0,135.0,67.0,44.0,312.0
51025,Brunswick,VA,4194.0,245.0,139.0,66.0,22.0,282.0
51027,Buchanan,VA,6383.0,731.0,267.0,102.0,33.0,457.0
51029,Buckingham,VA,3257.0,143.0,79.0,56.0,33.0,190.0
51031,Campbell,VA,9833.0,482.0,156.0,78.0,66.0,355.0
51033,Caroline,VA,6662.0,322.0,113.0,60.0,33.0,228.0
51035,Carroll,VA,6657.0,533.0,182.0,115.0,44.0,396.0
51036,Charles City,VA,1565.0,83.0,23.0,11.0,11.0,56.0
51037,Charlotte,VA,3886.0,213.0,130.0,66.0,44.0,262.0
51041,Chesterfield,VA,75294.0,2522.0,636.0,281.0,110.0,1148.0
51043,Clarke,VA,4529.0,177.0,71.0,55.0,22.0,159.0
51045,Craig,VA,1218.0,78.0,23.0,11.0,11.0,56.0
51047,Culpeper,VA,11996.0,488.0,217.0,91.0,33.0,352.0
51049,Cumberland,VA,1633.0,81.0,36.0,22.0,11.0,80.0
51051,Dickenson,VA,4262.0,518.0,213.0,102.0,33.0,359.0
51053,Dinwiddie,VA,4245.0,196.0,95.0,77.0,55.0,249.0
51057,Essex,VA,3416.0,143.0,89.0,55.0,22.0,188.0
51059,Fairfax,VA,179268.0,4307.0,854.0,656.0,363.0,2214.0
51061,Fauquier,VA,14815.0,514.0,203.0,132.0,44.0,423.0
51063,Floyd,VA,4128.0,327.0,112.0,59.0,22.0,204.0
51065,Fluvanna,VA,6977.0,216.0,97.0,49.0,22.0,179.0
51067,Franklin,VA,14883.0,687.0,247.0,118.0,33.0,464.0
51069,Frederick,VA,20034.0,718.0,201.0,122.0,66.0,422.0
51071,Giles,VA,4755.0,549.0,210.0,59.0,44.0,346.0
51073,Gloucester,VA,10313.0,452.0,143.0,78.0,33.0,287.0
51075,Goochland,VA,6724.0,224.0,95.0,77.0,44.0,249.0
51077,Grayson,VA,3670.0,343.0,126.0,74.0,33.0,255.0
51079,Greene,VA,4697.0,168.0,73.0,34.0,22.0,151.0
51081,Greensville,VA,843.0,41.0,22.0,11.0,11.0,55.0
51083,Halifax,VA,10013.0,532.0,202.0,90.0,33.0,380.0
51085,Hanover,VA,25681.0,874.0,253.0,147.0,55.0,499.0
51087,Henrico,VA,68635.0,2289.0,585.0,312.0,132.0,1172.0
51089,Henry,VA,10556.0,811.0,237.0,112.0,44.0,448.0
51091,Highland,VA,911.0,72.0,44.0,0.0,11.0,55.0
51093,Isle Of Wight,VA,10119.0,447.0,118.0,82.0,44.0,299.0
51095,James City,VA,17504.0,447.0,86.0,62.0,11.0,170.0
51097,King And Queen,VA,1872.0,123.0,99.0,77.0,22.0,231.0
51099,King George,VA,4991.0,218.0,56.0,29.0,11.0,107.0
51101,King William,VA,4202.0,162.0,52.0,44.0,33.0,162.0
51103,Lancaster,VA,5315.0,160.0,61.0,55.0,44.0,193.0
51105,Lee,VA,5929.0,664.0,237.0,99.0,33.0,413.0
51107,Loudoun,VA,52980.0,1505.0,361.0,262.0,121.0,865.0
51109,Louisa,VA,9321.0,333.0,122.0,38.0,33.0,215.0
51111,Lunenburg,VA,2449.0,149.0,65.0,48.0,33.0,157.0
51113,Madison,VA,3730.0,193.0,109.0,66.0,22.0,208.0
51115,Mathews,VA,3112.0,203.0,121.0,99.0,44.0,275.0
51117,Mecklenburg,VA,10062.0,519.0,204.0,112.0,77.0,448.0
51119,Middlesex,VA,4387.0,195.0,99.0,77.0,44.0,242.0
51121,Montgomery,VA,15497.0,1011.0,302.0,138.0,56.0,518.0
51125,Nelson,VA,6042.0,241.0,135.0,110.0,33.0,311.0
51127,New Kent,VA,7448.0,225.0,70.0,55.0,44.0,180.0
51131,Northampton,VA,4357.0,193.0,89.0,66.0,0.0,188.0
51133,Northumberland,VA,4646.0,143.0,67.0,55.0,33.0,177.0
51135,Nottoway,VA,3979.0,189.0,61.0,33.0,11.0,138.0
51137,Orange,VA,12921.0,473.0,155.0,87.0,44.0,330.0
51139,Page,VA,6519.0,344.0,111.0,57.0,33.0,234.0
51141,Patrick,VA,5573.0,338.0,131.0,80.0,11.0,244.0
51143,Pittsylvania,VA,12399.0,717.0,284.0,118.0,44.0,512.0
51145,Powhatan,VA,6647.0,212.0,58.0,28.0,11.0,108.0
51147,Prince Edward,VA,5813.0,257.0,107.0,67.0,22.0,218.0
51149,Prince George,VA,4596.0,195.0,54.0,27.0,22.0,125.0
51153,Prince William,VA,60668.0,1881.0,424.0,257.0,99.0,905.0
51155,Pulaski,VA,8102.0,857.0,291.0,114.0,33.0,471.0
51157,Rappahannock,VA,1845.0,77.0,66.0,55.0,0.0,121.0
51159,Richmond,VA,2213.0,99.0,29.0,22.0,11.0,84.0
51161,Roanoke,VA,23451.0,1029.0,286.0,114.0,33.0,466.0
51163,Rockbridge,VA,3490.0,166.0,90.0,88.0,33.0,222.0
51165,Rockingham,VA,15734.0,724.0,275.0,157.0,66.0,564.0
51167,Russell,VA,7789.0,1078.0,286.0,134.0,55.0,541.0
51169,Scott,VA,6638.0,622.0,166.0,77.0,44.0,320.0
51171,Shenandoah,VA,11972.0,508.0,173.0,114.0,66.0,419.0
51173,Smyth,VA,8476.0,893.0,277.0,89.0,33.0,443.0
51175,Southampton,VA,3280.0,174.0,77.0,66.0,22.0,220.0
51177,Spotsylvania,VA,26339.0,1055.0,302.0,117.0,55.0,531.0
51179,Stafford,VA,23107.0,904.0,211.0,100.0,44.0,399.0
51181,Surry,VA,1834.0,98.0,55.0,22.0,11.0,110.0
51183,Sussex,VA,2602.0,152.0,47.0,44.0,11.0,124.0
51185,Tazewell,VA,11849.0,1269.0,399.0,166.0,99.0,719.0
51187,Warren,VA,9951.0,364.0,119.0,59.0,11.0,200.0
51191,Washington,VA,15758.0,1393.0,380.0,152.0,55.0,642.0
51193,Westmoreland,VA,5775.0,231.0,85.0,34.0,44.0,174.0
51195,Wise,VA,10793.0,1145.0,365.0,122.0,44.0,564.0
51197,Wythe,VA,8908.0,859.0,285.0,136.0,55.0,520.0
51199,York,VA,11426.0,362.0,88.0,60.0,22.0,203.0
51510,Alexandria City,VA,20603.0,474.0,98.0,96.0,33.0,293.0
51520,Bristol City,VA,4233.0,414.0,122.0,35.0,11.0,179.0
51530,Buena Vista City,VA,2136.0,125.0,51.0,11.0,0.0,73.0
51540,Charlottesville City,VA,9878.0,271.0,85.0,38.0,22.0,167.0
51550,Chesapeake City,VA,47290.0,2207.0,386.0,240.0,66.0,764.0
51570,Colonial Heights City,VA,5789.0,280.0,67.0,27.0,11.0,116.0
51580,Covington City,VA,4062.0,226.0,108.0,12.0,11.0,142.0
51590,Danville City,VA,15804.0,1069.0,369.0,88.0,22.0,507.0
51595,Emporia City,VA,3290.0,157.0,46.0,19.0,11.0,87.0
51600,Fairfax City,VA,8596.0,225.0,51.0,35.0,11.0,108.0
51610,Falls Church City,VA,3271.0,79.0,11.0,11.0,11.0,44.0
51620,Franklin City,VA,3644.0,192.0,36.0,11.0,11.0,69.0
51630,Fredericksburg City,VA,4807.0,248.0,64.0,32.0,11.0,118.0
51640,Galax City,VA,4727.0,475.0,163.0,82.0,11.0,267.0
51650,Hampton City,VA,27860.0,1343.0,271.0,166.0,44.0,560.0
51660,Harrisonburg City,VA,11422.0,514.0,131.0,35.0,22.0,210.0
51670,Hopewell City,VA,6106.0,316.0,88.0,39.0,11.0,149.0
51678,Lexington City,VA,4528.0,211.0,65.0,21.0,11.0,108.0
51680,Lynchburg City,VA,21519.0,914.0,261.0,101.0,44.0,450.0
51683,Manassas City,VA,6360.0,187.0,26.0,26.0,11.0,74.0
51685,Manassas Park City,VA,4436.0,153.0,45.0,20.0,11.0,87.0
51690,Martinsville City,VA,9141.0,649.0,177.0,71.0,11.0,277.0
51700,Newport News City,VA,32805.0,1468.0,305.0,183.0,77.0,640.0
51710,Norfolk City,VA,37637.0,2013.0,413.0,252.0,110.0,922.0
51720,Norton City,VA,1616.0,187.0,56.0,27.0,11.0,105.0
51730,Petersburg City,VA,13404.0,672.0,148.0,87.0,24.0,292.0
51735,Poquoson City,VA,2935.0,111.0,25.0,17.0,11.0,64.0
51740,Portsmouth City,VA,18932.0,1029.0,163.0,98.0,55.0,379.0
51750,Radford,VA,4075.0,323.0,92.0,33.0,11.0,147.0
51760,Richmond City,VA,33670.0,1393.0,347.0,220.0,66.0,714.0
51770,Roanoke City,VA,22827.0,1278.0,383.0,161.0,66.0,668.0
51775,Salem,VA,10005.0,496.0,133.0,49.0,11.0,206.0
51790,Staunton City,VA,10426.0,523.0,172.0,61.0,11.0,255.0
51800,Suffolk City,VA,20390.0,1052.0,268.0,173.0,57.0,557.0
51810,Virginia Beach City,VA,86553.0,3637.0,608.0,439.0,99.0,1245.0
51820,Waynesboro City,VA,8555.0,409.0,135.0,50.0,12.0,208.0
51830,Williamsburg City,VA,13538.0,390.0,61.0,55.0,11.0,139.0
51840,Winchester City,VA,6113.0,223.0,53.0,32.0,11.0,107.0
53001,Adams,WA,3176.0,130.0,46.0,22.0,11.0,90.0
53003,Asotin,WA,6917.0,396.0,114.0,54.0,11.0,190.0
53005,Benton,WA,41136.0,1549.0,234.0,184.0,66.0,572.0
53007,Chelan,WA,19976.0,637.0,242.0,92.0,55.0,411.0
53009,Clallam,WA,29697.0,933.0,233.0,89.0,33.0,410.0
53011,Clark,WA,106002.0,3526.0,709.0,386.0,165.0,1436.0
53013,Columbia,WA,1308.0,58.0,14.0,11.0,0.0,25.0
53015,Cowlitz,WA,29518.0,1423.0,418.0,132.0,44.0,635.0
53017,Douglas,WA,9211.0,374.0,130.0,31.0,11.0,194.0
53019,Ferry,WA,2197.0,155.0,75.0,11.0,0.0,86.0
53021,Franklin,WA,12530.0,431.0,72.0,57.0,11.0,151.0
53023,Garfield,WA,761.0,42.0,11.0,0.0,0.0,11.0
53025,Grant,WA,17944.0,810.0,266.0,90.0,44.0,433.0
53027,Grays Harbor,WA,22908.0,1179.0,310.0,138.0,66.0,591.0
53029,Island,WA,26914.0,644.0,112.0,82.0,55.0,271.0
53031,Jefferson,WA,14965.0,344.0,71.0,67.0,55.0,204.0
53033,King,WA,362623.0,8624.0,1242.0,1116.0,572.0,3537.0
53035,Kitsap,WA,65868.0,2245.0,254.0,234.0,99.0,675.0
53037,Kittitas,WA,10661.0,443.0,175.0,75.0,11.0,272.0
53039,Klickitat,WA,7192.0,287.0,124.0,66.0,55.0,256.0
53041,Lewis,WA,23096.0,1104.0,339.0,132.0,88.0,614.0
53043,Lincoln,WA,3832.0,169.0,112.0,66.0,0.0,200.0
53045,Mason,WA,19567.0,754.0,158.0,83.0,66.0,362.0
53047,Okanogan,WA,12190.0,503.0,237.0,121.0,22.0,413.0
53049,Pacific,WA,9150.0,403.0,134.0,77.0,22.0,266.0
53051,Pend Oreille,WA,4527.0,214.0,98.0,33.0,11.0,164.0
53053,Pierce,WA,172487.0,5916.0,749.0,728.0,253.0,2138.0
53055,San Juan,WA,6705.0,174.0,33.0,44.0,11.0,88.0
53057,Skagit,WA,35706.0,1046.0,183.0,119.0,55.0,423.0
53059,Skamania,WA,2343.0,77.0,44.0,44.0,22.0,121.0
53061,Snohomish,WA,149350.0,4277.0,531.0,486.0,276.0,1513.0
53063,Spokane,WA,122519.0,5486.0,1620.0,619.0,209.0,2701.0
53065,Stevens,WA,13351.0,681.0,217.0,88.0,33.0,360.0
53067,Thurston,WA,69340.0,2431.0,348.0,195.0,110.0,763.0
53069,Wahkiakum,WA,1688.0,83.0,33.0,11.0,0.0,44.0
53071,Walla Walla,WA,14774.0,549.0,150.0,90.0,22.0,284.0
53073,Whatcom,WA,53135.0,1553.0,354.0,208.0,88.0,727.0
53075,Whitman,WA,7089.0,367.0,175.0,77.0,22.0,296.0
53077,Yakima,WA,46408.0,2076.0,673.0,207.0,88.0,1122.0
54001,Barbour,WV,4026.0,341.0,152.0,33.0,33.0,229.0
54003,Berkeley,WV,26535.0,1177.0,398.0,128.0,88.0,702.0
54005,Boone,WV,5617.0,641.0,294.0,195.0,22.0,555.0
54007,Braxton,WV,3395.0,279.0,144.0,77.0,22.0,287.0
54009,Brooke,WV,5119.0,393.0,146.0,47.0,33.0,248.0
54011,Cabell,WV,20507.0,1694.0,601.0,238.0,77.0,983.0
54013,Calhoun,WV,2043.0,144.0,95.0,33.0,11.0,150.0
54015,Clay,WV,2678.0,264.0,143.0,77.0,33.0,297.0
54017,Doddridge,WV,1158.0,102.0,48.0,33.0,11.0,114.0
54019,Fayette,WV,12235.0,1160.0,502.0,237.0,77.0,904.0
54021,Gilmer,WV,1523.0,140.0,93.0,66.0,11.0,181.0
54023,Grant,WV,3132.0,173.0,102.0,44.0,11.0,168.0
54025,Greenbrier,WV,9204.0,890.0,329.0,174.0,44.0,602.0
54027,Hampshire,WV,6412.0,338.0,194.0,138.0,55.0,442.0
54029,Hancock,WV,9048.0,598.0,202.0,66.0,33.0,323.0
54031,Hardy,WV,3694.0,206.0,94.0,66.0,22.0,204.0
54033,Harrison,WV,17173.0,1277.0,502.0,191.0,99.0,891.0
54035,Jackson,WV,7650.0,483.0,200.0,103.0,44.0,391.0
54037,Jefferson,WV,13303.0,562.0,176.0,75.0,66.0,372.0
54039,Kanawha,WV,47653.0,3714.0,1265.0,553.0,187.0,2192.0
54041,Lewis,WV,4648.0,427.0,214.0,102.0,22.0,371.0
54043,Lincoln,WV,5142.0,607.0,234.0,138.0,55.0,438.0
54045,Logan,WV,8500.0,1131.0,363.0,193.0,55.0,677.0
54047,Mcdowell,WV,5190.0,628.0,266.0,143.0,55.0,530.0
54049,Marion,WV,14599.0,1086.0,423.0,187.0,38.0,670.0
54051,Marshall,WV,7083.0,603.0,222.0,75.0,55.0,374.0
54053,Mason,WV,6537.0,642.0,321.0,147.0,44.0,534.0
54055,Mercer,WV,16015.0,1592.0,615.0,221.0,77.0,990.0
54057,Mineral,WV,7484.0,439.0,175.0,95.0,44.0,325.0
54059,Mingo,WV,6708.0,821.0,272.0,120.0,55.0,513.0
54061,Monongalia,WV,15546.0,986.0,409.0,147.0,65.0,687.0
54063,Monroe,WV,4820.0,452.0,199.0,110.0,0.0,320.0
54065,Morgan,WV,5035.0,200.0,69.0,33.0,22.0,135.0
54067,Nicholas,WV,7414.0,760.0,299.0,166.0,22.0,564.0
54069,Ohio,WV,11830.0,786.0,224.0,65.0,38.0,349.0
54071,Pendleton,WV,2272.0,136.0,81.0,55.0,11.0,169.0
54073,Pleasants,WV,1729.0,119.0,31.0,23.0,0.0,65.0
54075,Pocahontas,WV,2512.0,230.0,132.0,33.0,33.0,209.0
54077,Preston,WV,8457.0,579.0,238.0,125.0,121.0,528.0
54079,Putnam,WV,12970.0,963.0,302.0,160.0,44.0,550.0
54081,Raleigh,WV,18421.0,1935.0,739.0,405.0,110.0,1331.0
54083,Randolph,WV,7733.0,648.0,335.0,127.0,44.0,528.0
54085,Ritchie,WV,2845.0,226.0,119.0,77.0,11.0,218.0
54087,Roane,WV,3743.0,274.0,141.0,33.0,22.0,229.0
54089,Summers,WV,3265.0,329.0,129.0,80.0,22.0,242.0
54091,Taylor,WV,3501.0,236.0,103.0,40.0,33.0,209.0
54093,Tucker,WV,1934.0,163.0,85.0,33.0,0.0,118.0
54095,Tyler,WV,1993.0,164.0,62.0,44.0,33.0,150.0
54097,Upshur,WV,6199.0,469.0,193.0,43.0,44.0,313.0
54099,Wayne,WV,10487.0,956.0,385.0,148.0,44.0,654.0
54101,Webster,WV,2457.0,279.0,135.0,82.0,22.0,272.0
54103,Wetzel,WV,4285.0,405.0,176.0,92.0,11.0,334.0
54105,Wirt,WV,1743.0,122.0,51.0,44.0,22.0,128.0
54107,Wood,WV,22715.0,1546.0,452.0,206.0,80.0,786.0
54109,Wyoming,WV,5418.0,670.0,334.0,251.0,77.0,717.0
55001,Adams,WI,4622.0,179.0,62.0,22.0,11.0,117.0
55003,Ashland,WI,4968.0,191.0,78.0,22.0,11.0,122.0
55005,Barron,WI,13413.0,592.0,156.0,66.0,55.0,310.0
55007,Bayfield,WI,5093.0,156.0,77.0,11.0,0.0,110.0
55009,Brown,WI,57396.0,1477.0,209.0,181.0,99.0,599.0
55011,Buffalo,WI,3916.0,132.0,55.0,44.0,11.0,121.0
55013,Burnett,WI,5669.0,209.0,52.0,33.0,22.0,107.0
55015,Calumet,WI,6439.0,207.0,77.0,55.0,11.0,154.0
55017,Chippewa,WI,16068.0,729.0,127.0,101.0,55.0,338.0
55019,Clark,WI,7932.0,398.0,170.0,121.0,44.0,368.0
55021,Columbia,WI,16606.0,549.0,152.0,88.0,55.0,350.0
55023,Crawford,WI,4545.0,133.0,80.0,33.0,11.0,135.0
55025,Dane,WI,103908.0,2670.0,521.0,373.0,253.0,1323.0
55027,Dodge,WI,21458.0,822.0,279.0,149.0,44.0,516.0
55029,Door,WI,11091.0,386.0,78.0,46.0,11.0,146.0
55031,Douglas,WI,11715.0,446.0,140.0,69.0,22.0,264.0
55033,Dunn,WI,10293.0,394.0,122.0,46.0,44.0,223.0
55035,Eau Claire,WI,22504.0,806.0,104.0,77.0,22.0,247.0
55037,Florence,WI,1593.0,69.0,23.0,11.0,0.0,45.0
55039,Fond Du Lac,WI,23544.0,869.0,250.0,91.0,33.0,418.0
55041,Forest,WI,2626.0,105.0,63.0,55.0,11.0,140.0
55043,Grant,WI,13096.0,497.0,250.0,99.0,44.0,426.0
55045,Green,WI,9680.0,271.0,112.0,77.0,33.0,255.0
55047,Green Lake,WI,5943.0,260.0,84.0,55.0,0.0,139.0
55049,Iowa,WI,5834.0,236.0,132.0,44.0,33.0,220.0
55051,Iron,WI,2152.0,96.0,55.0,11.0,11.0,77.0
55053,Jackson,WI,4686.0,162.0,81.0,33.0,22.0,169.0
55055,Jefferson,WI,18049.0,567.0,178.0,88.0,55.0,376.0
55057,Juneau,WI,7544.0,273.0,99.0,66.0,44.0,220.0
55059,Kenosha,WI,32211.0,1360.0,440.0,156.0,88.0,761.0
55061,Kewaunee,WI,5522.0,170.0,44.0,44.0,33.0,132.0
55063,La Crosse,WI,26290.0,754.0,231.0,77.0,55.0,396.0
55065,Lafayette,WI,3914.0,146.0,88.0,11.0,11.0,121.0
55067,Langlade,WI,6336.0,230.0,150.0,44.0,22.0,249.0
55069,Lincoln,WI,9486.0,307.0,100.0,47.0,22.0,180.0
55071,Manitowoc,WI,22176.0,631.0,179.0,107.0,55.0,396.0
55073,Marathon,WI,29903.0,954.0,364.0,165.0,55.0,661.0
55075,Marinette,WI,14556.0,497.0,188.0,88.0,33.0,342.0
55077,Marquette,WI,6003.0,218.0,80.0,55.0,11.0,157.0
55078,Menominee,WI,896.0,33.0,22.0,22.0,0.0,44.0
55079,Milwaukee,WI,164200.0,6059.0,1739.0,654.0,275.0,3069.0
55081,Monroe,WI,10428.0,357.0,138.0,44.0,33.0,226.0
55083,Oconto,WI,10101.0,283.0,121.0,66.0,11.0,242.0
55085,Oneida,WI,13726.0,451.0,155.0,87.0,33.0,286.0
55087,Outagamie,WI,43753.0,1329.0,380.0,154.0,88.0,710.0
55089,Ozaukee,WI,24582.0,649.0,180.0,92.0,33.0,327.0
55091,Pepin,WI,2343.0,89.0,44.0,11.0,11.0,66.0
55093,Pierce,WI,10755.0,303.0,80.0,83.0,0.0,174.0
55095,Polk,WI,12963.0,505.0,155.0,110.0,55.0,342.0
55097,Portage,WI,15637.0,484.0,177.0,82.0,33.0,336.0
55099,Price,WI,4901.0,189.0,82.0,66.0,0.0,159.0
55101,Racine,WI,48105.0,1891.0,585.0,236.0,88.0,1021.0
55103,Richland,WI,4327.0,140.0,48.0,44.0,0.0,114.0
55105,Rock,WI,37164.0,1396.0,309.0,109.0,66.0,529.0
55107,Rusk,WI,4275.0,177.0,96.0,33.0,22.0,173.0
55109,Saint Croix,WI,17891.0,503.0,128.0,36.0,44.0,230.0
55111,Sauk,WI,15762.0,520.0,172.0,88.0,66.0,359.0
55113,Sawyer,WI,6441.0,203.0,83.0,44.0,0.0,138.0
55115,Shawano,WI,10057.0,385.0,169.0,95.0,33.0,352.0
55117,Sheboygan,WI,29026.0,863.0,265.0,142.0,66.0,528.0
55119,Taylor,WI,4632.0,171.0,70.0,33.0,11.0,136.0
55121,Trempealeau,WI,8106.0,238.0,110.0,66.0,33.0,231.0
55123,Vernon,WI,8062.0,252.0,140.0,77.0,0.0,239.0
55125,Vilas,WI,8752.0,261.0,106.0,77.0,44.0,238.0
55127,Walworth,WI,24998.0,828.0,225.0,116.0,88.0,506.0
55129,Washburn,WI,7028.0,246.0,77.0,55.0,33.0,165.0
55131,Washington,WI,33984.0,1005.0,282.0,140.0,66.0,532.0
55133,Waukesha,WI,104983.0,2913.0,808.0,373.0,198.0,1511.0
55135,Waupaca,WI,16719.0,604.0,201.0,88.0,33.0,377.0
55137,Waushara,WI,6981.0,251.0,112.0,55.0,44.0,255.0
55139,Winnebago,WI,37489.0,1270.0,386.0,140.0,66.0,669.0
55141,Wood,WI,23573.0,903.0,345.0,149.0,55.0,604.0
56001,Albany,WY,6142.0,1106.0,362.0,65.0,33.0,482.0
56003,Big Horn,WY,3016.0,302.0,139.0,22.0,33.0,227.0
56005,Campbell,WY,7932.0,1006.0,160.0,38.0,0.0,231.0
56007,Carbon,WY,3223.0,456.0,213.0,44.0,22.0,290.0
56009,Converse,WY,3135.0,458.0,137.0,22.0,22.0,203.0
56011,Crook,WY,2106.0,192.0,89.0,11.0,0.0,100.0
56013,Fremont,WY,9556.0,1009.0,434.0,87.0,33.0,598.0
56015,Goshen,WY,3464.0,406.0,195.0,22.0,0.0,228.0
56017,Hot Springs,WY,1573.0,155.0,51.0,11.0,0.0,73.0
56019,Johnson,WY,2718.0,207.0,94.0,11.0,0.0,116.0
56021,Laramie,WY,22020.0,3080.0,1130.0,200.0,44.0,1419.0
56023,Lincoln,WY,4752.0,627.0,216.0,88.0,44.0,381.0
56025,Natrona,WY,17083.0,2401.0,726.0,90.0,44.0,904.0
56027,Niobrara,WY,671.0,87.0,57.0,0.0,0.0,68.0
56029,Park,WY,9162.0,708.0,259.0,38.0,11.0,330.0
56031,Platte,WY,2704.0,433.0,132.0,22.0,0.0,165.0
56033,Sheridan,WY,8881.0,689.0,267.0,11.0,11.0,311.0
56035,Sublette,WY,2109.0,320.0,108.0,44.0,11.0,163.0
56037,Sweetwater,WY,7680.0,1247.0,514.0,127.0,22.0,696.0
56039,Teton,WY,4416.0,281.0,94.0,33.0,11.0,138.0
56041,Uinta,WY,4402.0,781.0,264.0,80.0,11.0,377.0
56043,Washakie,WY,2187.0,134.0,55.0,22.0,0.0,88.0
56045,Weston,WY,1953.0,178.0,63.0,22.0,0.0,85.0
60050,American Samoa,AS,4741.0,26.0,11.0,11.0,11.0,44.0
66010,Guam,GU,20725.0,311.0,144.0,33.0,0.0,254.0
69100,Rota Municipality,MP,174.0,11.0,11.0,11.0,0.0,22.0
69110,Saipan Municipality,MP,3556.0,26.0,11.0,11.0,0.0,33.0
69120,Tinian Municipality,MP,168.0,11.0,0.0,0.0,0.0,0.0
72001,Adjuntas,PR,4496.0,257.0,33.0,29.0,11.0,85.0
72003,Aguada,PR,9530.0,595.0,34.0,35.0,17.0,103.0
72005,Aguadilla,PR,13305.0,874.0,53.0,66.0,32.0,183.0
72007,Aguas Buenas,PR,5729.0,367.0,29.0,16.0,11.0,67.0
72009,Aibonito,PR,6699.0,373.0,95.0,23.0,11.0,140.0
72011,Anasco,PR,6494.0,468.0,42.0,33.0,11.0,100.0
72013,Arecibo,PR,23041.0,1369.0,91.0,99.0,62.0,309.0
72015,Arroyo,PR,4301.0,229.0,27.0,23.0,11.0,73.0
72017,Barceloneta,PR,5510.0,358.0,34.0,30.0,11.0,91.0
72019,Barranquitas,PR,5867.0,304.0,84.0,26.0,11.0,132.0
72021,Bayamon,PR,44390.0,3042.0,213.0,248.0,53.0,576.0
72023,Cabo Rojo,PR,10647.0,635.0,66.0,76.0,29.0,193.0
72025,Caguas,PR,31101.0,2117.0,144.0,187.0,31.0,393.0
72027,Camuy,PR,7851.0,479.0,20.0,30.0,16.0,77.0
72029,Canovanas,PR,9741.0,580.0,50.0,39.0,17.0,121.0
72031,Carolina,PR,34783.0,2131.0,162.0,172.0,55.0,463.0
72033,Catano,PR,4497.0,304.0,19.0,28.0,11.0,69.0
72035,Cayey,PR,12207.0,725.0,105.0,71.0,11.0,204.0
72037,Ceiba,PR,2696.0,155.0,11.0,11.0,11.0,44.0
72039,Ciales,PR,4900.0,290.0,24.0,23.0,11.0,69.0
72041,Cidra,PR,8973.0,496.0,52.0,36.0,11.0,110.0
72043,Coamo,PR,8103.0,461.0,82.0,48.0,11.0,154.0
72045,Comerio,PR,3900.0,263.0,26.0,26.0,11.0,74.0
72047,Corozal,PR,7354.0,533.0,48.0,38.0,16.0,119.0
72049,Culebra,PR,355.0,14.0,11.0,0.0,0.0,22.0
72051,Dorado,PR,7293.0,538.0,42.0,49.0,11.0,119.0
72053,Fajardo,PR,7220.0,427.0,31.0,37.0,11.0,90.0
72054,Florida,PR,3933.0,247.0,25.0,21.0,11.0,68.0
72055,Guanica,PR,3763.0,232.0,33.0,26.0,22.0,103.0
72057,Guayama,PR,9037.0,508.0,68.0,72.0,11.0,175.0
72059,Guayanilla,PR,4538.0,308.0,30.0,29.0,11.0,81.0
72061,Guaynabo,PR,20041.0,1094.0,89.0,115.0,56.0,304.0
72063,Gurabo,PR,8196.0,539.0,32.0,39.0,18.0,100.0
72065,Hatillo,PR,8150.0,437.0,20.0,32.0,17.0,82.0
72067,Hormigueros,PR,4487.0,298.0,24.0,31.0,13.0,79.0
72069,Humacao,PR,14094.0,929.0,43.0,65.0,11.0,145.0
72071,Isabela,PR,9935.0,757.0,18.0,39.0,23.0,95.0
72073,Jayuya,PR,3443.0,189.0,23.0,21.0,11.0,66.0
72075,Juana Diaz,PR,9039.0,551.0,88.0,62.0,14.0,180.0
72077,Juncos,PR,8395.0,594.0,30.0,44.0,11.0,96.0
72079,Lajas,PR,5579.0,360.0,34.0,21.0,15.0,81.0
72081,Lares,PR,6698.0,370.0,23.0,18.0,11.0,63.0
72083,Las Marias,PR,2123.0,158.0,11.0,11.0,11.0,44.0
72085,Las Piedras,PR,8366.0,543.0,30.0,34.0,11.0,88.0
72087,Loiza,PR,3688.0,167.0,11.0,12.0,11.0,45.0
72089,Luquillo,PR,4120.0,239.0,11.0,13.0,11.0,46.0
72091,Manati,PR,9880.0,671.0,61.0,50.0,15.0,142.0
72093,Maricao,PR,1189.0,67.0,11.0,11.0,11.0,44.0
72095,Maunabo,PR,3135.0,185.0,14.0,11.0,11.0,47.0
72097,Mayaguez,PR,18991.0,1342.0,131.0,113.0,38.0,328.0
72099,Moca,PR,8590.0,691.0,37.0,40.0,22.0,124.0
72101,Morovis,PR,6603.0,397.0,41.0,22.0,11.0,86.0
72103,Naguabo,PR,5242.0,326.0,14.0,24.0,11.0,60.0
72105,Naranjito,PR,6626.0,549.0,37.0,42.0,11.0,101.0
72107,Orocovis,PR,5121.0,262.0,50.0,32.0,11.0,104.0
72109,Patillas,PR,4896.0,261.0,32.0,36.0,11.0,90.0
72111,Penuelas,PR,4930.0,386.0,34.0,32.0,11.0,97.0
72113,Ponce,PR,34480.0,2319.0,282.0,242.0,87.0,693.0
72115,Quebradillas,PR,6412.0,409.0,16.0,24.0,15.0,69.0
72117,Rincon,PR,3802.0,262.0,25.0,26.0,11.0,73.0
72119,Rio Grande,PR,10267.0,622.0,44.0,35.0,19.0,121.0
72121,Sabana Grande,PR,5926.0,368.0,34.0,40.0,13.0,102.0
72123,Salinas,PR,6678.0,355.0,50.0,38.0,22.0,121.0
72125,San German,PR,7467.0,493.0,46.0,51.0,11.0,128.0
72127,San Juan,PR,76310.0,4349.0,331.0,415.0,160.0,1100.0
72129,San Lorenzo,PR,8760.0,748.0,30.0,38.0,11.0,98.0
72131,San Sebastian,PR,10823.0,898.0,50.0,50.0,33.0,159.0
72133,Santa Isabel,PR,4351.0,239.0,32.0,26.0,11.0,80.0
72135,Toa Alta,PR,12809.0,766.0,64.0,66.0,16.0,164.0
72137,Toa Baja,PR,16977.0,1088.0,91.0,104.0,24.0,255.0
72139,Trujillo Alto,PR,11784.0,704.0,47.0,49.0,12.0,128.0
72141,Utuado,PR,6849.0,384.0,15.0,34.0,11.0,71.0
72143,Vega Alta,PR,7489.0,535.0,42.0,42.0,19.0,114.0
72145,Vega Baja,PR,12913.0,849.0,64.0,62.0,16.0,155.0
72147,Vieques,PR,1640.0,89.0,11.0,11.0,11.0,33.0
72149,Villalba,PR,5429.0,336.0,42.0,35.0,14.0,103.0
72151,Yabucoa,PR,9035.0,575.0,28.0,29.0,11.0,83.0
72153,Yauco,PR,9200.0,588.0,56.0,57.0,25.0,149.0
78010,Saint Croix,VI,10230.0,136.0,33.0,33.0,22.0,110.0
78020,Saint John,VI,967.0,11.0,11.0,11.0,0.0,22.0
78030,Saint Thomas,VI,9936.0,56.0,11.0,11.0,0.0,33.0
,,AS,,,,,,
,,AS,,,,,,
,,MP,,,,,,
,,AS,,,,,,
,,AS,,,,,,
