STCOFIPS,STATE,COUNTY,HRCN_RISKS,HWAV_RISKS,WFIR_RISKS,CFLD_RISKS,DRGT_RISKS,composite_hazard_score
1001,Alabama,Autauga,72.090112640801,85.90237636480411,45.73791348600509,,45.64249363867685,62.34322403257176
1003,Alabama,Baldwin,99.24906132665832,92.1965317919075,90.77608142493636,85.8,74.52290076335878,88.5089150613722
1005,Alabama,Barbour,79.9749687108886,69.46050096339114,48.854961832061065,,70.0381679389313,67.08214986131803
1007,Alabama,Bibb,50.06257822277848,59.69813744380218,48.66412213740458,,33.87404580152672,48.07472090137799
1009,Alabama,Blount,62.99541093032958,69.49261400128452,65.04452926208651,,55.18447837150128,63.17925814130047
1011,Alabama,Bullock,76.17855652899458,49.96788696210662,46.087786259541986,,90.99872773536897,65.80823937150303
1013,Alabama,Butler,85.85732165206508,56.1014771997431,31.075063613231553,,37.086513994910945,52.53009411498767
1015,Alabama,Calhoun,73.9674593241552,78.3558124598587,81.52035623409668,,61.25954198473281,73.77579250071085
1017,Alabama,Chambers,70.17104714226116,82.7874116891458,51.653944020356235,,38.708651399491096,60.83026356281357
1019,Alabama,Cherokee,62.91197329995828,44.637122671804754,68.22519083969466,,89.79007633587787,66.39109078683389
1021,Alabama,Chilton,58.072590738423024,68.11175337186897,63.26335877862596,,41.348600508905854,57.69907584945595
1023,Alabama,Choctaw,89.31998331247392,46.0179833012203,52.44910941475827,,31.743002544529265,54.88251964324544
1025,Alabama,Clarke,89.61201501877348,66.21708413615927,43.92493638676845,22.2,27.067430025445297,49.804293113429296
1027,Alabama,Clay,67.50104297037964,39.948619139370585,71.08778625954199,,30.311704834605596,52.21228830097445
1029,Alabama,Cleburne,65.4151022110972,35.32434168272319,67.27099236641222,,48.473282442748086,54.120929675745174
1031,Alabama,Coffee,92.86608260325404,64.7077713551702,56.45674300254453,,55.089058524173026,67.27991387128546
1033,Alabama,Colbert,59.99165623696286,81.11753371868978,28.276081424936393,,60.20992366412214,57.398798761177794
1035,Alabama,Conecuh,84.89778890279516,49.550417469492615,49.87277353689568,,46.9147582697201,57.808934544725886
1037,Alabama,Coosa,55.15227367542762,39.30635838150289,64.44020356234097,,20.35623409669211,44.8137674289909
1039,Alabama,Covington,95.57780559032125,69.65317919075144,49.650127226463106,,55.216284987277355,67.52434924870329
1041,Alabama,Crenshaw,84.56403838130997,48.426461143224145,25.159033078880405,,36.38676844783715,48.63407526281292
1043,Alabama,Cullman,72.79933249895703,82.27360308285164,65.07633587786259,,59.605597964376585,69.93871735601196
1045,Alabama,Dale,89.27826449728828,66.98779704560052,44.56106870229007,,63.072519083969475,65.97491233228709
1047,Alabama,Dallas,77.09637046307884,81.95247270391779,42.17557251908397,,71.34223918575063,68.14166371795781
1049,Alabama,DeKalb,69.67042136003337,64.03339755940912,73.75954198473282,,87.27735368956743,73.68517864843568
1051,Alabama,Elmore,75.38589904046725,86.5446371226718,61.863867684478365,,59.92366412213741,70.92951699243869
1053,Alabama,Escambia,96.5790571547768,83.78291586384074,74.01399491094148,,63.93129770992366,79.57681640987067
1055,Alabama,Etowah,68.37713808927826,77.64932562620423,72.67811704834605,,48.31424936386768,66.75470753192405
1057,Alabama,Fayette,63.99666249478515,67.66217084136159,27.512722646310433,,49.77735368956743,52.23722741800615
1059,Alabama,Franklin,60.36712557363371,70.29543994861915,37.72264631043257,,40.13994910941476,52.13129023552504
1061,Alabama,Geneva,87.27576136837713,52.922286448298,37.786259541984734,,70.32442748091603,62.07718370989397
1063,Alabama,Greene,63.03712974551523,86.03082851637764,14.153944020356237,,25.95419847328244,47.29402518888289
1065,Alabama,Hale,68.6691697955778,58.92742453436095,25.572519083969464,,38.19974554707379,47.842214740245495
1067,Alabama,Henry,82.68669169795578,43.86640976236352,33.778625954198475,,81.1704834605598,60.3755527187694
1069,Alabama,Houston,93.82561535252398,79.76878612716763,51.94020356234097,,77.70356234096693,75.80954184574988
1071,Alabama,Jackson,59.36587400917814,53.72511239563262,61.19592875318066,,83.36513994910942,64.41301377677522
1073,Alabama,Jefferson,76.59574468085107,97.62363519588952,79.07124681933843,,26.81297709923664,70.02590094882892
1075,Alabama,Lamar,61.82728410513142,50.32113037893384,24.713740458015273,,37.849872773536894,43.67800692890436
1077,Alabama,Lauderdale,61.11806424697539,84.6499678869621,23.791348600508904,,53.68956743002544,55.81223704111796
1079,Alabama,Lawrence,62.95369211514393,81.59922928709057,33.14249363867685,,72.80534351145039,62.62518963809043
1081,Alabama,Lee,82.186065915728,92.0038535645472,72.39185750636132,,79.42111959287533,81.50072414487795
1083,Alabama,Limestone,60.200250312891114,72.28644829800899,25.763358778625957,,75.25445292620864,58.376127578933676
1085,Alabama,Lowndes,71.42261159783062,72.67180475272961,31.48854961832061,,52.25826972010178,56.96030892224566
1087,Alabama,Macon,68.87776387150605,59.73025048169557,52.83078880407125,,71.50127226463104,63.23501885547597
1089,Alabama,Madison,70.4630788485607,94.21965317919077,36.06870229007634,,60.55979643765903,65.3278076888717
1091,Alabama,Marengo,77.43012098456404,71.16249197174052,38.83587786259542,,53.49872773536896,60.23180463856723
1093,Alabama,Marion,67.62619941593658,67.63005780346822,37.086513994910945,,37.595419847328245,52.484547765410994
1095,Alabama,Marshall,68.96120150187734,80.76429030186254,63.167938931297705,,54.134860050890595,66.75707269648204
1097,Alabama,Mobile,99.41593658740092,95.95375722543352,93.47964376590332,90.60000000000002,86.22773536895673,93.1354145895389
1099,Alabama,Monroe,87.94326241134752,59.15221579961464,42.239185750636125,18.0,61.19592875318066,53.70611854295579
1101,Alabama,Montgomery,87.3174801835628,96.53179190751445,51.62213740458015,,56.80661577608143,73.0695063179347
1103,Alabama,Morgan,68.00166875260743,88.08606294155426,48.918575063613225,,47.837150127226465,63.21086422125034
1105,Alabama,Perry,69.29495202336253,48.81181759794477,23.155216284987276,,60.591603053435115,50.46339723993242
1107,Alabama,Pickens,69.2532332081769,79.70456005138085,27.89440203562341,,43.034351145038165,54.97163661005483
1109,Alabama,Pike,83.56278681685441,76.2684649967887,33.87404580152672,,51.43129770992366,61.28414883127338
1111,Alabama,Randolph,71.9232373800584,45.3757225433526,63.77226463104325,,42.461832061068705,55.88326415388073
1113,Alabama,Russell,75.177304964539,77.296082209377,55.6615776081425,,76.30407124681933,71.10975900721947
1115,Alabama,St. Clair,56.65415102211097,71.70841361592807,71.7557251908397,,44.211195928753185,61.08237143940798
1117,Alabama,Shelby,65.95744680851064,88.56775850995504,74.30025445292621,,49.10941475826972,69.4837186324154
1119,Alabama,Sumter,76.26199415936587,67.91907514450867,34.4147582697201,,57.09287531806616,58.9221757229152
1121,Alabama,Talladega,74.42636629119733,81.79190751445087,79.13486005089058,,56.36132315521628,72.92861425293877
1123,Alabama,Tallapoosa,74.21777221526908,84.26461143224147,75.06361323155215,,39.94910941475827,68.37377657345525
1125,Alabama,Tuscaloosa,81.10137672090113,95.6005138086063,57.09287531806616,,43.161577608142494,69.239085863929
1127,Alabama,Walker,58.28118481435127,84.6820809248555,62.46819338422392,,39.53562340966921,61.24177063327498
1129,Alabama,Washington,86.94201084689195,52.44059087989724,65.83969465648855,21.6,45.70610687022901,54.50568065070134
1131,Alabama,Wilcox,76.42886942010847,44.79768786127168,45.70610687022901,,36.323155216284995,50.81395484197354
1133,Alabama,Winston,62.78681685440134,62.71676300578035,59.12849872773537,,26.176844783715016,52.702230842908016
2013,Alaska,Aleutians East,,,0.063613231552163,0.0,0.0,0.021204410517387667
2016,Alaska,Aleutians West,,,0.0,0.0,0.0,0.0
2020,Alaska,Anchorage,,,78.62595419847328,28.000000000000004,0.0,35.541984732824424
2050,Alaska,Bethel,,,83.84223918575063,0.0,0.0,27.947413061916876
2060,Alaska,Bristol Bay,,,34.223918575063614,0.0,0.0,11.407972858354539
2063,Alaska,Chugach,,,1.304071246819339,20.8,0.0,7.36802374893978
2066,Alaska,Copper River,,,83.65139949109415,0.0,0.0,27.88379983036472
2068,Alaska,Denali,,,84.764631043257,,0.0,42.3823155216285
2070,Alaska,Dillingham,,,62.150127226463106,0.0,0.0,20.716709075487703
2090,Alaska,Fairbanks North Star,,,97.61450381679388,,0.0,48.80725190839694
2100,Alaska,Haines,,,4.993638676844784,0.0,0.0,1.664546225614928
2105,Alaska,Hoonah-Angoon,,,5.566157760814249,22.8,0.0,9.455385920271416
2110,Alaska,Juneau,,,19.529262086513995,38.0,0.0,19.176420695504664
2122,Alaska,Kenai Peninsula,,,97.07379134860051,33.800000000000004,12.309160305343513,47.727650551314674
2130,Alaska,Ketchikan Gateway,,,10.941475826972011,26.0,0.0,12.313825275657337
2150,Alaska,Kodiak Island,,,23.21882951653944,0.0,0.0,7.73960983884648
2158,Alaska,Kusilvak,,,46.9147582697201,0.0,0.0,15.638252756573367
2164,Alaska,Lake and Peninsula,,,45.45165394402035,0.0,0.0,15.15055131467345
2170,Alaska,Matanuska-Susitna,,,94.65648854961832,0.0,0.0,31.552162849872772
2180,Alaska,Nome,,,45.16539440203562,0.0,0.0,15.055131467345207
2185,Alaska,North Slope,,,11.38676844783715,0.0,0.0,3.7955894826123835
2188,Alaska,Northwest Arctic,,,65.68066157760815,0.0,0.0,21.893553859202715
2195,Alaska,Petersburg,,,3.403307888040712,0.0,0.0,1.1344359626802374
2198,Alaska,Prince of Wales-Hyder,,,10.114503816793894,0.0,0.0,3.371501272264631
2220,Alaska,Sitka,,,8.746819338422391,34.0,0.0,14.24893977947413
2230,Alaska,Skagway,,,2.44910941475827,0.0,0.0,0.8163698049194233
2240,Alaska,Southeast Fairbanks,,,97.10559796437659,,0.0,48.55279898218829
2275,Alaska,Wrangell,,,1.526717557251908,0.0,0.0,0.5089058524173027
2282,Alaska,Yakutat,,,1.685750636132316,0.0,0.0,0.561916878710772
2290,Alaska,Yukon-Koyukuk,,,93.00254452926208,,0.0,46.50127226463104
4001,Arizona,Apache,11.681268251981644,46.660244059087994,97.90076335877863,,50.25445292620865,51.624182149014224
4003,Arizona,Cochise,34.209428452231954,99.06872190109183,99.17302798982189,,90.01272264631042,80.61597524736402
4005,Arizona,Coconino,0.0,63.90494540783558,99.39567430025444,,25.06361323155216,47.09105823491054
4007,Arizona,Gila,7.676261994159366,86.7373153500321,99.07760814249365,,24.618320610687025,54.52737652434303
4009,Arizona,Graham,13.68377138089278,95.02247912652538,94.27480916030532,,79.51653944020356,70.62439977698176
4011,Arizona,Greenlee,7.384230287859824,60.43673731535003,82.50636132315522,,31.90203562340967,45.55734113744368
4012,Arizona,La Paz,16.68752607425949,90.20552344251765,70.16539440203562,,80.43893129770991,64.37434380413067
4013,Arizona,Maricopa,26.574885273258243,100.0,99.61832061068702,,97.70992366412212,80.97578238701685
4015,Arizona,Mohave,0.0,98.55491329479769,98.82315521628499,,20.833333333333336,54.55285046110401
4017,Arizona,Navajo,0.0,56.71162491971741,98.79134860050893,,52.035623409669206,51.88464923247388
4019,Arizona,Pima,18.69002920317063,99.77520873474631,99.65012722646308,,69.62468193384224,71.93501177455556
4021,Arizona,Pinal,18.815185648727574,98.87604367373156,97.99618320610686,,95.67430025445293,77.84042819575473
4023,Arizona,Santa Cruz,17.271589486858574,99.00449582530509,98.05979643765905,,54.51653944020356,67.21310529750656
4025,Arizona,Yavapai,0.0,84.97109826589595,99.58651399491094,,29.389312977099237,53.486731309476525
4027,Arizona,Yuma,22.736754276178555,96.66024405908799,59.223918575063614,,74.77735368956743,63.3495676499744
5001,Arkansas,Arkansas,60.95118898623279,68.78612716763006,19.84732824427481,,66.53944020356234,54.031021150425005
5003,Arkansas,Ashley,65.12307050479767,78.67694283879256,32.092875318066156,,80.85241730279897,64.18632649111383
5005,Arkansas,Baxter,35.91989987484355,76.043673731535,71.94656488549617,,0.0,45.977534622968676
5007,Arkansas,Benton,52.35711305798916,94.7334617854849,92.77989821882952,,45.73791348600509,71.40209663707716
5009,Arkansas,Boone,37.46349603671256,64.41875401412975,65.5852417302799,,0.0,41.866872945280555
5011,Arkansas,Bradley,54.44305381727159,85.13166345536288,27.449109414758272,,54.61195928753181,55.40894649373114
5013,Arkansas,Calhoun,31.455986649979135,29.15863840719332,7.569974554707379,,20.29262086513995,22.119305119254946
5015,Arkansas,Carroll,50.43804755944931,68.88246628131022,64.91730279898219,,0.0,46.05945415993543
5017,Arkansas,Chicot,65.74885273258239,61.368015414258196,8.428753180661577,,88.35877862595419,55.97609998836409
5019,Arkansas,Clark,50.98039215686274,67.79062299293514,31.01145038167939,,47.646310432569976,49.35719399101181
5021,Arkansas,Clay,49.81226533166458,82.7552986512524,6.075063613231553,,95.99236641221374,58.65874850209056
5023,Arkansas,Cleburne,53.066332916145186,66.15285806037251,75.79516539440203,,33.74681933842239,57.19029392733553
5025,Arkansas,Cleveland,51.27242386316229,52.247912652536925,25.41348600508906,,19.65648854961832,37.14757776760165
5027,Arkansas,Columbia,61.03462661660409,78.00256904303147,31.806615776081426,,56.265903307888046,56.777428685901256
5029,Arkansas,Conway,52.732582394659985,71.13037893384714,74.90458015267176,,61.641221374045806,65.10219071380617
5031,Arkansas,Craighead,56.82102628285357,95.18304431599229,43.829516539440206,,92.14376590330787,71.99433826039848
5033,Arkansas,Crawford,43.38756779307468,93.44894026974951,91.06234096692113,,68.98854961832062,74.22184966201648
5035,Arkansas,Crittenden,47.26741760534001,89.33847141939627,5.820610687022901,,83.84223918575063,56.567184724377455
5037,Arkansas,Cross,49.56195244055069,70.39177906229929,12.5,,82.82442748091603,53.819539745941505
5039,Arkansas,Dallas,45.30663329161452,50.83493898522801,13.8676844783715,,24.236641221374043,33.56147449414702
5041,Arkansas,Desha,63.28744263662912,64.00128452151573,3.212468193384224,,70.73791348600508,50.30977720938354
5043,Arkansas,Drew,56.57071339173968,77.87411689145793,25.667938931297712,,82.3791348600509,60.62297601863655
5045,Arkansas,Faulkner,52.816020025031285,91.68272318561336,77.7671755725191,,48.05979643765903,67.58142880520569
5047,Arkansas,Franklin,46.93366708385482,86.44829800899167,82.5381679389313,,58.17430025445292,68.52360832155767
5049,Arkansas,Fulton,32.874426366291196,66.53821451509313,56.04325699745547,,0.0,38.86397446970995
5051,Arkansas,Garland,62.07759699624531,93.9306358381503,72.86895674300254,,0.0,57.21929739434954
5053,Arkansas,Grant,37.79724655819774,61.143224149004496,24.1412213740458,,18.956743002544528,35.50960877094814
5055,Arkansas,Greene,46.05757196495619,91.00834938985228,29.961832061068705,,90.36259541984732,64.34758720893112
5057,Arkansas,Hempstead,64.99791405924071,70.00642260757868,32.76081424936387,,61.164122137404576,57.23231826339696
5059,Arkansas,Hot Spring,53.35836462244472,77.55298651252409,55.24809160305344,,26.463104325699742,53.155636765930495
5061,Arkansas,Howard,56.904463913224866,60.211946050096344,45.67430025445292,,0.0,40.69767755444354
5063,Arkansas,Independence,50.68836045056321,76.39691714836223,70.48346055979644,,58.87404580152672,64.11069599006215
5065,Arkansas,Izard,41.05131414267834,60.7257546563905,62.054707379134854,,33.20610687022901,49.25947076210818
5067,Arkansas,Jackson,53.858990404672504,70.03853564547207,44.24300254452926,,88.42239185750637,64.14073011304504
5069,Arkansas,Jefferson,65.28994576554025,91.36159280667952,57.63358778625955,,62.945292620865146,69.30760474483611
5071,Arkansas,Johnson,36.37880684188569,79.31920359666024,67.39821882951654,,46.533078880407125,57.4073270371174
5073,Arkansas,Lafayette,63.07884856070088,49.614643545279385,21.62849872773537,,86.60941475826972,55.23285139799634
5075,Arkansas,Lawrence,50.27117229870671,77.10340398201669,35.655216284987276,,85.08269720101781,62.02812244168213
5077,Arkansas,Lee,50.73007926574885,62.65253692999357,7.315521628498728,,61.29134860050891,45.497371606187514
5079,Arkansas,Lincoln,57.65540258656654,65.70327552986512,16.730279898218832,,90.77608142493636,57.71625985989672
5081,Arkansas,Little River,42.803504380475594,57.89980732177264,37.88167938931298,,79.35750636132317,54.4856243632211
5083,Arkansas,Logan,44.931163954943685,73.37829158638407,71.56488549618321,,58.96946564885496,62.21095167159148
5085,Arkansas,Lonoke,52.85773884021694,85.00321130378934,52.19465648854962,,40.04452926208651,57.5250339736606
5087,Arkansas,Madison,45.51522736754276,77.58509955041747,71.2150127226463,,0.0,48.57883491015163
5089,Arkansas,Marion,32.7909887359199,61.04688503532434,64.98091603053436,,0.0,39.70469745044465
5091,Arkansas,Miller,51.35586149353358,87.1868978805395,64.28117048346056,,79.80279898218829,70.65668220993048
5093,Arkansas,Mississippi,52.98289528577388,93.19203596660245,11.673027989821882,,98.6323155216285,64.12006869095669
5095,Arkansas,Monroe,49.35335836462245,48.84393063583815,20.32442748091603,,50.540712468193384,42.2656072373925
5097,Arkansas,Montgomery,42.219440967876515,53.43609505459217,61.45038167938931,,0.0,39.2764794254645
5099,Arkansas,Nevada,56.94618272841051,55.362877328195246,29.48473282442748,,41.76208651399491,45.888969848757036
5101,Arkansas,Newton,17.688777638715063,37.12267180475273,50.98600508905853,,0.0,26.449363633131583
5103,Arkansas,Ouachita,56.15352523988319,76.6538214515093,28.498727735368956,,22.74173027989822,46.01195117666492
5105,Arkansas,Perry,34.96036712557363,55.61978163134233,55.05725190839694,,54.54834605597965,50.04643668032314
5107,Arkansas,Phillips,58.11430955360868,75.24084778420038,18.28880407124682,,75.09541984732824,56.68484531409604
5109,Arkansas,Pike,49.645390070921984,51.0597302504817,49.904580152671755,,38.645038167938935,47.3136846605036
5111,Arkansas,Poinsett,44.2636629119733,76.01156069364163,7.442748091603053,,89.09033078880407,54.202075621505514
5113,Arkansas,Polk,45.8072590738423,68.43288375080283,82.44274809160305,,0.0,49.17072272906205
5115,Arkansas,Pope,42.97037964121819,86.1271676300578,72.32824427480917,,51.87659033078881,63.325595469218484
5117,Arkansas,Prairie,49.60367125573634,51.38086062941555,20.419847328244277,,44.910941475826974,41.578830172305786
5119,Arkansas,Pulaski,71.75636211931581,95.85741811175336,71.81933842239185,,24.204834605597963,65.90948831476474
5121,Arkansas,Randolph,49.26992073425115,82.85163776493256,40.04452926208651,,65.17175572519083,59.33446087161526
5123,Arkansas,St. Francis,51.230705047976635,85.35645472061658,27.067430025445297,,83.01526717557252,61.66746424240276
5125,Arkansas,Saline,56.07008760951189,92.35709698137443,61.51399491094147,,25.41348600508906,58.838666376729215
5127,Arkansas,Scott,34.376303712974554,49.32562620423892,67.08015267175573,,0.0,37.695520647242304
5129,Arkansas,Searcy,17.229870671672927,36.86576750160565,67.970737913486,,0.0,30.516594021691148
5131,Arkansas,Sebastian,49.436795994993744,96.4354527938343,90.36259541984732,,38.42239185750636,68.66430901654543
5133,Arkansas,Sevier,54.06758448060075,66.40976236351959,58.0470737913486,,46.69211195928753,56.30413314868912
5135,Arkansas,Sharp,51.06382978723404,71.67630057803468,54.51653944020356,,30.407124681933844,51.915948621851534
5137,Arkansas,Stone,38.71506049228202,53.66088631984586,68.09796437659033,,31.424936386768447,47.974711893871664
5139,Arkansas,Union,59.44931163954944,84.39306358381504,27.92620865139949,,31.711195928753185,50.86994495087929
5141,Arkansas,Van Buren,36.337088026700044,61.5606936416185,75.19083969465649,,0.0,43.27215534074376
5143,Arkansas,Washington,54.401335002085936,99.35773924213228,94.05216284987277,,0.0,61.952809273522746
5145,Arkansas,White,54.60992907801418,88.37508028259474,79.38931297709924,,69.72010178117048,73.02360602971967
5147,Arkansas,Woodruff,49.77054651647893,46.885035324341686,11.60941475826972,,87.40458015267176,48.91739418794052
5149,Arkansas,Yell,48.226950354609926,72.35067437379577,68.19338422391857,,44.083969465648856,58.213744604493286
6001,California,Alameda,,97.55940912010277,97.70992366412212,86.0,85.94147582697201,91.80270215279923
6003,California,Alpine,,4.592164418754014,89.12213740458014,,0.0,31.23810060777805
6005,California,Amador,,77.32819524727039,98.12340966921121,,99.07760814249365,91.50973768632508
6007,California,Butte,,81.98458574181117,98.53689567430024,,99.65012722646308,93.3905362141915
6009,California,Calaveras,,84.10404624277457,99.45928753180662,,98.25063613231552,93.93798996896557
6011,California,Colusa,,65.38214515093128,89.09033078880407,,99.68193384223919,84.71813659399152
6013,California,Contra Costa,,98.26589595375722,97.58269720101781,66.0,94.62468193384224,89.11831877215431
6015,California,Del Norte,,14.932562620423893,85.65521628498728,42.4,40.01272264631043,45.7501253879304
6017,California,El Dorado,,67.98330122029544,99.71374045801527,,77.06743002544529,81.58815723458532
6019,California,Fresno,,97.94476557482338,98.441475826972,,100.0,98.79541380059845
6021,California,Glenn,,74.75915221579962,91.76208651399493,,99.45928753180662,88.66017542053373
6023,California,Humboldt,,47.2703917790623,95.51526717557253,87.8,78.53053435114504,77.27904832644496
6025,California,Imperial,22.31956612432207,93.96274887604368,76.04961832061069,,69.24300254452926,65.39373396637642
6027,California,Inyo,,97.81631342324985,83.68320610687023,,23.44147582697201,68.3136651190307
6029,California,Kern,,99.48619139370584,99.74554707379136,,94.529262086514,97.92033351800372
6031,California,Kings,,97.91265253692998,77.09923664122137,,99.74554707379136,91.58581208398091
6033,California,Lake,,52.633269107257554,99.10941475826972,,95.89694656488548,82.54654347680425
6035,California,Lassen,,24.213230571612073,97.48727735368956,,83.5559796437659,68.41882918968918
6037,California,Los Angeles,0.0,99.32562620423892,99.93638676844785,90.0,43.51145038167939,66.55469267087322
6039,California,Madera,,97.75208734746309,99.36386768447836,,99.93638676844785,99.01744726679642
6041,California,Marin,,74.63070006422608,94.56106870229009,97.2,51.62213740458015,79.50347654277408
6043,California,Mariposa,,98.42646114322417,99.01399491094149,,75.54071246819338,90.99372284078635
6045,California,Mendocino,,52.376364804110466,97.80534351145039,54.400000000000006,97.42366412213741,75.50134310942457
6047,California,Merced,,97.65574823378293,92.17557251908397,,99.90458015267176,96.57863363517954
6049,California,Modoc,,29.768786127167633,92.93893129770991,,96.50127226463104,73.0696632298362
6051,California,Mono,,23.410404624277454,91.15776081424936,,78.11704834605598,64.22840459486093
6053,California,Monterey,,95.82530507386,98.66412213740456,59.8,99.96819338422391,88.56440514887213
6055,California,Napa,,66.8272318561336,95.96055979643766,68.2,99.49109414758269,82.6197214500385
6057,California,Nevada,,57.80346820809249,99.42748091603053,,0.0,52.41031637470767
6059,California,Orange,0.0,97.20616570327552,99.80916030534353,92.0,32.66539440203562,64.33614408213093
6061,California,Placer,,68.75401412973667,98.69592875318067,,87.30916030534351,84.91970106275362
6063,California,Plumas,,27.071290944123316,98.6323155216285,,57.538167938931295,61.0805914682277
6065,California,Riverside,11.973299958281183,98.45857418111753,99.96819338422391,,55.6615776081425,66.51541128294129
6067,California,Sacramento,,96.11432241490044,95.92875318066157,0.0,99.36386768447836,72.85173582001009
6069,California,San Benito,,59.85870263326911,95.41984732824429,,97.04198473282445,84.10684489811261
6071,California,San Bernardino,0.0,98.36223506743738,99.90458015267176,,33.49236641221374,57.93979540808073
6073,California,San Diego,8.302044221944097,98.747591522158,100.0,72.8,59.4147582697201,67.85287880276444
6075,California,San Francisco,,93.8985228002569,28.65776081424936,62.0,69.30661577608143,63.46572484764692
6077,California,San Joaquin,,97.39884393063583,91.98473282442748,,99.87277353689569,96.418783430653
6079,California,San Luis Obispo,,78.74116891457932,98.31424936386767,50.0,99.61832061068702,81.66843472228351
6081,California,San Mateo,,91.5863840719332,92.01653944020357,91.8,92.08015267175573,91.87076904597313
6083,California,Santa Barbara,0.0,75.36929993577392,99.20483460559797,51.4,99.84096692111959,65.1630202924983
6085,California,Santa Clara,,98.58702633269107,97.39185750636133,88.8,99.20483460559797,95.9959296111626
6087,California,Santa Cruz,,86.60886319845858,97.32824427480917,49.2,99.42748091603053,83.14114709732456
6089,California,Shasta,,85.74181117533719,99.49109414758269,,76.08142493638677,87.10477675310221
6091,California,Sierra,,7.514450867052023,95.57888040712469,,35.94147582697201,46.344935700382905
6093,California,Siskiyou,,77.84200385356455,98.60050890585242,,98.91857506361325,91.7870292743434
6095,California,Solano,,76.97495183044317,94.49745547073792,82.8,99.30025445292621,88.39316543852682
6097,California,Sonoma,,88.82466281310212,98.21882951653944,68.60000000000001,99.33206106870229,88.74388834958596
6099,California,Stanislaus,,96.30700064226077,95.03816793893128,,99.80916030534353,97.05144296217854
6101,California,Sutter,,80.12202954399487,77.13104325699746,,99.55470737913485,85.60259339337573
6103,California,Tehama,,57.19332048811817,98.47328244274809,,98.79134860050893,84.81931717712506
6105,California,Trinity,,39.755940912010274,98.50508905852416,,0.0,46.08700999017814
6107,California,Tulare,,99.165061014772,97.96437659033079,,88.58142493638677,95.23695418049653
6109,California,Tuolumne,,89.04945407835582,99.33206106870229,,74.14122137404581,87.50757884036797
6111,California,Ventura,0.0,85.80603725112395,99.77735368956743,60.8,80.08905852417303,65.29448989297289
6113,California,Yolo,,78.61271676300578,86.95928753180662,,99.58651399491094,88.38617276324112
6115,California,Yuba,,54.078355812459854,96.81933842239184,,98.95038167938931,83.28269197141367
8001,Colorado,Adams,,76.9107257546564,80.94783715012723,,63.74045801526719,73.86634030668361
8003,Colorado,Alamosa,,15.157353885677583,62.27735368956743,,91.28498727735368,56.23989828419957
8005,Colorado,Arapahoe,,68.56133590237636,84.70101781170484,,44.56106870229007,65.9411408054571
8007,Colorado,Archuleta,,3.307642903018625,94.46564885496184,,30.852417302798983,42.87523635359315
8009,Colorado,Baca,,3.917790622992935,80.75699745547074,,96.94656488549616,60.54045098798662
8011,Colorado,Bent,,7.89980732177264,64.69465648854961,,66.88931297709924,46.49459226247384
8013,Colorado,Boulder,,60.40462427745664,97.86895674300254,,38.39058524173028,65.55472208739648
8014,Colorado,Broomfield,,30.50738599871548,72.36005089058524,,15.108142493638676,39.325193127646465
8015,Colorado,Chaffee,,7.771355170199101,71.69211195928753,,30.53435114503817,36.6659394248416
8017,Colorado,Cheyenne,,2.986512524084779,30.375318066157757,,74.17302798982189,35.84495286002147
8019,Colorado,Clear Creek,,0.0,93.9885496183206,,0.0,31.329516539440203
8021,Colorado,Conejos,,9.087989723827874,58.333333333333336,,75.44529262086515,47.62220522600878
8023,Colorado,Costilla,,5.812459858702633,73.1234096692112,,70.76972010178118,49.90186320989833
8025,Colorado,Crowley,,10.982658959537572,62.65903307888042,,37.97709923664122,37.20626375835307
8027,Colorado,Custer,,3.211303789338472,81.61577608142494,,32.50636132315521,39.11114706463954
8029,Colorado,Delta,,18.914579319203597,86.73664122137404,,68.92493638676844,58.192052309115354
8031,Colorado,Denver,,71.48362235067437,60.62340966921119,,21.4058524173028,51.17096147906279
8033,Colorado,Dolores,,5.973025048169557,79.77099236641223,,45.45165394402035,43.73189045286738
8035,Colorado,Douglas,,54.8490687219011,98.37786259541984,,34.478371501272264,62.56843427286441
8037,Colorado,Eagle,,0.0,75.50890585241731,,25.254452926208653,33.58778625954199
8039,Colorado,Elbert,,9.473346178548493,95.06997455470739,,34.28753180661578,46.27695084662389
8041,Colorado,El Paso,,77.74566473988439,99.26844783715013,,44.40203562340967,73.8053827334814
8043,Colorado,Fremont,,39.17790622992935,94.17938931297711,,39.18575063613232,57.51434872634626
8045,Colorado,Garfield,,36.41618497109826,90.96692111959288,,42.68447837150127,56.68919482073081
8047,Colorado,Gilpin,,0.0,87.5,,0.0,29.166666666666668
8049,Colorado,Grand,,0.0,78.53053435114504,,26.653944020356235,35.061492790500424
8051,Colorado,Gunnison,,2.344251766217084,70.19720101781171,,34.891857506361326,35.81110343013004
8053,Colorado,Hinsdale,,0.0,50.19083969465649,,0.0,16.73027989821883
8055,Colorado,Huerfano,,18.24020552344252,87.56361323155215,,29.961832061068705,45.255216938687795
8057,Colorado,Jackson,,0.0,23.982188295165393,,0.0,7.994062765055131
8059,Colorado,Jefferson,,71.03403982016698,99.52290076335876,,27.608142493638677,66.05502769238814
8061,Colorado,Kiowa,,2.890173410404624,51.24045801526719,,82.66539440203562,45.59867527590247
8063,Colorado,Kit Carson,,5.394990366088632,42.43002544529262,,37.24554707379134,28.35685429505753
8065,Colorado,Lake,,0.0,23.40966921119593,,0.0,7.803223070398643
8067,Colorado,La Plata,,6.422607578676944,97.55089058524173,,47.32824427480916,50.433914146242614
8069,Colorado,Larimer,,58.76685934489403,97.67811704834605,,47.391857506361326,67.94561129986714
8071,Colorado,Las Animas,,25.43352601156069,91.82569974554707,,49.17302798982188,55.47741791564321
8073,Colorado,Lincoln,,5.716120745022479,58.42875318066157,,63.48600508905853,42.54362633824753
8075,Colorado,Logan,,19.781631342324985,63.58142493638677,,89.75826972010178,57.707108666271175
8077,Colorado,Mesa,,59.34489402697495,89.94910941475827,,73.85496183206108,74.38298842459811
8079,Colorado,Mineral,,0.0,45.801526717557245,,0.0,15.267175572519081
8081,Colorado,Moffat,,1.894669235709698,87.46819338422391,,34.31933842239186,41.22740034744182
8083,Colorado,Montezuma,,25.626204238921,93.60687022900763,,72.6145038167939,63.94919276157418
8085,Colorado,Montrose,,15.703275529865124,78.56234096692113,,58.42875318066157,50.89812322581594
8087,Colorado,Morgan,,18.850353243416833,65.17175572519083,,24.96819338422392,36.3301007842772
8089,Colorado,Otero,,27.26396917148362,75.92239185750637,,89.3765903307888,64.1876504532596
8091,Colorado,Ouray,,1.734104046242774,71.85114503816794,,22.010178117048344,31.865142400486352
8093,Colorado,Park,,1.70199100834939,94.87913486005088,,0.0,32.193708622800095
8095,Colorado,Phillips,,7.064868336544637,31.520356234096692,,88.77226463104327,42.452496400561536
8097,Colorado,Pitkin,,0.0,76.59033078880407,,22.55089058524173,33.0470737913486
8099,Colorado,Prowers,,16.473988439306357,79.23027989821882,,95.54707379134861,63.750447376291255
8101,Colorado,Pueblo,,55.97302504816955,92.74809160305345,,58.778625954198475,69.16658086847383
8103,Colorado,Rio Blanco,,2.055234425176621,91.63486005089058,,34.66921119592875,42.78643522399866
8105,Colorado,Rio Grande,,15.189466923570972,63.61323155216285,,92.36641221374046,57.05637022982476
8107,Colorado,Routt,,0.0,80.50254452926208,,32.31552162849873,37.60602205258694
8109,Colorado,Saguache,,8.44572896596018,64.12213740458014,,83.68320610687023,52.08369082580352
8111,Colorado,San Juan,,0.0,33.61959287531807,,0.0,11.206530958439357
8113,Colorado,San Miguel,,7.161207450224791,80.1208651399491,,23.473282442748097,36.91845167764067
8115,Colorado,Sedgwick,,5.587668593448941,34.12849872773537,,87.8498727735369,42.522013364907075
8117,Colorado,Summit,,0.0,53.56234096692112,,0.0,17.854113655640372
8119,Colorado,Teller,,2.440590879897238,97.04198473282445,,0.0,33.160858537573894
8121,Colorado,Washington,,9.312780989081569,60.464376590330794,,46.56488549618321,38.780681025198525
8123,Colorado,Weld,,60.115606936416185,87.69083969465649,,38.07251908396945,61.95965523834737
8125,Colorado,Yuma,,6.069364161849711,60.17811704834607,,51.335877862595424,39.19445302426373
10001,Delaware,Kent,91.2807676261994,87.63648041104688,64.8854961832061,69.6,84.89185750636132,79.65892034536274
10003,Delaware,New Castle,88.44388819357532,95.31149646756585,60.55979643765903,83.8,83.96946564885496,82.41692934953103
10005,Delaware,Sussex,97.20483938256152,89.37058445728965,84.79643765903307,97.6,86.54580152671755,91.10353260512036
11001,District of Columbia,District of Columbia,96.03671255736336,99.19717405266539,26.208651399491096,74.0,0.0,59.08850760190396
12001,Florida,Alachua,96.70421360033377,86.28773281952473,95.1653944020356,0.0,41.25318066157761,63.882104296694344
12003,Florida,Baker,74.46808510638297,57.353885677585104,76.20865139949109,0.0,16.634860050890584,44.93309644686995
12005,Florida,Bay,98.66499791405924,84.29672447013488,75.69974554707379,77.2,17.111959287531807,70.59468544375994
12007,Florida,Bradford,87.56779307467669,47.88053949903661,80.78880407124683,0.0,17.748091603053435,46.79704564960271
12009,Florida,Brevard,99.70796829370046,85.51701991008349,97.16921119592877,82.0,48.98218829516539,82.67527753897562
12011,Florida,Broward,99.83312473925741,98.77970456005139,97.01017811704837,97.0,34.70101781170484,85.4648050456124
12013,Florida,Calhoun,89.11138923654568,42.32498394348105,59.63740458015267,21.2,49.204834605597966,52.295722473155465
12015,Florida,Charlotte,98.99874843554443,75.08028259473346,92.52544529262089,90.4,42.36641221374045,79.87417770732785
12017,Florida,Citrus,98.79015435961621,75.94733461785485,90.45801526717557,92.60000000000002,18.638676844783713,75.28683621788608
12019,Florida,Clay,89.77889027951606,82.53050738599872,82.85623409669213,56.99999999999999,17.8117048346056,65.9954673193625
12021,Florida,Collier,99.7496871088861,93.70584457289661,96.43765903307887,95.19999999999999,65.04452926208651,90.02754399538962
12023,Florida,Columbia,90.44639132248645,76.23635195889531,88.13613231552164,0.0,27.83078880407125,56.52993288019493
12027,Florida,DeSoto,96.24530663329162,48.33012202954399,84.54198473282443,33.4,68.09796437659033,66.12307555445007
12029,Florida,Dixie,87.10888610763455,36.51252408477841,72.93256997455471,73.6,21.087786259541986,58.24835328530194
12031,Florida,Duval,97.66374634960368,96.75658317276815,89.91730279898219,91.0,21.310432569974555,79.32961297826571
12033,Florida,Escambia,98.83187317480183,94.05908798972384,82.63358778625954,76.8,52.44910941475827,80.95473167310868
12035,Florida,Flagler,94.95202336253651,70.93770070648682,88.16793893129771,67.60000000000001,25.667938931297712,69.46512038632376
12037,Florida,Franklin,90.48811013767208,35.87026332691073,77.63994910941476,77.4,0.0,56.279664514799514
12039,Florida,Gadsden,91.44764288694202,67.69428387925498,79.6119592875318,,77.48091603053437,79.0587005210658
12041,Florida,Gilchrist,84.27200667501043,37.47591522157997,77.2264631043257,25.8,31.361323155216287,51.22714163122648
12043,Florida,Glades,87.60951188986232,30.443159922928707,87.65903307888041,0.0,57.410941475826974,52.62452927349968
12045,Florida,Gulf,93.4084272006675,39.017341040462426,74.20483460559797,61.6,13.39058524173028,56.32423761769163
12047,Florida,Hamilton,90.0709219858156,40.815671162491974,69.27480916030534,,38.48600508905852,59.661851849417864
12049,Florida,Hardee,91.36420525657071,34.296724470134876,82.8880407124682,0.0,62.65903307888042,54.24160070361084
12051,Florida,Hendry,94.24280350438048,54.01412973667309,93.28880407124684,25.6,83.42875318066157,70.1148980985924
12053,Florida,Hernando,96.078431372549,76.14001284521515,88.00890585241731,74.2,19.84732824427481,70.85493566289126
12055,Florida,Highlands,95.70296203587819,72.57546563904945,92.71628498727735,,73.1234096692112,83.52953058285404
12057,Florida,Hillsborough,99.29078014184397,97.0134874759152,95.67430025445293,92.4,83.04707379134861,93.48512833271215
12059,Florida,Holmes,91.48936170212765,41.971740526653825,32.220101781170484,0.0,44.62468193384224,42.06117718875883
12061,Florida,Indian River,99.16562369628703,63.10211946050096,88.19974554707379,69.0,63.040712468193384,76.50164023441103
12063,Florida,Jackson,94.32624113475178,68.52922286448297,49.80916030534351,,80.94783715012723,73.40311536367638
12065,Florida,Jefferson,86.7334167709637,44.669235709698135,71.34223918575063,39.4,30.025445292620866,54.434067391806664
12067,Florida,Lafayette,84.39716312056737,25.658317276814387,59.70101781170484,22.0,24.17302798982188,43.1859052397817
12069,Florida,Lake,94.99374217772215,79.8330122029544,95.99236641221374,35.4,34.987277353689564,68.24127962931598
12071,Florida,Lee,99.9165623696287,93.15992292870907,96.62849872773536,97.4,52.29007633587786,87.8790120723902
12073,Florida,Leon,97.12140175219024,91.87540141297367,90.04452926208651,23.4,28.62595419847328,66.21345732514473
12075,Florida,Levy,91.6145181476846,53.082851637764925,87.27735368956743,72.6,40.33078880407125,68.98110245581765
12077,Florida,Liberty,82.06090947017105,24.11689145793192,68.60687022900763,28.6,13.61323155216285,43.39958054185469
12079,Florida,Madison,90.57154776804339,44.829800899165065,63.45419847328244,,36.354961832061065,58.80262724313799
12081,Florida,Manatee,99.33249895702963,88.8567758509955,90.48982188295165,98.0,80.21628498727735,91.37907633565081
12083,Florida,Marion,97.83062161034627,90.49454078355812,96.75572519083968,24.6,43.320610687022906,70.6002996543534
12085,Florida,Martin,98.7067167292449,67.8548490687219,90.39440203562341,73.0,61.06870229007634,78.2049340247333
12086,Florida,Miami-Dade,99.95828118481434,99.26140012845217,96.85114503816794,99.6,79.10305343511449,94.95477595730979
12087,Florida,Monroe,97.99749687108884,65.79961464354528,61.895674300254456,98.8,0.0,64.89855716297771
12089,Florida,Nassau,88.36045056320401,71.77263969171483,86.51399491094148,75.8,16.253180661577606,67.74005316548758
12091,Florida,Okaloosa,98.08093450146016,88.76043673731535,75.73155216284987,62.6,20.928753180661577,69.2203353164574
12093,Florida,Okeechobee,93.53358364622444,46.46756583172768,89.85368956743001,0.0,48.60050890585242,55.69106959024691
12095,Florida,Orange,98.0392156862745,94.12331406551061,97.42366412213741,0.0,34.541984732824424,64.82563572134939
12097,Florida,Osceola,94.15936587400918,77.26396917148361,94.81552162849873,,43.35241730279898,77.39781849419762
12099,Florida,Palm Beach,99.87484355444305,98.20166987797046,95.32442748091603,93.4,94.11577608142494,96.1833433989509
12101,Florida,Pasco,98.12265331664581,90.07707129094413,95.38804071246821,90.8,19.147582697201017,78.70706960345183
12103,Florida,Pinellas,98.87359198998749,95.53628773281952,81.13867684478372,99.2,20.642493638676847,79.07821004125351
12105,Florida,Polk,98.49812265331664,93.60950545921645,96.97837150127225,,71.85114503816794,90.23428616299333
12107,Florida,Putnam,93.45014601585315,66.34553628773283,90.52162849872772,60.4,36.48218829516539,69.43989981949582
12109,Florida,St. Johns,93.70045890696704,82.24149004495825,89.40839694656488,89.0,34.06488549618321,77.68304627893467
12111,Florida,St. Lucie,99.20734251147269,80.18625561978163,86.64122137404581,65.2,64.7264631043257,79.19225652192516
12113,Florida,Santa Rosa,97.24655819774716,86.86576750160565,81.3295165394402,70.8,44.30661577608143,76.10969160297489
12115,Florida,Sarasota,99.54109303295786,89.75594091201027,93.25699745547074,93.60000000000002,37.340966921119595,82.6989996643117
12117,Florida,Seminole,94.65999165623698,77.77777777777779,92.33460559796438,0.0,18.06615776081425,56.567706558558676
12119,Florida,Sumter,95.82811848143513,72.76814386640976,92.30279898218829,,21.564885496183205,70.6159867065541
12121,Florida,Suwannee,93.36670838548184,58.317276814386645,81.87022900763358,0.0,35.36895674300254,53.78463419010093
12123,Florida,Taylor,92.69920734251149,53.1470777135517,81.42493638676844,76.6,15.776081424936386,63.92946057355359
12125,Florida,Union,81.47684605757196,36.64097623635196,73.85496183206108,0.0,18.76590330788804,42.14773748677461
12127,Florida,Volusia,98.45640383813101,85.45279383429671,96.27862595419847,85.0,32.37913486005089,79.51339169733542
12129,Florida,Wakulla,84.48060075093868,46.8529222864483,84.47837150127225,61.2,13.772264631043257,58.1568318339405
12131,Florida,Walton,97.37171464330413,69.39627488760436,75.66793893129771,62.2,22.964376590330794,65.5200610105074
12133,Florida,Washington,92.49061326658325,49.90366088631985,60.2735368956743,22.4,35.87786259541985,52.189134728799445
13001,Georgia,Appling,90.90529828952856,42.999357739242136,52.926208651399484,,76.04961832061069,65.72012075019522
13003,Georgia,Atkinson,78.09762202753441,21.226718047527296,43.416030534351144,,56.42493638676845,49.791326749045325
13005,Georgia,Bacon,84.35544430538174,33.42967244701349,56.583969465648856,,64.24936386768448,59.65461252143214
13007,Georgia,Baker,76.34543178973719,18.40077071290944,30.59796437659033,,68.95674300254453,48.57522747044537
13009,Georgia,Baldwin,68.33541927409262,73.3461785484907,66.92111959287533,,73.31424936386767,70.47924169483159
13011,Georgia,Banks,60.78431372549019,26.043673731535005,24.395674300254452,,54.834605597964384,41.51456683881101
13013,Georgia,Barrow,48.06007509386733,54.81695568400771,19.59287531806616,,0.0,30.6174765239853
13015,Georgia,Bartow,50.14601585314977,46.98137443802184,62.18193384223919,,52.894402035623415,53.05093154225855
13017,Georgia,Ben Hill,77.2215269086358,41.84328837508029,42.39821882951654,,61.48218829516539,55.736305602099506
13019,Georgia,Berrien,86.6499791405924,41.16891457931921,53.657760814249365,,59.95547073791349,60.35803131801861
13021,Georgia,Bibb,81.9357530246141,94.18754014129736,73.02798982188295,,42.970737913486005,73.0305052253201
13023,Georgia,Bleckley,73.80058406341261,80.08991650610147,48.98218829516539,,78.02162849872775,70.22357934085181
13025,Georgia,Brantley,83.1455986649979,39.65960179833012,67.77989821882952,20.200000000000003,39.47201017811705,50.051421772054915
13027,Georgia,Brooks,86.02419691280767,42.93513166345536,56.36132315521628,,55.62977099236641,60.23760568096143
13029,Georgia,Bryan,93.86733416770964,67.11624919717406,79.99363867684478,63.8,20.737913486005088,65.10302710554672
13031,Georgia,Bulloch,92.44889445139756,83.46178548490687,63.963104325699746,,83.26972010178118,80.78587609094633
13033,Georgia,Burke,81.14309553608679,65.3179190751445,59.732824427480914,,80.59796437659033,71.69795085382563
13035,Georgia,Butts,48.35210680016688,44.60500963391138,38.61323155216285,,53.912213740458014,46.37064043167478
13037,Georgia,Calhoun,78.72340425531915,25.59409120102762,29.325699745547073,,86.64122137404581,55.07110414398492
13039,Georgia,Camden,91.07217355027117,58.95953757225434,84.38295165394402,71.6,0.0,61.20293255529391
13043,Georgia,Candler,78.3479349186483,47.04560051380861,35.08269720101781,,59.66921119592875,55.036360957350865
13045,Georgia,Carroll,64.66416353775553,73.47463070006422,78.65776081424937,,0.0,54.19913876301728
13047,Georgia,Catoosa,46.97538589904046,41.90751445086705,37.53180661577608,,50.95419847328244,44.34222635974151
13049,Georgia,Charlton,88.02670004171883,46.082209377007075,72.16921119592875,18.4,19.46564885496183,48.8287538939233
13051,Georgia,Chatham,99.37421777221527,95.27938342967245,92.39821882951652,96.0,37.786259541984734,84.1676159146778
13053,Georgia,Chattahoochee,52.44055068836045,26.07578676942839,34.987277353689564,,22.391857506361323,33.97386807945993
13055,Georgia,Chattooga,51.77304964539007,28.098908156711627,54.293893129770986,,63.70865139949109,49.46862558284094
13057,Georgia,Cherokee,54.192740926157704,66.66666666666666,58.778625954198475,,0.0,44.90950838675571
13059,Georgia,Clarke,71.33917396745932,73.121387283237,25.636132315521625,,44.847328244274806,53.73600545262319
13061,Georgia,Clay,71.79808093450146,18.786127167630056,36.80025445292621,,75.95419847328245,50.83466525708504
13063,Georgia,Clayton,64.1218189403421,83.84714193962749,34.38295165394402,,0.0,45.5879781334784
13065,Georgia,Clinch,82.26950354609929,28.32369942196532,54.166666666666664,,50.89058524173028,53.912613719115384
13067,Georgia,Cobb,68.08510638297872,88.98522800256904,51.68575063613231,,0.0,52.189021255420016
13069,Georgia,Coffee,89.69545264914477,54.52793834296724,68.1615776081425,,80.6615776081425,73.26163655209925
13071,Georgia,Colquitt,90.86357947434293,61.68914579319203,68.98854961832062,,75.22264631043257,74.19098029907204
13073,Georgia,Columbia,79.68293700458908,75.27296082209376,65.235368956743,,27.035623409669213,61.80672254827377
13075,Georgia,Cook,86.23279098873591,38.118175979447656,45.64249363867685,,55.75699745547074,56.437614515582794
13077,Georgia,Coweta,61.702127659574465,70.19910083493899,47.646310432569976,,46.4058524173028,56.48834783609656
13079,Georgia,Crawford,58.53149770546517,39.56326268464997,44.211195928753185,,68.06615776081425,52.59302851992064
13081,Georgia,Crisp,80.39215686274511,58.83108542068079,61.06870229007634,,88.89949109414758,72.29785891691246
13083,Georgia,Dade,38.130997079682935,24.630700064226076,50.0,,45.5470737913486,39.5771927338144
13085,Georgia,Dawson,36.75427617855653,14.482980089916506,33.460559796437664,,39.408396946564885,31.026553252868894
13087,Georgia,Decatur,90.52982895285774,49.19717405266538,63.99491094147582,,73.75954198473282,69.37036398293294
13089,Georgia,DeKalb,72.63245723821443,92.48554913294798,43.734096692111954,,0.0,52.21302576581859
13091,Georgia,Dodge,79.72465581977471,70.10276172125883,60.846055979643765,,77.735368956743,72.10221061935508
13093,Georgia,Dooly,75.13558614935336,42.035966602440595,42.652671755725194,,90.55343511450383,62.594414905505744
13095,Georgia,Dougherty,89.36170212765957,76.17212588310855,70.41984732824427,,70.99236641221374,76.73651043780653
13097,Georgia,Douglas,53.44180225281602,58.70263326910727,43.06615776081425,,0.0,38.80264832068438
13099,Georgia,Early,87.40091781393409,36.095054592164416,49.93638676844784,,77.19465648854961,62.65675391577399
13101,Georgia,Echols,63.12056737588653,14.22607578676943,30.407124681933844,,29.548346055979646,34.32552847514236
13103,Georgia,Effingham,90.73842302878599,76.55748233782916,72.29643765903307,24.8,45.35623409669211,61.94971542446807
13105,Georgia,Elbert,72.21526908635795,74.14900449582531,41.12595419847328,,54.80279898218829,60.573256690711204
13107,Georgia,Emanuel,84.02169378389654,65.92806679511882,52.54452926208651,,76.74936386768448,69.8109134271966
13109,Georgia,Evans,82.72841051314143,46.692357096981375,47.96437659033079,,63.51781170483461,60.22573897632204
13111,Georgia,Fannin,58.74009178139341,6.005138086062941,76.27226463104327,,59.38295165394402,50.10011153811091
13113,Georgia,Fayette,58.82352941176471,56.90430314707772,34.160305343511446,,42.93893129770993,48.206767300015954
13115,Georgia,Floyd,63.53775552774301,63.744380218368654,74.36386768447836,,69.11577608142494,67.69044487800375
13117,Georgia,Forsyth,55.7363370880267,63.48747591522159,48.31424936386768,,0.0,41.88451559177899
13119,Georgia,Franklin,68.58573216520651,37.34746307000641,27.608142493638677,,41.28498727735369,43.70658125155133
13121,Georgia,Fulton,74.92699207342513,92.38921001926782,52.894402035623415,,0.0,55.05265103207909
13123,Georgia,Gilmer,59.616186900292035,7.032755298651253,71.27862595419847,,62.213740458015266,50.03532715278925
13125,Georgia,Glascock,56.44555694618273,21.419396274887603,29.866412213740457,,47.073791348600516,38.70128919585282
13127,Georgia,Glynn,95.86983729662077,81.0854206807964,92.1119592875318,89.60000000000002,14.599236641221374,74.65329078123406
13129,Georgia,Gordon,59.28243637880685,36.99421965317919,54.739185750636125,,98.69592875318067,62.42794263395071
13131,Georgia,Grady,88.06841885690446,51.12395632626846,62.72264631043257,,60.40076335877863,65.57894621309603
13133,Georgia,Greene,73.42511472674175,50.86705202312138,57.56997455470738,,53.021628498727736,58.720942450824566
13135,Georgia,Gwinnett,71.38089278264498,92.99935773924213,46.151399491094146,,55.97964376590331,66.62782344472113
13137,Georgia,Habersham,58.36462244472257,8.606294155427104,48.60050890585242,,34.82824427480916,37.59991744520281
13139,Georgia,Hall,66.87526074259492,66.37764932562621,50.445292620865146,,40.5852417302799,56.07086110484154
13141,Georgia,Hancock,62.11931581143095,43.54527938342967,54.07124681933843,,60.464376590330794,55.05005465113246
13143,Georgia,Haralson,54.48477263245723,35.228002569043035,69.40203562340967,,53.24427480916031,53.089771408517564
13145,Georgia,Harris,64.70588235294117,46.917148362235075,49.01399491094148,,50.50890585241731,52.78648286963376
13147,Georgia,Hart,73.34167709637046,54.72061657032755,23.18702290076336,,63.676844783715005,53.731540337794094
13149,Georgia,Heard,56.11180642469754,27.71355170199101,51.590330788804074,,53.53053435114504,47.23655581665941
13151,Georgia,Henry,64.37213183145599,76.6859344894027,43.034351145038165,,49.01399491094148,58.276603094209584
13153,Georgia,Houston,80.4755944931164,92.45343609505461,68.12977099236642,,67.36641221374046,77.10630344856948
13155,Georgia,Irwin,78.13934084272006,24.98394348105331,23.25063613231552,,62.27735368956743,47.16281853641408
13157,Georgia,Jackson,65.20650813516896,46.499678869621064,28.78498727735369,,59.12849872773537,49.90491825246977
13159,Georgia,Jasper,50.563204005006256,37.57225433526011,41.412213740458014,,53.30788804071247,45.71389003035922
13161,Georgia,Jeff Davis,83.85481852315394,40.944123314065514,50.12722646310432,,69.14758269720102,61.01843774938119
13163,Georgia,Jefferson,75.84480600750939,53.917790622992925,51.49491094147582,,87.75445292620864,67.2529901245467
13165,Georgia,Jenkins,75.2607425949103,44.47655748233783,32.06106870229007,,67.08015267175573,54.71963036282348
13167,Georgia,Johnson,68.5022945348352,48.77970456005138,45.51526717557252,,79.73918575063614,60.634113005273804
13169,Georgia,Jones,62.57822277847309,64.57931920359667,60.14631043256997,,46.342239185750635,58.41152290009759
13171,Georgia,Lamar,64.91447642886942,38.953114964675656,34.86005089058524,,52.2264631043257,47.738526347114004
13173,Georgia,Lanier,74.38464747601168,27.77777777777778,42.11195928753181,,41.539440203562336,46.453456186220905
13175,Georgia,Laurens,78.59824780976219,80.21836865767501,65.7442748091603,,84.63740458015268,77.29957396418754
13177,Georgia,Lee,74.80183562786817,43.32048811817599,60.20992366412214,,67.49363867684478,61.456471521752775
13179,Georgia,Liberty,96.87108886107636,74.40590879897239,76.11323155216286,51.2,15.489821882951654,62.81601021903266
13181,Georgia,Lincoln,54.52649144764289,22.22222222222222,38.963104325699746,,0.0,28.927954498891214
13183,Georgia,Long,78.93199833124739,43.28837508028259,61.00508905852418,20.0,17.36641221374046,44.11837493675892
13185,Georgia,Lowndes,91.15561118064247,77.42453436095055,72.51908396946563,,46.94656488549619,72.0114485991387
13187,Georgia,Lumpkin,43.05381727158949,14.450867052023122,45.99236641221374,,50.06361323155216,38.390165991844626
13189,Georgia,McDuffie,65.33166458072591,45.568400770712906,59.95547073791349,,52.00381679389313,55.71483822081136
13191,Georgia,McIntosh,94.70171047142262,49.80732177263969,87.1501272264631,70.19999999999999,0.0,60.37183189410507
13193,Georgia,Macon,80.26700041718814,53.46820809248555,43.225190839694655,,92.04834605597965,67.252186351337
13195,Georgia,Madison,69.33667083854819,43.73795761078998,29.739185750636132,,54.38931297709924,49.30078179426839
13197,Georgia,Marion,61.410095953274926,34.200385356454724,49.49109414758271,,71.2468193384224,54.08709869893369
13199,Georgia,Meriwether,53.7755527743012,42.51766217084136,44.6882951653944,,64.15394402035624,51.2838635327233
13201,Georgia,Miller,82.93700458906967,20.166987797045604,36.036895674300254,,64.91730279898219,51.01454771484943
13205,Georgia,Mitchell,89.82060909470171,48.36223506743738,56.07506361323155,,78.2442748091603,68.12554564613274
13207,Georgia,Monroe,64.24697538589903,56.84007707129094,53.37150127226463,,51.27226463104325,56.43270459012446
13209,Georgia,Montgomery,70.54651647893199,42.90301862556198,37.11832061068702,,63.26335877862596,53.45780362345174
13211,Georgia,Morgan,57.446808510638306,36.80154142581888,38.32697201017812,,57.15648854961832,47.432952624063404
13213,Georgia,Murray,52.77430120984564,28.96596017983301,53.276081424936386,,42.239185750636125,44.31388214131279
13215,Georgia,Muscogee,82.31122236128495,90.9762363519589,61.100508905852415,,26.049618320610683,65.10939648492673
13217,Georgia,Newton,54.3596161869003,61.20745022479126,40.426208651399484,,44.529262086513995,50.13063428740126
13219,Georgia,Oconee,58.61493533583646,39.53114964675659,25.89058524173028,,54.42111959287532,44.614447454299665
13221,Georgia,Oglethorpe,65.62369628702544,32.20937700706487,29.389312977099237,,62.88167938931297,47.52601641512563
13223,Georgia,Paulding,52.607425949103046,58.54206807964033,65.2671755725191,,36.76844783715013,53.29627935960315
13225,Georgia,Peach,70.75511055486025,66.69877970456005,56.329516539440206,,88.93129770992367,70.67867612719604
13227,Georgia,Pickens,41.25990821860659,16.82723185613359,59.82824427480916,,37.72264631043257,38.90950766499547
13229,Georgia,Pierce,84.52231956612432,37.98972382787411,69.0203562340967,,50.15903307888042,60.42285817674388
13231,Georgia,Pike,50.22945348352107,35.42068079640334,33.651399491094146,,51.20865139949109,42.62754629262741
13233,Georgia,Polk,61.66040884438882,41.49004495825305,71.50127226463104,,81.87022900763358,64.13048876872662
13235,Georgia,Pulaski,74.25949103045474,55.07385998715478,56.170483460559794,,82.60178117048346,67.0264039121632
13237,Georgia,Putnam,71.67292448894452,56.551059730250486,63.104325699745544,,83.58778625954199,68.72902404462064
13239,Georgia,Quitman,62.66166040884439,16.44187540141297,39.50381679389313,,91.412213740458,52.50489158615213
13241,Georgia,Rabun,61.57697121401752,2.280025690430315,64.05852417302799,,33.61959287531807,40.38377848819847
13243,Georgia,Randolph,76.09511889862328,25.786769428387924,37.56361323155216,,86.95928753180662,56.6011972725925
13245,Georgia,Richmond,89.15310805173134,91.1689145793192,67.1119592875318,,32.12468193384224,69.88966596310614
13247,Georgia,Rockdale,53.94242803504381,56.58317276814386,35.87786259541985,,0.0,36.60086584965188
13249,Georgia,Schley,51.64789319983313,19.460500963391137,21.787531806615775,,45.19720101781171,34.523281746912936
13251,Georgia,Screven,89.44513975803086,61.27167630057803,54.198473282442755,0.0,80.37531806615776,57.05812148144188
13253,Georgia,Seminole,85.06466416353776,23.731535003211302,35.973282442748086,,58.206106870229014,50.74389711993154
13255,Georgia,Spalding,56.32040050062577,55.33076429030186,37.913486005089055,,48.6323155216285,49.549241579411294
13257,Georgia,Stephens,59.78306216103462,30.892742453436096,37.02290076335878,,22.932569974554703,37.65781883809605
13259,Georgia,Stewart,60.492282019190654,31.567116249197177,43.89312977099237,,56.202290076335885,48.038704528929024
13261,Georgia,Sumter,80.93450146015854,68.94669235709698,64.50381679389314,,95.51526717557253,77.4750694466803
13263,Georgia,Talbot,53.56695869837298,28.163134232498393,40.458015267175576,,41.698473282442755,40.971645370122424
13265,Georgia,Taliaferro,57.488527325823945,16.538214515093127,18.3206106870229,,27.417302798982192,29.941163831730538
13267,Georgia,Tattnall,93.95077179808092,63.29479768786127,63.072519083969475,,89.40839694656488,77.43162137911914
13269,Georgia,Taylor,67.16729244889446,41.00834938985228,47.99618320610687,,78.65776081424937,58.70739646477575
13271,Georgia,Telfair,80.64246975385899,56.80796403339756,45.29262086513995,,54.898218829516544,59.41031837047826
13273,Georgia,Terrell,73.50855235711306,28.933847141939633,41.50763358778626,,84.35114503816794,57.07529453125173
13275,Georgia,Thomas,91.8648310387985,61.01477199743096,71.2468193384224,,53.78498727735369,69.47785241300139
13277,Georgia,Tift,86.44138506466416,52.312138728323696,55.69338422391857,,67.43002544529261,65.46923336554977
13279,Georgia,Toombs,84.14685022945349,64.32241490044959,53.53053435114504,,77.44910941475827,69.86222722395159
13281,Georgia,Towns,49.97914059240717,4.784842646114322,53.7531806615776,,40.99872773536896,37.37897290886701
13283,Georgia,Treutlen,67.2924488944514,33.68657675016056,26.463104325699742,,52.06743002544529,44.87738999893925
13285,Georgia,Troup,75.63621193158116,69.29993577392422,58.93765903307888,,0.0,50.96845168464607
13287,Georgia,Turner,76.30371297455152,28.38792549775209,39.63104325699746,,68.25699745547074,53.14491979619295
13289,Georgia,Twiggs,60.075093867334175,70.55234425176621,58.17430025445292,,71.4058524173028,65.05189769771403
13291,Georgia,Union,56.23696287025448,6.647398843930636,71.88295165394402,,56.170483460559794,47.73444920717223
13293,Georgia,Upson,64.16353775552774,50.77071290944123,41.57124681933841,,51.55852417302798,52.01600541433385
13295,Georgia,Walker,52.649144764288685,60.950545921644185,60.87786259541985,,68.70229007633588,60.79496083942215
13297,Georgia,Walton,55.61118064246974,60.854206807964026,35.909669211195926,,51.49491094147582,50.96749190077638
13299,Georgia,Ware,87.73466833541926,60.01926782273603,73.72773536895673,,48.02798982188295,67.37741533724873
13301,Georgia,Warren,61.91072173550272,33.36544637122672,41.634860050890595,,47.48727735368957,46.0995763778274
13303,Georgia,Washington,73.71714643304131,60.69364161849711,53.81679389312977,,87.43638676844785,68.91599217827901
13305,Georgia,Wayne,88.90279516061744,54.65639049454079,61.73664122137404,19.8,42.11195928753181,53.44155723281282
13307,Georgia,Webster,64.03838130997079,18.88246628131021,29.00763358778626,,81.52035623409668,48.362209353290986
13309,Georgia,Wheeler,72.29870671672924,47.07771355170199,34.00127226463104,,45.960559796437664,49.834563082374984
13311,Georgia,White,58.32290362953693,13.904945407835582,50.92239185750637,,41.79389312977099,41.23603350616247
13313,Georgia,Whitfield,60.6174384647476,49.64675658317277,58.01526717557252,,36.83206106870229,51.27788082304879
13315,Georgia,Wilcox,77.30496453900709,44.9582530507386,39.98091603053435,,80.24809160305344,60.62305630583337
13317,Georgia,Wilkes,73.04964539007092,43.09569685292229,34.70101781170484,,64.31297709923665,53.789834288483675
13319,Georgia,Wilkinson,63.20400500625782,45.11881824020552,41.88931297709924,,63.104325699745544,53.329115480827035
13321,Georgia,Worth,80.51731330830204,43.60950545921644,53.40330788804071,,88.80407124681933,66.58354947559462
15001,Hawaii,Hawaii,68.25198164372132,0.0,98.2824427480916,50.8,27.63994910941476,48.994874700245546
15003,Hawaii,Honolulu,73.29995828118481,0.0,98.98218829516541,75.6,13.486005089058525,52.27363033308175
15005,Hawaii,Kalawao,10.387984981226534,0.0,19.370229007633593,18.2,0.0,9.591642797772025
15007,Hawaii,Kauai,64.87275761368377,0.0,93.06615776081425,49.8,26.3676844783715,46.82131997057391
15009,Hawaii,Maui,69.50354609929079,0.0,95.26081424936386,54.0,19.306615776081426,47.61419522494721
16001,Idaho,Ada,,92.90301862556196,98.25063613231552,,14.567430025445294,68.57369492777426
16003,Idaho,Adams,,18.2723185613359,96.72391857506362,,13.16793893129771,42.72139202256574
16005,Idaho,Bannock,,78.9980732177264,96.91475826972008,,16.221374045801525,64.04473517774933
16007,Idaho,Bear Lake,,5.491329479768786,78.37150127226464,,15.394402035623408,33.085744262552275
16009,Idaho,Benewah,,27.007064868336546,74.77735368956743,,14.249363867684478,38.67792747519615
16011,Idaho,Bingham,,85.99871547848427,83.5559796437659,,26.78117048346056,65.44528853523691
16013,Idaho,Blaine,,64.29030186255619,93.8295165394402,,15.648854961832065,57.922891121276145
16015,Idaho,Boise,,14.868336544637122,97.2328244274809,,12.404580152671755,41.50191370826326
16017,Idaho,Bonner,,53.88567758509954,82.69720101781171,,13.42239185750636,50.00175682013921
16019,Idaho,Bonneville,,81.24598587026333,90.33078880407125,,19.40203562340967,63.659603432581406
16021,Idaho,Boundary,,30.92485549132948,80.6615776081425,,15.171755725190838,42.25272960822094
16023,Idaho,Butte,,27.745664739884393,55.50254452926209,,18.225190839694655,33.82446670294704
16025,Idaho,Camas,,8.574181117533719,80.82061068702289,,15.426208651399492,34.940333485318696
16027,Idaho,Canyon,,89.46692357096981,92.49363867684478,,20.896946564885496,67.61916960423336
16029,Idaho,Caribou,,9.055876685934487,80.97964376590332,,18.00254452926209,36.012688327033295
16031,Idaho,Cassia,,56.64739884393064,94.6882951653944,,25.19083969465649,58.842177901327176
16033,Idaho,Clark,,4.881181759794476,64.66284987277355,,16.125954198473284,28.556661943680435
16035,Idaho,Clearwater,,27.45664739884393,96.4058524173028,,13.263358778625957,45.7086195315909
16037,Idaho,Custer,,20.520231213872833,87.02290076335878,,15.044529262086517,40.862553746439374
16039,Idaho,Elmore,,58.73474630700064,97.64631043256996,,18.03435114503817,58.13846929486959
16041,Idaho,Franklin,,26.557482337829157,78.7849872773537,,16.50763358778626,40.61670106765637
16043,Idaho,Fremont,,29.447655748233785,87.08651399491094,,19.274809160305345,45.26965963448336
16045,Idaho,Gem,,44.25176621708414,96.50127226463104,,13.199745547073793,51.31759467626299
16047,Idaho,Gooding,,56.165703275529864,95.29262086513997,,20.865139949109416,57.44115469659309
16049,Idaho,Idaho,,37.89338471419397,98.72773536895673,,14.949109414758269,50.52340983263631
16051,Idaho,Jefferson,,79.12652536929994,62.5,,22.169211195928753,54.598578855076234
16053,Idaho,Jerome,,72.9287090558767,90.235368956743,,24.10941475826972,62.424497590296475
16055,Idaho,Kootenai,,83.10854206807964,79.51653944020356,,14.026717557251908,58.88393302184503
16057,Idaho,Latah,,51.252408477842,92.08015267175573,,15.998727735368956,53.11042962832223
16059,Idaho,Lemhi,,12.491971740526656,93.19338422391856,,14.376590330788805,40.020648765078
16061,Idaho,Lewis,,19.332048811817597,85.94147582697201,,15.330788804071249,40.201437814286955
16063,Idaho,Lincoln,,40.17341040462428,92.04834605597965,,18.575063613231553,50.26560669127849
16065,Idaho,Madison,,77.00706486833656,70.26081424936386,,21.278625954198475,56.18216835729964
16067,Idaho,Minidoka,,71.74052665382146,55.34351145038168,,26.017811704834603,51.03394993634592
16069,Idaho,Nez Perce,,56.06936416184971,89.34478371501272,,15.553435114503817,53.65586099712209
16071,Idaho,Oneida,,17.084136159280668,81.20229007633588,,15.458015267175574,37.91481383426404
16073,Idaho,Owyhee,,48.20166987797045,95.80152671755725,,20.0381679389313,54.68045484481967
16075,Idaho,Payette,,48.522800256904304,89.98091603053437,,14.790076335877863,51.09793087443885
16077,Idaho,Power,,40.65510597302504,88.99491094147582,,24.36386768447837,51.337961532993084
16079,Idaho,Shoshone,,30.635838150289015,69.62468193384224,,12.372773536895677,37.54443120700898
16081,Idaho,Teton,,9.698137443802183,90.87150127226464,,15.871501272264632,38.81371332944382
16083,Idaho,Twin Falls,,82.65895953757226,93.95674300254453,,23.314249363867685,66.64331730132815
16085,Idaho,Valley,,17.565831727681438,97.45547073791349,,12.818066157760812,42.61312287445191
16087,Idaho,Washington,,38.34296724470135,95.61068702290076,,14.185750636132315,49.37980163457814
17001,Illinois,Adams,23.946599916562366,91.23314065510596,5.216284987277354,,84.06488549618322,51.11522776378222
17003,Illinois,Alexander,20.734251147267415,50.224791265253685,2.131043256997455,,70.86513994910942,35.988806404657
17005,Illinois,Bond,21.234876929495204,65.9601798330122,7.506361323155216,,53.43511450381679,37.03413314736986
17007,Illinois,Boone,8.844388819357532,46.82080924855491,8.301526717557252,,49.459287531806616,28.356503079319076
17009,Illinois,Brown,9.136420525657073,62.55619781631342,0.22264631043257,,54.93002544529262,31.71132252442392
17011,Illinois,Bureau,25.114726741760535,48.16955684007707,13.040712468193384,,94.59287531806616,45.22946784202429
17013,Illinois,Calhoun,7.55110554860242,59.60179833012202,0.572519083969466,,38.32697201017812,26.51309874321801
17015,Illinois,Carroll,12.05673758865248,35.966602440590876,13.072519083969466,,84.764631043257,36.46512253911746
17017,Illinois,Cass,15.602836879432624,64.83622350674374,0.286259541984733,,84.12849872773536,41.21345466397412
17019,Illinois,Champaign,48.93617021276596,89.14579319203597,16.157760814249365,,95.45165394402035,62.42284454076791
17021,Illinois,Christian,32.040050062578224,68.17597944765575,9.033078880407125,,91.2531806615776,50.12557226305467
17023,Illinois,Clark,39.96662494785148,52.79383429672448,8.110687022900763,,79.03944020356234,44.97764661775976
17025,Illinois,Clay,37.29662077596996,62.10661528580603,5.279898218829516,,90.235368956743,48.72962580933713
17027,Illinois,Clinton,33.249895702962036,77.23185613359024,7.919847328244274,,59.98727735368957,44.59721912962153
17029,Illinois,Coles,38.881935753024614,70.74502247912653,9.541984732824428,,89.2175572519084,52.09662505422099
17031,Illinois,Cook,48.894451397580305,99.83943481053309,55.78880407124682,44.0,25.731552162849873,54.850848488442026
17033,Illinois,Crawford,24.822695035460992,55.42710340398202,1.972010178117048,,71.72391857506362,38.48643179815592
17035,Illinois,Cumberland,32.957863996662496,43.93063583815029,4.675572519083969,,86.57760814249363,42.0354201240976
17037,Illinois,DeKalb,19.649561952440553,58.991650610147715,6.424936386768448,,74.74554707379136,39.95292400578702
17039,Illinois,De Witt,19.27409261576971,48.1053307642903,2.099236641221374,,81.71119592875317,37.79746398750864
17041,Illinois,Douglas,39.17396745932415,53.53243416827232,4.198473282442748,,89.28117048346056,46.54651134837495
17043,Illinois,DuPage,25.073007926574885,93.32048811817599,33.74681933842239,,23.21882951653944,43.839786224928176
17045,Illinois,Edgar,42.59491030454734,59.44123314065511,10.019083969465647,,86.45038167938931,49.626402273514344
17047,Illinois,Edwards,22.9453483521068,48.97238278741169,0.763358778625954,,91.60305343511449,41.071035838314735
17049,Illinois,Effingham,40.25865665415102,66.85934489402698,10.877862595419847,,87.18193384223919,51.29444949645926
17051,Illinois,Fayette,42.34459741343346,70.90558766859345,15.807888040712466,,73.72773536895673,50.69645212292403
17053,Illinois,Ford,15.185648727576137,31.34232498394348,1.78117048346056,,54.198473282442755,25.626904369355735
17055,Illinois,Franklin,45.59866499791406,87.37957610789981,5.756997455470738,,58.23791348600509,49.24328801182242
17057,Illinois,Fulton,23.779724655819777,76.71804752729608,4.930025445292621,,65.83969465648855,42.81687307122426
17059,Illinois,Gallatin,35.71130579891531,71.6441875401413,1.208651399491094,,71.56488549618321,45.03225755868273
17061,Illinois,Greene,18.314559866499792,61.849710982658955,0.254452926208651,,68.44783715012723,37.21664023137366
17063,Illinois,Grundy,9.386733416770964,45.857418111753375,15.680661577608143,,37.27735368956743,27.05054169892498
17065,Illinois,Hamilton,27.8264497288277,44.05908798972382,1.145038167938931,,52.735368956743,31.441486210808364
17067,Illinois,Hancock,24.780976220275345,80.44315992292871,1.431297709923664,,84.0966921119593,47.68803149127176
17069,Illinois,Hardin,25.23988318731748,34.48940269749518,5.343511450381679,,46.46946564885496,27.885565746012325
17071,Illinois,Henderson,13.558614935335836,52.15157353885678,1.653944020356234,,80.27989821882952,36.91100767834459
17073,Illinois,Henry,19.31581143095536,70.23121387283237,7.124681933842239,,90.5852417302799,46.814237241977466
17075,Illinois,Iroquois,30.579891531080516,43.99486191393706,3.530534351145039,,22.58269720101781,25.171996249295105
17077,Illinois,Jackson,43.34584897788903,90.68721901091843,11.450381679389311,,59.223918575063614,51.1768420608151
17079,Illinois,Jasper,32.41551939924906,37.21901091843288,2.353689567430025,,84.51017811704835,39.12459950054008
17081,Illinois,Jefferson,39.13224864413851,81.27809890815672,9.701017811704835,,58.301526717557245,47.10322302038933
17083,Illinois,Jersey,8.802670004171882,79.28709055876686,0.477099236641221,,45.51526717557252,33.520531743788126
17085,Illinois,Jo Daviess,16.437213183145598,48.683365446371226,21.469465648854964,,68.19338422391857,38.69585712557259
17087,Illinois,Johnson,38.08927826449729,68.85035324341683,11.259541984732824,,52.54452926208651,42.68592568868337
17089,Illinois,Kane,21.151439299123904,90.01284521515736,32.729007633587784,,65.71246819338423,52.40144008531331
17091,Illinois,Kankakee,27.242386316228615,77.68143866409763,20.260814249363868,,42.87531806615776,42.01498932396197
17093,Illinois,Kendall,9.929078014184398,61.881824020552344,14.249363867684478,,45.61068702290076,32.917738231330496
17095,Illinois,Knox,22.069253233208176,80.28259473346179,1.11323155216285,,74.30025445292621,44.441333492939755
17097,Illinois,Lake,18.231122236128495,92.51766217084136,44.94274809160305,29.799999999999997,40.776081424936386,45.25352278470186
17099,Illinois,LaSalle,30.287859824780977,69.68529222864484,21.278625954198475,,87.97709923664122,52.307219311066376
17101,Illinois,Lawrence,22.110972048393823,57.257546563904945,0.540712468193384,,85.84605597964376,41.43882176503398
17103,Illinois,Lee,15.68627450980392,31.856133590237633,9.446564885496183,,79.58015267175573,34.142281414323364
17105,Illinois,Livingston,25.740508969545267,49.10083493898523,2.576335877862595,,73.25063613231552,37.66707897967715
17107,Illinois,Logan,24.86441385064664,74.95183044315993,1.494910941475827,,92.43002544529261,48.43529517014375
17109,Illinois,McDonough,20.10846891948269,82.20937700706486,0.858778625954199,,83.49236641221374,46.66724774117887
17111,Illinois,McHenry,10.304547350855236,75.49775208734748,31.615776081424933,,59.16030534351145,44.144595215784776
17113,Illinois,McLean,32.45723821443471,85.22800256904303,8.874045801526718,,93.03435114503817,54.89840943251066
17115,Illinois,Macon,37.08802670004172,90.26974951830445,21.151399491094143,,87.5,59.00229392736008
17117,Illinois,Macoupin,24.447225698790152,91.45793192035968,9.287531806615776,,67.27099236641222,48.115920448044456
17119,Illinois,Madison,32.66583229036296,98.00899165061014,14.75826972010178,,63.19974554707379,52.15820980203718
17121,Illinois,Marion,40.59240717563621,83.26910725754657,15.458015267175574,,64.44020356234097,50.93993331567483
17123,Illinois,Marshall,13.975803087192324,34.77842003853564,4.389312977099237,,82.72900763358777,33.96813593410374
17125,Illinois,Mason,23.19566124322069,57.38599871547848,1.622137404580153,,86.92748091603053,42.28281956982747
17127,Illinois,Massac,31.622861910721735,72.80025690430315,7.633587786259542,,76.97201017811705,47.257179194850366
17129,Illinois,Menard,16.520650813516895,60.05138086062941,3.594147582697201,,78.5941475826972,39.69008170988518
17131,Illinois,Mercer,11.305798915310806,48.49068721901092,1.081424936386768,,71.53307888040712,33.1027474877789
17133,Illinois,Monroe,17.02127659574468,87.57225433526011,1.908396946564886,,41.12595419847328,36.90697051901074
17135,Illinois,Montgomery,42.136003337505215,79.4155427103404,13.64503816793893,,79.93002544529261,53.78165241526929
17137,Illinois,Morgan,21.944096787651233,83.36544637122671,1.844783715012722,,92.87531806615776,50.00741123501211
17139,Illinois,Moultrie,33.66708385481852,55.84457289659601,4.325699745547073,,88.70865139949109,45.63650197411317
17141,Illinois,Ogle,13.642052565707132,41.74694926140013,11.418575063613233,,75.76335877862596,35.642733917336614
17143,Illinois,Peoria,30.705047976637463,92.8709055876686,9.79643765903308,,85.43256997455471,54.70124029947347
17145,Illinois,Perry,40.50896954526492,78.90173410404624,3.848600508905852,,58.11068702290076,45.34249779527944
17147,Illinois,Piatt,22.02753441802253,42.48554913294797,3.975826972010178,,87.05470737913485,38.88590447552889
17149,Illinois,Pike,24.90613266583229,77.19974309569685,0.954198473282443,,81.80661577608143,46.216672502723256
17151,Illinois,Pope,25.865665415102217,34.0398201669878,8.174300254452927,,50.604325699745544,29.671027884072124
17153,Illinois,Pulaski,28.57738840216938,50.57803468208093,0.699745547073791,,73.40966921119593,38.316209460630006
17155,Illinois,Putnam,8.51063829787234,19.396274887604367,4.357506361323155,,62.75445292620865,23.75471811825213
17157,Illinois,Randolph,44.388819357530245,89.24213230571611,6.23409669211196,,57.283715012722645,49.28719084202024
17159,Illinois,Richland,38.67334167709637,64.12973667308928,2.735368956743003,,77.25826972010178,45.6991792567576
17161,Illinois,Rock Island,13.76720901126408,93.35260115606935,8.71501272264631,,70.48346055979644,46.579570862444044
17163,Illinois,St. Clair,34.87692949520233,98.13744380218368,15.076335877862595,,61.41857506361323,52.377321059715456
17165,Illinois,Saline,43.51272423863161,78.45215157353884,8.555979643765903,,67.01653944020356,49.38434872403498
17167,Illinois,Sangamon,41.42678347934919,96.2106615285806,18.79770992366412,,95.92875318066157,63.09097702806387
17169,Illinois,Schuyler,15.519399249061328,55.10597302504818,0.349872773536896,,61.51399491094147,33.12230998964697
17171,Illinois,Scott,9.219858156028367,35.131663455362876,0.095419847328244,,71.5966921119593,29.0109083926697
17173,Illinois,Shelby,40.67584480600751,56.32626846499679,12.563613231552162,,93.41603053435117,50.74543925922691
17175,Illinois,Stark,10.471422611597832,22.60757867694284,0.826972010178117,,78.91221374045801,28.2045467597942
17177,Illinois,Stephenson,15.060492282019192,63.712267180475266,26.97201017811705,,81.04325699745547,46.697006659516745
17179,Illinois,Tazewell,28.11848143512724,86.06294155427103,7.951653944020356,,84.66921119592875,51.700572032336844
17181,Illinois,Union,36.1284939507718,84.13615928066795,9.223918575063614,,60.846055979643765,47.58365694653678
17183,Illinois,Vermilion,46.22444722569879,79.09441233140655,22.678117048346056,,87.11832061068702,58.7788243040346
17185,Illinois,Wabash,15.936587400917816,54.495825305073865,0.44529262086514,,68.35241730279898,34.80753065741395
17187,Illinois,Warren,17.480183562786817,65.76750160565189,0.190839694656489,,81.90203562340967,41.33514012162622
17189,Illinois,Washington,38.75677930746767,90.17341040462429,3.880407124681934,,66.6030534351145,49.8534125679721
17191,Illinois,Wayne,36.46224447225699,86.41618497109826,1.463104325699746,,70.57888040712467,48.73010354404492
17193,Illinois,White,35.62786816854401,65.73538856775852,2.2264631043257,,67.6208651399491,42.80264624514433
17195,Illinois,Whiteside,18.35627868168544,50.19267822736031,14.122137404580156,,86.76844783715013,42.35988553769401
17197,Illinois,Will,26.24113475177305,95.50417469492612,56.234096692111954,,38.104325699745544,54.02093295963917
17199,Illinois,Williamson,44.51397580308719,90.71933204881182,14.185750636132315,,54.230279898218825,50.912334596562545
17201,Illinois,Winnebago,20.02503128911139,85.26011560693641,32.66539440203562,,57.88804071246819,48.9596455026379
17203,Illinois,Woodford,16.10346266166041,49.421965317919074,3.339694656488549,,70.22900763358778,34.77353256741395
18001,Indiana,Adams,39.84146850229454,65.44637122671804,10.400763358778626,,0.0,28.9221507719478
18003,Indiana,Allen,43.80475594493116,72.4791265253693,39.12213740458015,,57.029262086513995,53.10882049034865
18005,Indiana,Bartholomew,21.443471005423444,60.78998073217726,26.11323155216285,,50.413486005089055,39.69004232371315
18007,Indiana,Benton,23.48769294952023,22.254335260115607,1.176844783715013,,0.0,11.729718248337711
18009,Indiana,Blackford,21.360033375052147,36.3519588953115,2.544529262086514,,29.930025445292618,22.546636744435695
18011,Indiana,Boone,14.14267834793492,55.940912010276165,6.997455470737914,,57.347328244274806,33.60709351830595
18013,Indiana,Brown,7.092198581560284,33.04431599229287,8.269720101781171,,20.610687022900763,17.25423042463377
18015,Indiana,Carroll,29.954109303295784,36.31984585741811,7.15648854961832,,59.891857506361326,33.33057530417339
18017,Indiana,Cass,33.75052148518982,63.32691072575466,11.068702290076336,,69.08396946564885,44.30752599166742
18019,Indiana,Clark,14.643304130162704,59.53757225433526,20.674300254452927,,40.235368956743,33.772636398923474
18021,Indiana,Clay,18.39799749687109,49.454078355812456,6.838422391857506,,57.601781170483456,33.073069853756124
18023,Indiana,Clinton,25.365039632874424,48.90815671162492,5.502544529262086,,64.94910941475827,36.18121257212992
18025,Indiana,Crawford,12.76595744680851,43.802183686576754,8.460559796437659,,27.2264631043257,23.06379100853716
18027,Indiana,Daviess,30.329578639966627,66.28131021194605,22.391857506361323,,75.15903307888041,48.5404448592886
18029,Indiana,Dearborn,8.260325406758447,35.80603725112395,12.27735368956743,,25.986005089058523,20.582430359127088
18031,Indiana,Decatur,18.89862327909887,20.84136159280668,6.806615776081425,,42.74809160305343,22.3236730627601
18033,Indiana,DeKalb,21.568627450980394,25.176621708413617,11.991094147582697,,57.82442748091603,29.140192696973184
18035,Indiana,Delaware,31.78973717146433,35.45279383429673,21.81933842239186,,43.89312977099237,33.238749799786326
18037,Indiana,Dubois,31.581143095536085,63.51958895311497,16.762086513994912,,61.100508905852415,43.2408318671246
18039,Indiana,Elkhart,47.100542344597415,72.86448298008992,32.88804071246819,,47.105597964376585,49.989666000383025
18041,Indiana,Fayette,13.934084272006675,26.589595375722546,4.580152671755725,,33.460559796437664,19.641098028980654
18043,Indiana,Floyd,9.803921568627452,61.23956326268465,19.274809160305345,,24.84096692111959,28.78981522818426
18045,Indiana,Fountain,29.07801418439716,37.73281952472704,6.488549618320611,,62.5,33.9498458318612
18047,Indiana,Franklin,10.638297872340424,23.92421323057161,14.853689567430026,,39.69465648854962,22.27771428972292
18049,Indiana,Fulton,32.49895702962036,37.63648041104688,5.375318066157761,,70.10178117048346,36.40313416932712
18051,Indiana,Gibson,27.993324989570297,68.81824020552344,6.170483460559796,,95.76972010178118,49.68794218935868
18053,Indiana,Grant,32.248644138506464,76.58959537572254,15.648854961832065,,62.59541984732826,46.77062858084733
18055,Indiana,Greene,25.698790154359617,59.6660244059088,8.396946564885496,,57.31552162849872,37.76932068841316
18057,Indiana,Hamilton,25.615352523988317,85.96660244059088,20.29262086513995,,51.463104325699746,45.83442003885472
18059,Indiana,Hancock,14.559866499791404,45.664739884393065,4.866412213740458,,52.57633587786259,29.41683861894688
18061,Indiana,Harrison,13.892365456821029,50.99550417469493,18.129770992366407,,44.6882951653944,31.92648394731919
18063,Indiana,Hendricks,12.348769294952024,75.85099550417469,10.655216284987278,,56.10687022900763,38.74046282828041
18065,Indiana,Henry,20.567375886524825,26.62170841361593,9.064885496183203,,38.99491094147582,23.812220184449945
18067,Indiana,Howard,32.74926992073425,69.1072575465639,14.599236641221374,,59.796437659033074,44.06305044188815
18069,Indiana,Huntington,29.703796412181894,55.266538214515094,9.605597964376592,,64.09033078880407,39.66656584496941
18071,Indiana,Jackson,23.32081768877764,47.33461785484907,8.333333333333332,,55.470737913486005,33.61487669761151
18073,Indiana,Jasper,26.324572382144343,41.3937058445729,18.670483460559797,,0.0,21.59719042181926
18075,Indiana,Jay,38.506466416353774,16.602440590879898,5.184478371501272,,0.0,15.073346344683735
18077,Indiana,Jefferson,20.40050062578223,32.85163776493256,9.4147582697201,,29.770992366412212,23.109472256711776
18079,Indiana,Jennings,23.445974134334584,29.126525369299937,14.217557251908396,,51.176844783715005,29.49172538481448
18081,Indiana,Johnson,11.264080100125156,65.63904945407836,19.6882951653944,,50.38167938931297,36.74327602722772
18083,Indiana,Knox,26.449728827701293,62.45985870263326,8.206106870229007,,80.88422391857506,44.49997957978466
18085,Indiana,Kosciusko,41.59365874009178,57.48233782915864,24.427480916030532,,59.573791348600516,45.76931720847037
18087,Indiana,LaGrange,48.602419691280765,38.0218368657675,29.930025445292618,,75.73155216284987,48.07145854129769
18089,Indiana,Lake,18.64831038798498,92.80667951188182,66.06234096692111,41.2,0.0,43.74346617335758
18091,Indiana,LaPorte,26.95035460992908,67.59794476557482,35.24173027989822,28.999999999999996,0.0,31.758005931080426
18093,Indiana,Lawrence,15.561118064246976,62.267180475272966,15.585241730279895,,47.67811704834607,35.272914329536476
18095,Indiana,Madison,25.65707133917397,74.08477842003853,19.1793893129771,,61.54580152671756,45.11676014972679
18097,Indiana,Marion,34.08427200667501,98.65125240847784,22.29643765903308,,36.959287531806616,47.99781240149813
18099,Indiana,Marshall,31.66458072590738,44.02697495183045,6.71119592875318,,53.62595419847328,34.00717645124107
18101,Indiana,Martin,13.308302044221945,35.67758509955042,2.608142493638677,,43.12977099236641,23.680950157444364
18103,Indiana,Miami,33.33333333333333,51.50931278098908,9.096692111959287,,70.00636132315522,40.98642488735923
18105,Indiana,Monroe,23.821443471005423,84.61785484906872,31.17048346055979,,29.166666666666668,42.19411211182515
18107,Indiana,Montgomery,31.1639549436796,53.69299935773925,11.354961832061068,,71.37404580152672,41.89649048375166
18109,Indiana,Morgan,9.887359198998748,63.26268464996788,23.091603053435115,,53.721374045801525,37.49075523705082
18111,Indiana,Newton,16.3537755527743,27.55298651252409,10.2735368956743,,0.0,13.545074740243173
18113,Indiana,Noble,30.371297455152273,28.48426461143224,16.603053435114504,,69.46564885496184,36.23106608916521
18115,Indiana,Ohio,7.050479766374634,11.84971098265896,0.89058524173028,,22.678117048346056,10.617223259777482
18117,Indiana,Orange,22.90362953692115,50.80282594733462,12.786259541984732,,52.48091603053435,34.74340776419371
18119,Indiana,Owen,12.307050479766374,49.77520873474631,11.513994910941475,,46.50127226463104,30.024381597521298
18121,Indiana,Parke,26.408010012515643,45.21515735388568,9.637404580152673,,68.73409669211196,37.49866715966649
18123,Indiana,Perry,17.146433041301627,47.49518304431599,5.947837150127226,,40.80788804071247,27.849335319114328
18125,Indiana,Pike,24.363788068418856,49.06872190109184,11.577608142493638,,58.61959287531806,35.9074277468306
18127,Indiana,Porter,13.224864413850646,70.35966602440591,60.527989821882954,27.4,0.0,34.302504052027906
18129,Indiana,Posey,27.36754276178556,58.44572896596018,3.625954198473282,,51.526717557251914,35.241485870867734
18131,Indiana,Pulaski,31.080517313308302,30.28259473346179,1.940203562340967,,18.606870229007633,20.477546459529673
18133,Indiana,Putnam,19.482686691697957,52.408477842003855,9.987277353689567,,65.10814249363868,36.74664609525752
18135,Indiana,Randolph,32.37380058406341,18.81824020552344,7.092875318066158,,0.0,14.571229026913253
18137,Indiana,Ripley,29.370045890696705,33.269107257546565,7.983460559796438,,51.81297709923665,30.60889770181909
18139,Indiana,Rush,19.941593658740093,15.863840719332048,1.240458015267176,,48.50508905852418,21.387745362965873
18141,Indiana,St. Joseph,43.55444305381727,79.2228644829801,22.169211195928753,,12.91348600508906,39.4650011844538
18143,Indiana,Scott,19.98331247392574,31.920359666024407,6.138676844783715,,37.913486005089055,23.98895874745573
18145,Indiana,Shelby,13.016270337922403,40.39820166987797,4.707379134860051,,60.1145038167939,29.55908873986358
18147,Indiana,Spencer,25.19816437213183,54.68850353243416,29.357506361323153,,61.036895674300254,42.57026748504735
18149,Indiana,Starke,21.109720483938258,35.067437379576106,13.136132315521628,,0.0,17.328322544758997
18151,Indiana,Steuben,28.493950771798083,26.97495183044316,12.94529262086514,,52.608142493638674,30.255584429186264
18153,Indiana,Sullivan,24.155193992490613,47.20616570327553,2.798982188295165,,56.52035623409669,32.6701745295395
18155,Indiana,Switzerland,10.930329578639968,19.877970456005137,3.021628498727735,,32.82442748091603,16.66358900357222
18157,Indiana,Tippecanoe,43.637880684188566,85.87026332691072,29.03944020356234,,56.48854961832062,53.75903345824557
18159,Indiana,Tipton,14.226115978306217,28.548490687219015,1.399491094147583,,49.52290076335878,23.4242496307579
18161,Indiana,Union,9.8456403838131,11.560693641618498,0.413486005089058,,28.212468193384225,12.508072055976221
18163,Indiana,Vanderburgh,42.84522319566124,93.38471419396276,31.20229007633587,,52.79898218829516,55.05780241356376
18165,Indiana,Vermillion,29.32832707551106,38.40719332048812,7.347328244274809,,58.5559796437659,33.40970707100997
18167,Indiana,Vigo,42.3863162286191,83.20488118175979,27.003816793893133,,56.8384223918575,52.35835914903238
18169,Indiana,Wabash,30.87192323738006,39.46692357096981,9.669211195928751,,69.40203562340967,37.352523406922074
18171,Indiana,Warren,23.738005840634127,23.057161207450225,2.480916030534351,,39.2175572519084,22.12341008263178
18173,Indiana,Warrick,22.56987901543596,75.78676942838791,35.55979643765903,,48.1234096692112,45.50996363767352
18175,Indiana,Washington,20.90112640801001,44.70134874759152,10.750636132315522,,55.94783715012722,33.075237109511065
18177,Indiana,Wayne,28.035043804755944,49.486191393705845,20.706106870229007,,25.222646310432573,30.862497094780842
18179,Indiana,Wells,26.533166458072593,47.84842646114322,4.961832061068702,,39.662849872773535,29.751568713264515
18181,Indiana,White,34.71005423445974,43.44894026974952,7.37913486005089,,14.53562340966921,25.018438193482343
18183,Indiana,Whitley,26.741760534000836,53.114964675658314,10.146310432569974,,64.63104325699746,38.658519724806645
19001,Iowa,Adair,14.726741760534,59.50545921644188,34.06488549618321,,94.56106870229009,50.71453879386229
19003,Iowa,Adams,8.385481852315396,53.01862556197816,31.679389312977097,,95.64249363867685,47.181497591486874
19005,Iowa,Allamakee,11.639549436795996,43.416827231856125,16.698473282442748,,50.445292620865146,30.550035642990004
19007,Iowa,Appanoose,9.052982895285774,69.5247270391779,59.510178117048355,,96.34223918575063,58.60753180931567
19009,Iowa,Audubon,15.10221109720484,36.60886319845858,33.36513994910941,,97.83715012722645,45.72834109299983
19011,Iowa,Benton,11.80642469753859,17.533718689788053,36.38676844783715,,82.91984732824427,37.161689790852016
19013,Iowa,Black Hawk,17.06299541093033,44.76557482337829,36.895674300254456,,96.66030534351144,48.846137469518624
19015,Iowa,Boone,9.345014601585316,7.642903018625562,15.935114503816797,,95.03816793893128,31.99030001573974
19017,Iowa,Bremer,8.427200667501044,18.368657675016056,22.868956743002546,,86.16412213740458,33.957234305731056
19019,Iowa,Buchanan,12.390488110137673,24.66281310211946,7.188295165394402,,81.10687022900763,31.33711665166479
19021,Iowa,Buena Vista,,26.300578034682083,17.87531806615776,,74.58651399491094,39.58747003191693
19023,Iowa,Butler,10.012515644555696,12.8131021194605,22.423664122137403,,88.54961832061069,33.449725051691075
19025,Iowa,Calhoun,14.685022945348353,17.726396917148364,8.492366412213741,,97.07379134860051,34.49439440582774
19027,Iowa,Carroll,19.440967876512307,20.42389210019268,28.530534351145036,,94.6882951653944,40.77092237331111
19029,Iowa,Cass,17.563621193158113,71.8368657675016,40.55343511450381,,97.64631043256996,56.900058126933374
19031,Iowa,Cedar,10.262828535669586,42.549775208734744,31.774809160305345,,80.3117048346056,41.22477943482882
19033,Iowa,Cerro Gordo,11.514392991239047,19.942196531791907,26.653944020356235,,97.61450381679388,38.93125934004527
19035,Iowa,Cherokee,,27.809890815671164,24.459287531806613,,80.34351145038168,44.20422993261982
19037,Iowa,Chickasaw,12.14017521902378,22.0616570327553,19.561068702290076,,86.89567430025447,35.16464381358091
19039,Iowa,Clarke,7.801418439716312,54.303147077713554,42.01653944020356,,92.58905852417303,49.177540870451615
19041,Iowa,Clay,,16.634553628773283,29.64376590330789,,61.73664122137404,36.00498691781841
19043,Iowa,Clayton,14.893617021276595,42.6461143224149,12.340966921119591,,64.34478371501272,33.55637049495596
19045,Iowa,Clinton,14.017521902377972,54.23892100192679,50.06361323155216,,92.39821882951652,52.67956874134336
19047,Iowa,Crawford,0.0,30.732177263969177,46.21501272264631,,98.37786259541984,43.83126314550883
19049,Iowa,Dallas,12.557363370880267,74.66281310211946,40.64885496183206,,93.44783715012723,55.329217146239756
19051,Iowa,Davis,13.85064664163538,75.69043031470778,68.63867684478372,,98.66412213740456,64.21096898463286
19053,Iowa,Decatur,8.468919482686692,63.61592806679512,52.09923664122137,,94.21119592875316,54.598820029864086
19055,Iowa,Delaware,19.39924906132666,34.00770712909441,12.436386768447836,,80.97964376590332,36.705746681193055
19057,Iowa,Des Moines,15.352523988318731,83.3975594091201,42.93893129770993,,84.98727735368958,56.669073012209594
19059,Iowa,Dickinson,,31.535003211303792,54.230279898218825,,43.00254452926209,42.92260921292823
19061,Iowa,Dubuque,11.055486024196911,60.982658959537574,22.80534351145038,,68.38422391857506,40.80692810343998
19063,Iowa,Emmet,,24.791265253693,23.823155216284988,,96.75572519083968,48.456715220272564
19065,Iowa,Fayette,17.35502711722987,40.33397559409121,14.472010178117047,,86.29134860050891,39.61309037248676
19067,Iowa,Floyd,12.098456403838131,20.873474630700063,28.848600508905857,,93.86132315521628,38.920463674665086
19069,Iowa,Franklin,11.556111806424695,8.253050738599873,6.106870229007633,,95.73791348600508,30.413486565009322
19071,Iowa,Fremont,0.0,51.76621708413616,36.83206106870229,,79.83460559796438,42.10822093770071
19073,Iowa,Greene,12.80767626199416,15.67116249197174,10.30534351145038,,96.88295165394402,33.91678347984008
19075,Iowa,Grundy,9.303295786399666,9.40912010276172,8.0470737913486,,89.24936386768448,29.002213387048617
19077,Iowa,Guthrie,10.054234459741345,29.96146435452794,39.090330788804074,,94.94274809160304,43.5121944236691
19079,Iowa,Hamilton,18.856904463913224,10.693641618497113,13.486005089058525,,96.27862595419847,34.82879428141683
19081,Iowa,Hancock,0.0,9.023763648041104,6.583969465648855,,95.32442748091603,27.733040148651497
19083,Iowa,Hardin,18.98206090947017,11.143224149004496,39.026717557251914,,96.43765903307887,41.39741541220137
19085,Iowa,Harrison,0.0,19.364161849710985,59.796437659033074,,86.41857506361323,41.39479364308932
19087,Iowa,Henry,16.14518147684606,80.95696852922286,47.93256997455471,,78.30788804071247,55.835652005334026
19089,Iowa,Howard,9.55360867751356,16.730892742453435,9.255725190839694,,78.33969465648855,28.469980316823808
19091,Iowa,Humboldt,8.760951188986233,9.377007064868335,5.057251908396947,,95.29262086513997,29.62195775684787
19093,Iowa,Ida,,24.24534360950546,20.165394402035624,,77.98982188295165,40.800186631497574
19095,Iowa,Iowa,10.888610763454318,49.71098265895954,61.1323155216285,,75.19083969465649,49.23068715967471
19097,Iowa,Jackson,10.80517313308302,35.64547206165704,35.718829516539444,,78.46692111959288,40.1590989577181
19099,Iowa,Jasper,12.223612849395076,50.12845215157354,53.0852417302799,,95.83333333333334,52.81766001614547
19101,Iowa,Jefferson,13.0997079682937,79.51188182402055,54.67557251908397,,82.31552162849873,57.40067098497424
19103,Iowa,Johnson,13.600333750521484,87.50802825947335,64.3765903307888,,81.77480916030534,61.81494037527224
19105,Iowa,Jones,9.094701710471425,24.43802183686577,27.353689567430024,,76.39949109414758,34.3214760522287
19107,Iowa,Keokuk,10.429703796412182,52.02312138728323,44.37022900763359,,80.53435114503816,46.83935133409179
19109,Iowa,Kossuth,,10.14771997430957,13.295165394402035,,93.89312977099237,39.112005046567994
19111,Iowa,Lee,17.897371714643302,84.90687219010918,48.72773536895674,,82.8880407124682,58.60500499654435
19113,Iowa,Linn,16.312056737588655,69.17148362235068,47.010178117048355,,87.65903307888041,55.03818788896702
19115,Iowa,Louisa,11.848143512724238,52.18368657675016,35.20992366412214,,77.29007633587787,44.1329575223686
19117,Iowa,Lucas,7.968293700458908,54.94540783558125,54.58015267175572,,94.37022900763358,52.96602080385736
19119,Iowa,Lyon,,29.897238278741167,28.37150127226463,,72.04198473282443,43.43690809461007
19121,Iowa,Madison,8.594075928243639,51.73410404624278,59.92366412213741,,95.0063613231552,53.814551354944754
19123,Iowa,Mahaska,11.13892365456821,54.88118175979447,42.36641221374045,,83.93765903307887,48.08104416529551
19125,Iowa,Marion,8.093450146015853,61.49646756583172,50.572519083969475,,88.48600508905852,52.162110471218895
19127,Iowa,Marshall,15.227367542761783,10.051380860629417,62.086513994910945,,97.86895674300254,46.30855478532617
19129,Iowa,Mills,0.0,40.04495825305074,52.3854961832061,,65.29898218829516,39.432359156138
19131,Iowa,Mitchell,0.0,16.15285806037251,11.736641221374049,,90.29898218829517,29.54712036751043
19133,Iowa,Monona,0.0,31.69556840077071,63.48600508905853,,89.34478371501272,46.1315893012105
19135,Iowa,Monroe,7.300792657488528,42.38921001926782,40.01272264631043,,90.20356234096693,44.976571916008425
19137,Iowa,Montgomery,0.0,69.78163134232499,34.95547073791349,,82.69720101781171,46.858575774512545
19139,Iowa,Muscatine,12.891113892365455,76.52536929993578,60.909669211195926,,80.1526717557252,57.61970603980559
19141,Iowa,O'Brien,,20.969813744380215,12.659033078880409,,67.1119592875318,33.580268703597476
19143,Iowa,Osceola,,26.525369299935775,12.881679389312978,,59.35114503816794,32.9193979091389
19145,Iowa,Page,0.0,85.67758509955041,34.605597964376585,,85.6234096692112,51.47664818328455
19147,Iowa,Palo Alto,,10.01926782273603,10.973282442748092,,82.98346055979644,34.65867027509352
19149,Iowa,Plymouth,,41.682723185613355,70.51526717557252,,90.33078880407125,67.5095930550857
19151,Iowa,Pocahontas,,13.2305716120745,4.230279898218829,,98.21882951653944,38.55989367561093
19153,Iowa,Polk,27.492699207342515,96.69235709698138,57.69720101781171,,94.8473282442748,69.18239639160261
19155,Iowa,Pottawattamie,0.0,83.71868978805395,67.20737913486005,,89.50381679389314,60.10747142920178
19157,Iowa,Poweshiek,11.722987067167292,48.65125240847784,46.0559796437659,,95.26081424936386,50.42275834219372
19159,Iowa,Ringgold,7.717980809345015,63.19845857418112,32.474554707379134,,93.79770992366413,49.29717600364235
19161,Iowa,Sac,0.0,16.21708413615928,9.764631043256998,,92.01653944020357,29.49956365490496
19163,Iowa,Scott,17.39674593241552,86.89788053949904,52.2264631043257,,83.33333333333334,59.96360572739341
19165,Iowa,Shelby,0.0,36.19139370584457,21.087786259541986,,78.81679389312977,34.02399346462908
19167,Iowa,Sioux,,40.68721901091843,39.662849872773535,,71.46946564885496,50.606511510848975
19169,Iowa,Story,14.351272423863165,13.005780346820808,30.343511450381676,,96.4058524173028,38.52660415959211
19171,Iowa,Tama,16.854401335002088,21.57996146435453,65.48982188295165,,97.26463104325701,50.29720393139132
19173,Iowa,Taylor,10.346266166040884,81.5028901734104,36.54580152671756,,97.36005089058524,56.43875218918852
19175,Iowa,Union,11.013767209011265,82.72318561335904,49.840966921119595,,95.35623409669213,59.73353846004551
19177,Iowa,Van Buren,13.47517730496454,74.24534360950545,52.16284987277354,,82.22010178117048,55.525868142103505
19179,Iowa,Wapello,10.221109720483938,75.11239563262684,61.641221374045806,,97.20101781170484,61.04393613471536
19181,Iowa,Warren,7.634543178973717,65.47848426461144,59.4147582697201,,91.73027989821882,56.064516402881026
19183,Iowa,Washington,20.066750104297036,64.67565831727681,54.898218829516544,,79.00763358778626,54.66206520971916
19185,Iowa,Wayne,8.88610763454318,52.7296082209377,43.161577608142494,,94.81552162849873,49.89820377303053
19187,Iowa,Webster,13.057989153108052,13.61592806679512,19.147582697201017,,95.96055979643766,35.445514928385464
19189,Iowa,Winnebago,,10.789980732177264,13.61323155216285,,96.0559796437659,40.153063976035334
19191,Iowa,Winneshiek,12.015018773466831,34.61785484906873,22.455470737913487,,75.57251908396947,36.16521586110463
19193,Iowa,Woodbury,,83.1727681438664,87.37277353689568,,90.48982188295165,87.01178785457125
19195,Iowa,Worth,,9.505459216441874,3.180661577608142,,89.31297709923663,33.99969929776221
19197,Iowa,Wright,16.64580725907384,10.500963391136802,7.283715012722647,,97.90076335877863,33.08281225542798
20001,Kansas,Allen,16.77096370463079,54.399486191393706,22.36005089058524,,55.916030534351144,37.36163283024022
20003,Kansas,Anderson,0.0,53.17919075144509,37.150127226463106,,76.01781170483459,41.586782420685694
20005,Kansas,Atchison,0.0,52.56904303147078,72.74173027989822,,60.49618320610687,46.45173912936897
20007,Kansas,Barber,18.940342094284524,23.603082851637765,92.2709923664122,,92.93893129770991,56.938337152511096
20009,Kansas,Barton,0.0,68.0796403339756,74.07760814249363,,47.900763358778626,47.51450295881197
20011,Kansas,Bourbon,23.696287025448477,63.68015414258189,44.847328244274806,,76.59033078880407,52.20352505027731
20013,Kansas,Brown,0.0,56.39049454078355,71.4058524173028,,73.79134860050891,50.39692388964882
20015,Kansas,Butler,29.78723404255319,83.97559409120102,95.64249363867685,,55.27989821882952,66.17130499781516
20017,Kansas,Chase,0.0,22.02954399486191,80.37531806615776,,37.5,34.97621551525492
20019,Kansas,Chautauqua,16.228619107217355,32.40205523442518,90.9033078880407,,43.98854961832061,45.88063296200096
20021,Kansas,Cherokee,26.1994159365874,67.0199100834939,56.297709923664115,,93.16157760814248,60.66965338797198
20023,Kansas,Cheyenne,,3.789338471419396,62.945292620865146,,67.14376590330788,44.62613233186414
20025,Kansas,Clark,15.39424280350438,10.854206807964031,87.91348600508906,,81.64758269720103,48.95237957843962
20027,Kansas,Clay,0.0,55.58766859344894,73.47328244274809,,23.568702290076335,38.15741333156834
20029,Kansas,Cloud,,48.619139370584456,62.11832061068703,,31.48854961832061,47.408669866530694
20031,Kansas,Coffey,0.0,56.5189466923571,78.49872773536896,,70.83333333333334,51.46275194026485
20033,Kansas,Comanche,13.433458489778891,15.350032113037893,94.62468193384224,,87.21374045801527,52.65547824866857
20035,Kansas,Cowley,20.984564038381308,78.548490687219,91.57124681933843,,64.3765903307888,63.870222968931884
20037,Kansas,Crawford,28.160200250312887,79.35131663455363,33.71501272264631,,95.13358778625954,59.09002934844309
20039,Kansas,Decatur,,12.973667308927425,30.057251908396953,,75.69974554707379,39.57688825479939
20041,Kansas,Dickinson,0.0,83.23699421965318,83.93765903307887,,50.795165394402034,54.492454661783526
20043,Kansas,Doniphan,0.0,42.13230571612073,51.84478371501272,,75.38167938931298,42.339692205111604
20045,Kansas,Douglas,0.0,70.26332691072575,55.75699745547074,,50.69974554707379,44.180017478317566
20047,Kansas,Edwards,0.0,12.042389210019268,52.48091603053435,,93.35241730279897,39.46893063583815
20049,Kansas,Elk,17.438464747601166,30.2504816955684,91.69847328244275,,45.83333333333333,46.305188264736415
20051,Kansas,Ellis,,16.955684007707127,60.68702290076335,,60.909669211195926,46.18412537322214
20053,Kansas,Ellsworth,0.0,34.90687219010918,77.3854961832061,,54.103053435114504,41.59885545210744
20055,Kansas,Finney,,20.71290944123314,46.43765903307888,,98.31424936386767,55.15493927939323
20057,Kansas,Ford,,27.39242132305716,68.03435114503816,,95.80152671755725,63.74276639521753
20059,Kansas,Franklin,0.0,69.84585741811176,50.22264631043257,,55.34351145038168,43.85300379473151
20061,Kansas,Geary,0.0,67.18047527296082,81.96564885496184,,25.795165394402037,43.735322380581174
20063,Kansas,Gove,,10.950545921644188,39.24936386768448,,73.56870229007633,41.25620402646833
20065,Kansas,Graham,,15.221579961464354,33.01526717557252,,76.81297709923663,41.683274745424505
20067,Kansas,Grant,,3.40398201669878,51.11323155216285,,95.19720101781171,49.904804862224445
20069,Kansas,Gray,,7.193320488118175,39.05852417302799,,97.13740458015269,47.79641641376628
20071,Kansas,Greeley,,2.665382145150931,6.26590330788804,,73.44147582697201,27.457587093336993
20073,Kansas,Greenwood,0.0,42.96724470134875,91.31679389312976,,44.94274809160305,44.806696671520385
20075,Kansas,Hamilton,,2.761721258831086,27.480916030534353,,85.14631043256999,38.46298257397848
20077,Kansas,Harper,22.40300375469337,47.65574823378291,79.48473282442748,,88.00890585241731,59.38809766633027
20079,Kansas,Harvey,0.0,63.77649325626204,67.33460559796438,,49.87277353689568,45.24596809778053
20081,Kansas,Haskell,,4.142581888246628,24.93638676844784,,96.2150127226463,41.76466045978026
20083,Kansas,Hodgeman,,4.367373153500321,45.61068702290076,,79.67557251908397,43.21787756516168
20085,Kansas,Jackson,0.0,56.936416184971094,89.18575063613233,,40.17175572519084,46.573480636573564
20087,Kansas,Jefferson,0.0,55.65189466923571,67.71628498727735,,46.43765903307888,42.45145967239799
20089,Kansas,Jewell,,22.864482980089917,44.30661577608143,,74.20483460559797,47.12531112058977
20091,Kansas,Johnson,0.0,98.39434810533076,61.22773536895675,,24.93638676844784,46.13961756068384
20093,Kansas,Kearny,,3.018625561978163,32.156488549618324,,93.76590330788805,42.980339139828175
20095,Kansas,Kingman,20.442219440967875,48.458574181117534,86.70483460559797,,74.10941475826972,57.42876074648828
20097,Kansas,Kiowa,0.0,13.455362877328197,82.79262086513995,,92.30279898218829,47.13769568116411
20099,Kansas,Labette,38.63162286191072,71.86897880539499,38.581424936386775,,81.99745547073792,57.769870518607604
20101,Kansas,Lane,,3.757225433526012,28.24427480916031,,73.91857506361323,35.30669176876652
20103,Kansas,Leavenworth,0.0,88.79254977520874,59.00127226463104,,45.76972010178117,48.39088553540523
20105,Kansas,Lincoln,0.0,26.461143224149,59.31933842239185,,55.1208651399491,35.22533669662249
20107,Kansas,Linn,10.972048393825617,45.600513808606294,36.323155216284995,,40.87150127226463,33.441804672745384
20109,Kansas,Logan,,9.184328837508028,31.552162849872772,,79.48473282442748,40.0737415039361
20111,Kansas,Lyon,0.0,60.179833012202955,88.26335877862596,,54.70737913486005,50.78764273142224
20113,Kansas,McPherson,0.0,60.5009633911368,67.36641221374046,,28.68956743002545,39.139235758725675
20115,Kansas,Marion,0.0,70.13487475915221,78.0852417302799,,37.53180661577608,46.43798077630205
20117,Kansas,Marshall,0.0,48.39434810533077,81.23409669211196,,39.50381679389313,42.283065397833965
20119,Kansas,Meade,,6.262042389210019,87.62722646310432,,95.41984732824429,63.10303872685288
20121,Kansas,Miami,0.0,73.41040462427746,35.46437659033079,,37.37277353689568,36.56188868787598
20123,Kansas,Mitchell,,31.727681438664096,33.30152671755725,,70.13358778625954,45.0542653141603
20125,Kansas,Montgomery,34.91864831038799,81.82402055234425,70.22900763358778,,71.15139949109415,64.53076899685354
20127,Kansas,Morris,0.0,80.92485549132948,84.06488549618322,,48.95038167938932,53.48503066672551
20129,Kansas,Morton,,2.79383429672447,73.05979643765902,,91.12595419847328,55.65986164428559
20131,Kansas,Nemaha,0.0,51.09184328837508,82.82442748091603,,53.33969465648855,46.813991356444916
20133,Kansas,Neosho,24.32206925323321,59.023763648041104,21.055979643765905,,69.94274809160305,43.58614015916082
20135,Kansas,Ness,,5.266538214515093,50.50890585241731,,76.62213740458014,44.13252715717085
20137,Kansas,Norton,,23.956326268465,31.29770992366413,,84.4147582697201,46.556264820616406
20139,Kansas,Osage,0.0,61.72125883108542,74.93638676844785,,56.01145038167938,48.16727399530316
20141,Kansas,Osborne,,10.308285163776493,52.06743002544529,,79.64376590330787,47.33982703084322
20143,Kansas,Ottawa,0.0,36.44829800899166,72.64631043256999,,33.778625954198475,35.71830859894003
20145,Kansas,Pawnee,0.0,14.836223506743735,55.1208651399491,,90.61704834605598,40.14353424818721
20147,Kansas,Phillips,,29.8330122029544,58.269720101781175,,92.6526717557252,60.25180135348692
20149,Kansas,Pottawatomie,0.0,56.13359023763648,90.7442748091603,,25.8587786259542,43.18416091818774
20151,Kansas,Pratt,0.0,32.69107257546564,80.59796437659033,,96.08778625954199,52.34420580289949
20153,Kansas,Rawlins,,7.83558124598587,36.76844783715013,,72.16921119592875,38.92441342635492
20155,Kansas,Reno,0.0,84.55362877328196,95.54707379134861,,51.30407124681934,57.85119345286248
20157,Kansas,Republic,,31.59922928709056,41.475826972010175,,51.04961832061069,41.37489152657047
20159,Kansas,Rice,0.0,46.14643545279383,76.84478371501272,,63.8676844783715,46.71472591154451
20161,Kansas,Riley,0.0,79.96146435452793,89.53562340966921,,24.80916030534351,48.576562017385164
20163,Kansas,Rooks,,8.638407193320488,50.47709923664122,,80.05725190839695,46.39091944611956
20165,Kansas,Rush,0.0,5.459216441875402,42.525445292620866,,67.20737913486005,28.79801021733908
20167,Kansas,Russell,0.0,34.071933204881184,58.9058524173028,,70.06997455470739,40.76194004422284
20169,Kansas,Saline,0.0,77.9383429672447,82.41094147582697,,47.36005089058524,51.927333833414224
20171,Kansas,Scott,,6.968529222864484,22.041984732824428,,96.15139949109415,41.72063781559436
20173,Kansas,Sedgwick,42.720066750104294,98.49068721901092,94.43384223918576,,63.64503816793893,74.82240859405998
20175,Kansas,Seward,,19.813744380218367,88.39058524173028,,97.29643765903309,68.50025576032725
20177,Kansas,Shawnee,0.0,94.9582530507386,75.31806615776081,,46.78753180661578,54.2659627537788
20179,Kansas,Sheridan,,10.34039820166988,15.712468193384224,,77.95801526717557,34.67029388740989
20181,Kansas,Sherman,,3.628773281952473,28.085241730279897,,58.01526717557252,29.909760729268296
20183,Kansas,Smith,,22.190109184328836,40.903307888040715,,79.89821882951654,47.66387863396202
20185,Kansas,Stafford,0.0,18.497109826589593,81.10687022900763,,94.08396946564885,48.42198738031152
20187,Kansas,Stanton,,2.85806037251124,30.438931297709924,,96.5966921119593,43.29789459406015
20189,Kansas,Stevens,,4.078355812459859,74.58651399491094,,99.17302798982189,59.27929926573089
20191,Kansas,Sumner,20.233625365039636,66.63455362877329,64.79007633587787,,77.79898218829516,57.36430937949649
20193,Kansas,Thomas,,12.780989081567116,15.394402035623408,,82.15648854961832,36.77729322226961
20195,Kansas,Trego,,4.56005138086063,46.81933842239186,,63.45419847328244,38.277862758844975
20197,Kansas,Wabaunsee,0.0,36.769428387925494,88.61323155216286,,36.704834605597966,40.52187363642158
20199,Kansas,Wallace,,2.729608220937701,30.279898218829516,,36.00508905852418,23.00486516609713
20201,Kansas,Washington,0.0,34.13615928066795,77.89440203562341,,34.00127226463104,36.5079583952306
20203,Kansas,Wichita,,4.720616570327553,9.955470737913483,,80.40712468193384,31.694403996724958
20205,Kansas,Wilson,0.0,45.27938342967245,58.96946564885496,,64.50381679389314,42.18816646810514
20207,Kansas,Woodson,0.0,35.035324341682724,75.95419847328245,,63.835877862595424,43.70635016939015
20209,Kansas,Wyandotte,0.0,96.91714836223507,46.18320610687023,,31.20229007633587,43.575661136360296
21001,Kentucky,Adair,48.26866916979558,34.64996788696211,15.903307888040713,,38.136132315521635,34.23951931508001
21003,Kentucky,Allen,29.578639966624948,40.59087989723828,9.319338422391857,,43.57506361323155,30.765980474871657
21005,Kentucky,Anderson,18.564872757613685,25.722543352601157,8.015267175572518,,17.68447837150127,17.496790414322156
21007,Kentucky,Ballard,29.62035878181059,50.642260757867696,6.011450381679389,,96.37404580152673,45.66202893072111
21009,Kentucky,Barren,45.01460158531498,61.913937058445725,16.571246819338423,,48.918575063613225,43.10459013167809
21011,Kentucky,Bath,26.49144764288694,32.75529865125241,26.176844783715016,,21.946564885496183,26.84253899083764
21013,Kentucky,Bell,35.210680016687526,42.77456647398844,73.25063613231552,,17.39821882951654,42.158525363127005
21015,Kentucky,Boone,13.516896120150188,54.04624277456648,24.681933842239182,,18.70229007633588,27.736840703322933
21017,Kentucky,Bourbon,42.67834793491865,36.833654463712264,4.484732824427481,,29.993638676844785,28.497593474975794
21019,Kentucky,Boyd,50.521485189820616,96.56390494540783,68.44783715012723,,14.344783715012724,57.469502750092104
21021,Kentucky,Boyle,30.99707968293701,34.104046242774565,9.510178117048346,,19.720101781170484,23.5828514559826
21023,Kentucky,Bracken,8.051731330830204,23.667308927424536,1.55852417302799,,18.09796437659033,12.843882201968263
21025,Kentucky,Breathitt,39.46599916562369,35.099550417469494,69.91094147582697,,0.0,36.11912276473004
21027,Kentucky,Breckinridge,30.83020442219441,47.17405266538214,10.496183206106872,,37.659033078880405,31.53986834314096
21029,Kentucky,Bullitt,13.350020859407593,51.701991008349395,26.84478371501272,,17.20737913486005,27.27604367940744
21031,Kentucky,Butler,19.607843137254903,38.18240205523443,5.311704834605599,,31.29770992366413,23.599914987689765
21033,Kentucky,Caldwell,22.65331664580726,52.119460500963385,5.788804071246819,,71.78753180661577,38.08727825615831
21035,Kentucky,Calloway,39.424280350438046,73.53885677585099,18.638676844783713,,66.03053435114504,49.408087080554445
21037,Kentucky,Campbell,10.554860241969129,68.04752729608221,14.376590330788805,,16.06234096692112,27.26032970894031
21039,Kentucky,Carlisle,24.572382144347102,40.012845215157355,3.276081424936387,,70.8969465648855,34.68956383733159
21041,Kentucky,Carroll,12.932832707551109,22.928709055876688,2.671755725190839,,18.25699745547074,14.197573736022344
21043,Kentucky,Carter,36.96287025448478,86.38407193320488,58.23791348600509,,15.935114503816797,49.379992544377885
21045,Kentucky,Casey,44.764288694201085,28.998073217726393,17.8117048346056,,34.4147582697201,31.497206254063293
21047,Kentucky,Christian,34.4180225281602,76.20423892100193,14.503816793893128,,78.97582697201018,51.025476303766354
21049,Kentucky,Clark,33.50020859407593,43.641618497109825,14.31297709923664,,22.519083969465647,28.493472039972005
21051,Kentucky,Clay,36.50396328744264,47.527296082209375,85.14631043256999,,29.67557251908397,49.7132855803265
21053,Kentucky,Clinton,45.47350855235711,23.699421965317917,33.42875318066158,,23.377862595419845,31.494886573439114
21055,Kentucky,Crittenden,24.53066332916145,49.03660886319847,8.810432569974555,,67.55725190839695,37.483739167682856
21057,Kentucky,Cumberland,35.878181059657905,22.093770070648684,6.202290076335878,,26.84478371501272,22.7547562304138
21059,Kentucky,Daviess,35.04380475594493,90.84778420038536,17.90712468193384,,71.08778625954199,53.72162497445153
21061,Kentucky,Edmonson,16.270337922403,28.45215157353886,3.498727735368957,,26.08142493638677,18.575660541924396
21063,Kentucky,Elliott,35.25239883187318,45.53628773281952,57.31552162849872,,19.370229007633593,39.36860930020625
21065,Kentucky,Estill,28.076762619941594,34.74630700064226,44.65648854961832,,17.17557251908397,31.163782672321535
21067,Kentucky,Fayette,56.987901543596166,86.9621066152858,26.908396946564885,,22.041984732824428,48.22509745956783
21069,Kentucky,Fleming,37.25490196078432,39.37058445728966,22.55089058524173,,29.51653944020356,32.17322911087982
21071,Kentucky,Floyd,50.7717980809345,58.15671162491972,86.32315521628499,,0.0,48.8129162305348
21073,Kentucky,Franklin,28.410513141426787,40.10918432883751,15.012722646310433,,19.1793893129771,25.67795235738796
21075,Kentucky,Fulton,34.58489778890279,51.15606936416185,4.834605597964376,,84.03307888040712,43.65216290785904
21077,Kentucky,Gallatin,7.175636211931582,18.72190109184329,2.003816793893129,,19.783715012722645,11.92126727759766
21079,Kentucky,Garrard,44.847726324572385,29.190751445086704,18.09796437659033,,32.06106870229007,31.049377712134874
21081,Kentucky,Grant,7.759699624530664,43.03147077713552,7.220101781170484,,17.58905852417303,18.900082676752422
21083,Kentucky,Graves,48.72757613683771,75.208734746307,26.717557251908396,,88.96310432569975,59.90424311518821
21085,Kentucky,Grayson,35.08552357113058,54.43159922928709,11.704834605597965,,29.00763358778626,32.55739774845047
21087,Kentucky,Green,31.956612432206928,25.75465639049454,4.293893129770993,,38.89949109414758,25.22616326165501
21089,Kentucky,Greenup,39.63287442636629,87.98972382787412,40.235368956743,,15.012722646310433,45.71767246432346
21091,Kentucky,Hancock,15.018773466833544,35.2922286448298,5.120865139949109,,31.23409669211196,21.666490985931105
21093,Kentucky,Hardin,40.34209428452232,71.96531791907515,32.82442748091603,,30.057251908396953,43.79727289822761
21095,Kentucky,Harlan,42.5531914893617,39.691714836223504,69.81552162849873,,0.0,38.015106988520984
21097,Kentucky,Harrison,32.99958281184814,31.791907514450873,9.82824427480916,,24.395674300254452,24.75385222534066
21099,Kentucky,Hart,38.46474760116813,40.783558124598585,10.909669211195927,,33.9058524173028,31.01595683856636
21101,Kentucky,Henderson,29.203170629954112,73.82787411689145,7.061068702290077,,71.18320610687023,45.318829889001464
21103,Kentucky,Henry,9.678765123070503,20.809248554913296,5.916030534351145,,22.455470737913487,14.714878737562108
21105,Kentucky,Hickman,38.04755944931164,40.49454078355812,2.767175572519084,,83.77862595419847,41.27197543989683
21107,Kentucky,Hopkins,29.912390488110137,75.14450867052022,18.76590330788804,,70.29262086513995,48.52885583291459
21109,Kentucky,Jackson,39.25740508969545,33.71868978805395,79.83460559796438,,0.0,38.20267511892845
21111,Kentucky,Jefferson,35.83646224447226,96.88503532434169,56.10687022900763,,21.24681933842239,52.518796784060996
21113,Kentucky,Jessamine,40.42553191489361,41.32947976878613,6.743002544529262,,17.302798982188293,26.450203302599324
21115,Kentucky,Johnson,45.84897788902795,60.34039820166988,76.30407124681933,,0.0,45.623361834379295
21117,Kentucky,Kenton,13.141426783479348,80.60372511239564,20.928753180661577,,15.903307888040713,32.644303241144314
21119,Kentucky,Knott,34.5014601585315,32.88375080282594,74.10941475826972,,0.0,35.37365642990679
21121,Kentucky,Knox,39.09052982895287,55.78034682080924,84.7328244274809,,20.197201017811707,49.95022552376368
21123,Kentucky,Larue,25.281602002503128,25.208734746307,7.029262086513994,,29.580152671755727,21.77493787676996
21125,Kentucky,Laurel,50.9386733416771,79.54399486191393,89.50381679389314,,28.307888040712474,62.07359325954916
21127,Kentucky,Lawrence,34.2511472674176,78.03468208092485,66.95292620865139,,15.585241730279895,48.70599932181844
21129,Kentucky,Lee,26.157697121401753,21.45150931278099,57.79262086513995,,14.75826972010178,30.040024254856117
21131,Kentucky,Leslie,31.49770546516479,26.268464996788698,62.81806615776081,,0.0,30.146059154928572
21133,Kentucky,Letcher,41.17647058823529,36.67308927424535,76.49491094147582,,0.0,38.58611770098912
21135,Kentucky,Lewis,34.12599082186066,59.28066795118818,15.330788804071249,,23.505089058524177,33.060634158911064
21137,Kentucky,Lincoln,42.46975385899041,35.7096981374438,24.33206106870229,,30.756997455470735,33.31712763015181
21139,Kentucky,Livingston,24.113475177304963,50.28901734104046,6.520356234096693,,68.8295165394402,37.43809132297058
21141,Kentucky,Logan,34.79349186483104,53.33975594091201,5.693384223918575,,58.269720101781175,38.0240880328607
21143,Kentucky,Lyon,17.813934084272006,45.98587026332691,12.754452926208652,,69.56106870229007,36.52883149402441
21145,Kentucky,McCracken,44.30538172715895,95.21515735388569,35.6234096692112,,70.26081424936386,61.35119074990493
21147,Kentucky,McCreary,48.477263245723826,44.34810533076429,74.17302798982189,,16.857506361323153,45.96397573190829
21149,Kentucky,McLean,26.866916979557782,45.40783558124598,4.516539440203562,,70.35623409669212,36.78688152442486
21151,Kentucky,Madison,50.64664163537755,61.111111111111114,52.035623409669206,,20.674300254452927,46.1169191026527
21153,Kentucky,Magoffin,37.33833959115561,34.71419396274887,82.06106870229009,,19.43384223918575,43.38686112384508
21155,Kentucky,Marion,37.04630788485607,27.874116891457938,11.1323155216285,,29.802798982188293,26.4638848200327
21157,Kentucky,Marshall,41.88569044639132,70.71290944123314,28.56234096692112,,65.87150127226464,51.758110531702556
21159,Kentucky,Martin,40.30037546933667,49.51830443159923,77.19465648854961,,0.0,41.75333409737138
21161,Kentucky,Mason,35.377555277430126,50.449582530507385,6.552162849872774,,26.208651399491096,29.646988014325345
21163,Kentucky,Meade,14.851898206090947,49.293513166345534,13.899491094147582,,31.106870229007633,27.287943173897922
21165,Kentucky,Menifee,16.604088443888195,20.231213872832367,51.526717557251914,,15.521628498727736,25.970912093175052
21167,Kentucky,Mercer,33.29161451814768,26.814386640976235,11.005089058524172,,28.021628498727736,24.78317967909396
21169,Kentucky,Metcalfe,30.74676679182311,31.18175979447656,6.774809160305344,,39.91730279898219,27.1551596363968
21171,Kentucky,Monroe,42.511472674176055,31.888246628131025,11.036895674300254,,40.426208651399484,31.465705907001706
21173,Kentucky,Montgomery,36.92115143929912,42.614001284521514,30.661577608142498,,21.151399491094143,32.837032455764316
21175,Kentucky,Morgan,37.42177722152691,37.66859344894027,70.92875318066157,,0.0,36.50478096278219
21177,Kentucky,Muhlenberg,30.413016270337923,73.50674373795762,18.161577608142498,,69.05216284987277,47.7833751165777
21179,Kentucky,Nelson,25.44847726324572,44.89402697495182,24.58651399491094,,32.029262086513995,31.73957007990562
21181,Kentucky,Nicholas,31.20567375886525,23.442517662170843,2.290076335877862,,25.349872773536894,20.57203513261271
21183,Kentucky,Ohio,40.842720066750104,57.964033397559405,11.768447837150129,,46.660305343511446,39.30887666124277
21185,Kentucky,Oldham,8.719232373800583,36.48041104688504,16.539440203562343,,22.900763358778622,21.159961745756647
21187,Kentucky,Owen,13.183145598664996,25.08028259473346,5.629770992366412,,21.501272264631044,16.348617862598978
21189,Kentucky,Owsley,23.070504797663745,17.886962106615286,64.56743002544529,,19.338422391857502,31.215829830395457
21191,Kentucky,Pendleton,8.343763037129746,35.16377649325626,5.534351145038168,,18.28880407124682,16.832673686667746
21193,Kentucky,Perry,44.3471005423446,40.912010276172126,77.92620865139949,,0.0,40.79632986747905
21195,Kentucky,Pike,51.188986232790995,67.2125883108542,90.07633587786259,,19.561068702290076,57.00974478094946
21197,Kentucky,Powell,34.83521068001669,32.113037893384714,43.19338422391857,,18.352417302798983,32.12351252502974
21199,Kentucky,Pulaski,56.19524405506884,66.12074502247913,64.15394402035624,,38.8676844783715,56.334404394068926
21201,Kentucky,Robertson,11.597830621610346,21.066152858060367,0.731552162849873,,15.839694656488549,12.308807574752283
21203,Kentucky,Rockcastle,35.502711722987065,40.141297366730896,47.51908396946565,,22.7735368956743,36.48415748871448
21205,Kentucky,Rowan,45.056320400500624,51.18818240205524,46.596692111959285,,17.239185750636132,40.02009516628782
21207,Kentucky,Russell,49.2282019190655,35.195889531149646,29.834605597964376,,32.98346055979644,36.81053940199399
21209,Kentucky,Scott,37.00458906967042,50.03211303789339,14.567430025445294,,22.07379134860051,30.919480870402403
21211,Kentucky,Shelby,20.317062995410932,45.43994861913938,21.374045801526716,,31.679389312977097,29.70261168226353
21213,Kentucky,Simpson,27.325823946599915,39.2742453436095,5.470737913486006,,45.10178117048346,29.29314709354472
21215,Kentucky,Spencer,7.84313725490196,21.355170199100833,9.128498727735368,,20.706106870229007,14.758228262991793
21217,Kentucky,Taylor,37.546933667083856,38.88888888888889,7.729007633587787,,31.99745547073791,29.04057141507461
21219,Kentucky,Todd,30.079265748852738,40.23763648041105,2.894402035623409,,65.64885496183206,34.71503980667981
21221,Kentucky,Trigg,24.405506883604502,51.316634553628774,12.53180661577608,,76.65394402035624,41.2269730183414
21223,Kentucky,Trimble,14.267834793491865,18.75401412973667,3.562340966921119,,25.47709923664122,15.515322281697717
21225,Kentucky,Union,26.61660408844389,60.53307642903019,5.597964376590331,,82.95165394402035,43.92482470952119
21227,Kentucky,Warren,44.221944096787645,82.17726396917149,18.51145038167939,,43.60687022900763,47.12938216916154
21229,Kentucky,Washington,25.823946599916564,20.102761721258833,11.482188295165397,,23.18702290076336,20.14897987927604
21231,Kentucky,Wayne,52.52398831873175,41.29736673089273,38.00890585241729,,30.725190839694655,40.638862935434105
21233,Kentucky,Webster,21.818940342094283,46.596017983301216,2.512722646310432,,69.81552162849873,35.18580065005116
21235,Kentucky,Whitley,44.72256987901543,65.28580603725112,85.1145038167939,,23.25063613231552,54.59337896634399
21237,Kentucky,Wolfe,31.2473925740509,24.759152215799617,63.80407124681934,,0.0,29.952654009167464
21239,Kentucky,Woodford,33.83395911556112,28.644829800899164,7.697201017811704,,21.43765903307888,22.90341224183772
22001,Louisiana,Acadia,96.6624947851481,80.63583815028902,61.60941475826972,45.4,94.91094147582696,75.84373783390676
22003,Louisiana,Allen,84.98122653316645,51.86255619781631,76.65394402035624,30.6,79.26208651399492,64.67196265306677
22005,Louisiana,Ascension,97.9557780559032,91.20102761721259,26.622137404580155,79.2,81.3295165394402,75.26169192342722
22007,Louisiana,Assumption,93.4918648310388,66.92357096981374,4.007633587786259,78.0,96.53307888040713,67.79122965380918
22009,Louisiana,Avoyelles,90.02920317062996,78.48426461143224,49.30025445292621,0.0,97.2328244274809,63.009309332493864
22011,Louisiana,Beauregard,82.47809762202753,61.46435452793835,86.29134860050891,22.6,73.09160305343512,65.18508076078197
22013,Louisiana,Bienville,67.87651230705049,71.32305716120744,21.4058524173028,,43.63867684478372,51.06102468258612
22015,Louisiana,Bossier,74.76011681268253,97.8805394990366,38.645038167938935,,63.00890585241731,68.57365008301883
22017,Louisiana,Caddo,82.77012932832707,98.71547848426461,62.75445292620865,,98.15521628498728,85.5988192559469
22019,Louisiana,Calcasieu,98.2060909470171,88.53564547206165,90.55343511450383,84.0,85.7824427480916,89.41552285633483
22021,Louisiana,Caldwell,62.244472256987905,56.26204238921002,25.986005089058523,,54.35750636132316,49.7125065241449
22023,Louisiana,Cameron,82.14434710054235,18.978805394990367,86.54580152671755,84.6,61.45038167938931,66.74386714032791
22025,Louisiana,Catahoula,74.00917813934085,58.06037251123957,17.716284987277355,,87.72264631043257,59.37712048707259
22027,Louisiana,Claiborne,69.54526491447642,73.0892742453436,28.62595419847328,,47.23282442748092,54.62332944644355
22029,Louisiana,Concordia,77.3884021693784,73.69942196531792,11.100508905852417,0.0,86.00508905852418,49.63868441981458
22031,Louisiana,De Soto,67.37588652482269,82.40205523442519,55.470737913486005,,51.908396946564885,64.2892691548247
22033,Louisiana,East Baton Rouge,98.16437213183144,98.07321772639693,32.283715012722645,54.6,64.69465648854961,69.56319227190014
22035,Louisiana,East Carroll,66.83354192740926,55.04174694926141,6.870229007633588,,89.53562340966921,54.570285323493366
22037,Louisiana,East Feliciana,84.64747601168126,64.64354527938343,58.587786259541986,0.0,75.0,56.57576151012133
22039,Louisiana,Evangeline,89.5702962035878,69.01091843288376,68.6704834605598,0.0,88.07251908396947,63.06484343620016
22041,Louisiana,Franklin,73.59198998748435,74.59858702633267,21.183206106870227,,86.1323155216285,63.87652466057893
22043,Louisiana,Grant,65.16478931998331,72.60757867694284,39.28117048346056,,44.338422391857506,55.34799021806106
22045,Louisiana,Iberia,97.28827701293285,83.49389852280027,28.975826972010175,72.0,91.63486005089058,74.67857251172677
22047,Louisiana,Iberville,94.40967876512309,71.90109184328838,6.043256997455471,65.60000000000001,85.33715012722645,64.65823554661867
22049,Louisiana,Jackson,65.37338339591156,70.96981374438022,30.53435114503817,,0.0,41.719387071332484
22051,Louisiana,Jefferson,99.79140592407175,97.495183044316,27.25826972010178,95.6,50.03180661577608,74.03533306085312
22053,Louisiana,Jefferson Davis,92.28201919065498,52.215799614643544,67.84351145038168,45.6,93.32061068702288,70.2523881885406
22055,Louisiana,Lafayette,98.3729662077597,93.09569685292229,53.021628498727736,45.0,86.73664122137404,75.24538655615676
22057,Louisiana,Lafourche,97.74718397997496,92.13230571612074,18.924936386768447,81.8,86.35496183206108,75.39187758298505
22059,Louisiana,LaSalle,65.03963287442637,62.84521515735389,20.006361323155215,,32.56997455470738,45.11529597741072
22061,Louisiana,Lincoln,67.00041718815186,89.30635838150289,29.70737913486005,,45.00636132315521,57.7551290069175
22063,Louisiana,Livingston,97.62202753441801,92.2286448298009,56.80661577608143,79.80000000000001,67.77989821882952,78.84743727182597
22065,Louisiana,Madison,69.62870254484773,63.6480411046885,4.89821882951654,,88.8676844783715,56.76066173935607
22067,Louisiana,Morehouse,68.16854401335002,79.57610789980733,48.25063613231552,,72.67811704834605,67.16835127345473
22069,Louisiana,Natchitoches,75.0104297037964,85.77392421323057,51.3676844783715,,59.63740458015267,67.94736074388778
22071,Louisiana,Orleans,99.6662494785148,97.23827874116893,48.091603053435115,81.2,56.902035623409674,76.61963337930571
22073,Louisiana,Ouachita,79.51606174384648,96.59601798330121,56.202290076335885,,46.21501272264631,69.63234563153247
22075,Louisiana,Plaquemines,94.8685857321652,62.94155427103403,20.5470737913486,83.0,82.56997455470739,68.78543766985104
22077,Louisiana,Pointe Coupee,86.52482269503547,66.73089274245343,11.800254452926207,0.0,91.18956743002543,51.249107464088105
22079,Louisiana,Rapides,90.61326658322903,91.52215799614645,78.02162849872775,,91.31679389312976,87.86846174280825
22081,Louisiana,Red River,63.954943679599495,57.03275529865125,17.14376590330789,,54.770992366412216,48.225614311992715
22083,Louisiana,Richland,66.16604088443889,73.98843930635837,24.55470737913486,,74.6501272264631,59.8398286990988
22085,Louisiana,Sabine,80.3087192323738,76.46114322414901,67.43002544529261,,54.039440203562336,69.55983202634444
22087,Louisiana,St. Bernard,95.53608677513559,68.40077071290945,38.708651399491096,74.4,35.146310432569976,62.43836386402122
22089,Louisiana,St. Charles,95.95327492699207,78.51637764932563,18.479643765903308,95.4,52.958015267175576,68.26146232187932
22091,Louisiana,St. Helena,79.59949937421777,54.46371226718048,53.30788804071247,,85.90966921119593,68.32019222332667
22093,Louisiana,St. James,94.11764705882352,64.35452793834297,4.802798982188295,83.39999999999998,90.87150127226464,67.50929505032389
22095,Louisiana,St. John the Baptist,95.74468085106383,73.92421323057161,11.863867684478372,75.4,81.13867684478372,67.61428772217951
22097,Louisiana,St. Landry,92.24030037546935,87.95761078998073,65.29898218829516,41.8,96.97837150127225,76.8550529710035
22099,Louisiana,St. Martin,96.12015018773467,78.70905587668592,25.0,87.0,92.71628498727735,75.90909821033958
22101,Louisiana,St. Mary,97.32999582811848,74.88760436737316,14.980916030534353,93.0,91.0941475826972,74.25853276174463
22103,Louisiana,St. Tammany,98.91531080517312,96.33911368015414,89.56743002544529,82.6,80.18447837150127,89.52126657645475
22105,Louisiana,Tangipahoa,97.91405924071756,93.12780989081567,78.30788804071247,69.39999999999999,84.2557251908397,84.60109647261709
22107,Louisiana,Tensas,70.25448477263245,47.36673089274245,6.329516539440204,,88.64503816793892,53.14894259318851
22109,Louisiana,Terrebonne,98.41468502294535,93.6737315350032,23.346055979643765,94.0,83.7150127226463,78.62989705204772
22111,Louisiana,Union,64.33041301627034,76.84649967886962,44.87913486005089,,41.9529262086514,57.00224344096056
22113,Louisiana,Vermilion,95.36921151439299,77.03917790622992,44.11577608142493,66.2,97.51908396946563,76.0486498943027
22115,Louisiana,Vernon,87.02544847726323,73.57096981374438,79.80279898218829,,0.0,60.09980431829898
22117,Louisiana,Washington,95.91155611180645,83.42967244701349,80.02544529262089,,91.15776081424936,87.63110866642253
22119,Louisiana,Webster,70.92198581560284,90.65510597302506,41.921119592875314,,45.260814249363875,62.18975640771677
22121,Louisiana,West Baton Rouge,81.97747183979975,59.2485549132948,2.926208651399491,16.0,77.60814249363868,47.552075579626546
22123,Louisiana,West Carroll,62.828535669586984,58.67052023121387,23.66412213740458,,87.78625954198473,58.23735939504755
22125,Louisiana,West Feliciana,78.22277847309137,53.24341682723186,37.62722646310432,0.0,60.43256997455471,45.90519834759645
22127,Louisiana,Winn,66.12432206925324,71.38728323699422,33.078880407124686,,42.33460559796438,53.23127282783414
23001,Maine,Androscoggin,86.19107217355028,36.255619781631346,24.77735368956743,0.0,76.17684478371501,44.680178085692816
23003,Maine,Aroostook,83.06216103462661,14.739884393063583,26.240458015267176,,42.43002544529262,41.6181322220625
23005,Maine,Cumberland,90.69670421360031,59.216441875401415,38.93129770992366,78.4,41.03053435114504,61.654995630014085
23007,Maine,Franklin,80.85106382978722,15.446371226718048,15.998727735368956,,41.06234096692112,38.339625939698834
23009,Maine,Hancock,87.81810596579056,11.753371868978803,10.846055979643769,77.0,57.44274809160306,48.97205638120324
23011,Maine,Kennebec,87.65123070504798,38.37508028259473,33.49236641221374,54.8,76.46310432569975,58.15635634511125
23013,Maine,Knox,82.89528577388403,11.496467565831727,16.793893129770993,69.19999999999999,35.846055979643765,43.2463404898261
23015,Maine,Lincoln,83.43763037129746,14.38664097623635,18.70229007633588,69.8,32.76081424936387,43.81747513464671
23017,Maine,Oxford,86.10763454317897,32.177263969171484,27.2264631043257,,40.68066157760814,46.54800579857107
23019,Maine,Penobscot,86.69169795577805,36.127167630057805,29.262086513994912,41.0,60.2735368956743,50.67089779910101
23021,Maine,Piscataquis,75.80308719232374,9.569685292228645,9.16030534351145,,42.08015267175573,34.15330762495489
23023,Maine,Sagadahoc,77.93074676679183,14.322414900449582,14.344783715012724,74.8,27.480916030534353,41.775772282557696
23025,Maine,Somerset,85.89904046725071,20.905587668593448,22.07379134860051,,78.84860050890585,51.931754998337624
23027,Maine,Waldo,82.81184814351272,19.845857418111752,17.62086513994911,58.8,54.739185750636125,46.763551290441946
23029,Maine,Washington,85.94075928243637,10.661528580603726,21.755725190839694,74.6,48.37786259541985,48.26717512985993
23031,Maine,York,91.53108051731333,52.82594733461785,56.265903307888046,86.6,65.77608142493638,70.59980251695112
24001,Maryland,Allegany,67.66791823112224,72.73603082851639,20.960559796437657,,46.62849872773537,51.99825189595292
24003,Maryland,Anne Arundel,87.19232373800584,93.22414900449583,35.94147582697201,73.2,74.01399491094148,72.71438869608303
24005,Maryland,Baltimore,92.74092615769712,99.22928709055877,39.53562340966921,73.8,82.3473282442748,77.53063298043999
24009,Maryland,Calvert,81.72715894868585,68.4971098265896,52.57633587786259,59.4,66.95292620865139,65.83070617235788
24011,Maryland,Caroline,88.15185648727577,57.70712909441234,63.74045801526719,53.400000000000006,92.68447837150129,71.13678439369133
24013,Maryland,Carroll,76.9712140175219,75.17662170841362,13.994910941475828,,74.61832061068702,60.190266819524595
24015,Maryland,Cecil,78.30621610346267,78.25947334617854,25.286259541984737,56.599999999999994,92.8117048346056,66.25273076524631
24017,Maryland,Charles,78.01418439716312,78.83750802825948,19.24300254452926,52.400000000000006,72.36005089058524,60.17094917210742
24019,Maryland,Dorchester,85.3566958698373,63.037893384714195,83.17430025445293,91.2,81.23409669211196,80.80059724022327
24021,Maryland,Frederick,79.26574885273259,85.09955041746949,27.63994910941476,,72.01017811704835,66.0038566241663
24023,Maryland,Garrett,63.82978723404256,3.94990366088632,31.93384223918575,,56.71119592875318,39.10618226571695
24025,Maryland,Harford,81.64372131831456,90.91201027617213,18.956743002544528,47.8,72.45547073791349,62.35358906698893
24027,Maryland,Howard,81.18481435127242,89.27424534360951,15.553435114503817,20.4,74.96819338422391,56.276137638721934
24029,Maryland,Kent,80.80934501460159,53.62877328195247,25.44529262086514,60.0,93.00254452926208,62.577191089336246
24031,Maryland,Montgomery,91.7813934084272,96.98137443802185,25.127226463104325,19.6,81.48854961832062,62.9957087855748
24033,Maryland,Prince George's,92.15686274509805,97.78420038535644,42.33460559796438,49.4,83.52417302798982,73.03996835128174
24035,Maryland,Queen Anne's,78.5148101793909,57.996146435452786,59.605597964376585,67.2,92.49363867684478,71.16203865121301
24037,Maryland,St. Mary's,85.1063829787234,67.30892742453436,59.03307888040712,63.0,72.32824427480917,69.3553267116948
24039,Maryland,Somerset,88.77763871506049,37.54014129736673,85.81424936386767,93.2,66.47582697201018,74.36157126966101
24041,Maryland,Talbot,83.18731748018357,81.69556840077071,71.15139949109415,70.6,85.75063613231552,78.4769843008728
24043,Maryland,Washington,85.69044639132248,79.1907514450867,38.19974554707379,,85.81424936386767,72.22379818683766
24045,Maryland,Wicomico,91.57279933249896,63.39113680154142,80.85241730279897,57.8,75.63613231552164,73.8504971504722
24047,Maryland,Worcester,91.98998748435545,56.45472061657033,65.87150127226464,88.0,65.45801526717557,73.55484492807321
24510,Maryland,Baltimore,92.32373800584065,99.42196531791909,24.04580152671756,64.0,0.0,55.95830097009546
25001,Massachusetts,Barnstable,94.53483521068,38.921001926782274,53.21246819338422,94.6,31.32951653944021,62.51956437405734
25003,Massachusetts,Berkshire,83.60450563204004,34.8747591522158,25.19083969465649,,22.232824427480917,41.47573222659831
25005,Massachusetts,Bristol,91.40592407175635,87.31535003211303,38.16793893129771,66.4,60.01908396946565,68.66165940092655
25007,Massachusetts,Dukes,80.76762619941593,8.156711624919717,27.86259541984733,55.400000000000006,19.87913486005089,38.413213620846776
25009,Massachusetts,Essex,93.28327075511056,91.81117533718688,59.19211195928753,97.8,89.91730279898219,86.40077217011343
25011,Massachusetts,Franklin,78.63996662494786,50.706486833654466,36.99109414758271,,56.74300254452926,55.77013753767858
25013,Massachusetts,Hampden,93.19983312473924,89.65960179833013,39.31297709923664,,58.68320610687023,70.21390453229407
25015,Massachusetts,Hampshire,83.81309970796829,59.312780989081574,35.81424936386768,,63.963104325699746,60.72580859665432
25017,Massachusetts,Middlesex,95.4526491447643,95.66473988439309,72.7735368956743,56.2,86.80025445292621,81.37823607555157
25019,Massachusetts,Nantucket,90.94701710471422,0.0,13.008905852417302,70.0,21.85114503816794,39.16141359905989
25021,Massachusetts,Norfolk,92.19858156028369,89.56326268464997,49.77735368956743,85.2,41.38040712468193,71.6239210118366
25023,Massachusetts,Plymouth,90.6549853984147,83.94348105330765,53.78498727735369,94.4,69.97455470737913,78.55160168729104
25025,Massachusetts,Suffolk,93.65874009178141,97.46307000642261,8.969465648854962,92.2,0.0,58.4582551494118
25027,Massachusetts,Worcester,96.62077596996245,89.94861913937059,62.59541984732826,,72.64631043256999,80.45278134730782
26001,Michigan,Alcona,29.536921151439294,11.464354527938344,41.25318066157761,30.0,0.0,22.45089126819105
26003,Michigan,Alger,0.0,4.752729608220937,28.912213740458014,15.4,16.603053435114504,13.13359935675869
26005,Michigan,Allegan,37.96412181894034,45.08670520231214,32.60178117048346,28.199999999999996,0.0,28.770521638347184
26007,Michigan,Alpena,26.074259491030453,24.566473988439306,15.61704834605598,36.0,0.0,20.451556365105148
26009,Michigan,Antrim,17.188151856487277,16.987797045600512,26.14503816793893,15.6,0.0,15.184197414005343
26011,Michigan,Arenac,29.662077596996244,13.776493256262045,35.11450381679389,39.2,0.0,23.550614934010436
26013,Michigan,Baraga,0.0,7.610789980732177,15.139949109414758,29.6,20.57888040712468,14.585923899454324
26015,Michigan,Barry,21.068001668752608,32.46628131021195,24.84096692111959,,0.0,19.593812475021036
26017,Michigan,Bay,42.09428452231956,53.596660244059095,14.662849872773537,45.8,0.0,31.230758927830436
26019,Michigan,Benzie,8.677513558614935,16.120745022479127,12.118320610687022,27.200000000000003,0.0,12.823315838356217
26021,Michigan,Berrien,31.70629954109303,65.1252408477842,23.473282442748097,38.8,0.0,31.820964566325063
26023,Michigan,Branch,35.00208594075928,37.50802825947335,15.044529262086517,,60.7824427480916,37.08427155260269
26025,Michigan,Calhoun,37.5052148518982,50.545921644187544,28.466921119592875,,0.0,29.129514403919657
26027,Michigan,Cass,31.83145598664998,42.2286448298009,19.020356234096692,,23.091603053435115,29.043015025995672
26029,Michigan,Charlevoix,17.73049645390071,17.758509955041745,16.221374045801525,26.4,0.0,15.622076090948799
26031,Michigan,Cheboygan,24.4889445139758,21.32305716120745,25.318066157760818,37.2,0.0,21.666013566588813
26033,Michigan,Chippewa,16.478931998331248,8.124598587026332,75.41348600508906,44.2,0.0,28.843403318089326
26035,Michigan,Clare,21.485189820609097,26.011560693641616,42.74809160305343,,0.0,22.561210529326036
26037,Michigan,Clinton,34.3345848977889,29.479768786127167,13.199745547073793,,0.0,19.253524807747464
26039,Michigan,Crawford,13.266583229036296,10.822093770070648,75.22264631043257,,0.0,24.82783082738488
26041,Michigan,Delta,0.0,12.845215157353888,49.74554707379134,36.6,21.469465648854964,24.132045576000042
26043,Michigan,Dickinson,0.0,13.037893384714195,27.767175572519083,,19.942748091603058,15.186954262209083
26045,Michigan,Eaton,37.5886524822695,45.02247912652537,22.837150127226465,,0.0,26.362070434005332
26047,Michigan,Emmet,12.849395077179809,20.391779062299292,16.189567430025445,31.4,0.0,16.16614831390091
26049,Michigan,Genesee,45.34835210680016,85.61335902376365,25.92239185750636,,0.0,39.22102574701754
26051,Michigan,Gladwin,22.528160200250312,18.46499678869621,38.89949109414758,,0.0,19.973162020773525
26053,Michigan,Gogebic,0.0,11.400128452151574,14.440203562340969,13.4,13.80407124681934,10.608880652262377
26055,Michigan,Grand Traverse,18.0642469753859,33.46178548490687,31.043256997455472,32.6,0.0,23.03385789154965
26057,Michigan,Gratiot,39.04881101376721,31.502890173410403,6.647582697201019,,0.0,19.299820971094658
26059,Michigan,Hillsdale,33.20817688777639,38.856775850995504,18.00254452926209,,35.400763358778626,31.36706515670315
26061,Michigan,Houghton,0.0,10.725754656390494,22.74173027989822,14.000000000000002,20.32442748091603,13.558382483440948
26063,Michigan,Huron,58.23946599916562,41.55427103403982,9.732824427480915,43.2,0.0,30.54531229213727
26065,Michigan,Ingham,45.974134334584896,72.02954399486191,29.580152671755727,,0.0,36.89595775030064
26067,Michigan,Ionia,34.000834376303715,31.66345536287733,21.596692111959285,,0.0,21.815245462785082
26069,Michigan,Iosco,40.05006257822278,19.91008349389852,60.71882951653944,41.4,0.0,32.415795117732145
26071,Michigan,Iron,0.0,9.890815671162493,43.288804071246815,,24.681933842239182,19.465388396162123
26073,Michigan,Isabella,33.04130162703379,37.957610789980734,18.352417302798983,,0.0,22.337832429953377
26075,Michigan,Jackson,39.54943679599499,57.67501605651895,32.85623409669211,,0.0,32.52017173730151
26077,Michigan,Kalamazoo,44.472256987901545,57.06486833654464,36.57760814249364,,0.0,34.52868336673495
26079,Michigan,Kalkaska,10.680016687526074,16.89145793192036,54.961832061068705,,0.0,20.633326670128785
26081,Michigan,Kent,33.625365039632875,95.05459216441875,42.589058524173026,,0.0,42.81725393205616
26083,Michigan,Keweenaw,0.0,3.082851637764933,15.298982188295165,14.8,12.563613231552162,9.149089411522452
26085,Michigan,Lake,14.518147684605756,21.965317919075144,43.51145038167939,,0.0,19.99872899634007
26087,Michigan,Lapeer,29.74551522736754,47.463070006422605,16.921119592875318,,0.0,23.532426206666365
26089,Michigan,Leelanau,11.76470588235294,17.469492614001283,14.949109414758269,37.0,0.0,16.2366615822225
26091,Michigan,Lenawee,36.629119732999584,55.234425176621706,21.24681933842239,,36.418575063613225,37.382234827914225
26093,Michigan,Livingston,23.571130579891527,64.22607578676943,37.595419847328245,,0.0,31.3481565534973
26095,Michigan,Luce,0.0,3.275529865125241,45.35623409669211,13.2,13.454198473282442,15.057192487019961
26097,Michigan,Mackinac,15.269086357947431,4.399486191393706,47.614503816793885,36.8,0.0,20.816615273227004
26099,Michigan,Macomb,49.85398414685023,94.50867052023122,41.73027989821883,46.6,0.0,46.53858691306006
26101,Michigan,Manistee,15.978306216103464,23.506743737957606,28.212468193384225,27.6,0.0,19.059503629489058
26103,Michigan,Marquette,0.0,22.70391779062299,68.70229007633588,34.599999999999994,17.938931297709924,28.789027832933762
26105,Michigan,Mason,15.811430955360867,34.32883750802826,41.539440203562336,32.800000000000004,0.0,24.895941733390295
26107,Michigan,Mecosta,27.409261576971215,29.030186255619785,29.166666666666668,,0.0,21.401528624814418
26109,Michigan,Menominee,0.0,14.771997430956969,33.33333333333333,37.6,18.924936386768447,20.92605343021175
26111,Michigan,Midland,34.668335419274094,51.99100834938986,32.63358778625955,,0.0,29.82323288873087
26113,Michigan,Missaukee,17.939090529828952,11.046885035324342,35.146310432569976,,0.0,16.033071499430818
26115,Michigan,Monroe,44.180225281602006,73.89210019267823,33.20610687022901,46.0,0.0,39.455686468901845
26117,Michigan,Montcalm,25.90738423028786,32.33782915863841,32.410941475826974,,0.0,22.66403871618831
26119,Michigan,Montmorency,17.605340008343763,13.48747591522158,60.36895674300254,,0.0,22.86544316664197
26121,Michigan,Muskegon,21.69378389653734,62.748876043673725,30.47073791348601,34.2,0.0,29.82267957073941
26123,Michigan,Newaygo,22.236128493950773,33.01220295439949,44.81552162849873,,0.0,25.01596326921225
26125,Michigan,Oakland,51.022110972048395,97.36673089274245,58.11068702290076,,0.0,51.6248822219229
26127,Michigan,Oceana,20.60909470171047,30.475272960822092,34.57379134860051,26.8,0.0,22.491631802226614
26129,Michigan,Ogemaw,27.784730913642058,17.341040462427745,61.38676844783715,,0.0,26.62813495597674
26131,Michigan,Ontonagon,0.0,5.940912010276172,31.583969465648853,15.0,22.36005089058524,14.976986473302054
26133,Michigan,Osceola,19.6912807676262,20.134874759152215,23.282442748091604,,0.0,15.777149568717505
26135,Michigan,Oscoda,17.104714226115977,10.115606936416183,75.98600508905852,,0.0,25.80158156289767
26137,Michigan,Otsego,18.02252816020025,17.694283879254975,44.974554707379134,,0.0,20.172841686708587
26139,Michigan,Ottawa,26.366291197329993,63.55170199100834,34.44656488549619,35.199999999999996,0.0,31.912911614766905
26141,Michigan,Presque Isle,23.404255319148938,15.285806037251124,14.058524173027989,15.2,0.0,13.589717105885612
26143,Michigan,Roscommon,25.94910304547351,18.079640333975593,69.72010178117048,,0.0,28.4372112901549
26145,Michigan,Saginaw,50.47976637463496,77.80989081567117,16.030534351145036,,0.0,36.08004788536279
26147,Michigan,St. Clair,35.794743429286605,63.808606294155425,33.524173027989825,46.2,0.0,35.86550455028637
26149,Michigan,St. Joseph,38.005840634125995,33.75080282594733,16.984732824427482,,61.99109414758269,37.68311760802087
26151,Michigan,Sanilac,55.444305381727155,45.88953114964676,12.181933842239186,26.6,0.0,28.023154074722623
26153,Michigan,Schoolcraft,0.0,3.114964675658317,34.35114503816794,14.2,13.549618320610689,13.04314560688739
26155,Michigan,Shiawassee,39.507717980809346,55.748233782915875,8.587786259541986,,0.0,25.9609345058168
26157,Michigan,Tuscola,49.10304547350855,43.898522800256906,15.966921119592875,32.4,0.0,28.27369787867167
26159,Michigan,Van Buren,29.036295369211512,44.21965317919075,26.399491094147585,23.799999999999997,0.0,24.69108792850997
26161,Michigan,Washtenaw,48.310387984981226,87.44380218368659,43.79770992366412,,0.0,44.88797502308298
26163,Michigan,Wayne,57.780559032123485,99.29351316634552,54.38931297709924,49.6,0.0,52.21267703511366
26165,Michigan,Wexford,13.808927826449729,25.240847784200387,40.839694656488554,,0.0,19.97236756678467
27001,Minnesota,Aitkin,,43.25626204238921,57.601781170483456,,43.225190839694655,48.02774468418911
27003,Minnesota,Anoka,,86.09505459216442,81.64758269720103,,29.03944020356234,65.59402583097594
27005,Minnesota,Becker,,26.332691072575464,77.16284987277355,,48.44147582697201,50.64567225744034
27007,Minnesota,Beltrami,,39.9165061014772,82.47455470737911,,58.396946564885496,60.262669124580604
27009,Minnesota,Benton,,45.95375722543353,67.6208651399491,,57.665394402035616,57.08000558913941
27011,Minnesota,Big Stone,,30.700064226075785,32.029262086513995,,23.918575063613233,28.88263379206767
27013,Minnesota,Blue Earth,,69.26782273603082,31.838422391857502,,78.7531806615776,59.95314192982198
27015,Minnesota,Brown,,42.67822736030829,24.07760814249364,,64.8854961832061,43.88044389533601
27017,Minnesota,Carlton,,61.30378933847142,40.99872773536896,,33.078880407124686,45.12713249365502
27019,Minnesota,Carver,,73.7315350032113,39.34478371501272,,36.22773536895674,49.76801802906025
27021,Minnesota,Cass,,51.28452151573539,63.19974554707379,,46.24681933842239,53.577028800410524
27023,Minnesota,Chippewa,,71.06615285806038,34.66921119592875,,62.43638676844784,56.05725027414565
27025,Minnesota,Chisago,,39.14579319203597,65.45801526717557,,35.20992366412214,46.60457737444455
27027,Minnesota,Clay,,38.72832369942197,65.96692111959288,,49.395674300254456,51.3636397064231
27029,Minnesota,Clearwater,,12.13872832369942,65.52162849872774,,60.24173027989822,45.96736236744179
27031,Minnesota,Cook,0.0,8.188824662813103,79.58015267175573,14.4,22.137404580152673,24.861276382944304
27033,Minnesota,Cottonwood,,46.78869621066153,32.56997455470738,,66.34860050890585,48.56909042475826
27035,Minnesota,Crow Wing,,56.77585099550418,76.14503816793892,,42.55725190839695,58.49271369061335
27037,Minnesota,Dakota,,84.58574181117534,39.56743002544529,,31.456743002544528,51.86997161305505
27039,Minnesota,Dodge,,24.694926140012846,4.4529262086514,,61.768447837150134,30.30543339527146
27041,Minnesota,Douglas,,38.21451509312781,50.286259541984734,,33.524173027989825,40.67498255436746
27043,Minnesota,Faribault,,35.90237636480411,9.573791348600508,,93.51145038167938,46.32920603169467
27045,Minnesota,Fillmore,0.0,35.998715478484264,10.814249363867685,,46.81933842239186,23.40807581618595
27047,Minnesota,Freeborn,,25.850995504174698,24.36386768447837,,93.06615776081425,47.760340316489106
27049,Minnesota,Goodhue,,37.861271676300575,9.001272264631044,,54.007633587786266,33.623392509572625
27051,Minnesota,Grant,,13.808606294155426,14.28117048346056,,31.870229007633593,19.98666859508319
27053,Minnesota,Hennepin,,99.10083493898524,74.87277353689568,,40.71246819338422,71.56202555642172
27055,Minnesota,Houston,7.509386733416772,35.48490687219011,8.842239185750635,,42.30279898218829,23.534832943386455
27057,Minnesota,Hubbard,,21.708413615928063,66.41221374045801,,67.8117048346056,51.9774440636639
27059,Minnesota,Isanti,,37.76493256262042,65.01272264631042,,32.347328244274806,45.041661151068546
27061,Minnesota,Itasca,,79.67244701348748,44.783715012722645,,39.79007633587786,54.748746120696005
27063,Minnesota,Jackson,,28.612716763005775,32.37913486005089,,63.61323155216285,41.53502772507317
27065,Minnesota,Kanabec,,26.718047527296086,63.32697201017812,,33.842239185750635,41.295752907741615
27067,Minnesota,Kandiyohi,,57.450224791265256,49.96819338422392,,62.46819338422392,56.628870519904375
27069,Minnesota,Kittson,,5.684007707129094,74.45928753180662,,54.64376590330788,44.929020380747865
27071,Minnesota,Koochiching,,37.1868978805395,33.93765903307888,,41.634860050890595,37.58647232150299
27073,Minnesota,Lac qui Parle,,59.95504174694927,29.67557251908397,,59.09669211195929,49.57576879266418
27075,Minnesota,Lake,,21.99743095696853,62.34096692111958,13.6,18.543256997455472,29.120413718885892
27077,Minnesota,Lake of the Woods,,5.202312138728324,55.43893129770993,,49.07760814249364,36.57295052631063
27079,Minnesota,Le Sueur,,40.52665382145151,16.125954198473284,,43.829516539440206,33.49404151978833
27081,Minnesota,Lincoln,,50.73859987154785,32.1882951653944,,66.85750636132316,49.9281337994218
27083,Minnesota,Lyon,,34.68208092485549,17.302798982188293,,76.43129770992367,42.805392538989146
27085,Minnesota,McLeod,,54.33526011560693,22.201017811704833,,42.525445292620866,39.68724107331087
27087,Minnesota,Mahnomen,,11.59280667951188,58.301526717557245,,65.9033078880407,45.26588042836994
27089,Minnesota,Marshall,,12.459858702633268,85.08269720101781,,87.08651399491094,61.54302329952068
27091,Minnesota,Martin,,41.875401412973666,17.970737913486005,,83.17430025445293,47.673479860304205
27093,Minnesota,Meeker,,43.705844572896595,25.95419847328244,,43.765903307888046,37.80864878468902
27095,Minnesota,Mille Lacs,,28.580603725112397,65.80788804071247,,39.12213740458015,44.503543056801675
27097,Minnesota,Morrison,,36.5446371226718,77.98982188295165,,59.06488549618321,57.866448167268885
27099,Minnesota,Mower,0.0,41.040462427745666,18.829516539440203,,91.85750636132317,37.93187133212726
27101,Minnesota,Murray,,44.861913937058446,20.642493638676847,,77.54452926208651,47.6829789459406
27103,Minnesota,Nicollet,,52.08734746307001,17.334605597964376,,63.136132315521635,44.18602845885201
27105,Minnesota,Nobles,,43.22414900449582,19.974554707379134,,66.4440203562341,43.214241356036354
27107,Minnesota,Norman,,12.427745664739884,47.041984732824424,,76.68575063613233,45.38516034456554
27109,Minnesota,Olmsted,0.0,72.51123956326269,20.48346055979644,,57.12468193384224,37.52984551422534
27111,Minnesota,Otter Tail,,42.35709698137444,79.32569974554707,,53.0852417302799,58.25601281906714
27113,Minnesota,Pennington,,14.57931920359666,82.25190839694656,,70.16539440203562,55.66554066752627
27115,Minnesota,Pine,,44.50867052023121,65.77608142493638,,40.20356234096692,50.1627714287115
27117,Minnesota,Pipestone,,41.10468850353243,19.083969465648856,,67.33460559796438,42.507754522381894
27119,Minnesota,Polk,,24.91971740526654,83.36513994910942,,89.18575063613233,65.8235359968361
27121,Minnesota,Pope,,36.57675016056519,36.51399491094148,,41.921119592875314,38.33728822146066
27123,Minnesota,Ramsey,,98.23378291586384,52.608142493638674,,12.786259541984732,54.542728317162414
27125,Minnesota,Red Lake,,5.780346820809249,48.75954198473281,,61.832061068702295,38.79064995808145
27127,Minnesota,Redwood,,68.65767501605652,18.606870229007633,,76.27226463104327,54.51226995870247
27129,Minnesota,Renville,,57.86769428387927,15.426208651399492,,79.23027989821882,50.841394277832535
27131,Minnesota,Rice,,51.34874759152216,33.0470737913486,,52.989821882951645,45.795214421940805
27133,Minnesota,Rock,,22.15799614643545,7.538167938931298,,56.93384223918575,28.87666877485083
27135,Minnesota,Roseau,,15.574823378291583,90.99872773536897,,84.7328244274809,63.76879184704715
27137,Minnesota,St. Louis,,86.48041104688502,81.74300254452926,35.0,42.20737913486005,61.35769818156858
27139,Minnesota,Scott,,81.14964675658317,52.00381679389313,,32.79262086513995,55.31536147187208
27141,Minnesota,Sherburne,,58.38150289017341,76.43129770992367,,61.57760814249363,65.46346958086357
27143,Minnesota,Sibley,,35.74181117533718,13.80407124681934,,60.87786259541985,36.807915005858796
27145,Minnesota,Stearns,,74.56647398843931,76.33587786259542,,57.1882951653944,69.36354900547637
27147,Minnesota,Steele,,25.52986512524085,10.464376590330788,,64.18575063613231,33.39333078390132
27149,Minnesota,Stevens,,30.346820809248555,20.57888040712468,,29.611959287531807,26.845886834635014
27151,Minnesota,Swift,,61.81759794476558,46.31043256997455,,56.77480916030534,54.96761322501516
27153,Minnesota,Todd,,36.73731535003211,71.5966921119593,,51.24045801526719,53.19148849241953
27155,Minnesota,Traverse,,17.24470134874759,15.871501272264632,,0.0,11.038734207004074
27157,Minnesota,Wabasha,0.0,33.87925497752087,13.517811704834608,,48.75954198473281,24.039152166772073
27159,Minnesota,Wadena,,18.111753371868975,65.55343511450383,,59.541984732824424,47.73572440639907
27161,Minnesota,Waseca,,19.20359666024406,15.171755725190838,,79.9618320610687,38.1123948155012
27163,Minnesota,Washington,,80.34682080924856,64.02671755725191,,12.94529262086514,52.43961032912187
27165,Minnesota,Watonwan,,41.5863840719332,9.192111959287532,,75.28625954198473,42.02158519106849
27167,Minnesota,Wilkin,,11.30378933847142,19.942748091603058,,0.0,10.415512476691491
27169,Minnesota,Winona,0.0,57.57867694283879,16.825699745547073,,49.33206106870229,30.93410943927204
27171,Minnesota,Wright,,71.45150931278098,61.036895674300254,,32.1882951653944,54.89223338415855
27173,Minnesota,Yellow Medicine,,88.59987154784844,25.508905852417303,,63.167938931297705,59.092238777187816
28001,Mississippi,Adams,75.21902377972467,84.81053307642902,41.0941475826972,,47.99618320610687,62.27997191123944
28003,Mississippi,Alcorn,57.571964956195245,74.85549132947978,44.274809160305345,,45.229007633587784,55.482818269892036
28005,Mississippi,Amite,86.27450980392157,61.33590237636481,61.164122137404576,,49.96819338422392,64.68568192547872
28007,Mississippi,Attala,68.29370045890697,60.59730250481695,47.48727735368957,,60.75063613231551,59.28222911243225
28009,Mississippi,Benton,37.38005840634126,49.13294797687861,50.38167938931297,,39.3765903307888,44.06781902583042
28011,Mississippi,Bolivar,66.37463496036713,84.0398201669878,17.938931297709924,,89.02671755725191,64.34502599557919
28013,Mississippi,Calhoun,63.57947434292866,66.76300578034682,26.3676844783715,,75.85877862595419,58.142235806900295
28015,Mississippi,Carroll,58.65665415102212,51.60565189466923,47.13740458015267,,68.1615776081425,56.39032205849663
28017,Mississippi,Chickasaw,67.54276178556529,66.47398843930635,30.852417302798983,,78.27608142493638,60.78631223815175
28019,Mississippi,Choctaw,59.49103045473508,41.811175337186896,22.964376590330794,,51.399491094147585,43.91651836910009
28021,Mississippi,Claiborne,67.91823112223612,60.9184328837508,29.198473282442748,,64.40839694656488,55.61088355874864
28023,Mississippi,Clarke,76.01168126825199,53.5645472061657,31.23409669211196,,55.69338422391857,54.125927347612055
28025,Mississippi,Clay,69.71214017521903,62.138728323699425,26.272264631043257,,61.895674300254456,55.004701857554046
28027,Mississippi,Coahoma,59.657905715477675,78.29158638407193,10.527989821882953,,80.1208651399491,57.14958676534542
28029,Mississippi,Copiah,78.05590321234877,81.3102119460501,49.55470737913486,,54.32569974554708,65.8116305707702
28031,Mississippi,Covington,87.77638715060492,69.71740526653821,55.56615776081425,,66.41221374045801,69.86804097960385
28033,Mississippi,DeSoto,49.72882770129328,96.08220937700706,67.93893129770993,,48.66412213740458,65.60352262835372
28035,Mississippi,Forrest,90.40467250730079,83.87925497752089,81.71119592875317,,42.17557251908397,74.5426739831647
28037,Mississippi,Franklin,69.87901543596162,55.68400770712909,40.71246819338422,,44.783715012722645,52.76480158729939
28039,Mississippi,George,92.65748852732582,50.38535645472062,75.57251908396947,16.8,52.35368956743003,57.5538107266892
28041,Mississippi,Greene,87.48435544430538,48.23378291586384,73.2824427480916,,36.19592875318066,61.29912746536037
28043,Mississippi,Grenada,60.74259491030455,68.68978805394991,49.1412213740458,,49.04580152671756,56.90485146625445
28045,Mississippi,Hancock,95.24405506883605,78.13102119460501,90.42620865139949,86.2,55.8206106870229,81.16437912037269
28047,Mississippi,Harrison,98.5398414685023,94.82980089916508,94.529262086514,91.60000000000002,58.81043256997456,87.6618674048312
28049,Mississippi,Hinds,86.35794743429287,97.14193962748877,54.64376590330788,,80.50254452926208,79.6615493735879
28051,Mississippi,Holmes,66.45807259073842,69.81374438021837,57.474554707379134,,84.31933842239185,69.51642752518194
28053,Mississippi,Humphreys,66.49979140592407,53.9820166987797,12.404580152671755,,91.06234096692113,55.98718230607416
28055,Mississippi,Issaquena,60.53400083437631,21.804752729608225,4.739185750636132,,85.97328244274809,43.26280543934219
28057,Mississippi,Itawamba,54.776804338756776,70.7771355170199,28.307888040712474,,40.74427480916031,48.65152567641237
28059,Mississippi,Jackson,97.78890279516061,91.84328837508029,94.147582697201,84.8,51.84478371501272,84.08491151649093
28061,Mississippi,Jasper,80.97622027534418,59.05587668593449,46.50127226463104,,53.18066157760815,59.928507700879464
28063,Mississippi,Jefferson,65.081351689612,70.45600513808607,27.576335877862597,,52.41730279898219,53.88274887613572
28065,Mississippi,Jefferson Davis,78.43137254901961,56.19781631342325,56.74300254452926,,58.365139949109405,62.434332839020385
28067,Mississippi,Jones,90.9887359198999,84.48940269749518,73.88676844783714,,54.07124681933843,75.85903847114267
28069,Mississippi,Kemper,65.5819774718398,50.67437379576107,25.604325699745544,,55.05725190839694,49.22948221893584
28071,Mississippi,Lafayette,61.07634543178973,80.70006422607578,48.05979643765903,,31.520356234096692,55.33914058240531
28073,Mississippi,Lamar,89.02795160617438,80.66795118818241,81.58396946564885,,36.6412213740458,71.98027340851287
28075,Mississippi,Lauderdale,83.3124739257405,90.5587668593449,57.665394402035616,,52.09923664122137,70.9089679570856
28077,Mississippi,Lawrence,78.18105965790573,53.05073859987155,54.134860050890595,,48.823155216284995,58.54745338123821
28079,Mississippi,Leake,81.7688777638715,67.75850995504175,51.908396946564885,,65.52162849872774,66.73935329105147
28081,Mississippi,Lee,68.8360450563204,88.88888888888889,36.6412213740458,,56.583969465648856,62.73753119622599
28083,Mississippi,Leflore,71.71464330413016,79.47976878612717,22.519083969465647,,88.83587786259542,65.6373434805796
28085,Mississippi,Lincoln,79.64121818940342,81.63134232498395,62.213740458015266,,51.68575063613231,68.79301290213373
28087,Mississippi,Lowndes,72.84105131414267,87.28323699421965,36.863867684478365,,72.58269720101781,67.39271329846463
28089,Mississippi,Madison,77.68043387567793,88.72832369942196,53.9440203562341,,71.9147582697201,73.06688405026352
28091,Mississippi,Marion,89.94576554025866,67.05202312138728,75.76335877862596,,46.75572519083969,69.8792181577779
28093,Mississippi,Marshall,49.144764288694205,81.85613359023763,79.19847328244275,,47.86895674300254,64.51708197609429
28095,Mississippi,Monroe,70.83854818523155,82.04881181759795,35.75063613231552,,71.94656488549617,65.1461402551603
28097,Mississippi,Montgomery,53.69211514392991,45.34360950545921,27.83078880407125,,47.93256997455471,43.69977085700377
28099,Mississippi,Neshoba,81.05965790571548,69.58895311496468,41.98473282442748,,56.965648854961835,62.39974817501737
28101,Mississippi,Newton,80.05840634125991,65.02890173410405,38.74045801526719,,63.58142493638677,61.85229775675448
28103,Mississippi,Noxubee,70.96370463078848,63.005780346820806,19.306615776081426,,73.53689567430025,56.703249106997745
28105,Mississippi,Oktibbeha,69.16979557780559,81.21387283236996,37.69083969465649,,53.05343511450383,60.281985804833965
28107,Mississippi,Panola,67.79307467667918,89.21001926782276,63.42239185750637,,65.42620865139949,71.46292361335195
28109,Mississippi,Pearl River,96.49561952440553,83.01220295439948,90.13994910941477,30.4,65.48982188295165,73.10751869423427
28111,Mississippi,Perry,80.68418856904464,39.78805394990366,70.61068702290076,,36.25954198473281,56.83561788164547
28113,Mississippi,Pike,87.2340425531915,82.33782915863841,71.53307888040712,,55.88422391857505,74.24729362770302
28115,Mississippi,Pontotoc,64.95619524405507,75.91522157996147,45.41984732824427,,52.16284987277354,59.61352850625858
28117,Mississippi,Prentiss,56.77930746766792,69.62106615285806,44.59287531806616,,45.578880407124686,54.143032336429215
28119,Mississippi,Quitman,55.819774718397994,54.14258188824663,28.117048346055977,,77.67175572519083,53.93779016947286
28121,Mississippi,Rankin,81.51856487275762,92.8387925497752,55.18447837150128,,65.55343511450383,73.77381772713449
28123,Mississippi,Scott,81.56028368794325,73.02504816955683,43.00254452926209,,61.67302798982188,64.81522609414601
28125,Mississippi,Sharkey,63.74634960367126,39.40269749518304,2.035623409669211,,89.56743002544529,48.688025133492204
28127,Mississippi,Simpson,80.60075093867334,71.4193962748876,48.1234096692112,,57.729007633587784,64.46814112908999
28129,Mississippi,Smith,83.8965373383396,56.03725112395632,47.32824427480916,,60.81424936386769,62.019070525243194
28131,Mississippi,Stone,91.11389236545682,52.05523442517662,84.28753180661577,,68.12977099236642,73.8966073974039
28133,Mississippi,Sunflower,73.84230287859825,78.06679511881826,19.338422391857502,,88.74045801526718,64.9969946011353
28135,Mississippi,Tallahatchie,64.4555694618273,68.2723185613359,42.04834605597965,,85.30534351145039,65.02039439764832
28137,Mississippi,Tate,45.76554025865666,76.30057803468208,58.87404580152672,,50.19083969465649,57.782750947380485
28139,Mississippi,Tippah,59.19899874843555,66.08863198458575,51.04961832061069,,46.11959287531807,55.61421048223751
28141,Mississippi,Tishomingo,57.07133917396746,67.34104046242774,37.24554707379134,,37.94529262086514,49.900804832762915
28143,Mississippi,Tunica,48.18523153942428,61.175337186897885,7.474554707379134,,73.6323155216285,47.616859738832446
28145,Mississippi,Union,61.99415936587402,72.09377007064869,47.264631043257,,45.38804071246819,56.68515029806197
28147,Mississippi,Walthall,79.55778055903212,51.79833012202955,66.66666666666666,,51.7175572519084,62.43508364990918
28149,Mississippi,Warren,74.13433458489779,87.79704560051381,39.408396946564885,,99.52290076335876,75.21566947383381
28151,Mississippi,Washington,72.3404255319149,89.43481053307643,26.08142493638677,,90.71246819338423,69.64228229869059
28153,Mississippi,Wayne,89.23654568210263,55.55555555555556,56.902035623409674,,52.86259541984733,63.6391830702288
28155,Mississippi,Webster,55.402586566541515,46.17854849068721,23.727735368956743,,61.323155216284995,46.65800641061762
28157,Mississippi,Wilkinson,80.89278264497288,52.89017341040462,37.5,,47.16921119592875,54.613041812826566
28159,Mississippi,Winston,72.54901960784314,63.58381502890174,35.52798982188295,,58.07888040712468,57.43492621643812
28161,Mississippi,Yalobusha,53.98414685022945,57.835581245985864,39.153944020356235,,44.81552162849873,48.94729843626757
28163,Mississippi,Yazoo,70.50479766374636,77.71355170199101,44.529262086513995,,89.66284987277355,70.60261533125623
29001,Missouri,Adair,9.970796829370046,66.05651894669235,42.87531806615776,,48.72773536895674,41.90759230279423
29003,Missouri,Andrew,0.0,50.09633911368015,50.15903307888042,,71.81933842239185,43.01867765373811
29005,Missouri,Atchison,0.0,62.52408477842004,28.75318066157761,,90.2671755725191,45.38611025312919
29007,Missouri,Audrain,23.153942428035045,85.54913294797689,41.82569974554708,,76.33587786259542,56.716163246038604
29009,Missouri,Barry,46.43304130162702,83.07642903018626,67.55725190839695,,71.88295165394402,67.23741847353855
29011,Missouri,Barton,28.744263662911973,62.042389210019266,10.178117048346056,,92.77989821882952,48.4361670350267
29013,Missouri,Bates,21.98581560283688,62.90944123314065,14.885496183206106,,60.14631043256997,39.9817658629384
29015,Missouri,Benton,27.909887359198997,78.22736030828517,69.46564885496184,,76.24045801526718,62.9608386344283
29017,Missouri,Bollinger,24.238631622861913,55.20231213872832,22.105597964376592,,39.599236641221374,35.28644459179705
29019,Missouri,Boone,25.573633708802667,93.77007064868336,70.67430025445293,,49.713740458015266,59.93293626748856
29021,Missouri,Buchanan,0.0,89.78805394990364,57.760814249363875,,72.29643765903307,54.96132646457515
29023,Missouri,Butler,44.01335002085941,93.48105330764291,39.44020356234097,,53.848600508905854,57.69580184993729
29025,Missouri,Caldwell,0.0,49.83943481053308,45.38804071246819,,67.17557251908397,40.60076201052131
29027,Missouri,Callaway,19.232373800584064,91.55427103403983,66.18956743002545,,57.3791348600509,58.58883678117506
29029,Missouri,Camden,41.21818940342094,91.93962748876045,81.8384223918575,,31.552162849872772,61.63710053347792
29031,Missouri,Cape Girardeau,38.25615352523988,92.32498394348106,32.69720101781171,,61.00508905852418,56.07085688626421
29033,Missouri,Carroll,0.0,53.75722543352601,43.86132315521628,,81.61577608142494,44.80858116754181
29035,Missouri,Carter,30.91364205256571,64.99678869621066,47.45547073791349,,16.762086513994912,40.03199700017119
29037,Missouri,Cass,17.77221526908636,88.92100192678227,29.4529262086514,,49.93638676844784,46.520632543241966
29039,Missouri,Cedar,21.61034626616604,67.50160565189466,49.395674300254456,,59.478371501272264,49.49649942989686
29041,Missouri,Chariton,21.3183145598665,63.070006422607584,48.18702290076336,,73.02798982188295,51.4008334262801
29043,Missouri,Christian,31.37254901960784,88.95311496467566,70.3880407124682,,38.16793893129771,57.22041090701235
29045,Missouri,Clark,14.184397163120568,83.30122029543995,47.36005089058524,,62.62722646310432,51.86822370306251
29047,Missouri,Clay,0.0,96.72447013487476,69.11577608142494,,43.47964376590331,52.329972495550756
29049,Missouri,Clinton,0.0,62.42774566473989,66.2531806615776,,68.00254452926208,49.17086771389489
29051,Missouri,Cole,17.855652899457656,94.28387925497752,71.72391857506362,,39.31297709923664,55.79410695718386
29053,Missouri,Cooper,12.473925740508967,67.88696210661529,40.36259541984733,,64.53562340966921,46.314776669160196
29055,Missouri,Crawford,30.246141009595327,87.15478484264611,53.5941475826972,,25.89058524173028,49.22141466916723
29057,Missouri,Dade,22.486441385064666,64.51509312780989,38.104325699745544,,75.3498727735369,50.11393324653925
29059,Missouri,Dallas,16.020025031289112,71.51573538856776,73.53689567430025,,60.36895674300254,55.36040320928992
29061,Missouri,Daviess,0.0,67.08413615928067,51.7175572519084,,84.82824427480917,50.90748442149956
29063,Missouri,DeKalb,0.0,43.38471419396275,46.37404580152672,,68.76590330788804,39.63116582584438
29065,Missouri,Dent,27.951606174384647,78.96596017983302,60.01908396946565,,29.07124681933842,49.00197428575544
29067,Missouri,Douglas,27.15894868585732,71.57996146435453,58.68320610687023,,26.399491094147585,45.955401837807415
29069,Missouri,Dunklin,46.51647893199833,89.62748876043673,7.760814249363868,,94.24300254452926,59.53694612158205
29071,Missouri,Franklin,18.272841051314145,93.73795761078996,66.69847328244275,,30.12086513994911,52.20753427112399
29073,Missouri,Gasconade,15.894868585732166,79.44765574823379,34.28753180661578,,35.49618320610687,41.28155983667215
29075,Missouri,Gentry,0.0,82.30571612074502,51.87659033078881,,88.61323155216286,55.69888450092417
29077,Missouri,Greene,41.30162703379224,98.1053307642903,72.42366412213741,,44.43384223918575,64.06611603985142
29079,Missouri,Grundy,14.476428869420108,61.78548490687219,46.78753180661578,,84.95547073791349,52.00122908020539
29081,Missouri,Harrison,11.180642469753858,66.6024405908799,60.05089058524173,,90.64885496183204,57.12070715192688
29083,Missouri,Henry,27.659574468085108,70.32755298651252,43.54325699745547,,78.68956743002543,55.05498797051963
29085,Missouri,Hickory,19.566124322069253,56.96852922286448,69.37022900763358,,52.67175572519084,49.64415956943954
29087,Missouri,Holt,0.0,51.83044315992292,32.79262086513995,,86.48218829516541,42.77631308005707
29089,Missouri,Howard,10.095953274926991,61.946050096339114,31.870229007633593,,55.78880407124682,39.92525911253663
29091,Missouri,Howell,41.67709637046307,87.02633269107258,75.44529262086515,,32.69720101781171,59.211480675053124
29093,Missouri,Iron,28.619107217355022,96.37122671804752,50.82697201017812,,15.744274809160306,47.89039518868525
29095,Missouri,Jackson,0.0,99.13294797687861,49.17302798982188,,46.0559796437659,48.5904889026166
29097,Missouri,Jasper,38.589904046725074,94.41233140655106,66.2849872773537,,92.55725190839696,72.96111865975669
29099,Missouri,Jefferson,23.654568210262827,92.10019267822737,53.05343511450383,,22.29643765903308,47.77615841550677
29101,Missouri,Johnson,22.194409678765123,81.05330764290302,28.816793893129773,,62.150127226463106,48.55365961031526
29103,Missouri,Knox,14.810179390905295,87.76493256262043,35.273536895674305,,61.80025445292621,49.912225825531564
29105,Missouri,Laclede,21.401752190237797,86.83365446371225,78.21246819338423,,41.31679389312977,56.941167185116015
29107,Missouri,Lafayette,16.937838965373384,75.46563904945408,34.033078880407125,,67.970737913486,48.60182370218015
29109,Missouri,Lawrence,40.13350020859407,84.52151573538856,53.43511450381679,,74.93638676844785,63.25662930406182
29111,Missouri,Lewis,12.265331664580724,82.9800899165061,36.67302798982188,,62.24554707379135,48.540999161175016
29113,Missouri,Lincoln,12.72423863162286,92.61400128452152,59.25572519083969,,43.25699745547074,51.9627406406137
29115,Missouri,Linn,16.186900292031705,64.54720616570327,50.667938931297705,,72.13740458015268,50.884862492296335
29117,Missouri,Livingston,0.0,56.358381502890175,38.23155216284987,,76.8765903307888,42.86663099913221
29119,Missouri,McDonald,31.53942428035044,74.47013487475915,72.80534351145039,,69.21119592875317,62.00652464882829
29121,Missouri,Macon,20.817688777638715,62.33140655105973,52.639949109414765,,60.30534351145038,49.0235969873909
29123,Missouri,Madison,33.708802670004175,84.23249839434811,30.216284987277355,,16.380407124681934,41.13449829407789
29125,Missouri,Maries,17.647058823529413,64.61143224149004,45.5470737913486,,37.81806615776082,41.40590775353222
29127,Missouri,Marion,15.853149770546516,79.73667308927423,30.756997455470735,,61.60941475826972,46.9890587683903
29129,Missouri,Mercer,11.389236545682104,46.30700064226076,48.346055979643765,,77.41730279898219,45.86489899164221
29131,Missouri,Miller,28.86942010846892,85.0674373795761,70.0381679389313,,37.213740458015266,55.2971914712479
29133,Missouri,Mississippi,35.46099290780142,64.0655105973025,1.590330788804071,,82.029262086514,45.7865240951055
29135,Missouri,Moniteau,18.523153942428035,82.01669877970456,67.68447837150127,,58.9058524173028,56.782545877734165
29137,Missouri,Monroe,19.190654985398417,82.88375080282596,31.90203562340967,,60.05089058524173,48.50683299921894
29139,Missouri,Montgomery,21.02628285356696,87.05844572896596,44.43384223918575,,57.95165394402035,52.61755619143476
29141,Missouri,Morgan,36.253650396328744,87.12267180475273,72.264631043257,,64.28117048346056,64.98053093194976
29143,Missouri,New Madrid,43.262411347517734,88.34296724470136,3.753180661577608,,79.70737913486005,53.76648459716419
29145,Missouri,Newton,39.67459324155194,90.14129736673088,77.29007633587787,,78.14885496183206,71.31370547649819
29147,Missouri,Nodaway,0.0,57.22543352601156,52.989821882951645,,84.54198473282443,48.68931003544691
29149,Missouri,Oregon,37.171464330413016,68.97880539499036,60.1145038167939,,0.0,41.56619338554932
29151,Missouri,Osage,14.05924071756362,79.15863840719332,35.846055979643765,,39.026717557251914,42.02266316541316
29153,Missouri,Ozark,27.450980392156865,84.4572896596018,60.75063613231551,,30.18447837150127,50.71084613889386
29155,Missouri,Pemiscot,46.30788485607009,84.77842003853564,3.944020356234097,,93.9885496183206,57.25471871729011
29157,Missouri,Perry,35.9616186900292,72.89659601798331,17.048346055979643,,36.67302798982188,40.64489718845351
29159,Missouri,Pettis,27.86816854401335,87.89338471419397,51.74936386768449,,75.82697201017811,60.83447228401748
29161,Missouri,Phelps,26.282853566958696,89.85228002569043,57.85623409669212,,29.70737913486005,50.92468670605032
29163,Missouri,Pike,22.152690863579476,88.69621066152858,41.9529262086514,,55.597964376590326,52.099948027587445
29165,Missouri,Platte,0.0,90.23763648041104,60.591603053435115,,57.06106870229007,51.97257705903406
29167,Missouri,Polk,24.071756362119316,81.75979447655747,72.20101781170484,,65.5852417302799,60.90445259516538
29169,Missouri,Pulaski,20.94284522319566,89.82016698779705,62.53180661577608,,26.685750636132315,49.99514236572528
29171,Missouri,Putnam,11.889862327909889,46.756583172768146,40.108142493638674,,71.02417302798982,42.44469025557663
29173,Missouri,Ralls,10.84689194826867,74.72703917790624,32.12468193384224,,52.926208651399484,42.656205427854154
29175,Missouri,Randolph,14.601585314977056,78.64482980089917,38.3587786259542,,44.65648854961832,44.06542057286218
29177,Missouri,Ray,0.0,70.5844572896596,55.025445292620866,,65.33078880407125,47.73517284658793
29179,Missouri,Reynolds,25.03128911138924,84.71419396274888,48.50508905852418,,14.980916030534353,43.30787204079916
29181,Missouri,Ripley,40.21693783896538,77.0712909441233,44.75190839694657,,35.655216284987276,49.42383836625564
29183,Missouri,St. Charles,22.778473091364205,95.56840077071293,58.81043256997456,,32.283715012722645,52.36025536119358
29185,Missouri,St. Clair,20.150187734668336,57.00064226075787,53.14885496183206,,80.82061068702289,52.78007391107029
29186,Missouri,Ste. Genevieve,32.83270755110555,93.2562620423892,36.22773536895674,,28.912213740458014,47.80722967572737
29187,Missouri,St. Francois,36.0450563204005,95.69685292228645,57.25190839694656,,25.0,53.498454409908376
29189,Missouri,St. Louis,45.09803921568628,99.87154784842645,61.704834605597966,,27.798982188295163,58.61835096450146
29195,Missouri,Saline,25.40675844806007,80.98908156711624,30.15267175572519,,82.47455470737911,54.75576661957015
29197,Missouri,Schuyler,8.010012515644556,36.15928066795119,41.157760814249365,,55.3117048346056,35.15968970811267
29199,Missouri,Scotland,19.899874843554443,93.57739242132304,55.152671755725194,,68.41603053435115,59.26149238873846
29201,Missouri,Scott,40.091781393408425,85.48490687219011,11.291348600508906,,74.33206106870229,52.80002448370243
29203,Missouri,Shannon,29.99582811848143,75.04816955684007,60.81424936386769,,0.0,41.46456175979729
29205,Missouri,Shelby,14.100959532749268,79.80089916506101,20.769720101781168,,60.94147582697202,43.90326365664087
29207,Missouri,Stoddard,49.0613266583229,85.16377649325628,13.39058524173028,,69.17938931297711,54.198769426571644
29209,Missouri,Stone,39.340842720066746,81.37443802183687,64.09033078880407,,49.840966921119595,58.66164461295681
29211,Missouri,Sullivan,16.812682519816438,47.30250481695568,42.62086513994911,,70.70610687022901,44.36053983673756
29213,Missouri,Taney,38.33959115561118,88.6319845857418,67.90712468193384,,45.801526717557245,60.17005678521102
29215,Missouri,Texas,37.21318314559866,87.66859344894027,64.94910941475827,,36.863867684478365,56.67368842344389
29217,Missouri,Vernon,31.038798498122656,74.791265253693,24.52290076335878,,94.72010178117048,56.26826657408623
29219,Missouri,Warren,9.51188986232791,92.6461143224149,56.55216284987278,,30.947837150127228,47.414501046185705
29221,Missouri,Washington,30.20442219440968,96.01798330122028,56.01145038167938,,20.960559796437657,50.79860391843675
29223,Missouri,Wayne,35.66958698372966,82.5947334617855,47.16921119592875,,32.156488549618324,49.397505047765556
29225,Missouri,Webster,23.52941176470588,81.9203596660244,69.14758269720102,,39.28117048346056,53.46963115284796
29227,Missouri,Worth,7.21735502711723,86.1592806679512,34.096692111959285,,69.43384223918575,49.22679251155337
29229,Missouri,Wright,31.289111389236545,80.82851637764932,64.59923664122137,,36.291348600508904,53.25205325215404
29510,Missouri,St. Louis,32.08176887776387,99.80732177263968,2.989821882951654,,0.0,33.7197281333388
30001,Montana,Beaverhead,,5.009633911368015,84.31933842239185,,39.090330788804074,42.80643437418798
30003,Montana,Big Horn,,34.938985228002565,94.8473282442748,,38.51781170483461,56.101375059037316
30005,Montana,Blaine,,20.584457289659603,69.8473282442748,,35.68702290076336,42.03960281156592
30007,Montana,Broadwater,,8.92742453436095,72.90076335877863,,30.438931297709924,37.422373063616504
30009,Montana,Carbon,,20.937700706486833,93.32061068702288,,37.43638676844784,50.56489938731918
30011,Montana,Carter,,7.803468208092486,73.82315521628499,,19.115776081424936,33.58079983526747
30013,Montana,Cascade,,45.82530507385999,84.16030534351145,,33.396946564885496,54.46085232741898
30015,Montana,Chouteau,,16.40976236351959,72.58269720101781,,49.49109414758271,46.1611845707067
30017,Montana,Custer,,38.31085420680797,85.36895674300254,,26.94020356234097,50.20667150405049
30019,Montana,Daniels,,8.092485549132949,37.81806615776082,,28.65776081424936,24.856104173714375
30021,Montana,Dawson,,62.49197174052665,59.573791348600516,,33.26972010178117,51.77849439696944
30023,Montana,Deer Lodge,,7.385998715478484,73.60050890585242,,15.267175572519085,32.08456106461666
30025,Montana,Fallon,,13.19845857418112,56.52035623409669,,20.13358778625954,29.950800864845785
30027,Montana,Fergus,,20.29543994861914,80.40712468193384,,31.838422391857502,44.180329007470164
30029,Montana,Flathead,,57.16120745022479,95.45165394402035,,24.491094147582697,59.034651847275946
30031,Montana,Gallatin,,28.83750802825947,91.38040712468192,,37.404580152671755,52.540831768537714
30033,Montana,Garfield,,10.597302504816955,78.33969465648855,,21.692111959287537,36.876369706864345
30035,Montana,Glacier,,16.666666666666664,85.2735368956743,,36.80025445292621,46.24681933842239
30037,Montana,Golden Valley,,4.495825305073859,57.44274809160306,,22.105597964376592,28.01472378701784
30039,Montana,Granite,,4.174694926140013,88.64503816793892,,17.016539440203562,36.612090844760836
30041,Montana,Hill,,24.727039177906228,62.786259541984734,,44.59287531806616,44.035391345985715
30043,Montana,Jefferson,,10.083493898522802,89.05852417302799,,19.751908396946565,39.63130882283245
30045,Montana,Judith Basin,,7.321772639691715,63.676844783715005,,28.24427480916031,33.08096407752234
30047,Montana,Lake,,38.66409762363519,92.6526717557252,,23.950381679389313,51.75571701958324
30049,Montana,Lewis and Clark,,35.38856775850995,92.84351145038168,,22.837150127226465,50.35640977870603
30051,Montana,Liberty,,8.702633269107258,17.080152671755723,,39.885496183206115,21.8894273746897
30053,Montana,Lincoln,,37.090558766859345,96.5966921119593,,15.235368956743004,49.64087327852055
30055,Montana,McCone,,17.951188182402056,48.56870229007634,,28.403307888040715,31.641066120173036
30057,Montana,Madison,,5.65189466923571,87.34096692111959,,29.834605597964376,40.94248906277323
30059,Montana,Meagher,,3.853564547206165,68.41603053435115,,20.769720101781168,31.013105061112828
30061,Montana,Mineral,,15.478484264611431,85.55979643765902,,13.326972010178118,38.121750904149515
30063,Montana,Missoula,,53.500321130378936,95.76972010178118,,15.966921119592875,55.07898745058433
30065,Montana,Musselshell,,17.597944765574823,91.92111959287533,,24.87277353689567,44.79727929844861
30067,Montana,Park,,17.662170841361593,93.51145038167938,,23.600508905852415,44.92471004296447
30069,Montana,Petroleum,,5.330764290301863,66.47582697201018,,17.65267175572519,29.819754339345746
30071,Montana,Phillips,,20.648683365446367,67.74809160305344,,27.89440203562341,38.763725668041076
30073,Montana,Pondera,,13.294797687861273,70.29262086513995,,44.274809160305345,42.62074257110219
30075,Montana,Powder River,,9.730250481695569,87.97709923664122,,17.270992366412212,38.32611402824967
30077,Montana,Powell,,5.908798972382788,86.35496183206108,,21.81933842239186,38.02769974227857
30079,Montana,Prairie,,18.561335902376364,60.973282442748086,,23.123409669211195,34.21934267144521
30081,Montana,Ravalli,,47.14193962748876,98.88676844783714,,19.529262086513995,55.18599005394663
30083,Montana,Richland,,46.11432241490045,54.99363867684478,,32.60178117048346,44.569914087409565
30085,Montana,Roosevelt,,48.13744380218369,72.83715012722645,,41.18956743002545,54.054720453145194
30087,Montana,Rosebud,,31.82402055234425,95.0063613231552,,33.5559796437659,53.46212050642179
30089,Montana,Sanders,,31.085420680796403,91.18956743002543,,20.006361323155215,47.42711647799235
30091,Montana,Sheridan,,16.859344894026975,51.20865139949109,,37.11832061068702,35.062105634735026
30093,Montana,Silver Bow,,13.872832369942197,80.72519083969466,,14.472010178117047,36.35667779591797
30095,Montana,Stillwater,,14.16184971098266,87.05470737913485,,25.44529262086514,42.22061657032756
30097,Montana,Sweet Grass,,6.583172768143866,88.10432569974553,,18.161577608142498,37.61635869201063
30099,Montana,Teton,,9.152215799614645,73.50508905852418,,37.18193384223918,39.946412900126
30101,Montana,Toole,,11.368015414258188,47.900763358778626,,39.82188295165393,33.030220574896916
30103,Montana,Treasure,,6.101477199743096,63.64503816793893,,26.55852417302799,32.10167984690334
30105,Montana,Valley,,25.272960822093772,49.459287531806616,,37.56361323155216,37.43195386181751
30107,Montana,Wheatland,,6.936416184971097,51.01781170483461,,24.713740458015273,27.555989449273657
30109,Montana,Wibaux,,11.657032755298651,41.85750636132315,,18.861323155216287,24.12528742394603
30111,Montana,Yellowstone,,72.25433526011561,93.44783715012723,,35.591603053435115,67.09792515455932
31001,Nebraska,Adams,,50.61014771997431,42.716284987277355,,91.92111959287533,61.74918410004233
31003,Nebraska,Antelope,,21.836865767501607,58.07888040712468,,84.22391857506362,54.71322158322997
31005,Nebraska,Arthur,,2.922286448298009,57.91984732824428,,50.667938931297705,37.17002423594666
31007,Nebraska,Banner,,2.569043031470777,42.14376590330789,,66.92111959287533,37.211309509218
31009,Nebraska,Blaine,,4.816955684007707,50.76335877862596,,40.55343511450381,32.04458319237916
31011,Nebraska,Boone,,21.19460500963391,43.09796437659033,,90.42620865139949,51.572926012541245
31013,Nebraska,Box Butte,,9.95504174694926,61.323155216284995,,96.56488549618322,55.94769415313916
31015,Nebraska,Boyd,,7.129094412331407,52.35368956743003,,73.82315521628499,44.435313065348815
31017,Nebraska,Brown,,13.102119460500964,58.492366412213734,,67.87531806615776,46.48993464629083
31019,Nebraska,Buffalo,,54.271034039820165,74.33206106870229,,87.1501272264631,71.91774077832851
31021,Nebraska,Burt,,31.11753371868979,78.4033078880407,,85.36895674300254,64.96326611657769
31023,Nebraska,Butler,0.0,22.414900449582532,66.22137404580153,,75.98600508905852,41.15556989611065
31025,Nebraska,Cass,0.0,53.27552986512523,74.14122137404581,,69.0203562340967,49.10927686831694
31027,Nebraska,Cedar,,32.59473346178549,71.18320610687023,,85.55979643765902,63.11257866877158
31029,Nebraska,Chase,,12.010276172125884,25.095419847328245,,68.03435114503816,35.04668238816409
31031,Nebraska,Cherry,,19.49261400128452,88.35877862595419,,69.75190839694656,59.20110034139509
31033,Nebraska,Cheyenne,,5.523442517662171,43.38422391857507,,91.66666666666664,46.858111034301295
31035,Nebraska,Clay,,12.170841361592808,59.541984732824424,,93.1297709923664,54.94753236226122
31037,Nebraska,Colfax,,21.03403982016699,57.06106870229007,,70.96055979643766,49.68522277296491
31039,Nebraska,Cuming,,44.57289659601798,86.38676844783714,,89.7264631043257,73.56204271606028
31041,Nebraska,Custer,,28.227360308285164,82.31552162849873,,74.26844783715013,61.60377659131134
31043,Nebraska,Dakota,,60.24405908798972,78.05343511450383,,74.49109414758269,70.92952945002541
31045,Nebraska,Dawes,,9.441233140655106,81.29770992366412,,66.73027989821882,52.489740987512675
31047,Nebraska,Dawson,,47.55940912010277,65.71246819338423,,94.3384223918575,69.20343323511484
31049,Nebraska,Deuel,,4.303147077713552,38.42239185750636,,81.96564885496184,41.56372926339392
31051,Nebraska,Dixon,,31.24598587026333,67.6526717557252,,73.88676844783714,57.59514202460855
31053,Nebraska,Dodge,0.0,54.75272960822094,70.32442748091603,,78.56234096692113,50.90987451401452
31055,Nebraska,Douglas,0.0,97.52729608220936,88.80407124681933,,62.054707379134854,62.09651867704089
31057,Nebraska,Dundy,,4.014129736673089,27.989821882951656,,68.60687022900763,33.53694061621079
31059,Nebraska,Fillmore,,11.23956326268465,30.248091603053435,,87.02290076335878,42.83685187636562
31061,Nebraska,Franklin,,19.13937058445729,40.61704834605598,,90.39440203562341,50.050273655378895
31063,Nebraska,Frontier,,17.308927424534364,41.76208651399491,,73.18702290076337,44.08601227976421
31065,Nebraska,Furnas,,23.089274245343606,19.87913486005089,,95.22900763358777,46.065805579660754
31067,Nebraska,Gage,0.0,48.554913294797686,78.9440203562341,,63.54961832061069,47.762137992910624
31069,Nebraska,Garden,,3.596660244059088,62.43638676844784,,74.45928753180662,46.83077818143786
31071,Nebraska,Garfield,,6.904303147077713,50.03180661577608,,41.4440203562341,32.79337670636263
31073,Nebraska,Gosper,,10.244059087989724,22.010178117048344,,86.19592875318067,39.48338865273958
31075,Nebraska,Grant,,2.825947334617855,61.959287531806616,,32.85623409669211,32.54715632103886
31077,Nebraska,Greeley,,7.289659601798331,47.773536895674305,,82.41094147582697,45.82471265776653
31079,Nebraska,Hall,,17.116249197174053,50.636132315521635,,91.82569974554707,53.192693752747594
31081,Nebraska,Hamilton,,22.318561335902377,28.403307888040715,,84.44656488549617,45.05614470314642
31083,Nebraska,Harlan,,17.4373795761079,35.01908396946565,,92.84351145038168,48.43332499865175
31085,Nebraska,Hayes,,6.551059730250482,26.431297709923665,,56.55216284987278,29.844840096682308
31087,Nebraska,Hitchcock,,11.78548490687219,31.361323155216287,,77.03562340966921,40.0608104905859
31089,Nebraska,Holt,,21.547848426461144,70.45165394402035,,81.07506361323156,57.69152199457102
31091,Nebraska,Hooker,,3.88567758509955,40.489821882951645,,38.61323155216285,27.66291034007135
31093,Nebraska,Howard,,7.257546563904945,52.767175572519086,,87.24554707379136,49.09008973673846
31095,Nebraska,Jefferson,0.0,32.01669877970456,72.96437659033079,,66.22137404580153,42.80061235395922
31097,Nebraska,Johnson,0.0,29.543994861913937,77.54452926208651,,45.865139949109405,38.23841601827746
31099,Nebraska,Kearney,,21.644187540141296,21.723918575063617,,89.82188295165395,44.39666302228628
31101,Nebraska,Keith,,16.088631984585742,66.76208651399492,,75.89058524173028,52.91376791343698
31103,Nebraska,Keya Paha,,8.959537572254336,62.69083969465649,,48.2824427480916,39.97760667166747
31105,Nebraska,Kimball,,3.821451509312781,55.216284987277355,,78.72137404580153,45.91970351413055
31107,Nebraska,Knox,,28.709055876685937,81.39312977099237,,83.7468193384224,64.6163349953669
31109,Nebraska,Lancaster,0.0,76.42903018625562,93.70229007633588,,69.78371501272265,59.97875881882854
31111,Nebraska,Lincoln,,51.027617212588304,74.61832061068702,,80.78880407124683,68.81158063150738
31113,Nebraska,Logan,,4.849068721901092,49.26844783715013,,44.179389312977094,32.7656352906761
31115,Nebraska,Loup,,4.913294797687861,30.089058524173034,,33.01526717557252,22.67254016581114
31117,Nebraska,McPherson,,3.147077713551702,38.45419847328244,,41.57124681933841,27.724174335390853
31119,Nebraska,Madison,,33.397559409120106,79.73918575063614,,78.05343511450383,63.73006009142002
31121,Nebraska,Merrick,,12.877328195247268,50.09541984732826,,91.76208651399493,51.57827818552349
31123,Nebraska,Morrill,,4.945407835581246,63.93129770992366,,97.10559796437659,55.32743450329383
31125,Nebraska,Nance,,12.235067437379575,42.84351145038168,,84.86005089058524,46.646209926115496
31127,Nebraska,Nemaha,0.0,52.601156069364166,66.79389312977099,,76.78117048346056,49.04405492064893
31129,Nebraska,Nuckolls,,22.76814386640976,42.08015267175573,,87.34096692111959,50.72975448642836
31131,Nebraska,Otoe,0.0,51.541425818882466,67.49363867684478,,66.50763358778626,46.38567452087838
31133,Nebraska,Pawnee,0.0,27.23185613359024,78.91221374045801,,53.37150127226463,39.87889278657822
31135,Nebraska,Perkins,,8.50995504174695,17.20737913486005,,72.2328244274809,32.6500528680293
31137,Nebraska,Phelps,,23.57096981374438,7.856234096692112,,91.793893129771,41.073699013402496
31139,Nebraska,Pierce,,15.895953757225437,67.14376590330788,,72.20101781170484,51.74691249074605
31141,Nebraska,Platte,,35.83815028901734,61.927480916030525,,86.03689567430025,61.26750895978271
31143,Nebraska,Polk,,23.02504816955684,38.39058524173028,,81.29770992366412,47.57111444498374
31145,Nebraska,Red Willow,,26.172125883108546,23.950381679389313,,86.51399491094148,45.54550082447978
31147,Nebraska,Richardson,0.0,53.307642903018625,66.88931297709924,,77.57633587786259,49.44332293949511
31149,Nebraska,Rock,,8.060372511239564,62.37277353689568,,42.62086513994911,37.68467039602812
31151,Nebraska,Saline,0.0,17.983301220295438,68.86132315521628,,77.92620865139949,41.192708256727805
31153,Nebraska,Sarpy,0.0,89.72382787411689,81.45674300254453,,53.88040712468194,56.26524450033584
31155,Nebraska,Saunders,0.0,20.456005138086063,72.2328244274809,,77.09923664122137,42.44701655169709
31157,Nebraska,Scotts Bluff,,20.35966602440591,64.18575063613231,,95.86513994910942,60.13685220321588
31159,Nebraska,Seward,0.0,18.047527296082208,72.07379134860051,,64.85368956743002,38.74375205302819
31161,Nebraska,Sheridan,,7.675016056518946,89.63104325699746,,80.72519083969466,59.34375005107035
31163,Nebraska,Sherman,,15.542710340398202,67.4618320610687,,88.67684478371501,57.227129061727304
31165,Nebraska,Sioux,,3.243416827231856,69.78371501272265,,70.54707379134861,47.85806854376771
31167,Nebraska,Stanton,,15.79961464354528,68.92493638676844,,70.19720101781171,51.64058401604181
31169,Nebraska,Thayer,,24.405908798972384,44.72010178117048,,85.59160305343512,51.572537877859325
31171,Nebraska,Thomas,,3.982016698779704,42.20737913486005,,34.35114503816794,26.846846957269232
31173,Nebraska,Thurston,,67.2447013487476,85.97328244274809,,85.05089058524173,79.42295812557914
31175,Nebraska,Valley,,8.895311496467565,66.34860050890585,,89.44020356234098,54.89470518923813
31177,Nebraska,Washington,0.0,18.336544637122675,82.09287531806616,,69.8791348600509,42.577138703809936
31179,Nebraska,Wayne,,59.987154784842645,58.206106870229014,,72.86895674300254,63.6874061326914
31181,Nebraska,Webster,,23.121387283236995,42.68447837150127,,92.74809160305345,52.85131908593058
31183,Nebraska,Wheeler,,6.13359023763648,45.92875318066159,,48.409669211195926,33.490670876498
31185,Nebraska,York,,26.42903018625562,37.37277353689568,,85.49618320610686,49.76599564308606
32001,Nevada,Churchill,,24.951830443159924,64.47201017811705,,76.84478371501272,55.42287477876323
32003,Nevada,Clark,0.0,99.90366088631984,99.14122137404581,,16.698473282442748,53.9358388857021
32005,Nevada,Douglas,,62.29929351316633,97.93256997455472,,79.13486005089058,79.78890784620388
32007,Nevada,Elko,,55.90879897238279,99.87277353689569,,39.24936386768448,65.01031212565432
32009,Nevada,Esmeralda,,40.976236351958896,34.73282442748092,,65.7442748091603,47.151111862866706
32011,Nevada,Eureka,,9.633911368015417,90.9351145038168,,59.25572519083969,53.27491702089063
32013,Nevada,Humboldt,,38.824662813102115,97.13740458015269,,80.75699745547074,72.23968828290852
32015,Nevada,Lander,,29.062299293513167,94.02035623409668,,74.87277353689568,65.98514302150184
32017,Nevada,Lincoln,,25.14450867052023,91.60305343511449,,62.69083969465649,59.81280060009707
32019,Nevada,Lyon,,67.56583172768144,96.78753180661576,,69.91094147582697,78.0881016700414
32021,Nevada,Mineral,,38.985228002569045,49.33206106870229,,47.041984732824424,45.11975793469858
32023,Nevada,Nye,,97.10982658959536,80.91603053435115,,47.20101781170484,75.07562497855045
32027,Nevada,Pershing,,32.30571612074502,87.30916030534351,,76.7175572519084,65.44414455933232
32029,Nevada,Storey,,6.390494540783558,96.31043256997457,,14.7264631043257,39.14246340502795
32031,Nevada,Washoe,,58.4136159280668,98.95038167938931,,50.47709923664122,69.28036561469911
32033,Nevada,White Pine,,20.03853564547206,84.19211195928753,,48.56870229007634,50.93311663161197
32510,Nevada,Carson City,,54.17469492614001,93.54325699745549,,14.69465648854962,54.13753613738171
33001,New Hampshire,Belknap,78.38965373383397,42.45343609505459,25.349872773536894,,34.44656488549619,45.15988187198042
33003,New Hampshire,Carroll,86.39966624947851,34.168272318561336,33.5559796437659,,0.0,38.530979552951436
33005,New Hampshire,Cheshire,76.05340008343762,51.57353885677585,24.491094147582697,,0.0,38.02950827194904
33007,New Hampshire,Coos,77.0546516478932,12.748876043673732,16.412213740458014,,0.0,26.553935358006235
33009,New Hampshire,Grafton,78.47309136420526,44.3159922928709,30.884223918575067,,0.0,38.418326893912806
33011,New Hampshire,Hillsborough,92.57405089695453,75.43352601156069,67.04834605597965,,57.85623409669212,73.22803926529674
33013,New Hampshire,Merrimack,84.81435127242385,70.64868336544637,35.17811704834606,,58.842239185750635,62.37084771799173
33015,New Hampshire,Rockingham,83.77138089278264,64.96467565831728,47.80534351145038,92.8,77.13104325699746,73.29448866390956
33017,New Hampshire,Strafford,76.55402586566542,49.357739242132304,34.51017811704835,44.6,66.2849872773537,54.26138610043995
33019,New Hampshire,Sullivan,67.0421360033375,44.540783558124595,13.740458015267176,,0.0,31.330844394182318
34001,New Jersey,Atlantic,95.78639966624947,89.08156711624919,94.30661577608143,96.2,84.16030534351145,91.90697758041831
34003,New Jersey,Bergen,92.78264497288276,96.78869621066151,21.660305343511453,100.0,37.150127226463106,69.67635475070378
34005,New Jersey,Burlington,88.81935753024615,93.80218368657674,92.20737913486005,79.0,72.264631043257,85.21871027898798
34007,New Jersey,Camden,88.5273258239466,97.04560051380861,86.25954198473282,76.0,69.8473282442748,83.53595931335256
34009,New Jersey,Cape May,93.11639549436796,92.4213230571612,86.41857506361323,99.4,57.91984732824428,85.85522818867733
34011,New Jersey,Cumberland,91.9482686691698,88.15028901734104,85.7824427480916,88.4,84.00127226463104,87.65645453984669
34013,New Jersey,Essex,91.82311222361285,98.97238278741169,10.591603053435112,65.4,25.540712468193384,58.465562106530605
34015,New Jersey,Gloucester,83.729662077597,93.6416184971098,79.67557251908397,84.2,77.7671755725191,83.80280573326198
34017,New Jersey,Hudson,91.73967459324155,98.81181759794477,4.548346055979644,95.0,25.699745547073793,63.159916758847956
34019,New Jersey,Hunterdon,74.67667918231122,72.12588310854207,26.33587786259542,,72.99618320610686,61.533655839888894
34021,New Jersey,Mercer,94.61827284105131,95.79319203596661,73.44147582697201,56.8,62.086513994910945,76.54789093978017
34023,New Jersey,Middlesex,92.61576971214016,96.46756583172768,79.70737913486005,83.6,75.03180661577609,85.4845042589008
34025,New Jersey,Monmouth,93.07467667918233,98.61913937058445,88.77226463104327,90.2,71.66030534351145,88.4652772048643
34027,New Jersey,Morris,85.18982060909468,89.17790622992935,29.993638676844785,,66.79389312977099,67.78881466140996
34029,New Jersey,Ocean,93.24155193992489,95.72896596017983,95.22900763358777,98.2,62.849872773536894,89.04987966144589
34031,New Jersey,Passaic,87.90154359616187,96.14643545279385,16.06234096692112,25.4,46.18320610687023,54.338705224549415
34033,New Jersey,Salem,76.80433875677932,76.49325626204238,68.06615776081425,95.8,79.38931297709924,79.31061315134704
34035,New Jersey,Somerset,83.4793491864831,88.0218368657675,35.400763358778626,29.4,58.460559796437664,58.95250184149338
34037,New Jersey,Sussex,71.46433041301627,59.794476557482334,36.704834605597966,,50.636132315521635,54.64994347290455
34039,New Jersey,Union,88.98623279098874,96.24277456647398,16.348600508905854,72.39999999999998,29.898218829516537,60.77516533917701
34041,New Jersey,Warren,79.93324989570296,72.22222222222221,23.44147582697201,,78.43511450381678,63.50801561217849
35001,New Mexico,Bernalillo,,95.40783558124596,94.97455470737911,,57.760814249363875,82.71440151266297
35003,New Mexico,Catron,0.0,8.317276814386641,96.34223918575063,,24.33206106870229,32.247894267209894
35005,New Mexico,Chaves,39.00709219858156,89.98073217726397,92.4618320610687,,98.88676844783714,80.08410622118785
35006,New Mexico,Cibola,0.0,22.800256904303147,83.11068702290076,,25.286259541984737,32.79930086729716
35007,New Mexico,Colfax,,18.946692357096985,97.51908396946563,,39.75826972010178,52.0746820155548
35009,New Mexico,Curry,0.0,63.13423249839435,95.70610687022901,,98.02798982188295,64.21708229762658
35011,New Mexico,De Baca,,13.840719332048812,77.44910941475827,,78.88040712468194,56.723411957163
35013,New Mexico,Doña Ana,36.54568210262829,94.60500963391137,86.57760814249363,,99.39567430025444,79.28099354482194
35015,New Mexico,Eddy,24.739257405089695,78.80539499036608,88.51781170483459,,85.24173027989822,69.32604859504714
35017,New Mexico,Grant,7.926574885273258,58.285163776493256,96.94656488549616,,38.45419847328244,50.40312550513628
35019,New Mexico,Guadalupe,,13.519588953114964,81.48854961832062,,39.153944020356235,44.720694197263946
35021,New Mexico,Harding,,5.138086062941554,67.87531806615776,,22.423664122137403,31.812356083745573
35023,New Mexico,Hidalgo,7.133917396745932,56.294155427103405,83.01526717557252,,83.81043256997457,57.5634431423491
35025,New Mexico,Lea,39.75803087192324,77.45664739884393,98.02798982188295,,86.06870229007633,75.32784259568162
35027,New Mexico,Lincoln,14.977054651647892,7.707129094412331,98.75954198473282,,17.87531806615776,34.8297609492377
35028,New Mexico,Los Alamos,,6.326268464996788,83.39694656488551,,0.0,29.9077383432941
35029,New Mexico,Luna,9.595327492699209,81.34232498394348,82.12468193384224,,98.05979643765905,67.78053271203599
35031,New Mexico,McKinley,0.0,39.4990366088632,78.68956743002543,,0.0,29.547151009722157
35033,New Mexico,Mora,,2.536929993577393,95.89694656488548,,62.56361323155216,53.66582993000501
35035,New Mexico,Otero,23.61284939507718,68.72190109184328,98.15521628498728,,76.14503816793892,66.65875123496167
35037,New Mexico,Quay,,30.314707771355167,85.71882951653944,,89.59923664122137,68.54425797637198
35039,New Mexico,Rio Arriba,,30.218368657675015,96.2150127226463,,70.3880407124682,65.6071406975965
35041,New Mexico,Roosevelt,32.20692532332082,65.5427103403982,98.56870229007632,,97.01017811704837,73.33212901771093
35043,New Mexico,Sandoval,,79.89723827874117,93.63867684478373,,72.93256997455471,82.15616169935987
35045,New Mexico,San Juan,,79.86512524084779,81.55216284987277,,99.04580152671757,86.82102987247937
35047,New Mexico,San Miguel,,8.831085420680797,97.29643765903309,,49.650127226463106,51.92588343539233
35049,New Mexico,Santa Fe,,52.98651252408479,98.18702290076337,,86.10050890585242,79.09134811023353
35051,New Mexico,Sierra,12.43220692532332,36.962106615285805,83.14249363867683,,73.95038167938931,51.62179721466882
35053,New Mexico,Socorro,0.0,27.64932562620424,86.99109414758269,,72.42366412213741,46.766020973981085
35055,New Mexico,Taos,,8.542068079640334,96.18320610687024,,63.77226463104325,56.16584627251794
35057,New Mexico,Torrance,,13.134232498394349,91.412213740458,,83.46055979643766,62.66900201176335
35059,New Mexico,Union,,10.918432883750803,88.83587786259542,,92.20737913486005,63.98722996040209
35061,New Mexico,Valencia,,70.16698779704559,87.40458015267176,,56.234096692111954,71.26855488060977
36001,New York,Albany,84.43888193575303,73.18561335902376,36.19592875318066,0.0,0.0,38.764084809591495
36003,New York,Allegany,64.08010012515645,14.515093127809893,19.720101781170484,,19.910941475826966,29.55655912749095
36005,New York,Bronx,95.28577388402168,99.61464354527936,2.385496183206107,85.6,0.0,56.577182722501426
36007,New York,Broome,77.84730913642053,70.48811817597945,36.25954198473281,,0.0,46.1487423242832
36009,New York,Cattaraugus,68.12682519816437,21.09826589595376,35.05089058524173,,0.0,31.068995419839965
36011,New York,Cayuga,64.74760116812682,42.42132305716121,32.44274809160305,21.4,56.6793893129771,43.53821232597364
36013,New York,Chautauqua,68.79432624113475,29.929351316634556,43.12977099236641,23.6,0.0,33.09068971002714
36015,New York,Chemung,66.33291614518147,55.394990366088635,22.646310432569976,,41.73027989821883,46.52612421051473
36017,New York,Chenango,66.41635377555278,26.107899807321772,26.494910941475823,,0.0,29.754791131087593
36019,New York,Clinton,61.15978306216103,47.23827874116891,24.204834605597963,,0.0,33.150724102231976
36021,New York,Columbia,81.30997079682936,44.18754014129737,38.676844783715005,0.0,16.921119592875318,36.21909506294342
36023,New York,Cortland,59.24071756362119,23.15350032113038,9.891857506361324,,0.0,23.071518847778222
36025,New York,Delaware,76.84605757196495,21.13037893384714,18.73409669211196,,0.0,29.177633299481013
36027,New York,Dutchess,90.78014184397165,77.5208734746307,57.283715012722645,46.8,44.465648854961835,63.37007583725737
36029,New York,Erie,71.29745515227367,95.37572254335261,62.62722646310432,44.4,35.81424936386768,61.902930704519655
36031,New York,Essex,65.70713391739675,30.98908156711625,24.80916030534351,,0.0,30.37634394746413
36033,New York,Franklin,57.73884021693784,26.910725754656394,17.493638676844782,,0.0,25.535801162109752
36035,New York,Fulton,64.49728827701293,27.520873474630704,27.417302798982192,,0.0,29.858866137656456
36037,New York,Genesee,62.03587818105966,34.26461143224149,18.416030534351144,,73.98218829516541,47.17467711070442
36039,New York,Greene,81.43512724238632,34.58574181117534,18.861323155216287,19.0,0.0,30.77643844175559
36041,New York,Hamilton,46.89194826866917,3.500321130378934,3.11704834605598,,0.0,13.377329436276021
36043,New York,Herkimer,62.45306633291614,33.076429030186254,25.731552162849873,,0.0,30.31526188148807
36045,New York,Jefferson,53.191489361702125,33.6223506743738,27.958015267175572,16.2,0.0,26.194371060650298
36047,New York,Kings,97.41343345848976,99.74309569685293,38.54961832061068,87.2,13.931297709923664,67.36748903717542
36049,New York,Lewis,47.392574050896954,15.41425818882466,13.454198473282442,,0.0,19.065257678251015
36051,New York,Livingston,57.32165206508135,38.086062941554275,17.65267175572519,,66.38040712468194,44.86019847176069
36053,New York,Madison,59.57446808510638,35.77392421323057,20.06997455470738,,0.0,28.854591713261087
36055,New York,Monroe,68.75260742594911,94.7655748233783,47.105597964376585,39.0,56.329516539440206,61.19065935062885
36057,New York,Montgomery,67.95994993742178,36.38407193320488,27.735368956743,,0.0,33.01984770684241
36059,New York,Nassau,95.41093032957863,95.98587026332693,43.60687022900763,98.4,17.493638676844782,70.1794618997516
36061,New York,New York,96.78765123070504,99.582530507386,9.923664122137405,77.8,0.0,56.81876917204569
36063,New York,Niagara,57.1964956195244,58.57418111753372,33.81043256997455,31.2,17.716284987277355,39.69947885886201
36065,New York,Oneida,70.08760951188987,64.25818882466281,38.48600508905852,,0.0,43.207950856402796
36067,New York,Onondaga,77.17980809345015,82.43416827231856,46.278625954198475,,0.0,51.473150579991795
36069,New York,Ontario,58.906967042136,47.01348747591521,38.295165394402034,,75.66793893129771,54.97088971093774
36071,New York,Orange,90.82186065915728,87.34746307000643,51.176844783715005,47.599999999999994,73.69592875318067,70.12841945321188
36073,New York,Orleans,51.85648727576137,28.291586384071927,12.46819338422392,13.8,17.90712468193384,24.86467834519821
36075,New York,Oswego,60.659157279933254,47.687861271676304,35.68702290076336,33.6,0.0,35.526808290474584
36077,New York,Otsego,64.62244472256988,19.01091843288375,25.699745547073793,,0.0,27.333277175631853
36079,New York,Putnam,73.21652065081352,47.591522157996145,19.65648854961832,40.6,19.083969465648856,40.02970016481537
36081,New York,Queens,97.0796829370046,99.67886962106616,15.521628498727736,96.6,13.708651399491096,64.51776649125792
36083,New York,Rensselaer,79.39090529828952,57.64290301862556,29.293893129770993,0.0,0.0,33.26554028933722
36085,New York,Richmond,90.23779724655819,98.2980089916506,31.456743002544528,81.39999999999998,22.201017811704833,64.71871341049163
36087,New York,Rockland,85.60700876095119,90.36608863198458,14.631043256997456,64.60000000000001,21.723918575063617,55.38561184499937
36089,New York,St. Lawrence,59.157279933249896,37.41168914579319,33.11068702290076,,0.0,32.419914025485966
36091,New York,Saratoga,77.72215269086358,59.47334617854849,37.404580152671755,,0.0,43.65001975552096
36093,New York,Schenectady,75.71964956195244,57.09698137443803,21.533078880407125,,0.0,38.5874274541994
36095,New York,Schoharie,64.83103879849811,14.258188824662811,11.227735368956743,,0.0,22.579240748029417
36097,New York,Schuyler,57.82227784730913,20.32755298651252,6.933842239185751,,66.06234096692111,37.786503509982126
36099,New York,Seneca,59.40759282436379,33.52601156069364,25.82697201017812,,72.90076335877863,47.91533493850355
36101,New York,Steuben,70.12932832707551,44.44444444444444,30.725190839694655,,55.50254452926209,50.200377035119175
36103,New York,Suffolk,96.82937004589068,94.66923570969814,73.37786259541986,98.6,14.917302798982188,75.67875422999816
36105,New York,Sullivan,79.18231122236129,40.7514450867052,29.548346055979646,,24.07760814249364,43.38992762688494
36107,New York,Tioga,62.70337922403005,40.30186255619782,23.886768447837152,,41.221374045801525,42.02834606846663
36109,New York,Tompkins,64.53900709219859,47.91265253693,22.232824427480917,,62.72264631043257,49.35178259176052
36111,New York,Ulster,86.85857321652065,66.31342324983943,52.86259541984733,53.6,49.74554707379134,61.87602779199975
36113,New York,Warren,67.2090112640801,35.54913294797688,24.87277353689567,,0.0,31.90772943723816
36115,New York,Washington,72.71589486858572,41.42581888246628,20.451653944020357,,0.0,33.64834192376809
36117,New York,Wayne,57.40508969545266,46.563904945407835,40.33078880407125,16.400000000000002,34.9236641221374,39.12468951341383
36119,New York,Westchester,93.61702127659576,96.17854849068722,56.64758269720102,80.80000000000001,30.56615776081425,71.56186204505966
36121,New York,Wyoming,62.4947851481018,15.767501605651896,13.104325699745548,,54.99363867684478,36.590062782586
36123,New York,Yates,63.62119315811431,28.80539499036609,12.72264631043257,,74.36386768447836,44.878275535847834
37001,North Carolina,Alamance,81.85231539424282,73.79576107899807,30.947837150127228,,48.88676844783715,58.870670517801315
37003,North Carolina,Alexander,67.83479349186483,28.06679511881824,28.148854961832058,,52.83078880407125,44.22030809414659
37005,North Carolina,Alleghany,59.07384230287859,0.0,45.76972010178117,,83.14249363867683,46.99651401083415
37007,North Carolina,Anson,82.85356695869838,48.07321772639692,58.460559796437664,,50.92239185750637,60.07743408475984
37009,North Carolina,Ashe,63.49603671255737,0.0,47.86895674300254,,71.27862595419847,45.6609048524396
37011,North Carolina,Avery,61.49353358364622,0.0,34.31933842239186,,0.0,23.95321800150952
37013,North Carolina,Beaufort,97.45515227367542,70.84136159280668,66.31679389312977,82.19999999999999,48.15521628498728,72.99370480891983
37015,North Carolina,Bertie,93.32498957029621,60.27617212588311,36.1323155216285,43.8,79.54834605597965,62.61636465475749
37017,North Carolina,Bladen,96.4121818940342,65.60693641618496,84.63740458015268,18.6,51.653944020356235,63.38209338214561
37019,North Carolina,Brunswick,99.08218606591572,84.93898522800258,93.35241730279897,89.4,28.75318066157761,79.10535385165899
37021,North Carolina,Buncombe,68.62745098039215,2.18368657675016,80.62977099236642,,65.20356234096693,54.16111772261891
37023,North Carolina,Burke,67.41760534000835,65.25369299935774,46.978371501272264,,62.02290076335878,60.418142650999286
37025,North Carolina,Cabarrus,73.92574050896955,68.24020552344253,50.604325699745544,,48.21882951653944,60.24727531217427
37027,North Carolina,Caldwell,66.04088443888193,39.33847141939628,51.972010178117046,,50.858778625954194,52.05253616558736
37029,North Carolina,Camden,72.4238631622862,24.020552344251765,24.013994910941474,50.2,32.91984732824427,40.71565154914474
37031,North Carolina,Carteret,98.74843554443054,71.0019267822736,88.58142493638677,88.2,26.494910941475823,74.60533964091334
37033,North Carolina,Caswell,73.63370880267,36.897880539499035,24.10941475826972,,71.31043256997455,51.487859167603325
37035,North Carolina,Catawba,76.88777638715061,57.28965960179833,36.60941475826972,,60.973282442748086,57.94003329749168
37037,North Carolina,Chatham,83.35419274092614,72.44701348747591,32.98346055979644,,45.038167938931295,58.455708681782454
37039,North Carolina,Cherokee,58.44806007509386,6.518946692357098,81.07506361323156,,36.16412213740458,45.55154812952177
37041,North Carolina,Chowan,89.52857738840217,63.969171483622354,26.049618320610683,52.0,49.23664122137404,56.15680168280185
37043,North Carolina,Clay,47.85148101793909,4.624277456647398,64.31297709923665,,40.108142493638674,39.22421951686545
37045,North Carolina,Cleveland,73.67542761785565,54.6242774566474,40.74427480916031,,59.31933842239185,57.0908295765138
37047,North Carolina,Columbus,96.7459324155194,86.22350674373796,77.70356234096693,19.4,47.264631043257,65.46752650869625
37049,North Carolina,Craven,98.6232790988736,84.20038535645472,83.30152671755725,54.2,50.731552162849866,74.21134866714708
37051,North Carolina,Cumberland,93.99249061326658,94.15542710340398,84.22391857506362,0.0,45.32442748091603,63.53925275453005
37053,North Carolina,Currituck,80.72590738423028,38.76043673731535,57.15648854961832,57.599999999999994,17.080152671755723,50.26459706858393
37055,North Carolina,Dare,97.70546516478933,51.220295439948615,82.66539440203562,86.8,14.31297709923664,66.54082642120204
37057,North Carolina,Davidson,84.23028785982478,64.45086705202311,49.61832061068702,,58.14249363867684,64.11049229030294
37059,North Carolina,Davie,69.96245306633291,31.470777135517015,23.123409669211195,,56.13867684478372,45.17382917896121
37061,North Carolina,Duplin,97.53858990404672,75.33718689788054,65.9033078880407,0.0,65.39440203562341,60.83469734511827
37063,North Carolina,Durham,89.40342094284523,93.99486191393706,34.478371501272264,,42.84351145038168,65.18004145210907
37065,North Carolina,Edgecombe,88.56904463913224,74.43802183686576,39.69465648854962,0.0,88.39058524173028,58.21846164125558
37067,North Carolina,Forsyth,86.4831038798498,80.2504816955684,35.782442748091604,,53.5941475826972,64.02754397655175
37069,North Carolina,Franklin,74.63496036712557,67.72639691714836,27.035623409669213,,78.37150127226464,61.94212049155195
37071,North Carolina,Gaston,70.2127659574468,68.33654463712267,48.21882951653944,,38.54961832061068,56.3294396079299
37073,North Carolina,Gates,77.88902795160617,30.378933847141944,12.97709923664122,40.8,56.61577608142495,43.73216742336285
37075,North Carolina,Graham,42.636629119733,0.0,49.586513994910945,,0.0,23.055785778660987
37077,North Carolina,Granville,85.44013350020859,70.52023121387283,35.30534351145038,,74.84096692111959,66.52666878666285
37079,North Carolina,Greene,92.90780141843973,56.67951188182401,29.42111959287532,23.200000000000003,76.94020356234098,55.82972729109601
37081,North Carolina,Guilford,90.3212348769295,86.9942196531792,43.765903307888046,,67.6526717557252,72.18350739843048
37083,North Carolina,Halifax,88.48560700876095,74.9839434810533,43.98854961832061,0.0,89.47201017811705,59.38602205725037
37085,North Carolina,Harnett,88.86107634543177,83.52601156069365,69.05216284987277,,64.59923664122137,76.50962184930489
37087,North Carolina,Haywood,57.947434292866085,0.0,58.7468193384224,,44.75190839694657,40.36154050705876
37089,North Carolina,Henderson,70.42136003337505,2.504816955684007,45.32442748091603,,80.470737913486,49.68033559586527
37091,North Carolina,Hertford,93.57530246141009,62.36351958895312,31.393129770992367,39.6,82.79262086513995,61.94491453729911
37093,North Carolina,Hoke,83.97997496871089,73.05716120745022,80.18447837150127,,43.95674300254453,70.29458938755172
37095,North Carolina,Hyde,94.57655402586566,30.154142581888248,74.71374045801527,84.39999999999998,51.972010178117046,67.16328944877725
37097,North Carolina,Iredell,70.33792240300374,46.40333975594091,43.25699745547074,,52.3854961832061,53.09593894940538
37099,North Carolina,Jackson,66.58322903629536,1.862556197816313,46.342239185750635,,55.025445292620866,42.4533674281208
37101,North Carolina,Johnston,86.31622861910722,89.9165061014772,52.67175572519084,,84.38295165394402,78.32186052492982
37103,North Carolina,Jones,94.49311639549437,41.26525369299936,48.409669211195926,33.2,48.091603053435115,53.09192847062495
37105,North Carolina,Lee,84.77263245723823,72.19010918432883,54.32569974554708,,53.11704834605598,66.10137243329252
37107,North Carolina,Lenoir,94.91030454735085,76.07578676942839,33.68320610687023,28.4,68.57506361323156,60.32887220737621
37109,North Carolina,Lincoln,65.54025865665415,39.627488760436734,37.849872773536894,,44.052162849872765,46.767445760125135
37111,North Carolina,McDowell,60.90947017104713,21.772639691714836,59.35114503816794,,64.05852417302799,51.522944768489474
37113,North Carolina,Macon,66.29119732999584,0.0,58.524173027989825,,32.88804071246819,39.42585276761346
37115,North Carolina,Madison,41.55193992490614,0.0,62.56361323155216,,15.203562340966922,29.829778874356307
37117,North Carolina,Martin,92.40717563621192,56.74373795761078,35.36895674300254,31.6,79.99363867684478,59.222701802734
37119,North Carolina,Mecklenburg,84.18856904463912,94.34810533076428,62.24554707379135,,28.5941475826972,67.34409225797299
37121,North Carolina,Mitchell,52.56570713391739,0.0,33.396946564885496,,0.0,21.49066342470072
37123,North Carolina,Montgomery,83.6462244472257,46.53179190751445,45.06997455470738,,45.48346055979644,55.182862867310995
37125,North Carolina,Moore,88.2770129328327,76.75016056518946,81.80661577608143,,49.26844783715013,74.02555927781343
37127,North Carolina,Nash,89.73717146433042,83.91136801541425,40.80788804071247,,88.13613231552164,75.64813995899469
37129,North Carolina,New Hanover,99.12390488110138,85.58124598587025,82.95165394402035,89.2,19.24300254452926,75.21996147110424
37131,North Carolina,Northampton,84.60575719649562,48.87604367373154,24.904580152671755,17.8,88.32697201017811,52.9026706066154
37133,North Carolina,Onslow,98.95702962035878,87.54014129736673,85.90966921119593,81.0,34.605597964376585,77.6024876186596
37135,North Carolina,Orange,81.89403420942845,84.07193320488119,28.435114503816795,,54.4529262086514,62.21350203169447
37137,North Carolina,Pamlico,95.66124322069254,43.15992292870906,77.95801526717557,58.2,18.51145038167939,58.698126359651305
37139,North Carolina,Pasquotank,91.32248644138507,60.82209377007065,44.49745547073791,63.4,29.866412213740457,57.981689579186806
37141,North Carolina,Pender,97.16312056737588,62.87732819524727,86.92748091603053,81.6,37.75445292620866,73.26447652097247
37143,North Carolina,Perquimans,89.65373383395911,53.21130378933847,29.134860050890588,52.2,45.13358778625955,53.866697092089545
37145,North Carolina,Person,72.46558197747184,66.44187540141297,20.865139949109416,,74.04580152671755,58.45459971367795
37147,North Carolina,Pitt,96.28702544847727,88.11817597944764,41.79389312977099,48.0,75.79516539440203,69.99885199041958
37149,North Carolina,Polk,60.867751355861486,16.506101477199746,43.47964376590331,,47.010178117048355,41.965918679003224
37151,North Carolina,Randolph,84.31372549019608,65.22157996146436,40.29898218829516,,62.913486005089055,63.18694341126116
37153,North Carolina,Richmond,85.98247809762202,64.86833654463712,79.89821882951654,,41.412213740458014,68.04031180305842
37155,North Carolina,Robeson,96.45390070921984,89.01734104046243,87.78625954198473,,64.79007633587787,84.51189440688621
37157,North Carolina,Rockingham,78.68168544013349,55.170199100834935,23.759541984732824,,66.2531806615776,55.966151796819716
37159,North Carolina,Rowan,72.38214434710052,50.93127809890816,47.74173027989822,,71.43765903307889,60.62320293974645
37161,North Carolina,Rutherford,66.70838548185232,38.15028901734104,63.231552162849866,,42.716284987277355,52.701627912330146
37163,North Carolina,Sampson,97.49687108886108,79.06229929351318,69.49745547073792,0.0,88.23155216284987,66.8576356031924
37165,North Carolina,Scotland,86.9837296620776,71.6120745022479,82.029262086514,,47.51908396946565,72.03603755507629
37167,North Carolina,Stanly,77.59699624530664,58.092485549132945,24.650127226463106,,56.07506361323155,54.10366815853356
37169,North Carolina,Stokes,68.71088861076345,25.305073859987154,16.0941475826972,,74.80916030534351,46.22981758969783
37171,North Carolina,Surry,71.50604922820192,22.44701348747591,28.053435114503817,,65.96692111959288,46.99335473744363
37173,North Carolina,Swain,54.15102211097205,0.0,60.30534351145038,,29.739185750636132,36.04888784326464
37175,North Carolina,Transylvania,59.94993742177722,2.472703917790623,43.95674300254453,,46.596692111959285,38.244019113517915
37177,North Carolina,Tyrrell,92.1151439299124,27.9383429672447,57.1882951653944,68.8,28.276081424936393,54.86357269749758
37179,North Carolina,Union,81.39340842720067,72.15799614643545,41.603053435114504,,69.37022900763358,66.13117175409604
37181,North Carolina,Vance,79.05715477680434,65.86384071933205,17.39821882951654,,70.67430025445293,58.24837864502646
37183,North Carolina,Wake,89.904046725073,96.85292228644829,57.3791348600509,,51.08142493638677,73.80438220198974
37185,North Carolina,Warren,84.85607008760951,51.445086705202314,26.55852417302799,,82.50636132315522,61.34151057224875
37187,North Carolina,Washington,93.78389653733832,53.85356454720617,47.23282442748092,47.2,36.92748091603055,55.799553285611196
37189,North Carolina,Watauga,61.869002920317065,0.0,40.93511450381679,,76.20865139949109,44.75319220590624
37191,North Carolina,Wayne,96.53733833959117,87.8291586384072,55.37531806615776,,74.23664122137404,78.49461406638254
37193,North Carolina,Wilkes,75.4276178556529,28.00256904303147,52.735368956743,,63.80407124681934,54.99240677556168
37195,North Carolina,Wilson,90.36295369211514,80.05780346820809,40.394402035623415,,88.29516539440203,74.77758114758717
37197,North Carolina,Yadkin,68.21026282853568,19.685292228644833,17.525445292620866,,69.27480916030534,43.673952377526675
37199,North Carolina,Yancey,54.943679599499376,0.0,51.78117048346056,,51.01781170483461,39.43566544694863
38001,North Dakota,Adams,,8.38150289017341,48.02798982188295,,25.82697201017812,27.41215490741149
38003,North Dakota,Barnes,,19.07514450867052,65.42620865139949,,24.745547073791354,36.415633411287125
38005,North Dakota,Benson,,11.721258831085422,80.08905852417303,,33.587786259541986,41.79936787160015
38007,North Dakota,Billings,,3.179190751445086,65.33078880407125,,18.447837150127228,28.985938901881187
38009,North Dakota,Bottineau,,7.096981374438021,84.98727735368958,,36.54580152671756,42.87668675161505
38011,North Dakota,Bowman,,6.80796403339756,56.71119592875318,,25.508905852417303,29.676021938189347
38013,North Dakota,Burke,,3.532434168272319,46.85114503816794,,24.904580152671755,25.096053119704006
38015,North Dakota,Burleigh,,52.95439948619139,84.12849872773536,,24.30025445292621,53.794384222284314
38017,North Dakota,Cass,,57.129094412331405,50.540712468193384,,20.229007633587788,42.63293817137086
38019,North Dakota,Cavalier,,5.844572896596018,52.79898218829516,,35.01908396946565,31.22087968478561
38021,North Dakota,Dickey,,14.097623635195887,55.97964376590331,,26.240458015267176,32.105908472122124
38023,North Dakota,Divide,,6.037251123956326,59.09669211195929,,31.583969465648853,32.239304233854824
38025,North Dakota,Dunn,,8.670520231213873,83.87404580152672,,27.92620865139949,40.15692489471336
38027,North Dakota,Eddy,,4.271034039820167,63.00890585241731,,22.614503816793892,29.964814569677127
38029,North Dakota,Emmons,,12.106615285806036,93.16157760814248,,35.46437659033079,46.91085649475976
38031,North Dakota,Foster,,8.413615928066795,48.37786259541985,,24.427480916030532,27.07298647983906
38033,North Dakota,Golden Valley,,9.826589595375722,49.204834605597966,,27.70356234096692,28.911662180646868
38035,North Dakota,Grand Forks,,37.283236994219656,55.3117048346056,,25.92239185750636,39.50577789544387
38037,North Dakota,Grant,,10.276172125883107,65.36259541984732,,21.755725190839694,32.464830912190045
38039,North Dakota,Griggs,,6.19781631342325,49.10941475826972,,22.32824427480916,25.878491782167373
38041,North Dakota,Hettinger,,8.285163776493256,55.40712468193384,,25.763358778625957,29.818549079017686
38043,North Dakota,Kidder,,6.358381502890173,45.83333333333333,,25.381679389312975,25.857798075178824
38045,North Dakota,LaMoure,,11.271676300578036,38.07251908396945,,21.62849872773537,23.657564704094284
38047,North Dakota,Logan,,8.028259473346179,55.27989821882952,,28.117048346055977,30.47506867941056
38049,North Dakota,McHenry,,7.225433526011561,87.43638676844785,,25.03180661577608,39.89787563674516
38051,North Dakota,McIntosh,,10.404624277456648,70.76972010178118,,31.774809160305345,37.64971784651439
38053,North Dakota,McKenzie,,19.267822736030833,77.35368956743001,,31.043256997455472,42.55492310030544
38055,North Dakota,McLean,,15.735388567758507,76.97201017811705,,32.092875318066156,41.60009135464724
38057,North Dakota,Mercer,,14.065510597302506,61.57760814249363,,20.99236641221374,32.21182838400329
38059,North Dakota,Morton,,28.034682080924856,73.91857506361323,,23.40966921119593,41.787642118578006
38061,North Dakota,Mountrail,,13.583815028901732,78.7531806615776,,32.95165394402035,41.7628832114999
38063,North Dakota,Nelson,,7.964033397559408,67.8117048346056,,27.32188295165394,34.36587372793965
38065,North Dakota,Oliver,,5.298651252408478,44.465648854961835,,19.020356234096692,22.928218780489
38067,North Dakota,Pembina,,11.946050096339114,63.8676844783715,,31.93384223918575,35.91585893796546
38069,North Dakota,Pierce,,5.876685934489402,56.48854961832062,,23.727735368956743,28.697656973922253
38071,North Dakota,Ramsey,,11.078998073217726,79.86641221374046,,27.735368956743,39.560259747900396
38073,North Dakota,Ransom,,13.166345536287732,59.764631043257,,18.384223918575064,30.43840016603993
38075,North Dakota,Renville,,3.564547206165703,37.27735368956743,,29.4529262086514,23.431609034794846
38077,North Dakota,Richland,,23.63519588953115,53.975826972010175,,16.189567430025445,31.26686343052226
38079,North Dakota,Rolette,,12.652536929993577,96.37404580152673,,29.357506361323153,46.12802969761449
38081,North Dakota,Sargent,,10.179833012202955,41.28498727735369,,16.984732824427482,22.81651770466138
38083,North Dakota,Sheridan,,4.656390494540783,63.295165394402034,,24.1412213740458,30.697592420996205
38085,North Dakota,Sioux,,16.34553628773282,80.53435114503816,,24.013994910941474,40.297960781237485
38087,North Dakota,Slope,,14.193962748876045,38.040712468193384,,23.886768447837152,25.37381455496886
38089,North Dakota,Stark,,23.314065510597302,54.80279898218829,,28.053435114503817,35.39009986909647
38091,North Dakota,Steele,,5.041746949261401,17.016539440203562,,21.119592875318062,14.392626421594343
38093,North Dakota,Stutsman,,23.892100192678228,66.85750636132316,,35.11450381679389,41.95470345693176
38095,North Dakota,Towner,,3.725112395632626,56.77480916030534,,27.099236641221378,29.199719399053112
38097,North Dakota,Traill,,10.372511239563265,23.314249363867685,,21.882951653944023,18.523237419124992
38099,North Dakota,Walsh,,12.716763005780344,79.16666666666666,,29.198473282442748,40.36063431829658
38101,North Dakota,Ward,,29.736673089274245,79.42111959287533,,33.33333333333333,47.49704200516097
38103,North Dakota,Wells,,9.216441875401411,51.43129770992366,,32.220101781170484,30.955947122165185
38105,North Dakota,Williams,,20.77713551701991,77.41730279898219,,40.0763358778626,46.090258064621565
39001,Ohio,Adams,41.760534000834376,64.16184971098265,63.040712468193384,,39.98091603053435,52.23600305263619
39003,Ohio,Allen,46.808510638297875,51.92678227360308,9.35114503816794,,0.0,27.021609487517225
39005,Ohio,Ashland,43.76303712974551,49.38985228002569,30.025445292620866,,0.0,30.79458367559802
39007,Ohio,Ashtabula,52.31539424280351,50.96339113680153,36.10050890585242,28.799999999999997,0.0,33.63585885709149
39009,Ohio,Athens,53.23320817688778,73.76364804110469,13.358778625954198,,44.14758269720102,46.12580438528692
39011,Ohio,Auglaize,39.883187317480186,30.764290301862555,5.248091603053435,,0.0,18.973892305599044
39013,Ohio,Belmont,55.319148936170215,57.93192035966602,40.68066157760814,,56.39312977099237,52.581215161109185
39015,Ohio,Brown,26.78347934918649,64.9325626204239,60.65521628498728,,53.21246819338422,51.39593161199547
39017,Ohio,Butler,27.743012098456404,81.66345536287733,41.18956743002545,,46.024173027989825,49.15505197983725
39019,Ohio,Carroll,36.17021276595745,34.232498394348106,24.745547073791354,,44.974554707379134,35.03070323536901
39021,Ohio,Champaign,27.617855652899458,26.36480411046885,3.371501272264631,,50.31806615776081,26.918056798348438
39023,Ohio,Clark,40.00834376303714,63.166345536287736,25.03180661577608,,53.40330788804071,45.402450950785415
39025,Ohio,Clermont,20.859407592824365,86.67308927424534,41.38040712468193,,37.30916030534351,46.55551607427379
39027,Ohio,Clinton,35.33583646224447,59.76236351958896,8.93765903307888,,67.4618320610687,42.87442276899526
39029,Ohio,Columbiana,59.532749269920735,60.46885035324342,46.75572519083969,,0.0,41.68933120350096
39031,Ohio,Coshocton,40.383813099707965,50.35324341682723,29.898218829516537,,28.848600508905857,37.3709689637394
39033,Ohio,Crawford,36.086775135586144,26.204238921001927,3.053435114503817,,0.0,16.33611229277297
39035,Ohio,Cuyahoga,62.36962870254485,97.68786127167628,56.87022900763359,33.0,0.0,49.98554379637095
39037,Ohio,Darke,37.755527743012095,29.28709055876686,12.309160305343513,,0.0,19.837944651780617
39039,Ohio,Defiance,27.033792240300375,27.42453436095055,6.902035623409669,,27.576335877862597,22.2341745256308
39041,Ohio,Delaware,27.284105131414265,76.62170841361593,26.74936386768448,,14.408396946564888,36.265893589819896
39043,Ohio,Erie,49.89570296203588,39.24213230571612,23.02798982188295,47.0,0.0,31.83316501792699
39045,Ohio,Fairfield,29.453483521068,79.25497752087347,26.304071246819337,,77.3854961832061,53.09950711799173
39047,Ohio,Fayette,33.08302044221944,46.27488760436738,5.089058524173027,,65.93511450381679,37.595520268644165
39049,Ohio,Franklin,49.68710888610764,98.90815671162493,29.07124681933842,,57.63358778625955,58.825025050832636
39051,Ohio,Fulton,28.70254484772633,35.00321130378934,8.142493638676845,,75.47709923664122,36.83133725670844
39053,Ohio,Gallia,47.89319983312473,84.36095054592163,34.82824427480916,,31.647582697201017,49.68249433776413
39055,Ohio,Geauga,44.430538172715885,55.00963391136801,42.270992366412216,0.0,0.0,28.342232890099222
39057,Ohio,Greene,37.63037129745515,65.3500321130379,30.820610687022903,,46.723918575063614,45.13123316814489
39059,Ohio,Guernsey,40.71756362119316,47.719974309569686,31.106870229007633,,62.34096692111958,45.47134377022252
39061,Ohio,Hamilton,38.172715894868595,98.94026974951831,47.29643765903308,,31.96564885496183,54.09376803959545
39063,Ohio,Hancock,39.591155611180646,29.608220937700708,1.876590330788804,,0.0,17.76899171991754
39065,Ohio,Hardin,43.59616186900292,23.474630700064225,1.272264631043257,,0.0,17.085764300027602
39067,Ohio,Harrison,34.751773049645394,26.78227360308285,16.9529262086514,,60.33715012722646,34.70603074715152
39069,Ohio,Henry,36.79599499374218,23.859987154784843,3.466921119592875,,40.61704834605598,26.184987903543966
39071,Ohio,Highland,45.8906967042136,64.19396274887605,60.33715012722646,,78.7849872773537,62.301699214417454
39073,Ohio,Hocking,15.43596161869003,48.298008991650605,12.690839694656487,,32.474554707379134,27.224841253094063
39075,Ohio,Holmes,52.02336253650396,58.6062941554271,46.88295165394402,,29.134860050890588,46.66186709919142
39077,Ohio,Huron,45.39007092198582,33.59023763648041,15.744274809160306,,0.0,23.68114584190663
39079,Ohio,Jackson,49.3950771798081,72.83236994219652,20.35623409669211,,28.975826972010175,42.88987704767673
39081,Ohio,Jefferson,59.824780976220275,51.412973667308925,40.521628498727736,,31.806615776081426,45.89149972958459
39083,Ohio,Knox,40.92615769712141,58.50995504174696,36.16412213740458,,0.0,33.90005871906824
39085,Ohio,Lake,49.47851481017939,67.14836223506744,28.880407124681938,38.6,0.0,36.82145683398575
39087,Ohio,Lawrence,48.393825615352526,90.04495825305074,53.24427480916031,,19.052162849872772,52.68380538185909
39089,Ohio,Licking,35.16896120150187,79.38342967244701,42.461832061068705,,66.0941475826972,55.777092629428694
39091,Ohio,Logan,36.58740091781393,27.906229929351316,6.679389312977099,,27.25826972010178,24.60782247006103
39093,Ohio,Lorain,50.60492282019191,64.09762363519589,45.865139949109405,31.8,0.0,38.473537280899436
39095,Ohio,Lucas,56.86274509803921,85.2922286448298,36.45038167938932,42.8,38.963104325699746,52.07369194959161
39097,Ohio,Madison,21.652065081351687,31.984585741811177,2.862595419847328,,44.24300254452926,25.185562196884867
39099,Ohio,Mahoning,68.54401335002086,78.3879254977521,48.6323155216285,,0.0,48.89106359235036
39101,Ohio,Marion,44.80600750938674,40.20552344251766,3.689567430025445,,0.0,22.175274595482463
39103,Ohio,Medina,39.29912390488111,69.07514450867052,46.56488549618321,,0.0,38.73478847743371
39105,Ohio,Meigs,55.6528994576554,66.02440590879898,8.365139949109416,,49.363867684478365,44.85157825001055
39107,Ohio,Mercer,38.92365456821027,17.37315350032113,6.456743002544529,,0.0,15.688387767768981
39109,Ohio,Miami,33.54192740926158,41.65061014771997,21.024173027989825,,32.25190839694657,32.11715474547949
39111,Ohio,Monroe,54.81852315394243,29.67244701348747,18.25699745547074,,52.703562340966926,38.862882490966896
39113,Ohio,Montgomery,49.18648310387985,88.6640976236352,44.083969465648856,,26.8765903307888,52.202785130988175
39115,Ohio,Morgan,36.42052565707134,32.49839434810533,11.19592875318066,,53.7531806615776,33.46700735498373
39117,Ohio,Morrow,19.816437213183143,27.199743095696853,16.380407124681934,,0.0,15.849146858390483
39119,Ohio,Muskingum,43.09553608677514,62.813102119460495,33.587786259541986,,67.68447837150127,51.79522570931972
39121,Ohio,Noble,48.977889027951605,28.74116891457932,22.58269720101781,,42.49363867684479,35.69884845509838
39123,Ohio,Ottawa,43.97163120567376,33.23699421965318,14.026717557251908,49.0,0.0,28.04706859651577
39125,Ohio,Paulding,32.29036295369212,17.148362235067438,4.421119592875318,,0.0,13.46496119540872
39127,Ohio,Perry,19.107217355027117,47.398843930635834,18.447837150127228,,64.98091603053436,37.48370361658114
39129,Ohio,Pickaway,26.65832290362954,58.47784200385357,18.575063613231553,,83.39694656488551,46.777043771400045
39131,Ohio,Pike,42.428035043804755,68.20809248554913,24.17302798982188,,53.81679389312977,47.156487353076386
39133,Ohio,Portage,55.48602419691281,65.18946692357098,39.18575063613232,,0.0,39.965310439154024
39135,Ohio,Preble,28.28535669586984,33.81502890173411,13.581424936386767,,30.089058524173034,26.44271726454094
39137,Ohio,Putnam,40.175219023779725,25.94733461785485,2.258269720101781,,0.0,17.095205840434087
39139,Ohio,Richland,44.680851063829785,68.46499678869621,35.591603053435115,,0.0,37.18436272649028
39141,Ohio,Ross,35.54443053817272,77.97045600513809,48.536895674300254,,68.86132315521628,57.72827634320683
39143,Ohio,Sandusky,44.88944513975803,37.82915863840719,6.393129770992366,32.0,0.0,24.22234670983152
39145,Ohio,Scioto,43.22069253233208,90.87989723827876,34.19211195928753,,28.435114503816795,49.18195405842879
39147,Ohio,Seneca,44.05506883604506,34.39306358381503,2.830788804071247,,0.0,20.319730305982834
39149,Ohio,Shelby,40.634125990821865,30.571612074502248,10.337150127226463,,12.595419847328245,23.534577009969706
39151,Ohio,Stark,58.19774718397998,84.74630700064226,48.95038167938932,,34.223918575063614,56.529588609768794
39153,Ohio,Summit,61.24322069253233,90.3018625561978,53.18066157760815,,0.0,51.181436206584564
39155,Ohio,Trumbull,69.37838965373383,75.56197816313424,43.70229007633588,,0.0,47.16066447330099
39157,Ohio,Tuscarawas,47.934918648310386,65.5748233782916,38.26335877862596,,65.36259541984732,54.283924056268816
39159,Ohio,Union,23.028785982478094,49.165061014772,4.103053435114504,,35.52798982188295,27.956222563561887
39161,Ohio,Van Wert,29.828952857738837,20.552344251766215,3.435114503816794,,0.0,13.454102903330462
39163,Ohio,Vinton,33.41677096370463,41.93962748876043,4.039440203562341,,40.394402035623415,29.947560172912702
39165,Ohio,Warren,21.27659574468085,65.83172768143866,37.659033078880405,,47.45547073791349,43.05570681072835
39167,Ohio,Washington,57.363370880267,64.48298008991651,22.614503816793892,,61.927480916030525,51.59708392575198
39169,Ohio,Wayne,52.14851898206091,68.14386640976237,38.77226463104326,,14.28117048346056,43.336455126581775
39171,Ohio,Williams,31.91489361702128,33.78291586384072,12.08651399491094,,45.16539440203562,30.737429469452145
39173,Ohio,Wood,43.88819357530246,47.43095696852922,13.549618320610689,13.0,0.0,23.573753772888473
39175,Ohio,Wyandot,41.71881518564873,17.405266538214516,0.986005089058524,,0.0,15.027521703230441
40001,Oklahoma,Adair,42.26115978306216,85.42068079640333,90.61704834605598,,0.0,54.57472223138037
40003,Oklahoma,Alfalfa,22.361284939507716,47.752087347463075,60.94147582697202,,90.17175572519085,55.30665095978341
40005,Oklahoma,Atoka,35.75302461410096,64.90044958253051,84.4147582697201,,68.4796437659033,63.38696905806371
40007,Oklahoma,Beaver,20.35878181059658,10.533076429030183,85.68702290076337,,98.53689567430024,53.778944203672594
40009,Oklahoma,Beckham,20.27534418022528,59.56968529222865,90.71246819338423,,90.9351145038168,65.37315304241375
40011,Oklahoma,Blaine,21.90237797246558,41.07257546563905,63.136132315521635,,82.5381679389313,52.162313423139395
40013,Oklahoma,Bryan,46.266166040884436,92.2607578676943,87.53180661577609,,90.13994910941477,79.0496699084424
40015,Oklahoma,Caddo,39.21568627450981,73.66730892742453,85.59160305343512,,89.12213740458014,71.8991839149874
40017,Oklahoma,Canadian,30.16270337922403,93.03147077713552,83.9058524173028,,70.41984732824427,69.37996847547666
40019,Oklahoma,Carter,42.761785565289955,91.90751445086704,88.42239185750637,,82.85623409669213,76.48698149258888
40021,Oklahoma,Cherokee,32.16520650813517,92.96724470134875,94.59287531806616,,88.45419847328245,77.04488125020814
40023,Oklahoma,Choctaw,43.721318314559866,85.19588953114965,65.13994910941476,,96.91475826972008,72.7429788062111
40025,Oklahoma,Cimarron,,3.339755940912011,72.45547073791349,,99.26844783715013,58.354558171991876
40027,Oklahoma,Cleveland,36.67083854818523,97.30250481695568,84.95547073791349,,74.90458015267176,73.45834856393154
40029,Oklahoma,Coal,26.700041718815186,49.00449582530507,86.83206106870229,,83.23791348600508,61.44362802470691
40031,Oklahoma,Comanche,45.13975803087192,77.48876043673731,92.87531806615776,,73.47328244274809,72.24427974412876
40033,Oklahoma,Cotton,21.860659157279933,33.55812459858703,67.01653944020356,,73.60050890585242,49.00895802548074
40035,Oklahoma,Craig,32.332081768877764,72.96082209377008,60.43256997455471,,74.39567430025447,60.030287034364264
40037,Oklahoma,Creek,15.727993324989567,94.63712267180475,93.79770992366413,,70.64249363867684,68.70132988978382
40039,Oklahoma,Custer,23.863162286191073,61.65703275529864,76.81297709923663,,86.86386768447836,62.29925995630117
40041,Oklahoma,Delaware,44.63913224864414,91.9717405266538,90.80788804071248,,64.12213740458014,72.88522455514764
40043,Oklahoma,Dewey,11.931581143095537,26.653821451509312,73.56870229007633,,86.32315521628499,49.61931502524154
40045,Oklahoma,Ellis,24.989570296203585,28.869621066152856,85.17811704834605,,93.57506361323156,58.15309300598352
40047,Oklahoma,Garfield,28.91113892365457,86.3519588953115,53.62595419847328,,85.52798982188295,63.60426045983057
40049,Oklahoma,Garvin,41.093032957864,77.36030828516378,87.21374045801527,,88.26335877862596,73.48261011991725
40051,Oklahoma,Grady,31.998331247392574,85.32434168272319,91.53944020356232,,75.12722646310432,70.9973348991956
40053,Oklahoma,Grant,16.06174384647476,64.80411046885035,44.338422391857506,,86.67302798982189,52.96932617425112
40055,Oklahoma,Greer,14.768460575719647,40.43031470777135,68.28880407124683,,92.6208651399491,54.02711112367173
40057,Oklahoma,Harmon,16.97955778055903,25.690430314707775,57.95165394402035,,91.98473282442748,48.151593715928655
40059,Oklahoma,Harper,28.660826032540676,30.025690430314704,81.93384223918575,,98.72773536895673,59.837023517749465
40061,Oklahoma,Haskell,40.80100125156446,63.45536287732819,91.793893129771,,93.92493638676845,72.49379841135803
40063,Oklahoma,Hughes,37.922403003754695,61.7533718689788,89.69465648854961,,65.235368956743,63.65145007950653
40065,Oklahoma,Jackson,25.49019607843137,76.878612716763,65.93511450381679,,85.17811704834605,63.3705100868393
40067,Oklahoma,Jefferson,32.7075511055486,49.87154784842646,78.2442748091603,,91.69847328244275,63.13046176139453
40069,Oklahoma,Johnston,30.538172715894863,70.07064868336545,82.15648854961832,,81.36132315521628,66.03165827602372
40071,Oklahoma,Kay,24.61410095953275,81.40655105973023,88.45419847328245,,83.61959287531806,69.52361084196588
40073,Oklahoma,Kingfisher,34.459741343345854,62.3956326268465,52.25826972010178,,76.90839694656488,56.50551015921475
40075,Oklahoma,Kiowa,29.411764705882355,69.1393705844573,71.62849872773536,,90.52162849872772,65.1753156292007
40077,Oklahoma,Latimer,36.83771380892782,65.99229287090559,92.6208651399491,,0.0,48.86271795494563
40079,Oklahoma,Le Flore,55.94493116395494,92.54977520873476,96.08778625954199,,95.38804071246821,84.99263333617498
40081,Oklahoma,Lincoln,18.73174801835628,86.31984585741812,92.8117048346056,,88.19974554707379,71.51576106436345
40083,Oklahoma,Logan,20.69253233208177,86.7694283879255,78.46692111959288,,79.77099236641223,66.4249685515031
40085,Oklahoma,Love,30.95536086775136,55.8766859344894,79.35750636132317,,86.25954198473282,63.11227378707419
40087,Oklahoma,McClain,22.444722569879016,81.02119460500963,87.18193384223919,,75.92239185750637,66.64256071865856
40089,Oklahoma,McCurtain,55.98664997914059,82.81952472703918,77.60814249363868,,91.57124681933843,76.99639100478922
40091,Oklahoma,McIntosh,43.178973717146434,90.5266538214515,90.68066157760815,,93.22519083969466,79.40286998897518
40093,Oklahoma,Major,22.611597830621612,45.761078998073216,66.0941475826972,,85.87786259541986,55.08617175170298
40095,Oklahoma,Marshall,32.62411347517731,74.91971740526654,79.26208651399492,,73.05979643765902,64.96642845802445
40097,Oklahoma,Mayes,38.965373383395914,90.78355812459858,85.6234096692112,,71.11959287531806,71.62298351313093
40099,Oklahoma,Murray,28.368794326241137,64.73988439306359,82.3791348600509,,67.71628498727735,60.801024641658245
40101,Oklahoma,Muskogee,48.018356278681686,94.57289659601798,88.96310432569975,,89.69465648854961,80.31225342223726
40103,Oklahoma,Noble,23.988318731748016,65.41425818882466,75.38167938931298,,85.65521628498728,62.609868148718235
40105,Oklahoma,Nowata,25.78222778473091,63.937058445728965,54.4529262086514,,67.90712468193384,53.01983428026128
40107,Oklahoma,Okfuskee,24.030037546933663,73.44251766217084,91.66666666666664,,96.31043256997457,71.36241361143644
40109,Oklahoma,Oklahoma,49.52023362536504,99.51830443159922,88.93129770992367,,71.0559796437659,77.25645385266345
40111,Oklahoma,Okmulgee,23.27909887359199,90.7514450867052,91.73027989821882,,95.10178117048346,75.21565125724987
40113,Oklahoma,Osage,28.243637880684187,90.94412331406551,94.75190839694656,,89.05852417302799,75.74954844118106
40115,Oklahoma,Ottawa,34.04255319148936,85.9344894026975,64.85368956743002,,97.32824427480917,70.53974410910651
40117,Oklahoma,Pawnee,13.725490196078432,73.3140655105973,86.80025445292621,,79.19847328244275,63.259570860511175
40119,Oklahoma,Payne,30.49645390070922,86.70520231213872,89.59923664122137,,71.7557251908397,69.63915451122726
40121,Oklahoma,Pittsburg,44.096787651230706,89.69171483622351,95.19720101781171,,94.97455470737911,80.99006455316126
40123,Oklahoma,Pontotoc,27.11722987067167,79.03018625561978,90.17175572519085,,75.60432569974553,67.98087438780696
40125,Oklahoma,Pottawatomie,37.6720901126408,92.67822736030828,92.23918575063612,,81.8384223918575,76.10698140386069
40127,Oklahoma,Pushmataha,31.748018356278685,70.68079640333976,88.70865139949109,,78.62595419847328,67.4408550893957
40129,Oklahoma,Roger Mills,17.9808093450146,24.149004495825302,89.15394402035624,,94.43384223918576,56.429400025095475
40131,Oklahoma,Rogers,24.6558197747184,94.79768786127167,86.00508905852418,,72.74173027989822,69.55008174360312
40133,Oklahoma,Seminole,33.87567793074677,87.70070648683365,91.12595419847328,,69.3384223918575,70.5101902519778
40135,Oklahoma,Sequoyah,41.46850229453483,95.24727039177904,96.11959287531806,,80.56615776081425,78.35038083061154
40137,Oklahoma,Stephens,30.663329161451813,82.94797687861272,88.54961832061069,,74.68193384223919,69.2107145507286
40139,Oklahoma,Texas,,18.17597944765575,83.42875318066157,,99.01399491094149,66.87290917975294
40141,Oklahoma,Tillman,35.127242386316226,48.26589595375722,52.703562340966926,,87.91348600508906,56.00254667153236
40143,Oklahoma,Tulsa,46.349603671255736,99.64675658317277,91.2531806615776,,73.50508905852418,77.68865749363258
40145,Oklahoma,Wagoner,21.777221526908637,94.02697495183045,81.67938931297711,,89.85368956743001,71.83431883978655
40147,Oklahoma,Washington,28.785982478097623,91.13680154142581,78.43511450381678,,66.76208651399492,66.27999625933379
40149,Oklahoma,Washita,25.15644555694618,45.15093127809891,68.89312977099237,,90.68066157760815,57.47029204591141
40151,Oklahoma,Woods,19.148936170212767,42.870905587668595,74.68193384223919,,81.58396946564885,54.57143626644235
40153,Oklahoma,Woodward,20.77596996245307,75.88310854206806,89.28117048346056,,79.86641221374046,66.45166530043053
41001,Oregon,Baker,,40.26974951830443,96.0559796437659,,16.730279898218832,51.018669686763054
41003,Oregon,Benton,,80.50738599871548,37.05470737913486,0.0,13.963104325699746,32.88129942588752
41005,Oregon,Clackamas,,95.47206165703277,86.76844783715013,18.8,14.122137404580156,53.790661724690764
41007,Oregon,Clatsop,,42.06807964033398,44.40203562340967,96.4,12.27735368956743,48.78686723832777
41009,Oregon,Columbia,,90.46242774566474,30.50254452926209,50.4,0.0,42.84124306873171
41011,Oregon,Coos,,50.16056518946692,64.75826972010178,87.4,14.090330788804073,54.10229142459319
41013,Oregon,Crook,,22.54335260115607,95.10178117048346,,15.712468193384224,44.45253398834125
41015,Oregon,Curry,,40.847784200385355,93.41603053435117,48.4,14.153944020356237,49.20443968877319
41017,Oregon,Deschutes,,54.11046885035324,97.77353689567428,,15.298982188295165,55.72766264477423
41019,Oregon,Douglas,,87.47591522157995,97.83715012722645,62.8,16.316793893129773,66.10746481048405
41021,Oregon,Gilliam,,12.909441233140656,88.29516539440203,,15.807888040712466,39.004164889418384
41023,Oregon,Grant,,29.383429672447015,93.57506361323156,,13.899491094147582,45.619328126608714
41025,Oregon,Harney,,25.048169556840076,95.73791348600508,,19.21119592875318,46.66575965719945
41027,Oregon,Hood River,,45.728965960179835,94.78371501272264,,15.076335877862595,51.86300561692169
41029,Oregon,Jackson,,94.92614001284521,99.04580152671757,,16.9529262086514,70.30828924940472
41031,Oregon,Jefferson,,21.86897880539499,94.91094147582696,,18.73409669211196,45.171338991111305
41033,Oregon,Josephine,,89.40269749518303,99.23664122137404,,14.058524173027989,67.56595429652835
41035,Oregon,Klamath,,69.87797045600513,94.40203562340967,,24.650127226463106,62.9767111019593
41037,Oregon,Lake,,24.277456647398843,89.2175572519084,,20.165394402035624,44.553469433780954
41039,Oregon,Lane,,93.83429672447012,68.73409669211196,55.2,16.475826972010175,58.561055097148056
41041,Oregon,Lincoln,,38.053949903660886,50.795165394402034,71.8,12.690839694656487,43.334988748179846
41043,Oregon,Linn,,85.83815028901735,58.396946564885496,,17.048346055979643,53.7611476366275
41045,Oregon,Malheur,,59.37700706486834,91.4440203562341,,23.66412213740458,58.161716519502335
41047,Oregon,Marion,,95.88953114964677,59.860050890585235,,16.28498727735369,57.34485643919523
41049,Oregon,Morrow,,50.256904303147074,91.9529262086514,,21.055979643765905,54.421936718521465
41051,Oregon,Multnomah,,96.82080924855492,67.30279898218829,43.4,12.53180661577608,55.01385371162983
41053,Oregon,Polk,,87.41168914579319,43.447837150127235,0.0,12.436386768447836,35.82397826609207
41055,Oregon,Sherman,,7.739242132305717,90.20356234096693,,16.0941475826972,38.01231735198995
41057,Oregon,Tillamook,,32.5626204238921,43.57506361323155,66.8,12.340966921119591,38.819662739560805
41059,Oregon,Umatilla,,86.57675016056518,96.15139949109415,,82.76081424936386,88.49632130034108
41061,Oregon,Union,,46.05009633911368,91.88931297709925,,16.030534351145036,51.32331455578599
41063,Oregon,Wallowa,,22.832369942196532,92.68447837150129,,14.885496183206106,43.46744816563464
41065,Oregon,Wasco,,42.581888246628125,98.09160305343512,,17.525445292620866,52.73297886422804
41067,Oregon,Washington,,96.6281310211946,50.89058524173028,0.0,12.245547073791348,39.941065834179064
41069,Oregon,Wheeler,,6.74373795761079,88.74045801526718,,13.994910941475828,36.49303563811793
41071,Oregon,Yamhill,,88.27874116891458,52.13104325699746,0.0,12.46819338422392,38.21949445253399
42001,Pennsylvania,Adams,84.06341259908217,68.62556197816313,44.179389312977094,,87.56361323155215,71.10799428044363
42003,Pennsylvania,Allegheny,75.88652482269504,94.25176621708412,60.40076335877863,,0.0,57.634763599639456
42005,Pennsylvania,Armstrong,52.23195661243221,30.79640333975594,21.978371501272264,,0.0,26.2516828633651
42007,Pennsylvania,Beaver,54.1093032957864,45.696852922286446,34.891857506361326,,0.0,33.67450343110854
42009,Pennsylvania,Bedford,77.80559032123487,31.053307642903015,29.230279898218832,,29.103053435114507,41.79805782436781
42011,Pennsylvania,Berks,92.53233208176889,94.47655748233782,37.97709923664122,,91.50763358778626,79.12340559713354
42013,Pennsylvania,Blair,78.80684188569045,40.87989723827874,31.99745547073791,,0.0,37.92104864867677
42015,Pennsylvania,Bradford,69.42010846891948,32.65895953757225,21.692111959287537,,0.0,30.942794991444813
42017,Pennsylvania,Bucks,88.40216937838964,95.08670520231213,55.534351145038165,65.0,77.00381679389314,76.20540850392662
42019,Pennsylvania,Butler,57.029620358781806,41.13680154142582,38.99491094147582,,0.0,34.29033321042086
42021,Pennsylvania,Cambria,76.22027534418022,21.74052665382145,41.03053435114504,,0.0,34.74783408728668
42023,Pennsylvania,Cameron,55.06883604505632,3.371868978805395,0.66793893129771,,0.0,14.777160988789857
42025,Pennsylvania,Carbon,73.13308302044223,82.11303789338471,41.348600508905854,,0.0,49.1486803556832
42027,Pennsylvania,Centre,77.4718397997497,48.00899165061015,32.538167938931295,,0.0,39.504749847322785
42029,Pennsylvania,Chester,88.73591989987484,95.63262684649968,30.693384223918574,0.0,98.56870229007632,62.72612665207389
42031,Pennsylvania,Clarion,63.41259908218606,12.331406551059732,16.316793893129773,,0.0,23.01519988159389
42033,Pennsylvania,Clearfield,71.04714226115978,17.50160565189467,34.25572519083969,,0.0,30.701118275973535
42035,Pennsylvania,Clinton,66.79182311222361,24.341682723185613,15.203562340966922,,0.0,26.584267044094037
42037,Pennsylvania,Columbia,70.3796412181894,52.47270391779062,27.544529262086513,,0.0,37.59921859951663
42039,Pennsylvania,Crawford,67.08385481852316,24.85549132947977,36.00508905852418,,0.0,31.986108801631776
42041,Pennsylvania,Cumberland,87.44263662911973,85.64547206165702,47.55089058524173,,58.333333333333336,69.74308315233795
42043,Pennsylvania,Dauphin,89.19482686691697,88.40719332048812,38.8676844783715,,49.30025445292621,66.4424897796757
42045,Pennsylvania,Delaware,88.11013767209012,97.59152215799617,27.67175572519084,63.6,54.166666666666664,66.22801644438877
42047,Pennsylvania,Elk,63.7046307884856,7.867694283879255,5.852417302798982,,0.0,19.35618559379096
42049,Pennsylvania,Erie,71.08886107634544,40.62299293513166,36.92748091603055,36.4,0.0,37.007866985501536
42051,Pennsylvania,Fayette,60.116812682519814,44.09120102761721,45.229007633587784,,44.02035623409669,48.36434439445537
42053,Pennsylvania,Forest,52.065081351689614,4.431599229287091,4.770992366412214,,0.0,15.31691823684723
42055,Pennsylvania,Franklin,85.56528994576554,72.0616570327553,51.335877862595424,,79.16666666666666,72.03237287694573
42057,Pennsylvania,Fulton,71.21401752190238,18.015414258188827,22.7735368956743,,25.604325699745544,34.401823593877765
42059,Pennsylvania,Greene,63.32916145181476,22.511239563262684,23.377862595419845,,39.05852417302799,37.069196945881316
42061,Pennsylvania,Huntingdon,71.17229870671673,28.13102119460501,22.932569974554703,,0.0,30.55897246896911
42063,Pennsylvania,Indiana,70.79682937004588,32.145150931278096,37.94529262086514,,0.0,35.22181823054728
42065,Pennsylvania,Jefferson,69.75385899040467,13.744380218368658,16.444020356234095,,0.0,24.985564891251855
42067,Pennsylvania,Juniata,76.72090112640801,37.70070648683367,16.475826972010175,,0.0,32.724358646312965
42069,Pennsylvania,Lackawanna,82.0191906549854,83.59023763648041,41.4440203562341,,0.0,51.763362161924974
42071,Pennsylvania,Lancaster,95.49436795994993,94.44444444444444,37.213740458015266,,88.99491094147582,79.03686595097136
42073,Pennsylvania,Lawrence,47.309136420525654,29.351316634553633,27.29007633587786,,0.0,25.987632347739286
42075,Pennsylvania,Lebanon,86.816854401335,75.72254335260115,22.487277353689567,,69.59287531806616,63.654887606422974
42077,Pennsylvania,Lehigh,90.19607843137256,96.49967886962105,30.311704834605596,,64.47201017811705,70.36986807842905
42079,Pennsylvania,Luzerne,83.10387984981227,91.32947976878613,53.721374045801525,,0.0,57.03868341609998
42081,Pennsylvania,Lycoming,75.05214851898207,52.536929993577395,26.8765903307888,,0.0,38.61641721083707
42083,Pennsylvania,McKean,61.74384647476012,10.468850353243417,10.209923664122138,,0.0,20.60565512303142
42085,Pennsylvania,Mercer,64.78931998331248,28.42003853564547,36.354961832061065,,0.0,32.39108008775476
42087,Pennsylvania,Mifflin,77.34668335419273,42.710340398201666,26.59033078880407,,0.0,36.66183863529962
42089,Pennsylvania,Monroe,82.43637880684189,74.69492614001283,51.55852417302798,,0.0,52.17245727997067
42091,Pennsylvania,Montgomery,89.86232790988737,98.330122029544,37.340966921119595,0.0,61.38676844783715,57.384037061677624
42093,Pennsylvania,Montour,61.201501877346686,27.135517019910083,4.643765903307888,,0.0,23.245196200141166
42095,Pennsylvania,Northampton,87.0671672924489,94.0912010276172,28.5941475826972,,55.534351145038165,66.32171676195037
42097,Pennsylvania,Northumberland,79.80809345014602,59.184328837508026,31.32951653944021,,0.0,42.58048470677357
42099,Pennsylvania,Perry,76.13683771380893,74.50224791265252,24.96819338422392,,14.217557251908396,47.456209065648444
42101,Pennsylvania,Philadelphia,94.28452231956612,99.9678869621066,28.68956743002545,85.39999999999998,21.660305343511453,66.00045641104194
42103,Pennsylvania,Pike,76.67918231122236,39.852280025690426,71.9147582697201,,15.139949109414758,50.896542429011916
42105,Pennsylvania,Potter,58.15602836879432,6.61528580603725,3.307888040712468,,0.0,17.01980055388601
42107,Pennsylvania,Schuylkill,82.60325406758449,74.34168272318561,55.62977099236641,,0.0,53.14367694578413
42109,Pennsylvania,Snyder,77.26324572382144,43.577392421323054,17.68447837150127,,0.0,34.63127912916144
42111,Pennsylvania,Somerset,73.17480183562786,20.263326910725755,40.776081424936386,,50.76335877862596,46.24439223747899
42113,Pennsylvania,Sullivan,58.94868585732165,6.872190109184329,5.979643765903308,,0.0,17.95012993310232
42115,Pennsylvania,Susquehanna,75.3441802252816,24.05266538214515,21.21501272264631,,0.0,30.152964582518266
42117,Pennsylvania,Tioga,71.8397997496871,15.928066795118816,20.801526717557252,,0.0,27.14234831559079
42119,Pennsylvania,Union,74.34292866082603,44.733461785484906,10.368956743002544,,0.0,32.36133679732837
42121,Pennsylvania,Venango,55.235711305798915,15.028901734104046,12.627226463104329,,0.0,20.722959875751826
42123,Pennsylvania,Warren,57.15477680433876,9.666024405908798,11.927480916030534,,0.0,19.68707053156952
42125,Pennsylvania,Washington,59.86649979140593,47.784200385356456,46.11959287531807,,45.41984732824427,49.79753509508119
42127,Pennsylvania,Wayne,75.96996245306633,31.95247270391779,20.13358778625954,,0.0,32.01400573581091
42129,Pennsylvania,Westmoreland,69.002920317063,59.92292870905588,54.007633587786266,,25.095419847328245,52.00722561530836
42131,Pennsylvania,Wyoming,60.70087609511889,29.22286448298009,21.946564885496183,,0.0,27.967576365898793
42133,Pennsylvania,York,92.36545682102629,91.77906229929351,40.966921119592875,,86.83206106870229,77.98587532715374
44001,Rhode Island,Bristol,74.17605340008345,28.516377649325623,3.721374045801527,65.8,16.889312977099237,37.820623614461965
44003,Rhode Island,Kent,82.39465999165624,65.89595375722543,21.119592875318062,59.599999999999994,23.759541984732824,50.55394972178651
44005,Rhode Island,Newport,80.22528160200251,34.4572896596018,13.676844783715012,61.4,42.01653944020356,46.35519109710458
44007,Rhode Island,Providence,91.69795577805588,97.17405266538215,31.711195928753185,56.39999999999999,34.86005089058524,62.368651052555286
44009,Rhode Island,Washington,82.22778473091363,46.4354527938343,23.059796437659035,76.2,43.54325699745547,54.2932581919725
45001,South Carolina,Abbeville,64.28869420108468,74.82337829158638,39.82188295165393,,35.6234096692112,53.63934127838405
45003,South Carolina,Aiken,90.11264080100125,86.92999357739241,82.22010178117048,,58.651399491094146,79.47853391266457
45005,South Carolina,Allendale,87.52607425949103,73.60308285163777,50.31806615776081,,57.25190839694656,67.17478291645904
45007,South Carolina,Anderson,77.97246558197747,78.42003853564547,47.4236641221374,,50.572519083969475,63.59717183093245
45009,South Carolina,Bamberg,89.06967042136003,50.513808606294155,55.85241730279898,,56.45674300254453,62.973159833249426
45011,South Carolina,Barnwell,85.31497705465165,62.074502247912655,59.891857506361326,,54.58015267175572,65.46537237017034
45013,South Carolina,Beaufort,99.45765540258655,87.92549775208734,90.29898218829517,94.19999999999999,43.416030534351144,83.05963317546403
45015,South Carolina,Berkeley,98.33124739257404,70.42389210019267,89.82188295165395,78.60000000000002,21.374045801526716,71.71021364918948
45017,South Carolina,Calhoun,81.01793909052984,41.714836223506744,51.81297709923665,,60.17811704834607,58.680967365404825
45019,South Carolina,Charleston,99.62453066332917,82.69107257546563,93.86132315521628,99.8,35.43256997455471,82.28189927371315
45021,South Carolina,Cherokee,71.00542344597413,51.47719974309569,37.46819338422392,,49.55470737913486,52.37638098810715
45023,South Carolina,Chester,63.8715060492282,41.23314065510597,45.48346055979644,,40.839694656488554,47.85695048015479
45025,South Carolina,Chesterfield,91.03045473508551,58.028259473346175,76.74936386768448,,54.48473282442748,70.07320272513591
45027,South Carolina,Clarendon,94.20108468919483,83.14065510597302,81.1704834605598,0.0,50.82697201017812,61.86783905318115
45029,South Carolina,Colleton,96.37046307884857,74.21323057161209,82.76081424936386,78.2,49.42748091603055,76.19439776317101
45031,South Carolina,Darlington,87.85982478097623,81.18175979447656,73.95038167938931,,53.975826972010175,74.24194830671307
45033,South Carolina,Dillon,96.32874426366293,61.59280667951188,81.26590330788804,0.0,46.88295165394402,57.21408118100137
45035,South Carolina,Dorchester,97.87234042553192,69.20359666024406,79.03944020356234,59.2,27.67175572519084,66.59742660290583
45037,South Carolina,Edgefield,69.83729662077597,44.28387925497752,57.88804071246819,,63.899491094147585,58.97717692059231
45039,South Carolina,Fairfield,75.30246141009596,69.33204881181759,45.896946564885496,,27.544529262086513,54.51899651222139
45041,South Carolina,Florence,95.99499374217773,92.03596660244061,86.45038167938931,0.0,49.1412213740458,64.72451267961068
45043,South Carolina,Georgetown,98.2895285773884,80.8606294155427,91.34860050890585,86.4,27.958015267175572,76.9713547538025
45045,South Carolina,Greenville,83.02044221944097,83.33333333333334,55.089058524173026,,48.346055979643765,67.44722251414778
45047,South Carolina,Greenwood,75.59449311639548,70.8092485549133,54.35750636132316,,33.68320610687023,58.61111353487554
45049,South Carolina,Hampton,92.99123904881101,75.626204238921,71.43765903307889,24.2,67.52544529262087,66.35610952268635
45051,South Carolina,Horry,99.58281184814352,94.99036608863199,89.8854961832061,87.6,48.69592875318066,84.15092057463245
45053,South Carolina,Jasper,96.20358781810597,71.54784842646114,76.7175572519084,59.0,46.978371501272264,70.08947299954954
45055,South Carolina,Kershaw,86.06591572799333,76.94283879254978,69.6882951653944,,23.695928753180663,64.09824460977954
45057,South Carolina,Lancaster,74.96871088861077,57.7713551701991,45.10178117048346,,30.248091603053435,52.022484708086694
45059,South Carolina,Laurens,76.76261994159364,73.63519588953115,49.07760814249364,,50.349872773536894,62.45632418678883
45061,South Carolina,Lee,85.23153942428036,46.72447013487476,57.410941475826974,,48.791348600508904,59.53957490887275
45063,South Carolina,Lexington,92.07342511472672,92.29287090558766,75.25445292620864,,63.39058524173028,80.75283354706332
45065,South Carolina,McCormick,62.3279098873592,33.975594091201025,34.764631043257,,0.0,32.76703375545431
45067,South Carolina,Marion,94.78514810179391,67.27681438664096,68.54325699745547,17.2,36.06870229007634,56.77478435519333
45069,South Carolina,Marlboro,88.23529411764706,63.35902376364804,73.66412213740458,,51.11323155216285,69.09291789271563
45071,South Carolina,Newberry,80.18356278681685,56.87219010918433,53.912213740458014,,43.38422391857507,58.58804763875857
45073,South Carolina,Oconee,72.75761368377138,65.51059730250482,63.39058524173028,,45.896946564885496,61.88893569822299
45075,South Carolina,Orangeburg,95.32749269920734,81.56711624919717,79.93002544529261,,75.41348600508906,83.05953009969654
45077,South Carolina,Pickens,70.67167292448895,60.66152858060373,50.858778625954194,,37.88167938931298,55.01841488008996
45079,South Carolina,Richland,94.36795994993741,94.70134874759152,69.65648854961832,,38.581424936386775,74.3268055458835
45081,South Carolina,Saluda,75.67793074676679,44.92614001284522,52.29007633587786,,62.11832061068703,58.75311692654422
45083,South Carolina,Spartanburg,81.22653316645807,80.31470777135517,59.44656488549617,,60.65521628498728,70.41075552707417
45085,South Carolina,Sumter,91.90654985398415,80.53949903660886,78.97582697201018,,47.58269720101781,74.75114326590526
45087,South Carolina,Union,71.13057989153107,70.61657032755299,53.46692111959288,,27.385496183206108,55.64989188047076
45089,South Carolina,Williamsburg,95.16061743846474,75.75465639049455,87.24554707379136,23.0,45.67430025445292,65.36702423144071
45091,South Carolina,York,75.51105548602419,75.40141297366733,63.70865139949109,,67.84351145038168,70.61615782739108
46003,South Dakota,Aurora,,8.734746307000641,65.39440203562341,,77.51272264631042,50.54729032964483
46005,South Dakota,Beadle,,45.18304431599229,74.74554707379136,,88.10432569974553,69.34430569650972
46007,South Dakota,Bennett,,15.639049454078355,87.11832061068702,,54.86641221374045,52.541260759501945
46009,South Dakota,Bon Homme,,23.18561335902376,53.49872773536896,,85.68702290076337,54.12378799838536
46011,South Dakota,Brookings,,40.36608863198459,64.24936386768448,,42.652671755725194,49.08937475179808
46013,South Dakota,Brown,,48.715478484264615,77.06743002544529,,30.629770992366407,52.13755983402544
46015,South Dakota,Brule,,14.675658317276817,73.6323155216285,,73.15521628498728,53.82106337463086
46017,South Dakota,Buffalo,,15.25369299935774,76.3676844783715,,40.966921119592875,44.196099532440705
46019,South Dakota,Butte,,13.55170199100835,86.89567430025447,,19.6882951653944,40.045223818885745
46021,South Dakota,Campbell,,6.229929351316635,77.51272264631042,,27.512722646310433,37.0851248813125
46023,South Dakota,Charles Mix,,26.846499678869623,76.94020356234098,,85.1145038167939,62.967069019334836
46025,South Dakota,Clark,,16.313423249839435,51.30407124681934,,0.0,22.539164832219594
46027,South Dakota,Clay,,30.08991650610148,41.698473282442755,,72.55089058524173,48.11309345792866
46029,South Dakota,Codington,,38.47141939627489,71.02417302798982,,36.57760814249364,48.691066855586115
46031,South Dakota,Corson,,17.82273603082852,77.25826972010178,,28.498727735368956,41.193244495433085
46033,South Dakota,Custer,,5.105973025048169,94.24300254452926,,16.157760814249365,38.5022454612756
46035,South Dakota,Davison,,25.46563904945408,68.38422391857506,,66.63486005089058,53.49490767297325
46037,South Dakota,Day,,23.21772639691715,77.86259541984732,,13.64503816793893,38.2417866615678
46039,South Dakota,Deuel,,30.667951188182403,69.94274809160305,,38.00890585241729,46.20653504406758
46041,South Dakota,Dewey,,23.346178548490688,82.98346055979644,,28.148854961832058,44.826164690039725
46043,South Dakota,Douglas,,11.817597944765575,53.848600508905854,,63.99491094147582,43.22036979838242
46045,South Dakota,Edmunds,,12.299293513166344,69.17938931297711,,47.614503816793885,43.03106221431244
46047,South Dakota,Fall River,,13.423249839434812,93.76590330788805,,28.33969465648855,45.17628260127048
46049,South Dakota,Faulk,,15.606936416184972,67.52544529262087,,53.46692111959288,45.53310094279957
46051,South Dakota,Grant,,30.86062941554271,54.61195928753181,,35.24173027989822,40.23810632765758
46053,South Dakota,Gregory,,9.344894026974952,70.00636132315522,,57.50636132315522,45.6192055577618
46055,South Dakota,Haakon,,11.913937058445727,68.51145038167938,,34.25572519083969,38.22703754365494
46057,South Dakota,Hamlin,,26.685934489402698,47.391857506361326,,40.29898218829516,38.12559139468639
46059,South Dakota,Hand,,14.611432241490045,77.48091603053437,,53.56234096692112,48.55156307964851
46061,South Dakota,Hanson,,16.056518946692357,54.834605597964384,,80.62977099236642,50.50696517900772
46063,South Dakota,Harding,,3.468208092485549,82.60178117048346,,18.829516539440203,34.96650193413641
46065,South Dakota,Hughes,,30.956968529222863,77.00381679389314,,40.36259541984733,49.44112691432111
46067,South Dakota,Hutchinson,,24.53436095054592,68.95674300254453,,98.2824427480916,63.92451556706069
46069,South Dakota,Hyde,,10.75786769428388,83.7150127226463,,42.8117048346056,45.761528417178596
46071,South Dakota,Jackson,,20.199100834938985,85.52798982188295,,30.979643765903308,45.56891147424175
46073,South Dakota,Jerauld,,7.578676942838793,72.70992366412213,,63.295165394402034,47.86125533378765
46075,South Dakota,Jones,,6.294155427103404,70.73791348600508,,35.909669211195926,37.647246041434805
46077,South Dakota,Kingsbury,,21.93320488118176,54.70737913486005,,50.09541984732826,42.245334621123355
46079,South Dakota,Lake,,38.56775850995504,53.88040712468194,,47.80534351145038,46.75116971536246
46081,South Dakota,Lawrence,,16.923570969813746,93.22519083969466,,15.362595419847327,41.83711907645191
46083,South Dakota,Lincoln,,42.806679511881825,65.10814249363868,,68.54325699745547,58.81935966765866
46085,South Dakota,Lyman,,22.671804752729606,69.529262086514,,55.40712468193384,49.20273050705915
46087,South Dakota,McCook,,19.556840077071293,62.30916030534351,,76.49491094147582,52.786970441296866
46089,South Dakota,McPherson,,12.620423892100192,70.35623409669212,,38.676844783715005,40.551167590835774
46091,South Dakota,Marshall,,16.377649325626205,76.62213740458014,,0.0,30.999928910068785
46093,South Dakota,Meade,,24.084778420038536,96.0241730279898,,20.801526717557252,46.97015938852852
46095,South Dakota,Mellette,,15.06101477199743,83.20610687022901,,30.788804071246815,43.01864190449108
46097,South Dakota,Miner,,11.881824020552344,40.26717557251908,,71.62849872773536,41.259166106935595
46099,South Dakota,Minnehaha,,87.21901091843289,71.31043256997455,,73.37786259541986,77.30243536127576
46101,South Dakota,Moody,,34.55362877328195,54.039440203562336,,62.53180661577608,50.37495853087345
46102,South Dakota,Oglala Lakota,,33.108542068079636,96.88295165394402,,40.521628498727736,56.837707406917126
46103,South Dakota,Pennington,,59.63391136801541,97.20101781170484,,25.572519083969464,60.80248275456324
46105,South Dakota,Perkins,,6.486833654463712,68.79770992366412,,19.49745547073791,31.593999682955246
46107,South Dakota,Potter,,10.886319845857418,56.61577608142495,,43.447837150127235,36.983311025803204
46109,South Dakota,Roberts,,37.15478484264611,74.04580152671755,,0.0,37.06686212312122
46111,South Dakota,Sanborn,,12.94155427103404,66.98473282442748,,63.32697201017812,47.751086368546545
46115,South Dakota,Spink,,21.901091843288377,66.53944020356234,,38.74045801526719,42.3936633540393
46117,South Dakota,Stanley,,12.26718047527296,60.49618320610687,,30.693384223918574,34.48558263509947
46119,South Dakota,Sully,,7.450224791265253,70.57888040712467,,44.87913486005089,40.9694133528136
46121,South Dakota,Todd,,33.94348105330764,94.08396946564885,,29.293893129770993,52.44044788290916
46123,South Dakota,Tripp,,24.59858702633269,79.10305343511449,,54.961832061068705,52.88782417417196
46125,South Dakota,Turner,,19.29993577392421,45.960559796437664,,77.89440203562341,47.7182992019951
46127,South Dakota,Union,,33.84714193962749,77.57633587786259,,74.55470737913485,61.99272839887498
46129,South Dakota,Walworth,,18.432883750802823,80.69338422391857,,41.82569974554708,46.98398924008949
46135,South Dakota,Yankton,,63.42324983943482,75.60432569974553,,93.73409669211196,77.58722407709745
46137,South Dakota,Ziebach,,15.382145150931278,76.55852417302799,,30.50254452926209,40.81440461774045
47001,Tennessee,Anderson,48.64413850646642,33.33333333333333,54.26208651399491,,23.6323155216285,39.96796846885579
47003,Tennessee,Bedford,55.02711722987067,48.04110468850353,18.98854961832061,,57.474554707379134,44.882831561018484
47005,Tennessee,Benton,40.46725073007927,50.06422607578676,15.839694656488549,,31.138676844783713,34.377462076784575
47007,Tennessee,Bledsoe,35.294117647058826,16.249197174052664,56.99745547073791,,54.67557251908397,40.804085702733346
47009,Tennessee,Blount,55.569461827284115,42.26075786769428,69.43384223918575,,34.12849872773537,50.34814016547488
47011,Tennessee,Bradley,55.778055903212355,46.33911368015414,47.20101781170484,,52.639949109414765,50.48953412612153
47013,Tennessee,Campbell,43.30413016270337,8.477842003853564,78.88040712468194,,21.787531806615775,38.11247777446367
47015,Tennessee,Cannon,27.200667501042968,20.488118175979448,4.166666666666666,,50.12722646310432,25.49566970169835
47017,Tennessee,Carroll,52.3988318731748,82.46628131021194,20.197201017811707,,55.152671755725194,52.5537464892309
47019,Tennessee,Carter,51.981643721318314,13.712267180475274,60.7824427480916,,32.538167938931295,39.75363039720412
47021,Tennessee,Cheatham,17.521902377972467,45.92164418754014,14.790076335877863,,32.63358778625955,27.716802671912504
47023,Tennessee,Chester,47.64288694201085,55.49132947976879,14.53562340966921,,38.93129770992366,39.15028438534313
47025,Tennessee,Claiborne,43.42928660826033,9.762363519588952,81.36132315521628,,29.325699745547073,40.96966825715316
47027,Tennessee,Clay,35.41927409261577,17.18047527296082,4.071246819338422,,26.33587786259542,20.75171851187761
47029,Tennessee,Cocke,36.2119315811431,18.143866409762364,61.768447837150134,,51.94020356234097,42.01611234759914
47031,Tennessee,Coffee,51.89820609094702,36.92999357739242,11.545801526717558,,69.6882951653944,42.51557409011285
47033,Tennessee,Crockett,47.14226115978306,59.087989723827874,7.792620865139948,,60.68702290076335,43.67747366237856
47035,Tennessee,Cumberland,51.43929912390488,0.0,72.55089058524173,,59.19211195928753,45.79557541710854
47037,Tennessee,Davidson,53.650396328744264,95.43994861913936,57.50636132315522,,26.622137404580155,58.304710918904746
47039,Tennessee,Decatur,47.017104714226114,52.85806037251124,13.263358778625957,,29.262086513994912,35.60015259483956
47041,Tennessee,DeKalb,47.72632457238215,24.373795761079,7.665394402035624,,52.51272264631043,33.0695593454518
47043,Tennessee,Dickson,22.82019190654985,56.61528580603725,20.51526717557252,,30.820610687022903,32.69283889379563
47045,Tennessee,Dyer,51.56445556946182,83.75080282594733,24.618320610687025,,81.74300254452926,60.41914538765636
47047,Tennessee,Fayette,50.187734668335416,82.5626204238921,61.41857506361323,,58.0470737913486,63.05400098679734
47049,Tennessee,Fentress,46.39132248644138,5.427103403982017,68.4796437659033,,31.26590330788804,37.890993241053685
47051,Tennessee,Franklin,47.476011681268254,39.820166987797045,17.270992366412212,,68.28880407124683,43.213993776681086
47053,Tennessee,Gibson,54.31789737171464,82.62684649967888,18.543256997455472,,73.34605597964376,57.20851421212319
47055,Tennessee,Giles,56.73758865248227,44.99036608863199,19.751908396946565,,33.651399491094146,38.782815657288744
47057,Tennessee,Grainger,24.947851481017935,14.290301862556198,48.69592875318066,,42.589058524173026,32.630785155231955
47059,Tennessee,Greene,48.51898206090947,14.99678869621066,45.038167938931295,,59.82824427480916,42.095545742715146
47061,Tennessee,Grundy,45.26491447642887,5.748233782915864,56.13867684478372,,52.13104325699746,39.82071709028148
47063,Tennessee,Hamblen,39.92490613266583,22.992935131663454,40.20356234096692,,31.393129770992367,33.62863334407214
47065,Tennessee,Hamilton,62.53650396328744,75.59409120102761,70.64249363867684,,36.60941475826972,61.345625890315404
47067,Tennessee,Hancock,26.032540675844807,4.046242774566474,48.791348600508904,,26.74936386768448,26.404873979651164
47069,Tennessee,Hardeman,58.69837296620776,73.21772639691713,34.9236641221374,,51.3676844783715,54.55186199090845
47071,Tennessee,Hardin,58.86524822695035,71.2267180475273,28.944020356234095,,49.586513994910945,52.15562515640567
47073,Tennessee,Hawkins,38.214434710054235,12.588310854206808,50.731552162849866,,34.160305343511446,33.92365076765559
47075,Tennessee,Haywood,56.61243220692532,69.55684007707129,10.432569974554708,,65.61704834605598,50.55472265115182
47077,Tennessee,Henderson,53.10805173133083,69.91008349389853,19.40203562340967,,40.489821882951645,45.72749818289767
47079,Tennessee,Henry,48.85273258239466,74.53436095054592,23.536895674300258,,65.68066157760815,53.15116269621225
47081,Tennessee,Hickman,29.49520233625365,43.67373153500321,11.959287531806616,,36.036895674300254,30.291279269340937
47083,Tennessee,Houston,24.69753858990405,26.94283879254977,2.958015267175572,,30.884223918575067,21.370654142051116
47085,Tennessee,Humphreys,41.84397163120568,44.41233140655106,10.782442748091604,,30.279898218829516,31.829661001169463
47087,Tennessee,Jackson,25.323320817688774,24.18111753371869,6.965648854961833,,25.159033078880405,20.407280071312428
47089,Tennessee,Jefferson,42.88694201084689,22.125883108542073,42.90712468193384,,33.0470737913486,35.24175589816785
47091,Tennessee,Johnson,51.147267417605335,1.991008349389852,54.86641221374045,,47.773536895674305,38.94455621910249
47093,Tennessee,Knox,65.79057154776804,72.63969171483622,62.97709923664122,,39.44020356234097,60.211891515396616
47095,Tennessee,Lake,29.11973299958281,65.09312780989082,1.812977099236641,,73.2824427480916,42.327070164200464
47097,Tennessee,Lauderdale,50.10429703796411,79.99357739242132,19.052162849872772,,64.75826972010178,53.47707675008999
47099,Tennessee,Lawrence,54.65164789319983,55.71612074502248,14.090330788804073,,31.075063613231553,38.88329076006448
47101,Tennessee,Lewis,37.12974551522737,27.167630057803464,9.38295165394402,,21.183206106870227,23.71588333346127
47103,Tennessee,Lincoln,53.81727158948686,50.0,15.489821882951654,,70.51526717557252,47.455590162002764
47105,Tennessee,Loudon,53.149770546516486,29.865125240847785,44.14758269720102,,72.07379134860051,49.80906745829145
47107,Tennessee,McMinn,50.35460992907801,35.934489402697494,49.23664122137404,,51.74936386768449,46.81877610520851
47109,Tennessee,McNairy,57.2799332498957,66.95568400770713,26.526717557251914,,41.157760814249365,47.98002390727603
47111,Tennessee,Macon,25.53191489361702,43.4810533076429,12.02290076335878,,62.786259541984734,35.95553212665086
47113,Tennessee,Madison,62.20275344180225,91.6184971098266,43.320610687022906,,55.24809160305344,63.0974882104263
47115,Tennessee,Marion,37.71380892782645,27.488760436737316,59.66921119592875,,52.32188295165393,44.298415878036614
47117,Tennessee,Marshall,44.597413433458485,32.7874116891458,20.833333333333336,,28.18066157760814,31.599705008386437
47119,Tennessee,Maury,38.381309970796835,60.886319845857415,33.23791348600509,,28.530534351145036,40.25901941345109
47121,Tennessee,Meigs,28.201919065498537,19.043031470777137,32.25190839694657,,39.726463104325695,29.805830509386986
47123,Tennessee,Monroe,60.32540675844806,34.42517662170842,68.57506361323156,,55.56615776081425,54.72295118855057
47125,Tennessee,Montgomery,40.88443888193575,84.32883750802827,28.18066157760814,,43.06615776081425,49.115023932096605
47127,Tennessee,Moore,32.58239465999166,17.276814386640975,2.417302798982188,,26.97201017811705,19.812130505932966
47129,Tennessee,Morgan,33.37505214851898,4.527938342967245,63.54961832061069,,24.77735368956743,31.557490625416087
47131,Tennessee,Obion,48.43554443053818,81.7276814386641,14.69465648854962,,81.45674300254453,56.578656340074104
47133,Tennessee,Overton,39.71631205673759,16.698779704560053,28.33969465648855,,42.270992366412216,31.756444696049602
47135,Tennessee,Perry,42.17772215269087,30.539499036608863,7.824427480916031,,28.37150127226463,27.2282874856201
47137,Tennessee,Pickett,35.586149353358365,8.349389852280027,12.05470737913486,,18.893129770992367,18.720844088941405
47139,Tennessee,Polk,46.01585314977055,18.65767501605652,75.63613231552164,,42.77989821882952,45.77238967504456
47141,Tennessee,Putnam,47.97663746349603,35.58124598587026,27.131043256997454,,30.15267175572519,35.210399615522235
47143,Tennessee,Rhea,46.55819774718398,28.355812459858704,48.2824427480916,,39.56743002544529,40.690970745144895
47145,Tennessee,Roane,48.56070087609512,29.64033397559409,47.67811704834607,,27.131043256997454,38.25254878925818
47147,Tennessee,Robertson,32.91614518147685,64.77199743095697,23.568702290076335,,59.510178117048355,45.19175575488963
47149,Tennessee,Rutherford,52.690863579474346,83.62235067437379,43.35241730279898,,45.92875318066159,56.398596184327175
47151,Tennessee,Scott,43.84647476011681,6.165703275529865,68.8295165394402,,20.10178117048346,34.735868936392585
47153,Tennessee,Sequatchie,24.196912807676263,16.28131021194605,50.95419847328244,,30.216284987277355,30.41217662004553
47155,Tennessee,Sevier,56.48727576136837,36.22350674373796,78.72137404580153,,28.944020356234095,50.094044226785485
47157,Tennessee,Shelby,67.1255736337088,99.55041746949261,71.0559796437659,,36.99109414758271,68.6807662236375
47159,Tennessee,Smith,23.112223612849395,25.818882466281313,5.884223918575064,,42.04834605597965,24.215919013421356
47161,Tennessee,Stewart,19.02377972465582,39.21001926782274,7.601781170483461,,34.764631043257,25.150052801554754
47163,Tennessee,Sullivan,54.69336670838548,18.529222864482985,36.48218829516539,,28.72137404580153,34.606537978458846
47165,Tennessee,Sumner,32.540675844806,74.18111753371869,37.75445292620866,,41.603053435114504,46.51982493496197
47167,Tennessee,Tipton,46.47476011681268,90.3339755940912,31.96564885496183,,57.56997455470738,56.586089780143276
47169,Tennessee,Trousdale,7.259073842302878,19.653179190751445,3.148854961832061,,20.451653944020357,12.628190484726685
47171,Tennessee,Unicoi,34.16770963704631,1.766217084136159,32.50636132315521,,0.0,17.11007201108442
47173,Tennessee,Union,22.987067167292448,11.624919717405266,50.413486005089055,,0.0,21.256368222446692
47175,Tennessee,Van Buren,18.60659157279933,3.050738599871548,36.291348600508904,,26.717557251908396,21.166559006272045
47177,Tennessee,Warren,53.52523988318731,20.74502247912653,23.600508905852415,,83.11068702290076,45.24536457276676
47179,Tennessee,Washington,55.86149353358365,16.76300578034682,42.77989821882952,,48.18702290076336,40.89785510838084
47181,Tennessee,Wayne,51.397580308719235,37.6043673731535,12.150127226463106,,27.353689567430024,32.126441118941464
47183,Tennessee,Weakley,47.6011681268252,68.59344894026975,13.772264631043257,,66.15776081424937,49.03116062809689
47185,Tennessee,White,40.550688360450565,18.208092485549127,30.56615776081425,,39.63104325699746,32.238995465952854
47187,Tennessee,Williamson,41.0095953274927,72.54335260115607,39.79007633587786,,35.782442748091604,47.28136675315456
47189,Tennessee,Wilson,38.54818523153942,61.9781631342325,37.30916030534351,,31.17048346055979,42.2514980329188
48001,Texas,Anderson,73.38339591155612,78.32369942196532,78.18066157760815,,63.358778625954194,73.31163388427095
48003,Texas,Andrews,15.76971214017522,31.149646756583167,74.96819338422391,,84.92366412213741,51.70280410077993
48005,Texas,Angelina,81.26825198164373,95.15093127809891,80.470737913486,,61.35496183206107,79.56122075132242
48007,Texas,Aransas,91.23904881101376,58.798972382787404,61.832061068702295,67.80000000000001,16.793893129770993,59.29279507845489
48009,Texas,Archer,28.82770129328327,41.52215799614643,84.35114503816794,,70.80152671755725,56.37563276128873
48011,Texas,Armstrong,0.0,9.922928709055876,74.42748091603053,,98.34605597964376,45.674116401182545
48013,Texas,Atascosa,66.75010429703796,80.4752729608221,74.80916030534351,,92.2709923664122,78.57638248240394
48015,Texas,Austin,75.92824363788068,61.40012845215157,54.770992366412216,,83.87404580152672,68.9933525644928
48017,Texas,Bailey,38.297872340425535,32.9800899165061,88.89949109414758,,96.72391857506362,64.2253429815357
48019,Texas,Bandera,46.64163537755528,40.07707129094412,86.67302798982189,,68.89312977099237,60.57121610732842
48021,Texas,Bastrop,63.24572382144347,83.55812459858703,71.78753180661577,,76.3676844783715,73.73976617625445
48023,Texas,Baylor,31.414267834793492,32.72318561335902,64.53562340966921,,94.40203562340967,55.76877812030786
48025,Texas,Bee,91.19732999582813,82.08092485549133,61.80025445292621,,89.63104325699746,81.17738814031077
48027,Texas,Bell,79.01543596161869,94.5407835581246,89.66284987277355,,61.959287531806616,81.29458923108088
48029,Texas,Bexar,83.52106800166875,99.38985228002568,92.36641221374046,,69.529262086514,86.20164864548721
48031,Texas,Blanco,52.27367542761785,30.186255619781633,74.84096692111959,,82.63358778625954,59.983621438694655
48033,Texas,Borden,10.763454317897372,7.353885677585099,74.6501272264631,,93.54325699745549,46.57768105485026
48035,Texas,Bosque,53.60867751355861,56.422607578676946,84.82824427480917,,42.14376590330789,59.250823817588156
48037,Texas,Bowie,49.93742177722152,91.49004495825304,74.23664122137404,,70.45165394402035,71.52894047521724
48039,Texas,Brazoria,96.912807676262,93.0635838150289,86.10050890585242,76.4,84.47837150127225,87.39105437968313
48041,Texas,Brazos,85.64872757613684,91.74694926140013,58.365139949109405,,85.01908396946563,80.194975189028
48043,Texas,Brewster,28.327075511055487,62.6204238921002,88.67684478371501,,74.42748091603053,63.51295627572531
48045,Texas,Briscoe,9.428452231956612,16.795118818240205,57.98346055979644,,96.62849872773536,45.20888258443216
48047,Texas,Brooks,81.60200250312892,33.140655105973025,60.08269720101781,,25.636132315521625,50.11537178141034
48049,Texas,Brown,44.97288277012933,61.52858060372511,86.16412213740458,,71.69211195928753,66.08942436763664
48051,Texas,Burleson,72.50730079265749,47.62363519588953,42.55725190839695,,84.70101781170484,61.8473014271622
48053,Texas,Burnet,60.40884438881936,82.1451509312781,88.8676844783715,,67.39821882951654,74.70497465699637
48055,Texas,Caldwell,60.24196912807677,74.11689145793194,68.00254452926208,,85.71882951653944,72.02005865795256
48057,Texas,Calhoun,92.82436378806844,52.66538214515093,58.14249363867684,53.8,90.9033078880407,69.66710949198739
48059,Texas,Callahan,28.952857738840216,43.35260115606936,81.99745547073792,,59.860050890585235,53.54074131405818
48061,Texas,Cameron,99.04046725073007,97.27039177906231,83.77862595419847,67.0,83.20610687022901,86.05911837084396
48063,Texas,Camp,54.73508552357112,60.372511239563266,70.99236641221374,,72.10559796437659,64.55139028493119
48065,Texas,Carson,0.0,10.436737315350031,86.86386768447836,,97.80534351145039,48.77648712781969
48067,Texas,Cass,56.278681685440134,79.64033397559409,70.83333333333334,,68.6704834605598,68.85570811373184
48069,Texas,Castro,0.0,18.689788053949904,73.79134860050891,,94.27480916030532,46.68898645369104
48071,Texas,Chambers,85.77388402169377,52.69749518304432,78.84860050890585,55.00000000000001,63.42239185750637,67.14847431423007
48073,Texas,Cherokee,70.71339173967459,82.91586384071933,77.83078880407125,,88.16793893129771,79.90699582894072
48075,Texas,Childress,18.48143512724239,22.736030828516377,64.7264631043257,,95.1653944020356,50.27733086553002
48077,Texas,Clay,27.57613683771381,45.50417469492614,87.88167938931298,,68.79770992366412,57.43992521140426
48079,Texas,Cochran,19.774718397997496,9.248554913294797,68.32061068702289,,94.75190839694656,48.02394809881544
48081,Texas,Coke,15.47768043387568,21.387283236994225,83.33333333333334,,58.587786259541986,44.69652081593631
48083,Texas,Coleman,38.84021693783897,35.61335902376365,79.00763358778626,,77.86259541984732,57.83095124230904
48085,Texas,Collin,59.741343345848975,97.71997430956968,81.01145038167938,,32.44274809160305,67.72887903217527
48087,Texas,Collingsworth,12.181894034209428,11.689145793192036,75.12722646310432,,98.441475826972,49.359935529369444
48089,Texas,Colorado,87.98498122653316,62.17084136159281,49.42748091603055,,92.52544529262089,73.02718719919434
48091,Texas,Comal,62.87025448477264,88.18240205523442,89.31297709923663,,66.57124681933843,76.73422011464552
48093,Texas,Comanche,53.90070921985816,43.12780989081567,92.14376590330787,,80.02544529262089,67.29943257665064
48095,Texas,Concho,27.075511055486025,17.63005780346821,62.40458015267174,,87.94529262086515,48.76386040812278
48097,Texas,Cooke,48.14351272423863,77.39242132305716,91.50763358778626,,97.96437659033079,78.75198605635322
48099,Texas,Coryell,58.48977889027952,69.7495183044316,83.23791348600508,,43.734096692111954,63.80282684320704
48101,Texas,Cottle,17.313308302044224,12.3956326268465,62.88167938931297,,97.39185750636133,47.495619456141256
48103,Texas,Crane,11.09720483938256,25.337186897880535,54.103053435114504,,13.517811704834608,26.013814219303054
48105,Texas,Crockett,19.732999582811846,13.391136801541425,78.14885496183206,,49.80916030534351,40.27053791288221
48107,Texas,Crosby,20.52565707133917,19.107257546563904,61.25954198473281,,96.18320610687024,49.26891567737653
48109,Texas,Culberson,11.430955360867753,14.354527938342969,67.23918575063614,,96.69211195928752,47.42919525228359
48111,Texas,Dallam,,9.987154784842646,74.55470737913485,,99.23664122137404,61.259501128450516
48113,Texas,Dallas,73.55027117229871,99.93577392421325,80.27989821882952,,34.19211195928753,71.98951381865726
48115,Texas,Dawson,34.292866082603254,31.759794476557484,56.965648854961835,,93.8295165394402,54.2119564883907
48117,Texas,Deaf Smith,0.0,26.23635195889531,85.75063613231552,,98.12340966921121,52.52759944010551
48119,Texas,Delta,41.38506466416354,36.28773281952473,39.599236641221374,,79.6119592875318,49.22099835311036
48121,Texas,Denton,58.406341259908224,97.97687861271677,92.970737913486,,36.895674300254456,71.56240802159137
48123,Texas,DeWitt,90.27951606174383,66.57032755298651,67.58905852417303,,71.97837150127226,74.1043184100439
48125,Texas,Dickens,12.640801001251564,12.074502247912651,76.39949109414758,,96.81933842239184,49.483533191425906
48127,Texas,Dimmit,61.785565289945765,94.89402697495183,54.54834605597965,,80.69338422391857,72.98033063619894
48129,Texas,Donley,20.483938256153525,16.024405908798972,84.51017811704835,,97.93256997455472,54.73777306413889
48131,Texas,Duval,74.84355444305382,73.28195247270392,52.41730279898219,,33.71501272264631,58.56445560934655
48133,Texas,Eastland,46.76679182311222,49.22928709055876,88.07251908396947,,60.08269720101781,61.037823799664565
48135,Texas,Ector,36.2953692115144,86.19139370584458,88.32697201017811,,59.03307888040712,67.46170345198605
48137,Texas,Edwards,45.223195661243224,10.56518946692357,74.49109414758269,,61.863867684478365,48.035836740056965
48139,Texas,Ellis,52.19023779724657,90.62299293513166,86.06870229007633,,41.66666666666667,67.63714992228032
48141,Texas,El Paso,41.13475177304964,98.68336544637123,70.96055979643766,,96.0241730279898,76.70071251096209
48143,Texas,Erath,56.40383813099707,58.89531149646756,95.48346055979644,,65.01272264631042,68.94883320839287
48145,Texas,Falls,68.04338756779308,53.7893384714194,54.48473282442748,,62.30916030534351,59.65665479224587
48147,Texas,Fannin,48.769294952023365,89.59537572254337,70.10178117048346,,99.10941475826972,76.89396665082998
48149,Texas,Fayette,80.5590321234877,58.63840719332048,49.713740458015266,,73.66412213740458,65.64382547805701
48151,Texas,Fisher,12.51564455569462,15.831727681438664,48.88676844783715,,76.52671755725191,38.44021456055559
48153,Texas,Floyd,31.122236128493952,14.547206165703274,73.31424936386767,,91.9529262086514,52.73415446667907
48155,Texas,Foard,12.974551522736755,15.510597302504816,41.06234096692112,,90.07633587786259,39.90595641750632
48157,Texas,Fort Bend,97.58030871923236,97.84842646114322,80.05725190839695,19.2,84.57379134860051,75.8519556874746
48159,Texas,Franklin,55.527743012098455,50.481695568400774,58.842239185750635,,67.04834605597965,57.97500595555738
48161,Texas,Freestone,71.54776804338758,51.669877970456,70.06997455470739,,69.49745547073792,65.69626900982222
48163,Texas,Frio,71.58948685857321,84.84264611432242,75.15903307888041,,93.38422391857506,81.24384749258778
48165,Texas,Gaines,39.3825615352524,46.94926140012845,93.38422391857506,,94.17938931297711,68.47385904173325
48167,Texas,Galveston,97.03796412181894,93.54527938342969,84.92366412213741,88.6,96.85114503816794,92.19161053311079
48169,Texas,Garza,11.4726741760534,19.58895311496467,83.46055979643766,,96.78753180661576,52.827429723517874
48171,Texas,Gillespie,55.360867751355855,42.83879254977521,84.00127226463104,,80.91603053435115,65.77924077502831
48173,Texas,Glasscock,18.10596579057155,5.555555555555555,61.99109414758269,,91.38040712468192,44.25825565459793
48175,Texas,Goliad,85.02294534835211,29.511881824020552,55.72519083969466,,61.1323155216285,57.848083383423955
48177,Texas,Gonzales,88.65248226950354,63.84071933204881,73.09160305343512,,89.15394402035624,78.68468716883592
48179,Texas,Gray,26.992073425114725,23.378291586384073,93.67048346055981,,97.77353689567428,60.45359634193322
48181,Texas,Grayson,53.31664580725908,92.71034039820168,86.03689567430025,,47.74173027989822,69.95140303991481
48183,Texas,Gregg,72.04839382561535,93.86640976236352,62.913486005089055,,65.99872773536896,73.70675433210923
48185,Texas,Grimes,84.93950771798082,58.253050738599875,59.38295165394402,,93.25699745547074,73.95812689149886
48187,Texas,Guadalupe,66.66666666666666,89.11368015414259,75.03180661577609,,78.49872773536896,77.32772029298857
48189,Texas,Hale,39.799749687108886,32.369942196531795,77.67175572519083,,92.90712468193384,60.68714307269134
48191,Texas,Hall,19.065498539841467,24.309569685292228,74.39567430025447,,98.82315521628499,54.14847443541829
48193,Texas,Hamilton,46.85022945348352,29.09441233140655,84.86005089058524,,50.286259541984734,52.77273805436501
48195,Texas,Hansford,0.0,10.62941554271034,69.56106870229007,,98.8549618320611,44.76136151926538
48197,Texas,Hardeman,22.27784730913642,34.971098265895954,62.02290076335878,,82.44274809160305,50.42864860749855
48199,Texas,Hardin,87.1506049228202,69.04303147077714,82.91984732824427,34.4,41.50763358778626,63.00422346192556
48201,Texas,Harris,100.0,99.71098265895952,85.43256997455471,83.2,75.06361323155215,88.68143317301327
48203,Texas,Harrison,69.79557780559033,92.16441875401412,77.03562340966921,,67.23918575063614,76.55870142997745
48205,Texas,Hartley,,6.840077071290944,71.11959287531806,,98.09160305343512,58.68375766668138
48207,Texas,Haskell,30.78848560700876,30.41104688503533,79.64376590330787,,85.46437659033079,56.57691874642069
48209,Texas,Hays,63.913224864413856,92.06807964033396,87.94529262086515,,77.63994910941476,80.39163655875693
48211,Texas,Hemphill,22.69503546099291,8.766859344894026,89.79007633587787,,89.8854961832061,52.78436683124273
48213,Texas,Henderson,66.20775969962453,87.25112395632627,75.47709923664122,,58.524173027989825,71.86503898014546
48215,Texas,Hidalgo,99.49937421777221,98.84393063583815,83.81043256997457,,98.60050890585242,95.18856158235934
48217,Texas,Hill,65.87400917813933,75.65831727681439,82.1882951653944,,82.09287531806616,76.45337423460356
48219,Texas,Hockley,25.990821860659157,27.617212588310853,76.17684478371501,,93.67048346055981,55.86384067331121
48221,Texas,Hood,52.94117647058824,79.60822093770071,91.28498727735368,,49.61832061068702,68.36317632408242
48223,Texas,Hopkins,57.90571547768043,76.36480411046885,65.64885496183206,,66.69847328244275,66.65446195810603
48225,Texas,Houston,77.55527743012098,71.19460500963392,77.79898218829516,,81.93384223918575,77.12067671680896
48227,Texas,Howard,33.917396745932415,57.418111753371875,89.47201017811705,,94.65648854961832,68.86600180675991
48229,Texas,Hudspeth,7.425949103045474,15.093127809890817,25.47709923664122,,81.20229007633588,32.29961655647835
48231,Texas,Hunt,45.93241551939925,91.26525369299937,76.90839694656488,,43.92493638676845,64.50775063643297
48233,Texas,Hutchinson,0.0,32.241490044958255,94.94274809160304,,98.75954198473282,56.48594503032353
48235,Texas,Irion,9.17813934084272,14.001284521515736,83.07888040712467,,59.44656488549617,41.42621728874482
48237,Texas,Jack,30.120984564038384,59.12010276172126,86.22773536895673,,75.31806615776081,62.6967222131193
48239,Texas,Jackson,94.03420942845223,55.13808606294155,63.899491094147585,51.8,90.04452926208651,70.98326316952557
48241,Texas,Jasper,88.6942010846892,68.30443159922929,83.04707379134861,0.0,41.98473282442748,56.40608785993891
48243,Texas,Jeff Davis,8.969545264914476,20.00642260757868,88.48600508905852,,20.419847328244277,34.47045507244899
48245,Texas,Jefferson,98.24780976220275,92.74245343609503,92.43002544529261,78.8,87.59541984732824,89.96314169818373
48247,Texas,Jim Hogg,65.4985398414685,25.91522157996146,51.399491094147585,,0.0,35.703313128894386
48249,Texas,Jim Wells,94.07592824363789,84.4251766217084,70.8969465648855,,81.42493638676844,82.70574695425006
48251,Texas,Johnson,53.48352106800167,92.58188824662813,94.37022900763358,,37.46819338422392,69.47595792662182
48253,Texas,Jones,32.12348769294952,54.97752087347463,85.40076335877863,,87.81806615776081,65.0799595207409
48255,Texas,Karnes,85.14810179390905,62.202954399486195,59.16030534351145,,86.99109414758269,73.37561392112235
48257,Texas,Kaufman,50.31289111389236,93.2883750802826,79.9618320610687,,35.75063613231552,64.8284335968898
48259,Texas,Kendall,47.76804338756779,46.24277456647399,85.46437659033079,,72.7735368956743,63.06218286001172
48261,Texas,Kenedy,73.09136420525658,6.454720616570328,44.910941475826974,0.0,21.21501272264631,29.13440780406004
48263,Texas,Kent,8.218606591572799,5.073859987154785,66.50763358778626,,77.35368956743001,39.28844743348596
48265,Texas,Kerr,61.95244055068836,67.40526653821452,84.44656488549617,,77.2264631043257,72.7576837696812
48267,Texas,Kimble,50.39632874426366,24.502247912652535,75.82697201017811,,64.82188295165395,53.88685790468706
48269,Texas,King,10.51314142678348,4.110468850353243,55.94783715012722,,46.31043256997455,29.220469999309625
48271,Texas,Kinney,40.75928243637881,24.823378291586383,15.235368956743004,,72.70992366412213,38.38198833720758
48273,Texas,Kleberg,93.90905298289528,80.8927424534361,66.6030534351145,34.8,63.231552162849866,67.88728020685915
48275,Texas,Knox,28.994576554025866,30.057803468208093,43.670483460559794,,97.48727735368956,50.05253520912083
48277,Texas,Lamar,55.903212348769294,87.60436737315351,86.1323155216285,,82.25190839694656,77.97295091012447
48279,Texas,Lamb,43.67959949937423,29.415542710340397,85.84605597964376,,94.87913486005088,63.45508326235232
48281,Texas,Lampasas,45.55694618272841,37.925497752087345,84.03307888040712,,43.19338422391857,52.67722675978536
48283,Texas,La Salle,63.370880267000416,66.24919717405267,65.99872773536896,,47.29643765903308,60.728810708863776
48285,Texas,Lavaca,84.73091364205257,54.36737315350032,37.18193384223918,,66.66666666666666,60.73672182611468
48287,Texas,Lee,72.5907384230288,46.628131021194605,46.46946564885496,,83.07888040712467,62.19180387505076
48289,Texas,Leon,74.71839799749687,49.93577392421323,57.538167938931295,,97.67811704834605,69.96761422724686
48291,Texas,Liberty,90.15435961618688,83.8150289017341,83.58778625954199,20.6,77.32188295165395,71.09581154582338
48293,Texas,Limestone,72.92448894451398,57.5465639049454,73.15521628498728,,84.79643765903307,72.10567669836993
48295,Texas,Lipscomb,16.729244889445138,8.863198458574182,84.57379134860051,,98.50508905852416,52.167830938786
48297,Texas,Live Oak,79.43262411347519,55.459216441875405,46.024173027989825,,64.2175572519084,61.28339270881221
48299,Texas,Llano,54.025865665415104,59.409120102761726,80.24809160305344,,67.93893129770993,65.40550216723506
48301,Texas,Loving,7.008760951188986,2.633269107257546,5.025445292620865,,0.0,3.666868837766849
48303,Texas,Lubbock,47.18397997496871,80.57161207450226,86.19592875318067,,99.77735368956743,78.43221862305477
48305,Texas,Lynn,23.23738005840634,15.992292870905588,56.8384223918575,,94.02035623409668,47.52211288881653
48307,Texas,McCulloch,30.621610346266166,33.65446371226718,69.3384223918575,,83.30152671755725,54.22900579198702
48309,Texas,McLennan,81.35168961201502,96.0500963391137,90.01272264631042,,55.72519083969466,80.78492485928345
48311,Texas,McMullen,54.56821026282853,9.794476557482335,27.798982188295163,,38.23155216284987,32.59830529286398
48313,Texas,Madison,79.09887359198999,40.46242774566474,47.837150127226465,,79.32569974554707,61.681037802607065
48315,Texas,Marion,51.689612015018774,62.23506743737958,51.08142493638677,,72.48727735368958,59.373345435618674
48317,Texas,Martin,20.191906549853982,19.17148362235067,69.8791348600509,,93.63867684478373,50.72030046925982
48319,Texas,Mason,41.51022110972048,23.538856775850995,70.13358778625954,,79.07124681933843,53.56347812279236
48321,Texas,Matagorda,95.61952440550688,74.30956968529222,73.69592875318067,68.0,90.45801526717557,80.41660762223107
48323,Texas,Maverick,65.8322903629537,90.39820166987796,48.473282442748086,,81.39312977099237,71.52422606164302
48325,Texas,Medina,59.03212348769294,74.02055234425178,85.24173027989822,,90.80788804071248,77.27557353813886
48327,Texas,Menard,36.00333750521485,13.96917148362235,59.98727735368957,,60.71882951653944,42.66965396476655
48329,Texas,Midland,38.423028785982474,65.67116249197173,93.09796437659033,,92.23918575063612,72.35783535129517
48331,Texas,Milam,77.76387150604923,65.06101477199742,65.61704834605598,,86.38676844783714,73.70717576798495
48333,Texas,Mills,33.458489778890275,25.016056518946694,76.46310432569975,,47.70992366412214,45.66189357191471
48335,Texas,Mitchell,23.90488110137672,31.021194605009633,83.96946564885496,,87.69083969465649,56.646595262474456
48337,Texas,Montague,38.79849812265332,78.09890815671162,89.75826972010178,,98.18702290076337,76.21067472505752
48339,Texas,Montgomery,93.74217772215268,95.7610789980732,79.29389312977099,,68.63867684478372,84.35895667369515
48341,Texas,Moore,0.0,22.639691714836225,89.24936386768448,,99.14122137404581,52.75756923914163
48343,Texas,Morris,49.3116395494368,59.89081567116249,64.63104325699746,,0.0,43.45837461939919
48345,Texas,Motley,9.762202753441802,11.335902376364803,80.3117048346056,,81.55216284987277,45.74049320357125
48347,Texas,Nacogdoches,83.3959115561118,91.29736673089272,78.81679389312977,,65.13994910941476,79.66250532238726
48349,Texas,Navarro,61.45181476846058,85.03532434168272,82.28371501272265,,57.22010178117048,71.4977389760091
48351,Texas,Newton,82.35294117647058,47.81631342324984,75.0,38.2,30.375318066157757,54.748914533175636
48353,Texas,Nolan,26.825198164372132,43.51316634553629,86.60941475826972,,89.94910941475827,61.724222170734095
48355,Texas,Nueces,98.58156028368792,98.04110468850352,73.98218829516541,72.2,97.99618320610686,88.16020729469275
48357,Texas,Ochiltree,27.70129328327076,13.070006422607577,76.24045801526718,,98.40966921119592,53.85535673308536
48359,Texas,Oldham,,6.679511881824022,66.12595419847328,,95.61068702290076,56.13871770106602
48361,Texas,Orange,95.2023362536504,74.05266538214515,89.44020356234098,80.2,43.09796437659033,76.39863391494536
48363,Texas,Palo Pinto,43.47100542344597,63.230571612074506,90.2671755725191,,58.71501272264631,63.92094133267146
48365,Texas,Panola,78.26449728827701,75.30507385998717,72.10559796437659,,0.0,56.41879227816019
48367,Texas,Parker,45.18147684605757,89.53114964675657,96.2468193384224,,34.096692111959285,66.26403448579896
48369,Texas,Parmer,40.96787651230705,19.974309569685293,67.17557251908397,,99.71374045801527,56.957874764772896
48371,Texas,Pecos,30.454735085523566,60.62941554271034,64.82188295165395,,94.49745547073792,62.600872262656445
48373,Texas,Polk,89.98748435544431,77.13551701991008,75.54071246819338,,0.0,60.665928460886946
48375,Texas,Potter,0.0,70.87347463070006,95.13358778625954,,95.48346055979644,65.37263074418901
48377,Texas,Presidio,14.43471005423446,45.472061657032754,80.1526717557252,,87.46819338422391,56.881909212804075
48379,Texas,Rains,41.969128076762615,47.94476557482338,42.49363867684479,,56.99745547073791,47.35124694979218
48381,Texas,Randall,0.0,73.24983943481054,95.86513994910942,,97.58269720101781,66.67441914623444
48383,Texas,Reagan,14.309553608677511,15.317919075144507,56.39312977099237,,92.970737913486,44.7478350920751
48385,Texas,Real,46.59991656236963,19.428387925497752,72.13740458015268,,41.475826972010175,44.91038401000756
48387,Texas,Red River,46.68335419274093,57.73924213230571,59.478371501272264,,78.0852417302799,60.4965523891497
48389,Texas,Reeves,15.644555694618273,36.062941554271035,51.14503816793893,,83.65139949109415,46.62598372698059
48391,Texas,Refugio,87.35919899874845,41.36159280667952,56.6793893129771,42.6,84.28753180661577,62.45754258500417
48393,Texas,Roberts,7.342511472674176,3.436095054592164,75.3498727735369,,90.96692111959288,44.27385010509903
48395,Texas,Robertson,72.0066750104297,49.26140012845215,46.62849872773537,,66.12595419847328,58.50563201627263
48397,Texas,Rockwall,33.95911556111806,90.10918432883751,66.57124681933843,,35.30534351145038,56.486222555186096
48399,Texas,Runnels,33.12473925740509,37.05844572896597,72.48727735368958,,85.20992366412213,56.97009650104569
48401,Texas,Rusk,71.63120567375887,83.65446371226717,72.99618320610686,,66.18956743002545,73.61785500553958
48403,Texas,Sabine,73.75886524822694,55.29865125240848,58.61959287531806,,0.0,46.91927734398837
48405,Texas,San Augustine,73.46683354192741,56.48683365446371,56.42493638676845,,0.0,46.59465089578989
48407,Texas,San Jacinto,74.50980392156865,57.32177263969171,68.35241730279898,,0.0,50.04599846601484
48409,Texas,San Patricio,95.0354609929078,88.2145150931278,64.2175572519084,53.0,93.70229007633588,78.83396468285598
48411,Texas,San Saba,37.88068418856905,22.575465639049455,71.46946564885496,,76.55852417302799,52.121034912375364
48413,Texas,Schleicher,24.28035043804756,11.9781631342325,80.21628498727735,,82.28371501272265,49.68962839307001
48415,Texas,Scurry,22.861910721735505,38.792549775208734,88.23155216284987,,92.4618320610687,60.58696118021571
48417,Texas,Shackelford,19.524405506883603,16.184971098265898,75.85877862595419,,47.4236641221374,39.74795483831027
48419,Texas,Shelby,83.22903629536921,76.81438664097624,70.54707379134861,,66.82569974554707,74.35404911831029
48421,Texas,Sherman,,5.234425176621708,65.20356234096693,,98.47328244274809,56.30375665344557
48423,Texas,Smith,75.09386733416771,96.27488760436738,80.34351145038168,,0.0,62.92806659722919
48425,Texas,Somervell,42.92866082603254,28.7732819524727,81.04325699745547,,43.79770992366412,49.13572742490621
48427,Texas,Starr,78.7651230705048,81.47077713551703,84.89185750636132,,69.65648854961832,78.69606156550036
48429,Texas,Stephens,26.90863579474343,38.50353243416828,76.01781170483459,,48.25063613231552,47.420154016515454
48431,Texas,Sterling,7.88485607008761,11.207450224791266,69.75190839694656,,74.71374045801527,40.88948878746018
48433,Texas,Stonewall,15.143929912390488,8.991650610147719,66.03053435114504,,90.7442748091603,45.227597420710886
48435,Texas,Sutton,29.24488944513976,16.570327552986512,85.49618320610686,,47.55089058524173,44.715572697368714
48437,Texas,Swisher,43.13725490196079,21.290944123314063,87.75445292620864,,93.47964376590332,61.4155739293467
48439,Texas,Tarrant,72.2569879015436,99.45407835581244,91.47582697201018,,36.10050890585242,74.82185053380465
48441,Texas,Taylor,49.01960784313725,86.80154142581888,89.7264631043257,,72.83715012722645,74.59619062512706
48443,Texas,Terrell,10.13767209011264,12.55619781631342,46.69211195928753,,0.0,17.346495466428397
48445,Texas,Terry,31.330830204422195,29.57610789980732,58.651399491094146,,94.78371501272264,53.58551315201157
48447,Texas,Throckmorton,19.858156028368796,14.964675658317278,70.80152671755725,,85.40076335877863,47.75628044075549
48449,Texas,Titus,56.69586983729663,75.52986512524085,73.40966921119593,,66.98473282442748,68.15503424954022
48451,Texas,Tom Green,47.22569879015436,88.50353243416828,93.1297709923664,,97.45547073791349,81.57861823865062
48453,Texas,Travis,77.1380892782645,98.5228002569043,90.83969465648855,,50.0,79.12514604791434
48455,Texas,Trinity,83.68794326241137,53.403982016698784,69.97455470737913,,0.0,51.76661999662232
48457,Texas,Tyler,88.6107634543179,57.51445086705203,85.87786259541986,,0.0,58.000769229197445
48459,Texas,Upshur,61.326658322903626,80.15414258188824,77.32188295165395,,65.2671755725191,71.01746485724122
48461,Texas,Upton,16.39549436795995,17.8548490687219,45.00636132315521,,94.05216284987277,43.32721690242746
48463,Texas,Uvalde,62.4113475177305,81.88824662813103,73.21882951653944,,90.10814249363868,76.90664153900991
48465,Texas,Val Verde,57.6136837713809,69.42838792549774,85.01908396946563,,62.97709923664122,68.75956372574637
48467,Texas,Van Zandt,62.74509803921568,80.02569043031471,69.08396946564885,,77.16284987277355,72.2544019519882
48469,Texas,Victoria,96.16186900292033,82.36994219653178,76.52671755725191,27.800000000000004,89.98091603053437,74.56788895744768
48471,Texas,Walker,84.10513141426783,78.19524727039177,78.11704834605598,,87.53180661577609,81.98730841162292
48473,Texas,Waller,83.27075511055486,69.94219653179191,70.70610687022901,,91.22137404580153,78.78510813959431
48475,Texas,Ward,21.19315811430955,39.0815671162492,75.28625954198473,,58.492366412213734,48.5133377961893
48477,Texas,Washington,84.68919482686692,68.36865767501605,48.823155216284995,,78.9440203562341,70.20625701860051
48479,Texas,Webb,85.73216520650814,97.43095696852924,63.835877862595424,,38.295165394402034,71.32354135800871
48481,Texas,Wharton,94.82686691697957,78.5806037251124,52.958015267175576,0.0,91.4440203562341,63.561901253100324
48483,Texas,Wheeler,23.362536503963288,13.262684649967888,94.3384223918575,,97.74173027989822,57.17634345642172
48485,Texas,Wichita,47.5177304964539,92.77456647398844,92.58905852417303,,93.60687022900763,81.62205643090576
48487,Texas,Wilbarger,29.28660826032541,67.4373795761079,63.51781170483461,,98.98218829516541,64.80599695910833
48489,Texas,Willacy,91.65623696287024,57.61078998073218,28.72137404580153,40.400000000000006,90.83969465648855,61.8456191291785
48491,Texas,Williamson,69.04463913224865,91.04046242774567,87.81806615776081,,72.39185750636132,80.07375630602911
48493,Texas,Wilson,63.7880684188569,73.85998715478485,71.66030534351145,,87.62722646310432,74.23389684506438
48495,Texas,Winkler,11.222361284939508,29.31920359666024,57.347328244274806,,79.45292620865139,44.33545483363149
48497,Texas,Wise,33.79224030037547,85.70969813744381,93.73409669211196,,37.02290076335878,62.564733973322504
48499,Texas,Wood,66.08260325406758,84.8747591522158,73.18702290076337,,81.26590330788804,76.35257215373369
48501,Texas,Yoakum,30.037546933667088,26.878612716763005,86.48218829516541,,96.2468193384224,59.911291821004475
48503,Texas,Young,41.92740926157697,59.82658959537572,90.10814249363868,,92.33460559796438,71.04918673713894
48505,Texas,Zapata,65.99916562369629,42.164418754014136,70.86513994910942,,33.42875318066158,53.11436937687035
48507,Texas,Zavala,60.28368794326241,76.78227360308287,35.337150127226465,,94.30661577608143,66.6774318624133
49001,Utah,Beaver,,32.048811817597944,85.30534351145039,,55.85241730279898,57.73552421061577
49003,Utah,Box Elder,,43.770070648683365,95.35623409669213,,60.62340966921119,66.58323813819557
49005,Utah,Cache,,56.229929351316635,85.33715012722645,,57.98346055979644,66.51684667944652
49007,Utah,Carbon,,26.140012845215153,66.82569974554707,,30.916030534351147,41.293914375037794
49009,Utah,Daggett,,0.0,77.735368956743,,19.81552162849873,32.51696352841391
49011,Utah,Davis,,86.25561978163134,90.5852417302799,0.0,41.0941475826972,54.48375227365211
49013,Utah,Duchesne,,21.001926782273603,80.43893129770991,,49.68193384223918,50.37426397407423
49015,Utah,Emery,,32.080924855491325,59.28753180661578,,40.458015267175576,43.942157309760894
49017,Utah,Garfield,,82.49839434810535,78.27608142493638,,35.55979643765903,65.44475740356692
49019,Utah,Grand,,32.273603082851636,58.5559796437659,,38.80407124681934,43.211217991145624
49021,Utah,Iron,,44.38021836865767,97.74173027989822,,65.80788804071247,69.30994556308946
49023,Utah,Juab,,37.31535003211304,91.03053435114504,,55.43893129770993,61.26160522698933
49025,Utah,Kane,,86.64097623635197,88.04071246819338,,22.487277353689567,65.72298868607831
49027,Utah,Millard,,37.37957610789981,91.22137404580153,,79.29389312977099,69.29828109449078
49029,Utah,Morgan,,7.931920359666024,84.0966921119593,,23.155216284987276,38.39460958553753
49031,Utah,Piute,,9.12010276172126,58.71501272264631,,33.17430025445292,33.66980524627349
49033,Utah,Rich,,1.798330122029544,75.89058524173028,,29.42111959287532,35.703344985545044
49035,Utah,Salt Lake,,92.93513166345537,98.34605597964376,0.0,44.37022900763359,58.91285416268318
49037,Utah,San Juan,,78.1631342324984,82.3473282442748,,56.87022900763359,72.46023049480226
49039,Utah,Sanpete,,45.31149646756583,89.02671755725191,,56.297709923664115,63.54530798282729
49041,Utah,Sevier,,27.842003853564545,78.5941475826972,,53.14885496183206,53.19500213269794
49043,Utah,Summit,,14.03339755940912,96.53307888040713,,27.19465648854962,45.92037764278862
49045,Utah,Tooele,,53.94990366088632,97.26463104325701,,34.57379134860051,61.92944201758127
49047,Utah,Uintah,,26.493256262042394,71.37404580152672,,51.590330788804074,49.81921095079107
49049,Utah,Utah,,94.3159922928709,98.8549618320611,,67.74809160305344,86.97301524266182
49051,Utah,Wasatch,,17.052023121387283,94.21119592875316,,24.459287531806613,45.24083552731568
49053,Utah,Washington,,90.81567116249197,99.84096692111959,,38.83587786259542,76.49750531540232
49055,Utah,Wayne,,39.59537572254335,53.68956743002544,,31.01145038167939,41.43213117808273
49057,Utah,Weber,,81.43866409762364,94.11577608142494,,44.49745547073791,73.35063188326217
50001,Vermont,Addison,67.45932415519398,45.63262684649968,21.43765903307888,,0.0,33.63240250869314
50003,Vermont,Bennington,71.88151856487276,27.039177906229927,20.10178117048346,,0.0,29.755619410396537
50005,Vermont,Caledonia,71.25573633708802,27.328195247270394,17.779898218829516,,0.0,29.090957450796985
50007,Vermont,Chittenden,65.91572799332499,73.15350032113038,25.381679389312975,,0.0,41.112726925942084
50009,Vermont,Essex,56.362119315811434,12.524084778420038,3.816793893129771,,0.0,18.17574949684031
50011,Vermont,Franklin,59.11556111806424,37.44380218368658,12.595419847328245,,0.0,27.288695787269766
50013,Vermont,Grand Isle,34.54317897371715,13.680154142581888,4.611959287531807,,0.0,13.208823100957709
50015,Vermont,Lamoille,61.618690029203165,21.67630057803468,13.963104325699746,,0.0,24.3145237332344
50017,Vermont,Orange,65.45682102628285,36.70520231213873,17.17557251908397,,0.0,29.83439896437639
50019,Vermont,Orleans,67.25073007926575,25.369299935773924,18.893129770992367,,0.0,27.878289946508012
50021,Vermont,Rutland,70.04589069670422,55.52344251766217,22.99618320610687,,0.0,37.14137910511832
50023,Vermont,Washington,67.33416770963704,55.81245985870263,19.115776081424936,,0.0,35.565600912441155
50025,Vermont,Windham,74.55152273675426,38.27874116891458,20.896946564885496,,0.0,33.43180261763858
50027,Vermont,Windsor,72.96620775969961,69.97430956968529,26.94020356234097,,0.0,42.47018022293147
51001,Virginia,Accomack,94.45139758030872,52.28002569043031,79.54834605597965,96.8,59.764631043257,76.56888007399513
51003,Virginia,Albemarle,82.64497288277013,69.23570969813746,64.34478371501272,,78.4033078880407,73.65719354599025
51005,Virginia,Alleghany,54.90196078431373,3.692999357739242,18.06615776081425,,26.59033078880407,25.81286217291782
51007,Virginia,Amelia,67.75135586149354,25.497752087347465,6.297709923664121,,94.46564885496184,48.50311668186674
51009,Virginia,Amherst,66.24947851481018,21.483622350674377,45.13358778625955,,37.69083969465649,42.63938208660015
51011,Virginia,Appomattox,60.99290780141844,20.070648683365448,21.342239185750635,,44.72010178117048,36.781474362926254
51013,Virginia,Arlington,80.43387567793073,89.88439306358381,5.725190839694656,41.6,17.970737913486005,47.12283949893904
51015,Virginia,Augusta,79.22403003754694,52.76172125883109,72.01017811704835,,71.2150127226463,68.80273553401817
51017,Virginia,Bath,47.559449311639554,2.312138728323699,20.99236641221374,,23.791348600508904,23.663825763171474
51019,Virginia,Bedford,73.00792657488527,31.213872832369944,66.63486005089058,,70.92875318066157,60.44635315970184
51021,Virginia,Bland,33.58364622444723,0.0,6.361323155216285,,50.98600508905853,22.73274361718051
51023,Virginia,Botetourt,56.02836879432624,10.21194605009634,25.06361323155216,,28.880407124681938,30.04608380016417
51025,Virginia,Brunswick,79.89153108051731,38.631984585741804,21.501272264631044,,95.06997455470739,58.77369062139939
51027,Virginia,Buchanan,46.09929078014184,11.17533718689788,72.04198473282443,,0.0,32.32915317496604
51029,Virginia,Buckingham,75.46933667083854,27.97045600513808,20.737913486005088,,82.06106870229009,51.55969371606795
51031,Virginia,Campbell,71.96495619524406,40.71933204881182,42.970737913486005,,53.9440203562341,52.399761628444
51033,Virginia,Caroline,78.97371714643305,39.113680154142585,19.43384223918575,26.200000000000003,78.21246819338423,48.38674154662912
51035,Virginia,Carroll,61.284939507717986,0.0,55.88422391857505,,62.81806615776081,44.996807396013466
51036,Virginia,Charles City,66.62494785148102,23.795761078998073,21.564885496183205,45.2,93.28880407124684,50.094879699581824
51037,Virginia,Charlotte,74.09261576971214,24.47013487475915,11.323155216284988,,93.19338422391856,50.769822521168706
51041,Virginia,Chesterfield,85.81560283687944,86.51252408477842,44.02035623409669,44.8,59.732824427480914,64.17626151664709
51043,Virginia,Clarke,55.694618272841055,54.2068079640334,32.95165394402035,,64.02671755725191,51.71994943453668
51045,Virginia,Craig,34.62661660408845,2.023121387283237,8.651399491094146,,24.52290076335878,17.456009561456153
51047,Virginia,Culpeper,70.88026700041719,60.308285163776496,35.49618320610687,,81.01145038167938,61.92404643799499
51049,Virginia,Cumberland,72.88277012932832,22.28644829800899,8.078880407124682,,96.46946564885496,49.92939112082924
51051,Virginia,Dickenson,42.052565707133915,6.775850995504175,83.26972010178118,,0.0,33.024534201104814
51053,Virginia,Dinwiddie,66.54151022110972,42.29287090558767,21.882951653944023,,93.95674300254453,56.168518945796485
51057,Virginia,Essex,80.01668752607428,27.681438664097623,10.24173027989822,55.60000000000001,94.147582697201,53.53748783345422
51059,Virginia,Fairfax,93.03295786399664,97.077713551702,33.969465648854964,52.6,33.30152671755725,61.99633275642217
51061,Virginia,Fauquier,72.13183145598666,62.58831085420681,34.79643765903308,,45.29262086513995,53.70230020859162
51063,Virginia,Floyd,53.274926992073425,2.376364804110469,49.363867684478365,,64.56743002544529,42.39564737652688
51065,Virginia,Fluvanna,67.70963704630788,33.911368015414254,16.253180661577606,,62.40458015267174,45.06969146899287
51067,Virginia,Franklin,69.21151439299123,25.40141297366731,38.136132315521635,,67.30279898218829,50.01296466609212
51069,Virginia,Frederick,76.38715060492282,64.38664097623635,57.82442748091603,,72.96437659033079,67.8906489131015
51071,Virginia,Giles,36.87943262411347,0.0,12.91348600508906,,22.646310432569976,18.109807265443127
51073,Virginia,Gloucester,75.7613683771381,45.7931920359666,45.19720101781171,66.60000000000001,75.50890585241731,61.77213345666676
51075,Virginia,Goochland,60.158531497705475,28.676942838792552,9.478371501272264,,70.61068702290076,42.23113321516776
51077,Virginia,Grayson,54.23445974134334,0.0,45.578880407124686,,60.527989821882954,40.085332492587746
51079,Virginia,Greene,63.45431789737171,31.27809890815671,42.8117048346056,,54.26208651399491,47.951552038532235
51081,Virginia,Greensville,79.30746766791825,39.72382787411689,12.245547073791348,,91.47582697201018,55.68816739695917
51083,Virginia,Halifax,78.55652899457657,47.97687861271676,25.540712468193384,,92.1119592875318,61.04651984075463
51085,Virginia,Hanover,74.88527325823947,58.1888246628131,31.743002544529265,25.2,91.03053435114504,56.20952696334537
51087,Virginia,Henrico,81.81059657905716,87.86127167630057,34.541984732824424,35.8,77.83078880407125,63.568928358450684
51089,Virginia,Henry,74.0508969545265,37.251123956326275,22.264631043257,,67.58905852417303,50.2889276195707
51091,Virginia,Highland,42.30287859824781,2.601156069364162,13.326972010178118,,61.704834605597966,29.98396032084701
51093,Virginia,Isle of Wight,82.56153525239883,49.743095696852926,48.44147582697201,61.8,91.88931297709925,66.8870839506646
51095,Virginia,James City,82.10262828535669,61.62491971740527,46.4058524173028,53.2,85.2735368956743,65.7213874631478
51097,Virginia,King and Queen,68.41885690446391,22.4791265253693,17.557251908396946,51.6,95.70610687022901,51.15226844169183
51099,Virginia,King George,79.76637463496037,37.026332691072575,12.372773536895677,43.6,62.18193384223919,46.98948294103356
51101,Virginia,King William,63.66291197329996,26.39691714836224,8.9058524173028,50.6,86.70483460559797,47.2541032289126
51103,Virginia,Lancaster,85.48185231539425,29.80089916506101,18.384223918575064,60.6,95.57888040712469,57.969171161230996
51105,Virginia,Lee,41.34334584897789,4.335260115606936,80.56615776081425,,57.79262086513995,46.00934614763476
51107,Virginia,Loudoun,80.10012515644556,91.10468850353244,37.43638676844784,,74.07760814249363,70.67970214272987
51109,Virginia,Louisa,79.84981226533166,41.61849710982659,22.709923664122137,,68.22519083969466,53.10085596974376
51111,Virginia,Lunenburg,76.51230705047976,34.36095054592164,15.362595419847327,,92.17557251908397,54.60285638383317
51113,Virginia,Madison,70.29620358781811,27.29608220937701,39.75826972010178,,57.69720101781171,48.76193913377715
51115,Virginia,Mathews,70.58823529411765,25.112395632626843,40.13994910941476,80.0,48.854961832061065,52.93910837364406
51117,Virginia,Mecklenburg,85.273258239466,51.637764932562625,24.30025445292621,,96.11959287531806,64.33271762506823
51119,Virginia,Middlesex,85.52357113057991,28.25947334617855,31.424936386768447,57.99999999999999,78.18066157760815,56.27772848822701
51121,Virginia,Montgomery,57.113057989153106,2.408477842003854,36.959287531806616,,56.64758269720102,38.28210151504115
51125,Virginia,Nelson,67.58448060075094,27.360308285163775,46.660305343511446,,72.51908396946563,53.53104454972295
51127,Virginia,New Kent,66.91697955778055,32.91586384071933,27.32188295165394,52.8,87.88167938931298,53.567281147893354
51131,Virginia,Northampton,89.48685857321652,32.43416827231856,29.802798982188293,57.2,91.34860050890585,60.054485267325845
51133,Virginia,Northumberland,86.9002920317063,31.406551059730248,19.62468193384224,68.4,87.37277353689568,58.7408597124349
51135,Virginia,Nottoway,78.89027951606174,35.51701991008349,8.778625954198473,,97.16921119592877,55.088784144068114
51137,Virginia,Orange,76.92949520233626,42.742453436095055,30.629770992366407,,82.12468193384224,58.106600391159986
51139,Virginia,Page,77.01293283270755,35.26011560693642,53.33969465648855,,65.07633587786259,57.672269743498774
51141,Virginia,Patrick,64.20525657071339,7.418111753371869,22.32824427480916,,62.37277353689568,39.08109653394753
51143,Virginia,Pittsylvania,77.63871506049227,52.50481695568401,44.62468193384224,,73.21882951653944,61.996760866639484
51145,Virginia,Powhatan,61.53525239883187,33.204881181759795,12.849872773536896,,91.53944020356232,49.782361639422724
51147,Virginia,Prince Edward,76.47058823529412,36.03082851637765,12.818066157760812,,97.55089058524173,55.71759337366858
51149,Virginia,Prince George,70.00417188151856,44.1233140655106,24.236641221374043,40.0,84.60559796437659,52.59394502655596
51153,Virginia,Prince William,82.9787234042553,93.41682723185613,18.225190839694655,48.8,54.293893129770986,59.542926921115416
51155,Virginia,Pulaski,51.93992490613265,0.0,25.8587786259542,,68.32061068702289,36.52982855477744
51157,Virginia,Rappahannock,55.27743012098456,25.88310854206808,38.51781170483461,,59.00127226463104,44.66990565812957
51159,Virginia,Richmond,79.47434292866082,25.979447655748235,4.134860050890586,48.2,83.9058524173028,48.33890061052049
51161,Virginia,Roanoke,68.46057571964957,23.98843930635838,32.31552162849873,,24.04580152671756,37.20258454530606
51163,Virginia,Rockbridge,69.12807676261994,9.858702633269107,59.06488549618321,,41.88931297709924,44.98524446729287
51165,Virginia,Rockingham,82.51981643721318,72.31856133590237,64.40839694656488,,82.1882951653944,75.3587674712687
51167,Virginia,Russell,50.8552357113058,0.0,54.42111959287532,,48.536895674300254,38.45331274462035
51169,Virginia,Scott,37.838965373383395,4.238921001926782,52.32188295165393,,46.278625954198475,35.169598820290645
51171,Virginia,Shenandoah,80.1418439716312,46.37122671804752,63.358778625954194,,59.28753180661578,62.289845280562176
51173,Virginia,Smyth,57.98915310805173,0.0,31.26590330788804,,61.22773536895675,37.62069794622413
51175,Virginia,Southampton,83.93825615352523,43.96274887604367,15.776081424936386,21.0,88.04071246819338,50.54355978453973
51177,Virginia,Spotsylvania,72.17355027117229,74.373795761079,17.43002544529262,17.599999999999998,46.087786259541986,45.533031547417174
51179,Virginia,Stafford,77.51355861493533,78.86962106615286,18.193384223918574,47.4,53.657760814249365,55.12686494385123
51181,Virginia,Surry,69.58698372966208,21.25883108542068,16.889312977099237,42.0,81.67938931297711,46.282903421031826
51183,Virginia,Sussex,73.25823946599917,32.947976878612714,19.910941475826966,,88.51781170483459,53.65874238131836
51185,Virginia,Tazewell,51.81476846057572,0.0,57.729007633587784,,59.70101781170484,42.311198476467084
51187,Virginia,Warren,59.90821860659157,48.587026332691075,36.418575063613225,,56.04325699745547,50.23926925008784
51191,Virginia,Washington,54.98539841468503,0.0,33.17430025445292,,53.276081424936386,35.35894502351859
51193,Virginia,Westmoreland,86.5665415102211,38.24662813102119,16.634860050890584,64.8,84.19211195928753,58.088028330284075
51195,Virginia,Wise,48.685857321652065,0.0,84.2557251908397,,30.59796437659033,40.88488672227053
51197,Virginia,Wythe,58.57321652065082,0.0,21.310432569974555,,66.31679389312977,36.55011074593878
51199,Virginia,York,81.68544013350021,51.95889531149647,55.916030534351144,57.4,36.73664122137404,56.73940144014436
51510,Virginia,Alexandria,79.14059240717563,88.4393063583815,5.661577608142494,56.00000000000001,0.0,45.848295274739925
51520,Virginia,Bristol,33.166458072590736,0.0,0.636132315521628,,0.0,8.450647597028091
51530,Virginia,Buena Vista,53.02461410095954,4.463712267180475,1.017811704834606,,0.0,14.626534518243655
51540,Virginia,Charlottesville,69.46182728410513,63.8728323699422,0.318066157760814,,0.0,33.41318145295204
51550,Virginia,Chesapeake,92.03170629954109,88.0539499036609,66.38040712468194,80.60000000000002,40.26717557251908,73.4666477800806
51570,Virginia,Colonial Heights,58.9904046725073,29.25497752087348,1.717557251908397,43.0,0.0,26.592587889057835
51580,Virginia,Covington,43.92991239048811,2.954399486191394,0.159033078880407,,0.0,11.760836238889977
51590,Virginia,Danville,76.63746349603672,50.89916506101477,13.83587786259542,,0.0,35.343126604911724
51595,Virginia,Emporia,73.8840216937839,23.281952472703917,0.922391857506361,,0.0,24.522091505998542
51600,Virginia,Fairfax,62.161034626616605,42.10019267822736,1.049618320610687,,0.0,26.327711406363665
51610,Virginia,Falls Church,53.733833959115564,31.438664097623636,0.127226463104326,,0.0,21.32493112996088
51620,Virginia,Franklin,78.84856070087609,34.52151573538857,2.067430025445293,16.6,0.0,26.407501292341994
51630,Virginia,Fredericksburg,57.863996662494785,39.04945407835581,1.749363867684478,17.0,0.0,23.132562921707013
51640,Virginia,Galax,46.18272841051314,0.0,23.695928753180663,,0.0,17.46966429092345
51650,Virginia,Hampton,85.39841468502296,78.7732819524727,24.268447837150127,80.4,0.0,53.768028894929145
51660,Virginia,Harrisonburg,70.6299541093033,41.201027617212596,10.559796437659031,,0.0,30.59769454104373
51670,Virginia,Hopewell,75.55277430120985,47.10982658959538,3.244274809160305,48.6,0.0,34.90137513999311
51678,Virginia,Lexington,58.030871923237385,5.17019910083494,2.321882951653944,,0.0,16.380738493931567
51680,Virginia,Lynchburg,74.30120984564039,45.24727039177906,8.68320610687023,,0.0,32.057921586072425
51683,Virginia,Manassas,65.24822695035462,58.220937700706486,0.795165394402036,,0.0,31.066082511365785
51685,Virginia,Manassas Park,54.86024196912808,43.19203596660244,0.381679389312977,,0.0,24.608489331260877
51690,Virginia,Martinsville,59.32415519399249,17.79062299293513,0.604325699745547,,0.0,19.429775971668292
51700,Virginia,Newport News,88.31873174801835,83.68657675016058,34.63740458015267,60.2,0.0,53.36854261566632
51710,Virginia,Norfolk,92.94952023362536,88.2466281310212,32.91984732824427,82.39999999999998,0.0,59.30319913857816
51720,Virginia,Norton,27.53441802252816,0.0,23.6323155216285,,0.0,12.791683386039164
51730,Virginia,Petersburg,68.91948268669171,50.417469492614,15.108142493638676,36.2,0.0,34.12901893458887
51735,Virginia,Poquoson,60.450563204005,21.61207450224791,17.36641221374046,62.4,0.0,32.36580998399867
51740,Virginia,Portsmouth,86.60826032540677,74.27745664739885,19.81552162849873,64.2,0.0,48.98024772026086
51750,Virginia,Radford,28.452231956612433,0.0,2.703562340966921,,0.0,7.788948574394839
51760,Virginia,Richmond,79.34918648310388,88.31085420680797,18.03435114503817,39.8,0.0,45.09887836699001
51770,Virginia,Roanoke,74.59324155193993,30.12202954399486,8.524173027989821,,0.0,28.30986103098115
51775,Virginia,Salem,57.69712140175219,11.111111111111112,1.367684478371501,,0.0,17.5439792478087
51790,Virginia,Staunton,62.286191072173544,23.827874116891454,11.16412213740458,,0.0,24.319546831617394
51800,Virginia,Suffolk,88.19357530246141,71.93320488118175,55.597964376590326,61.0,93.09796437659033,73.96454178736477
51810,Virginia,Virginia Beach,88.94451397580309,91.71483622350677,55.8206106870229,67.4,21.978371501272264,65.17166647752101
51820,Virginia,Waynesboro,61.36837713808928,22.35067437379576,2.639949109414758,,0.0,21.58975015532495
51830,Virginia,Williamsburg,66.95869837296621,24.887604367373154,8.237913486005088,37.4,0.0,27.496843245268888
51840,Virginia,Winchester,69.92073425114727,48.747591522158,5.152671755725191,,0.0,30.955249382257616
53001,Washington,Adams,,51.8946692357097,85.20992366412213,,20.5470737913486,52.55055556372681
53003,Washington,Asotin,,53.82145150931279,89.3765903307888,,13.83587786259542,52.344639900899004
53005,Washington,Benton,,94.38021836865768,96.69211195928752,,28.085241730279897,73.05252401940837
53007,Washington,Chelan,,77.16763005780348,99.55470737913485,,17.4618320610687,64.72805649933568
53009,Washington,Clallam,,42.00385356454721,39.726463104325695,55.8,12.659033078880409,37.54733743693833
53011,Washington,Clark,,95.92164418754012,69.59287531806616,29.2,0.0,48.67862987640157
53013,Washington,Columbia,,25.56197816313423,73.34605597964376,,14.853689567430026,37.92057457006934
53015,Washington,Cowlitz,,91.42581888246629,61.29134860050891,51.0,0.0,50.929291870743796
53017,Washington,Douglas,,67.82273603082851,94.72010178117048,,18.193384223918574,60.24540734530586
53019,Washington,Ferry,,30.603725112395633,97.36005089058524,,12.97709923664122,46.9802917465407
53021,Washington,Franklin,,87.73281952472703,84.60559796437659,,22.709923664122137,65.01611371774192
53023,Washington,Garfield,,14.900449582530506,69.21119592875317,,14.631043256997456,32.914229589427045
53025,Washington,Grant,,87.09055876685935,95.83333333333334,,32.729007633587784,71.88429991126016
53027,Washington,Grays Harbor,,58.86319845857418,33.9058524173028,99.0,13.040712468193384,51.202440836017594
53029,Washington,Island,,29.704560051380863,35.43256997455471,73.4,0.0,34.6342825064839
53031,Washington,Jefferson,,34.81053307642903,23.505089058524177,64.4,12.5,33.8039055337383
53033,Washington,King,,98.16955684007709,79.45292620865139,71.0,13.740458015267176,65.59073526599892
53035,Washington,Kitsap,,89.4990366088632,39.853689567430024,79.4,0.0,52.18818154407331
53037,Washington,Kittitas,,66.1849710982659,99.68193384223919,,16.539440203562343,60.80211504802248
53039,Washington,Klickitat,,40.55876685934489,98.40966921119592,,17.62086513994911,52.19643373682997
53041,Washington,Lewis,,77.90622992935131,76.68575063613233,,13.104325699745548,55.8987687550764
53043,Washington,Lincoln,,39.98073217726397,96.66030534351144,,17.84351145038168,51.494849657052356
53045,Washington,Mason,,67.95118818240205,44.052162849872765,75.2,12.627226463104329,49.95764437384479
53047,Washington,Okanogan,,72.38278741168914,99.30025445292621,,20.260814249363868,63.98128537132641
53049,Washington,Pacific,,45.05459216441876,27.70356234096692,75.0,12.849872773536896,40.152006819730644
53051,Washington,Pend Oreille,,32.81952472703918,76.8765903307888,,13.072519083969466,40.92287804726582
53053,Washington,Pierce,,97.33461785484909,76.78117048346056,71.39999999999999,12.754452926208652,64.56756031612957
53055,Washington,San Juan,,13.937058445728969,41.31679389312977,58.4,0.0,28.413463084714685
53057,Washington,Skagit,,68.9145793192036,52.51272264631043,91.4,13.676844783715012,56.62603668730726
53059,Washington,Skamania,,38.69621066152858,93.92493638676845,17.4,12.72264631043257,40.6859483396824
53061,Washington,Snohomish,,96.94926140012845,61.48218829516539,77.60000000000002,13.008905852417302,62.2600888869278
53063,Washington,Spokane,,94.86191393705845,96.56488549618322,,16.571246819338423,69.33268208419337
53065,Washington,Stevens,,62.01027617212588,96.46946564885496,,13.8676844783715,57.44914209978412
53067,Washington,Thurston,,90.59087989723828,57.12468193384224,58.599999999999994,13.295165394402035,54.90268180637064
53069,Washington,Wahkiakum,,39.884393063583815,12.213740458015266,70.39999999999999,0.0,30.624533380399768
53071,Washington,Walla Walla,,81.53500321130379,83.52417302798982,,23.536895674300258,62.865357304531294
53073,Washington,Whatcom,,78.93384714193962,61.67302798982188,63.2,14.503816793893128,54.577672981413656
53075,Washington,Whitman,,60.75786769428389,68.25699745547074,,19.974554707379134,49.66313995237792
53077,Washington,Yakima,,93.51316634553629,98.91857506361325,,36.1323155216285,76.18801897692602
54001,West Virginia,Barbour,47.68460575719649,9.60179833012203,11.641221374045802,,38.3587786259542,26.821601021829633
54003,West Virginia,Berkeley,80.35043804755945,71.80475272960823,31.647582697201017,,68.51145038167938,63.07855596401201
54005,West Virginia,Boone,44.13850646641635,60.14771997430957,74.26844783715013,,0.0,44.63866856946902
54007,West Virginia,Braxton,45.72382144347101,21.51573538856776,5.438931297709924,,33.93765903307888,26.654036790706897
54009,West Virginia,Brooke,52.4822695035461,27.585099550417468,16.28498727735369,,22.264631043257,29.654246843643566
54011,West Virginia,Cabell,57.238214434710045,91.39370584457288,69.24300254452926,,35.08269720101781,63.239405006207505
54013,West Virginia,Calhoun,44.55569461827284,19.524727039177904,3.784987277353689,,30.661577608142498,24.631746635736732
54015,West Virginia,Clay,28.53566958698373,22.382787411689144,28.021628498727736,,22.868956743002546,25.45226056010079
54017,West Virginia,Doddridge,36.71255736337088,14.129736673089274,10.687022900763358,,0.0,15.382329234305878
54019,West Virginia,Fayette,42.01084689194827,11.528580603725112,49.52290076335878,,18.129770992366407,30.29802481284964
54021,West Virginia,Gilmer,41.80225281602002,14.418754014129735,1.33587786259542,,23.282442748091604,20.209831860209196
54023,West Virginia,Grant,64.58072590738423,17.0199100834939,51.463104325699746,,44.11577608142493,44.294879099500704
54025,West Virginia,Greenbrier,53.40008343763037,2.119460500963391,57.22010178117048,,26.304071246819337,34.7609292416459
54027,West Virginia,Hampshire,65.6654151022111,26.750160565189468,54.93002544529262,,58.7468193384224,51.52310511277889
54029,West Virginia,Hancock,51.31414267834794,27.1034039820167,16.50763358778626,,0.0,23.731295062037727
54031,West Virginia,Hardy,72.67417605340009,20.68079640333976,57.029262086513995,,52.19465648854962,50.644722757950866
54033,West Virginia,Harrison,60.575719649561954,39.43481053307643,25.222646310432573,,35.337150127226465,40.14258165507435
54035,West Virginia,Jackson,56.52899457655403,58.124598587026334,20.388040712468193,,34.033078880407125,42.26867818911391
54037,West Virginia,Jefferson,69.0863579474343,61.078998073217726,21.85114503816794,,76.11323155216286,57.0324331527457
54039,West Virginia,Kanawha,64.41385064664163,91.65061014771997,61.54580152671756,,22.99618320610687,60.151611381796506
54041,West Virginia,Lewis,47.35085523571129,19.7495183044316,7.251908396946565,,33.36513994910941,26.92935547154972
54043,West Virginia,Lincoln,47.43429286608261,72.99293513166344,71.97837150127226,,23.85496183206107,54.06514033276984
54045,West Virginia,Logan,54.276178556529,66.79511881824021,82.56997455470739,,0.0,50.91031798236915
54047,West Virginia,McDowell,55.19399249061326,12.363519588953114,69.30661577608143,,0.0,34.21603196391195
54049,West Virginia,Marion,58.78181059657906,37.797045600513805,30.18447837150127,,26.526717557251914,38.32251303146151
54051,West Virginia,Marshall,51.731330830204435,31.63134232498394,23.85496183206107,,37.05470737913486,36.06808559159607
54053,West Virginia,Mason,57.5302461410096,69.36416184971098,30.916030534351147,,58.93765903307888,54.187024389537655
54055,West Virginia,Mercer,50.02085940759282,2.215799614643545,62.849872773536894,,24.55470737913486,34.91030979372703
54057,West Virginia,Mineral,59.69962453066333,33.30122029543995,25.795165394402037,,51.14503816793893,42.48526209711106
54059,West Virginia,Mingo,51.606174384647474,66.50610147719973,81.77480916030534,,13.581424936386767,53.367127489634825
54061,West Virginia,Monongalia,63.16228619107217,41.45793192035966,30.788804071246815,,21.342239185750635,39.18781534210732
54063,West Virginia,Monroe,45.6403838130997,1.830443159922929,50.25445292620865,,35.05089058524173,33.19404262111826
54065,West Virginia,Morgan,62.619941593658744,34.84264611432242,20.229007633587788,,51.78117048346056,42.36819145625738
54067,West Virginia,Nicholas,46.14100959532749,7.996146435452794,40.5852417302799,,26.431297709923665,30.288423867745962
54069,West Virginia,Ohio,52.10680016687525,32.53050738599871,15.267175572519085,,26.908396946564885,31.70322001798948
54071,West Virginia,Pendleton,60.82603254067585,3.660886319845857,26.78117048346056,,47.13740458015267,34.60137348103373
54073,West Virginia,Pleasants,43.012098456403834,19.717405266538215,3.657760814249364,,25.318066157760818,22.92633267373806
54075,West Virginia,Pocahontas,48.10179390905298,0.0,13.231552162849871,,34.73282442748092,24.016542624845943
54077,West Virginia,Preston,55.11055486024197,17.91907514450867,27.385496183206108,,28.78498727735369,32.30002836632761
54079,West Virginia,Putnam,51.522736754276174,84.16827231856135,50.349872773536894,,46.37404580152672,58.10373191197529
54081,West Virginia,Raleigh,52.899457655402585,13.359023763648043,75.09541984732824,,18.416030534351144,39.9424829501825
54083,West Virginia,Randolph,50.81351689612015,1.926782273603083,16.857506361323153,,30.343511450381676,24.985329245357015
54085,West Virginia,Ritchie,45.68210262828536,18.59344894026975,3.912213740458016,,34.95547073791349,25.78580901173165
54087,West Virginia,Roane,51.481017939090535,38.53564547206167,17.111959287531807,,42.39821882951654,37.38171038205013
54089,West Virginia,Summers,41.63537755527743,2.24791265253693,46.94656488549619,,27.449109414758272,29.569741127017206
54091,West Virginia,Taylor,45.431789737171464,13.326910725754656,14.917302798982188,,0.0,18.419000815477077
54093,West Virginia,Tucker,47.05882352941176,2.697495183044316,10.05089058524173,,28.816793893129773,22.156000797706895
54095,West Virginia,Tyler,48.811013767209005,21.16249197174053,7.888040712468193,,33.11068702290076,27.743058368579625
54097,West Virginia,Upshur,47.80976220275344,11.014771997430955,10.71882951653944,,41.85750636132315,27.850217519511745
54099,West Virginia,Wayne,46.725073007926575,91.07257546563903,76.08142493638677,,23.982188295165393,59.46531542627944
54101,West Virginia,Webster,31.87317480183563,1.958895311496468,2.162849872773537,,0.0,8.998729996526409
54103,West Virginia,Wetzel,50.89695452649144,22.96082209377007,10.623409669211195,,26.272264631043257,27.688362730128993
54105,West Virginia,Wirt,29.870671672924487,18.30443159922929,0.508905852417303,,26.14503816793893,18.707261823127503
54107,West Virginia,Wood,60.03337505214852,67.53371868978806,26.017811704834603,,27.767175572519083,45.33802025482257
54109,West Virginia,Wyoming,51.105548602419695,14.707771355170198,74.52290076335878,,14.821882951653944,38.78952591815066
55001,Wisconsin,Adams,9.470171047142262,72.41490044958253,53.11704834605598,,40.64885496183206,43.912743701153204
55003,Wisconsin,Ashland,0.0,23.249839434810532,5.407124681933842,14.6,17.43002544529262,12.1373979124074
55005,Wisconsin,Barron,0.0,76.33269107257547,17.58905852417303,,20.51526717557252,28.609254193080254
55007,Wisconsin,Bayfield,0.0,31.3102119460501,17.4618320610687,24.4,21.914758269720103,19.017360455367783
55009,Wisconsin,Brown,26.115978306216103,75.97944765574822,33.842239185750635,46.400000000000006,0.0,36.46753302954299
55011,Wisconsin,Buffalo,0.0,29.99357739242132,4.262086513994911,,40.93511450381679,18.797694602558256
55013,Wisconsin,Burnett,,38.59987154784842,68.76590330788804,,22.80534351145038,43.390372789062276
55015,Wisconsin,Calumet,10.179390905298288,46.2106615285806,10.082697201017812,,0.0,16.618187408724175
55017,Wisconsin,Chippewa,0.0,54.59216441875402,20.0381679389313,,12.881679389312978,21.878002936749574
55019,Wisconsin,Clark,0.0,58.34938985228002,19.783715012722645,,24.58651399491094,25.679904714978402
55021,Wisconsin,Columbia,10.596579057154775,80.41104688503532,42.30279898218829,,38.77226463104326,43.0206723888554
55023,Wisconsin,Crawford,8.1351689612015,75.81888246628131,13.931297709923664,,34.63740458015267,33.130688429389785
55025,Wisconsin,Dane,29.161451814768466,95.3436095054592,60.24173027989822,,39.853689567430024,56.15012029188898
55027,Wisconsin,Dodge,18.439716312056735,72.703917790623,47.58269720101781,,46.151399491094146,46.219432698697915
55029,Wisconsin,Door,0.0,9.53757225433526,39.885496183206115,40.2,0.0,17.924613687508277
55031,Wisconsin,Douglas,,61.43224149004496,39.2175572519084,24.0,15.680661577608143,35.082615079890374
55033,Wisconsin,Dunn,0.0,54.78484264611432,11.895674300254452,,17.14376590330789,20.956070712419166
55035,Wisconsin,Eau Claire,0.0,67.37315350032112,30.12086513994911,,16.412213740458014,28.476558095182064
55037,Wisconsin,Florence,0.0,4.688503532434169,8.619592875318066,,13.231552162849871,6.634912142650526
55039,Wisconsin,Fond du Lac,20.65081351689612,71.35517019910084,50.69974554707379,,23.346055979643765,41.51294631067863
55041,Wisconsin,Forest,0.0,7.546563904945408,13.42239185750636,,17.557251908396946,9.63155191771218
55043,Wisconsin,Grant,15.310805173133083,62.973667308927425,16.666666666666664,,64.66284987277355,39.903497255375186
55045,Wisconsin,Green,10.721735502711722,52.34425176621709,31.138676844783713,,33.969465648854964,32.04353244064187
55047,Wisconsin,Green Lake,12.682519816437212,54.91329479768786,47.073791348600516,,43.288804071246815,39.48960250849311
55049,Wisconsin,Iowa,8.17688777638715,43.834296724470136,19.46564885496183,,27.989821882951656,24.866663809692692
55051,Wisconsin,Iron,0.0,11.43224149004496,7.410941475826973,21.8,15.61704834605598,11.252046262385582
55053,Wisconsin,Jackson,0.0,53.371868978805395,30.979643765903308,,45.06997455470738,32.35537182485402
55055,Wisconsin,Jefferson,14.392991239048811,71.29094412331408,39.91730279898219,,37.62722646310432,40.80711615611235
55057,Wisconsin,Juneau,8.552357113057989,95.11881824020554,46.533078880407125,,34.38295165394402,46.14680147190367
55059,Wisconsin,Kenosha,18.1476846057572,80.37893384714194,29.103053435114507,30.8,43.86132315521628,40.45819900864599
55061,Wisconsin,Kewaunee,16.562369628702545,19.62106615285806,9.860050890585242,30.2,0.0,15.24869733442917
55063,Wisconsin,La Crosse,0.0,88.47141939627488,11.83206106870229,,27.003816793893133,31.826824314717577
55065,Wisconsin,Lafayette,13.391739674593245,38.4393063583815,14.7264631043257,,45.99236641221374,28.137468887378546
55067,Wisconsin,Langlade,0.0,15.960179833012203,20.610687022900763,,28.466921119592875,16.25944699387646
55069,Wisconsin,Lincoln,0.0,18.625561978163137,29.611959287531807,,30.47073791348601,19.67706479479524
55071,Wisconsin,Manitowoc,21.735502711722987,79.92935131663457,19.21119592875318,32.2,0.0,30.615209991422148
55073,Wisconsin,Marathon,0.0,62.78098908156712,40.0763358778626,,0.0,25.71433123985743
55075,Wisconsin,Marinette,0.0,23.763648041104688,46.723918575063614,15.8,18.79770992366412,21.01705530796648
55077,Wisconsin,Marquette,7.592824363788068,62.68464996788696,36.73664122137404,,35.17811704834606,35.54805815034878
55078,Wisconsin,Menominee,0.0,14.64354527938343,3.085241730279898,,0.0,4.432196752415832
55079,Wisconsin,Milwaukee,18.773466833541928,99.03660886319847,29.51653944020356,35.6,16.666666666666664,39.918656360722125
55081,Wisconsin,Monroe,11.347517730496454,76.10789980732177,33.26972010178117,,29.64376590330789,37.59222588572682
55083,Wisconsin,Oconto,0.0,28.195247270391775,38.80407124681934,37.8,13.136132315521628,23.587090166546552
55085,Wisconsin,Oneida,0.0,14.804110468850354,27.19465648854962,,29.230279898218832,17.8072617139047
55087,Wisconsin,Outagamie,18.189403420942845,71.09826589595376,26.685750636132315,,0.0,28.993354988257227
55089,Wisconsin,Ozaukee,7.467667918231122,56.00513808606294,19.49745547073791,31.0,21.533078880407125,27.100668071087817
55091,Wisconsin,Pepin,0.0,22.8965960179833,2.194656488549618,,34.51017811704835,14.900357655895316
55093,Wisconsin,Pierce,,35.35645472061657,17.84351145038168,,36.45038167938932,29.88344928346252
55095,Wisconsin,Polk,,60.0834938985228,41.66666666666667,,27.29007633587786,43.01341230035578
55097,Wisconsin,Portage,0.0,43.0635838150289,32.347328244274806,,18.3206106870229,23.432880686581655
55099,Wisconsin,Price,0.0,20.616570327552985,13.708651399491096,,24.268447837150127,14.648417391048552
55101,Wisconsin,Racine,19.357530246141007,83.04431599229287,29.770992366412212,25.0,46.85114503816794,40.8047967286028
55103,Wisconsin,Richland,8.635794743429287,65.15735388567758,14.821882951653944,,35.973282442748086,31.147078505877225
55105,Wisconsin,Rock,14.935335836462244,80.79640333975594,26.81297709923664,,47.96437659033079,42.6272732164464
55107,Wisconsin,Rusk,0.0,28.901734104046245,6.615776081424936,,34.79643765903308,17.578486961126067
55109,Wisconsin,St. Croix,,48.9402697495183,45.260814249363875,,13.358778625954198,35.853287541612126
55111,Wisconsin,Sauk,9.011264080100124,67.46949261400128,27.162849872773535,,33.23791348600509,34.22038001322001
55113,Wisconsin,Sawyer,0.0,33.17276814386641,17.748091603053435,,33.81043256997455,21.1828230792236
55115,Wisconsin,Shawano,0.0,41.779062299293514,21.914758269720103,,0.0,15.923455142253404
55117,Wisconsin,Sheboygan,21.526908635794744,68.01541425818883,27.099236641221378,27.0,0.0,28.72831190704099
55119,Wisconsin,Taylor,0.0,31.374438021836863,14.408396946564888,,18.98854961832061,16.19284614668059
55121,Wisconsin,Trempealeau,0.0,60.56518946692358,13.16793893129771,,38.040712468193384,27.94346021660367
55123,Wisconsin,Vernon,9.637046307884855,66.89145793192036,17.239185750636132,,43.70229007633588,34.367495016694306
55125,Wisconsin,Vilas,0.0,12.684649967886962,22.137404580152673,,20.06997455470738,13.723007275686752
55127,Wisconsin,Walworth,12.599082186065916,73.956326268465,25.254452926208653,,43.670483460559794,38.87008621032484
55129,Wisconsin,Washburn,,32.62684649967887,39.47201017811705,,28.56234096692112,33.55373254823902
55131,Wisconsin,Washington,9.261576971214016,71.99743095696853,49.04580152671756,,33.14249363867685,40.86182577339424
55133,Wisconsin,Waukesha,9.720483938256152,90.43031470777137,49.68193384223918,,31.615776081424933,45.36212714242291
55135,Wisconsin,Waupaca,0.0,54.56005138086062,40.87150127226463,,16.825699745547073,28.06431309966808
55137,Wisconsin,Waushara,8.927826449728828,44.15542710340399,51.27226463104325,,42.90712468193384,36.815660716527475
55139,Wisconsin,Winnebago,16.896120150187734,75.0160565189467,40.17175572519084,,26.11323155216285,39.54929098662203
55141,Wisconsin,Wood,0.0,49.582530507386,48.15521628498728,,14.440203562340969,28.044487588678564
56001,Wyoming,Albany,,0.0,84.66921119592875,,0.0,28.223070398642918
56003,Wyoming,Big Horn,,8.798972382787412,61.35496183206107,,39.34478371501272,36.49957264328706
56005,Wyoming,Campbell,,12.202954399486192,92.90712468193384,,17.334605597964376,40.814894893128134
56007,Wyoming,Carbon,,0.0,81.90203562340967,,20.48346055979644,34.12849872773537
56009,Wyoming,Converse,,7.000642260757868,91.0941475826972,,23.059796437659035,40.384862093704704
56011,Wyoming,Crook,,4.206807964033398,85.05089058524173,,18.670483460559797,35.97606066994498
56013,Wyoming,Fremont,,15.1252408477842,92.55725190839696,,35.718829516539444,47.80044075757354
56015,Wyoming,Goshen,,13.648041104688504,72.6145038167939,,55.37531806615776,47.21262099588006
56017,Wyoming,Hot Springs,,5.362877328195247,66.4440203562341,,16.348600508905854,29.38516606444507
56019,Wyoming,Johnson,,6.711624919717406,87.8498727735369,,19.59287531806616,38.05145767044016
56021,Wyoming,Laramie,,19.235709698137445,91.85750636132317,,27.86259541984733,46.31860382643598
56023,Wyoming,Lincoln,,2.087347463070007,83.61959287531806,,21.596692111959285,35.76787748344912
56025,Wyoming,Natrona,,17.21258831085421,93.03435114503817,,21.024173027989825,43.757037494627404
56027,Wyoming,Niobrara,,5.619781631342325,80.88422391857506,,25.127226463104325,37.21041067100723
56029,Wyoming,Park,,8.220937700706486,82.72900763358777,,38.26335877862596,43.0711013709734
56031,Wyoming,Platte,,9.280667951188182,87.59541984732824,,36.51399491094148,44.463360903152626
56033,Wyoming,Sheridan,,33.49389852280026,93.89312977099237,,23.02798982188295,50.13833937189187
56035,Wyoming,Sublette,,0.0,87.72264631043257,,20.388040712468193,36.036895674300254
56037,Wyoming,Sweetwater,,0.0,66.15776081424937,,19.62468193384224,28.594147582697204
56039,Wyoming,Teton,,2.151573538856776,90.64885496183204,,16.444020356234095,36.414816285640974
56041,Wyoming,Uinta,,0.0,83.49236641221374,,17.779898218829516,33.75742154368108
56043,Wyoming,Washakie,,7.482337829158639,66.73027989821882,,29.48473282442748,34.565783517268315
56045,Wyoming,Weston,,4.977520873474631,83.7468193384224,,14.662849872773537,34.46239669489019
60010,American Samoa,Eastern,,,,,,
60020,American Samoa,Manu'a,,,,,,
60050,American Samoa,Western,,,,,,
66010,Guam,Guam,,,,,,
69100,Northern Mariana Islands,Rota,,,,,,
69110,Northern Mariana Islands,Saipan,,,,,,
69120,Northern Mariana Islands,Tinian,,,,,,
72001,Puerto Rico,Adjuntas,,,,,,
72003,Puerto Rico,Aguada,,,,,,
72005,Puerto Rico,Aguadilla,,,,,,
72007,Puerto Rico,Aguas Buenas,,,,,,
72009,Puerto Rico,Aibonito,,,,,,
72011,Puerto Rico,Añasco,,,,,,
72013,Puerto Rico,Arecibo,,,,,,
72015,Puerto Rico,Arroyo,,,,,,
72017,Puerto Rico,Barceloneta,,,,,,
72019,Puerto Rico,Barranquitas,,,,,,
72021,Puerto Rico,Bayamón,,,,,,
72023,Puerto Rico,Cabo Rojo,,,,,,
72025,Puerto Rico,Caguas,,,,,,
72027,Puerto Rico,Camuy,,,,,,
72029,Puerto Rico,Canóvanas,,,,,,
72031,Puerto Rico,Carolina,,,,,,
72033,Puerto Rico,Cataño,,,,,,
72035,Puerto Rico,Cayey,,,,,,
72037,Puerto Rico,Ceiba,,,,,,
72039,Puerto Rico,Ciales,,,,,,
72041,Puerto Rico,Cidra,,,,,,
72043,Puerto Rico,Coamo,,,,,,
72045,Puerto Rico,Comerío,,,,,,
72047,Puerto Rico,Corozal,,,,,,
72049,Puerto Rico,Culebra,,,,,,
72051,Puerto Rico,Dorado,,,,,,
72053,Puerto Rico,Fajardo,,,,,,
72054,Puerto Rico,Florida,,,,,,
72055,Puerto Rico,Guánica,,,,,,
72057,Puerto Rico,Guayama,,,,,,
72059,Puerto Rico,Guayanilla,,,,,,
72061,Puerto Rico,Guaynabo,,,,,,
72063,Puerto Rico,Gurabo,,,,,,
72065,Puerto Rico,Hatillo,,,,,,
72067,Puerto Rico,Hormigueros,,,,,,
72069,Puerto Rico,Humacao,,,,,,
72071,Puerto Rico,Isabela,,,,,,
72073,Puerto Rico,Jayuya,,,,,,
72075,Puerto Rico,Juana Díaz,,,,,,
72077,Puerto Rico,Juncos,,,,,,
72079,Puerto Rico,Lajas,,,,,,
72081,Puerto Rico,Lares,,,,,,
72083,Puerto Rico,Las Marías,,,,,,
72085,Puerto Rico,Las Piedras,,,,,,
72087,Puerto Rico,Loíza,,,,,,
72089,Puerto Rico,Luquillo,,,,,,
72091,Puerto Rico,Manatí,,,,,,
72093,Puerto Rico,Maricao,,,,,,
72095,Puerto Rico,Maunabo,,,,,,
72097,Puerto Rico,Mayagüez,,,,,,
72099,Puerto Rico,Moca,,,,,,
72101,Puerto Rico,Morovis,,,,,,
72103,Puerto Rico,Naguabo,,,,,,
72105,Puerto Rico,Naranjito,,,,,,
72107,Puerto Rico,Orocovis,,,,,,
72109,Puerto Rico,Patillas,,,,,,
72111,Puerto Rico,Peñuelas,,,,,,
72113,Puerto Rico,Ponce,,,,,,
72115,Puerto Rico,Quebradillas,,,,,,
72117,Puerto Rico,Rincón,,,,,,
72119,Puerto Rico,Río Grande,,,,,,
72121,Puerto Rico,Sabana Grande,,,,,,
72123,Puerto Rico,Salinas,,,,,,
72125,Puerto Rico,San Germán,,,,,,
72127,Puerto Rico,San Juan,,,,,,
72129,Puerto Rico,San Lorenzo,,,,,,
72131,Puerto Rico,San Sebastián,,,,,,
72133,Puerto Rico,Santa Isabel,,,,,,
72135,Puerto Rico,Toa Alta,,,,,,
72137,Puerto Rico,Toa Baja,,,,,,
72139,Puerto Rico,Trujillo Alto,,,,,,
72141,Puerto Rico,Utuado,,,,,,
72143,Puerto Rico,Vega Alta,,,,,,
72145,Puerto Rico,Vega Baja,,,,,,
72147,Puerto Rico,Vieques,,,,,,
72149,Puerto Rico,Villalba,,,,,,
72151,Puerto Rico,Yabucoa,,,,,,
72153,Puerto Rico,Yauco,,,,,,
78010,Virgin Islands,St. Croix,,,,,,
78020,Virgin Islands,St. John,,,,,,
78030,Virgin Islands,St. Thomas,,,,,,
9110,Connecticut,Capitol,93.1581143095536,96.4033397559409,56.93384223918575,38.4,52.767175572519086,67.53249437543987
9120,Connecticut,Greater Bridgeport,95.07717980809343,77.61721258831086,23.918575063613233,94.8,18.479643765903308,61.97852224518416
9130,Connecticut,Lower Connecticut River Valley,87.69294952023363,42.19653179190752,43.63867684478372,79.60000000000002,35.273536895674305,57.68033901051983
9140,Connecticut,Naugatuck Valley,95.11889862327911,80.73217726396918,47.70992366412214,42.2,50.22264631043257,63.1967291723606
9150,Connecticut,Northeastern Connecticut,86.14935335836462,49.67886962106614,22.900763358778622,0.0,27.162849872773535,37.178367242196586
9160,Connecticut,Northwest Hills,86.77513558614936,30.82851637764932,39.94910941475827,,40.903307888040715,49.614017316649424
9170,Connecticut,South Central Connecticut,96.99624530663328,85.38856775850996,41.221374045801525,93.8,23.823155216284988,68.24586846544595
9180,Connecticut,Southeastern Connecticut,94.74342928660826,71.25883108542068,39.3765903307888,71.2,32.410941475826974,61.797958435728944
9190,Connecticut,Western Connecticut,96.95452649144765,84.00770712909441,46.24681933842239,89.8,49.904580152671755,73.38272662232724
