FIPS,County,State,vulnerability_index_dual_pct,lisa_q,lisa_p,lisa_label
13233,Polk,GA,74.16160970935803,1,0.06,ns
21023,Bracken,KY,42.19099329287767,3,0.251,ns
28153,Wayne,MS,64.72373043755988,1,0.051,ns
42001,Adams,PA,71.70233152347492,1,0.442,ns
04007,Gila,AZ,64.67582242095177,1,0.021,HH
05111,Poinsett,AR,77.29160012775472,1,0.001,HH
13231,Pike,GA,37.87927179814756,3,0.351,ns
17093,Kendall,IL,17.821782178217823,3,0.006,LL
19101,Jefferson,IA,36.28233791121048,2,0.415,ns
19095,Iowa,IA,27.754710954966463,3,0.071,ns
31143,Polk,NE,33.07250079846694,3,0.311,ns
31137,Phelps,NE,58.33599488981156,1,0.05,ns
38103,Wells,ND,38.1826892366656,3,0.042,LL
39045,Fairfield,OH,43.80389651868413,3,0.404,ns
18117,Orange,IN,35.70744171191313,3,0.082,ns
46037,Day,SD,46.35899073778346,3,0.25,ns
48125,Dickens,TX,68.18907697221334,1,0.012,HH
26137,Otsego,MI,17.13510060683488,3,0.001,LL
27029,Clearwater,MN,36.18652187799425,3,0.343,ns
40093,Major,OK,60.49185563717661,1,0.008,HH
48311,Mcmullen,TX,35.77131906739061,2,0.426,ns
06049,Modoc,CA,91.21686362184604,1,0.001,HH
17031,Cook,IL,35.29223890130949,3,0.006,LL
17075,Iroquois,IL,32.769083359948894,3,0.176,ns
28139,Tippah,MS,68.42861705525391,1,0.046,HH
27159,Wadena,MN,43.2130309805174,3,0.093,ns
30051,Liberty,MT,48.323219418716064,2,0.129,ns
29171,Putnam,MO,62.50399233471735,1,0.145,ns
48017,Bailey,TX,81.29990418396679,1,0.001,HH
08121,Washington,CO,61.945065474289365,1,0.001,HH
17189,Washington,IL,39.54008304056212,3,0.142,ns
19151,Pocahontas,IA,45.67230916640051,3,0.057,ns
19117,Lucas,IA,44.53848610667519,3,0.285,ns
21087,Green,KY,42.558288086873205,3,0.301,ns
26111,Midland,MI,30.118173107633343,3,0.024,LL
39119,Muskingum,OH,70.55253912488024,1,0.432,ns
42131,Wyoming,PA,24.57681251996167,3,0.12,ns
48139,Ellis,TX,55.74896199297349,1,0.057,ns
48003,Andrews,TX,59.374001916320665,1,0.001,HH
50015,Lamoille,VT,8.89492175023954,3,0.001,LL
46025,Clark,SD,46.26317470456723,3,0.396,ns
48317,Martin,TX,68.34877036090705,1,0.014,HH
20141,Osborne,KS,64.91536250399233,1,0.176,ns
13149,Heard,GA,55.92462472053658,1,0.14,ns
19195,Worth,IA,43.40466304694986,3,0.002,LL
21213,Simpson,KY,37.543915681890766,3,0.144,ns
28141,Tishomingo,MS,64.26061961034813,1,0.036,HH
28131,Stone,MS,79.39955285851165,1,0.001,HH
27051,Grant,MN,29.032258064516128,3,0.002,LL
31095,Jefferson,NE,48.88214627914404,2,0.368,ns
46013,Brown,SD,53.46534653465346,4,0.097,ns
01109,Pike,AL,63.81347812200575,1,0.112,ns
13217,Newton,GA,40.8655381667199,3,0.074,ns
17009,Brown,IL,50.75055892686043,1,0.416,ns
17005,Bond,IL,24.768444586394125,3,0.333,ns
19041,Clay,IA,38.725646758224215,3,0.03,LL
21211,Shelby,KY,38.19865857553498,3,0.062,ns
31115,Loup,NE,48.4669434685404,2,0.294,ns
31181,Webster,NE,69.22708399872245,1,0.006,HH
39005,Ashland,OH,34.58958799105717,3,0.018,LL
31077,Greeley,NE,55.58926860427978,1,0.088,ns
54079,Putnam,WV,73.92206962631747,1,0.003,HH
38007,Billings,ND,55.60523794314916,4,0.164,ns
48151,Fisher,TX,45.30501437240498,2,0.032,LH
48295,Lipscomb,TX,72.32513573938039,1,0.094,ns
20137,Norton,KS,63.95720217183009,1,0.088,ns
24043,Washington,MD,52.58703289683807,4,0.241,ns
28023,Clarke,MS,61.418077291600135,1,0.029,HH
28077,Lawrence,MS,62.08878952411371,1,0.001,HH
30001,Beaverhead,MT,63.95720217183009,1,0.105,ns
31007,Banner,NE,61.22644522516767,1,0.001,HH
38019,Cavalier,ND,39.188757585435965,3,0.298,ns
29145,Newton,MO,77.14787607793038,1,0.001,HH
13227,Pickens,GA,36.60172468859789,3,0.351,ns
18005,Bartholomew,IN,44.53848610667518,3,0.013,LL
19033,Cerro Gordo,IA,25.071862024912168,3,0.001,LL
21137,Lincoln,KY,53.76876397317151,1,0.245,ns
29065,Dent,MO,64.53209837112743,1,0.057,ns
13249,Schley,GA,18.300862344298945,2,0.064,ns
31035,Clay,NE,67.82178217821782,1,0.082,ns
19077,Guthrie,IA,32.40178856595337,3,0.12,ns
19001,Adair,IA,45.48067709996806,3,0.244,ns
48189,Hale,TX,79.19195145320984,1,0.001,HH
51640,Galax City,VA,47.79623123602683,2,0.208,ns
55113,Sawyer,WI,5.669115298626638,3,0.001,LL
48421,Sherman,TX,71.20728201852444,1,0.004,HH
08083,Montezuma,CO,88.64580006387736,1,0.001,HH
20147,Phillips,KS,82.06643244969658,1,0.042,HH
21053,Clinton,KY,53.9444267007346,4,0.447,ns
24001,Allegany,MD,49.7764292558288,3,0.134,ns
28107,Panola,MS,80.83679335675504,1,0.034,HH
48271,Kinney,TX,42.462472053656974,2,0.284,ns
35061,Valencia,NM,91.34461833280102,1,0.001,HH
05129,Searcy,AR,44.79399552858512,2,0.094,ns
13043,Candler,GA,52.7946343021399,1,0.084,ns
18065,Henry,IN,40.99329287767486,3,0.092,ns
19037,Chickasaw,IA,15.98530820824018,3,0.001,LL
19157,Poweshiek,IA,37.33631427658895,3,0.05,ns
26119,Montmorency,MI,20.041520281060365,3,0.001,LL
29115,Linn,MO,64.35643564356437,1,0.074,ns
38015,Burleigh,ND,37.92717981475567,3,0.223,ns
31039,Cuming,NE,50.1117853720856,2,0.31,ns
41023,Grant,OR,57.80900670712232,1,0.082,ns
46079,Lake,SD,45.04950495049505,3,0.387,ns
48415,Scurry,TX,67.80581283934845,1,0.055,ns
48069,Castro,TX,51.86841264771638,1,0.002,HH
39067,Harrison,OH,50.19163206643245,2,0.23,ns
48079,Cochran,TX,69.67422548706483,1,0.001,HH
20187,Stanton,KS,59.9009900990099,1,0.001,HH
12087,Monroe,FL,41.10507824976047,2,0.382,ns
12033,Escambia,FL,56.49952091983392,1,0.199,ns
17091,Kankakee,IL,38.74161609709358,3,0.015,LL
20119,Meade,KS,74.25742574257426,1,0.074,ns
27119,Polk,MN,58.44778026189715,4,0.123,ns
28113,Pike,MS,79.71893963589908,1,0.003,HH
27161,Waseca,MN,24.289364420313,3,0.011,LL
40025,Cimarron,OK,79.00031938677739,1,0.001,HH
30029,Flathead,MT,53.08208240178857,1,0.323,ns
49005,Cache,UT,87.86330245927817,1,0.002,HH
05079,Lincoln,AR,80.78888534014692,1,0.013,HH
13287,Turner,GA,73.23538805493453,1,0.001,HH
19127,Marshall,IA,32.44969658256149,3,0.018,LL
29215,Texas,MO,71.76620887895241,1,0.035,HH
13023,Bleckley,GA,64.43628233791121,1,0.014,HH
39055,Geauga,OH,8.68732034493772,3,0.034,LL
40053,Grant,OK,72.77227722772278,1,0.001,HH
29055,Crawford,MO,59.29415522197381,1,0.168,ns
48451,Tom Green,TX,75.8703289683807,4,0.203,ns
48393,Roberts,TX,64.89939316512297,1,0.02,HH
48075,Childress,TX,59.2462472053657,1,0.028,HH
01059,Franklin,AL,61.56180134142446,1,0.034,HH
18115,Ohio,IN,14.80357713190674,3,0.009,LL
20131,Nemaha,KS,52.34749281379752,1,0.327,ns
27133,Rock,MN,31.15618013414245,3,0.398,ns
31045,Dawes,NE,55.74896199297349,1,0.026,HH
42059,Greene,PA,54.66304694985627,1,0.329,ns
29161,Phelps,MO,61.721494730118174,1,0.142,ns
01027,Clay,AL,53.59310124560843,1,0.049,HH
17155,Putnam,IL,25.247524752475247,3,0.058,ns
18107,Montgomery,IN,38.1826892366656,3,0.043,LL
20203,Wichita,KS,48.51485148514851,2,0.369,ns
27087,Mahnomen,MN,58.03257745129351,4,0.274,ns
27101,Murray,MN,60.42797828169913,4,0.098,ns
31113,Logan,NE,26.49313318428617,2,0.051,ns
38041,Hettinger,ND,33.58351964228681,3,0.032,LL
19073,Greene,IA,42.063238581922704,3,0.022,LL
21129,Lee,KY,54.39156818907697,1,0.192,ns
48345,Motley,TX,68.57234110507825,1,0.016,HH
22049,Jackson,LA,45.59246247205365,2,0.114,ns
51750,Radford,VA,41.53625039923347,2,0.435,ns
38071,Ramsey,ND,43.197061641648034,3,0.271,ns
16063,Lincoln,ID,69.16320664324496,1,0.013,HH
08017,Cheyenne,CO,57.840945384861065,1,0.224,ns
20033,Comanche,KS,70.36090705844778,1,0.013,HH
23003,Aroostook,ME,43.74001916320665,3,0.098,ns
31169,Thayer,NE,71.36697540721815,1,0.354,ns
28061,Jasper,MS,63.030980517406576,1,0.005,HH
27147,Steele,MN,25.67869690194826,3,0.003,LL
46081,Lawrence,SD,45.91184924944108,2,0.186,ns
46021,Campbell,SD,53.64100926221654,4,0.486,ns
30107,Wheatland,MT,51.16576173746407,1,0.495,ns
05067,Jackson,AR,86.52187799425104,1,0.001,HH
12067,Lafayette,FL,43.7080804854679,2,0.35,ns
17165,Saline,IL,54.72692430533375,4,0.428,ns
19179,Wapello,IA,57.106355796870005,4,0.469,ns
26025,Calhoun,MI,28.31363781539444,3,0.001,LL
31037,Colfax,NE,34.27020121366975,3,0.461,ns
38101,Ward,ND,37.33631427658895,3,0.263,ns
31059,Fillmore,NE,57.85691472373044,1,0.348,ns
42109,Snyder,PA,38.69370808048547,3,0.129,ns
19003,Adams,IA,35.946981794953686,2,0.085,ns
51580,Covington City,VA,25.69466624081763,3,0.199,ns
55005,Barron,WI,18.57234110507825,3,0.001,LL
48009,Archer,TX,59.43787927179815,1,0.012,HH
49031,Piute,UT,59.086553816672,1,0.001,HH
20093,Kearny,KS,51.40530182050463,1,0.305,ns
31097,Johnson,NE,42.44650271478761,2,0.408,ns
48435,Sutton,TX,36.6017246885979,3,0.148,ns
17147,Piatt,IL,38.47013733631428,3,0.234,ns
17169,Schuyler,IL,45.400830405621214,3,0.481,ns
47109,Mcnairy,TN,57.729160012775466,1,0.14,ns
21061,Edmonson,KY,42.70201213669755,3,0.398,ns
19141,Obrien,IA,14.979239859469818,3,0.056,ns
21065,Estill,KY,53.88054934525711,1,0.212,ns
17021,Christian,IL,56.65921430852762,1,0.281,ns
21083,Graves,KY,74.09773235388056,1,0.044,HH
19175,Union,IA,73.39508144362824,4,0.433,ns
17123,Marshall,IL,21.57457681251996,3,0.02,LL
26023,Branch,MI,26.84445863941233,3,0.003,LL
20061,Geary,KS,31.747045672309167,3,0.225,ns
31017,Brown,NE,54.35962951133823,1,0.095,ns
28129,Smith,MS,58.78313637815394,1,0.006,HH
16009,Benewah,ID,35.05269881826892,3,0.444,ns
18045,Fountain,IN,49.28137975087832,3,0.27,ns
48341,Moore,TX,58.60747365059087,1,0.001,HH
40081,Lincoln,OK,79.65506228042159,1,0.005,HH
49037,San Juan,UT,91.60012775471095,1,0.001,HH
19123,Mahaska,IA,42.86170552539125,3,0.203,ns
18131,Pulaski,IN,28.808687320344937,3,0.011,LL
21047,Christian,KY,56.61130629191952,4,0.21,ns
38077,Richland,ND,26.90833599488981,3,0.004,LL
29057,Dade,MO,62.26445225167679,1,0.009,HH
29059,Dallas,MO,67.64611945065474,1,0.069,ns
18021,Clay,IN,43.91568189076972,3,0.327,ns
13115,Floyd,GA,65.50622804215905,1,0.018,HH
31013,Box Butte,NE,80.66113062919194,1,0.007,HH
20057,Ford,KS,65.0431172149473,1,0.147,ns
18095,Madison,IN,51.56499520919834,4,0.048,HL
20135,Ness,KS,59.517725966144994,1,0.253,ns
31091,Hooker,NE,31.81092302778665,2,0.079,ns
17025,Clay,IL,63.1267965506228,1,0.219,ns
29103,Knox,MO,66.41648035771318,1,0.016,HH
29151,Osage,MO,38.88534014691791,2,0.221,ns
26093,Livingston,MI,15.554136058767169,3,0.003,LL
01111,Randolph,AL,72.13350367294794,1,0.05,ns
26143,Roscommon,MI,39.06100287448099,3,0.045,LL
39019,Carroll,OH,32.99265410412009,2,0.432,ns
38017,Cass,ND,22.77227722772277,3,0.017,LL
31119,Madison,NE,58.24017885659534,1,0.225,ns
31135,Perkins,NE,47.14148834238262,2,0.055,ns
31139,Pierce,NE,48.147556691152985,2,0.131,ns
05023,Cleburne,AR,68.70009581603321,1,0.003,HH
31141,Platte,NE,54.04024273395081,4,0.274,ns
33007,Coos,NH,13.398275311402108,3,0.002,LL
27151,Swift,MN,56.0204407537528,4,0.044,HL
55067,Langlade,WI,7.505589268604279,3,0.001,LL
26073,Isabella,MI,29.734908974768445,3,0.011,LL
27085,Mcleod,MN,23.20344937719578,3,0.009,LL
33009,Grafton,NH,15.745768125199618,3,0.001,LL
26113,Missaukee,MI,35.49984030661131,3,0.003,LL
29149,Oregon,MO,58.240178856595335,1,0.015,HH
38039,Griggs,ND,49.61673586713511,3,0.071,ns
48175,Goliad,TX,37.27243692111146,2,0.133,ns
31029,Chase,NE,54.9185563717662,1,0.288,ns
20001,Allen,KS,51.421271159374,1,0.494,ns
20017,Chase,KS,51.10188438198659,1,0.224,ns
20073,Greenwood,KS,57.07441711913126,1,0.351,ns
48101,Cottle,TX,62.12072820185245,1,0.137,ns
35015,Eddy,NM,83.66336633663367,1,0.198,ns
17029,Coles,IL,59.03864580006388,1,0.493,ns
20049,Elk,KS,63.33439795592463,1,0.064,ns
20207,Woodson,KS,49.15362503992335,2,0.419,ns
26057,Gratiot,MI,29.00031938677739,3,0.003,LL
20115,Marion,KS,57.473650590865546,4,0.306,ns
20133,Neosho,KS,49.920153305653145,2,0.052,ns
26067,Ionia,MI,24.768444586394125,3,0.001,LL
27033,Cottonwood,MN,31.47556691152986,3,0.145,ns
21173,Montgomery,KY,54.91855637176621,1,0.499,ns
27067,Kandiyohi,MN,39.492175023954005,3,0.085,ns
26107,Mecosta,MI,28.84062599808368,3,0.02,LL
46051,Grant,SD,45.67230916640051,3,0.225,ns
27043,Faribault,MN,38.37432130309806,3,0.015,LL
21201,Robertson,KY,41.53625039923347,3,0.326,ns
17049,Effingham,IL,52.95432769083361,1,0.217,ns
27009,Benton,MN,41.91951453209837,3,0.21,ns
48145,Falls,TX,56.675183647397,1,0.228,ns
46003,Aurora,SD,60.356116256786976,4,0.459,ns
25019,Nantucket,MA,14.81954647077611,3,0.001,LL
46005,Beadle,SD,59.549664643883744,4,0.458,ns
46115,Spink,SD,59.91695943787927,4,0.416,ns
46135,Yankton,SD,63.44618332801022,4,0.426,ns
46067,Hutchinson,SD,62.39220696263175,4,0.364,ns
42023,Cameron,PA,36.793356755030345,3,0.009,LL
47071,Hardin,TN,60.923027786649634,1,0.135,ns
46087,Mccook,SD,43.02139891408496,2,0.5,ns
46073,Jerauld,SD,49.21750239540084,2,0.462,ns
54001,Barbour,WV,47.74832321941872,3,0.27,ns
51075,Goochland,VA,21.30309805174066,3,0.034,LL
27079,Le Sueur,MN,14.723730437559889,3,0.011,LL
48255,Karnes,TX,54.51932290003194,1,0.313,ns
27091,Martin,MN,41.31267965506228,3,0.079,ns
29001,Adair,MO,52.5231555413606,1,0.019,HH
55099,Price,WI,9.006707122325135,3,0.001,LL
55033,Dunn,WI,10.172468859789204,3,0.001,LL
56025,Natrona,WY,67.66208878952412,1,0.198,ns
56027,Niobrara,WY,60.63557968700096,1,0.056,ns
56029,Park,WY,58.415841584158414,1,0.322,ns
45081,Saluda,SC,51.74065793676142,1,0.476,ns
41069,Wheeler,OR,52.37943149153625,4,0.14,ns
50009,Essex,VT,28.15394442670073,3,0.001,LL
53059,Skamania,WA,19.40274672628553,3,0.105,ns
27031,Cook,MN,14.324496965825617,3,0.024,LL
39033,Crawford,OH,35.73938038965187,3,0.007,LL
39063,Hancock,OH,16.927499201533056,3,0.001,LL
39073,Hocking,OH,39.52411370169276,2,0.412,ns
39077,Huron,OH,21.27115937400192,3,0.003,LL
48501,Yoakum,TX,75.42318748003834,1,0.001,HH
48011,Armstrong,TX,40.08304056212073,2,0.002,LH
48249,Jim Wells,TX,69.35483870967742,1,0.261,ns
40043,Dewey,OK,68.58831044394762,1,0.016,HH
48211,Hemphill,TX,47.221335036729485,2,0.002,LH
23011,Kennebec,ME,40.530182050463104,3,0.002,LL
19075,Grundy,IA,21.366975407218145,3,0.017,LL
27059,Isanti,MN,33.74321303098051,3,0.041,LL
48413,Schleicher,TX,37.84733312040881,3,0.249,ns
40111,Okmulgee,OK,71.39891408495689,1,0.001,HH
30033,Garfield,MT,61.56180134142446,4,0.476,ns
48429,Stephens,TX,58.46374960076653,1,0.057,ns
31005,Arthur,NE,60.36410092622165,1,0.277,ns
48437,Swisher,TX,71.877994251038,1,0.063,ns
29159,Pettis,MO,56.930693069306926,1,0.087,ns
48279,Lamb,TX,82.81699137655701,1,0.001,HH
48363,Palo Pinto,TX,77.14787607793038,1,0.016,HH
13311,White,GA,39.34845097412968,3,0.134,ns
41065,Wasco,OR,34.35004790801661,3,0.054,ns
05123,Saint Francis,AR,66.4643883743213,1,0.076,ns
55081,Monroe,WI,17.278824656659214,3,0.001,LL
38093,Stutsman,ND,37.97508783136378,3,0.153,ns
39125,Paulding,OH,31.826892366656026,3,0.01,LL
28019,Choctaw,MS,53.17789843500479,1,0.084,ns
46119,Sully,SD,58.367933567550295,4,0.315,ns
29207,Stoddard,MO,74.36921111465985,1,0.003,HH
48191,Hall,TX,76.01405301820505,1,0.023,HH
29209,Stone,MO,59.549664643883744,1,0.021,HH
29225,Webster,MO,57.88885340146918,1,0.061,ns
37067,Forsyth,NC,49.05780900670712,2,0.455,ns
51590,Danville City,VA,45.76812519961673,2,0.264,ns
51620,Franklin City,VA,26.860427978281702,2,0.44,ns
20013,Brown,KS,58.7511977004152,1,0.398,ns
51690,Martinsville City,VA,39.36442031299904,2,0.173,ns
20015,Butler,KS,65.47428936442031,1,0.108,ns
48221,Hood,TX,61.86521877994251,1,0.058,ns
51790,Staunton City,VA,23.45895879910572,2,0.206,ns
12027,De Soto,FL,63.6218460555733,1,0.244,ns
12055,Highlands,FL,70.1852443308847,1,0.13,ns
29229,Wright,MO,63.82944746087513,1,0.076,ns
20003,Anderson,KS,53.89651868412648,4,0.328,ns
51007,Amelia,VA,38.32641328648994,3,0.206,ns
19047,Crawford,IA,38.230597253273714,3,0.13,ns
19051,Davis,IA,54.90258703289684,1,0.237,ns
19055,Delaware,IA,21.175343340785687,3,0.002,LL
20121,Miami,KS,24.68859789204727,3,0.101,ns
48283,La Salle,TX,52.37943149153625,1,0.354,ns
20113,Mcpherson,KS,21.3350367294794,3,0.431,ns
19069,Franklin,IA,34.89300542957522,3,0.001,LL
20109,Logan,KS,58.575534972852125,1,0.337,ns
19079,Hamilton,IA,30.277866496327054,3,0.007,LL
48309,Mclennan,TX,58.89492175023954,1,0.092,ns
16037,Custer,ID,58.51165761737464,1,0.395,ns
20181,Sherman,KS,54.7588629830725,1,0.211,ns
19093,Ida,IA,46.91791759821144,3,0.415,ns
39127,Perry,OH,49.18556371766209,2,0.441,ns
08087,Morgan,CO,58.304056212072815,1,0.001,HH
48385,Real,TX,30.677099968061327,2,0.419,ns
13081,Crisp,GA,79.17598211434047,1,0.001,HH
39141,Ross,OH,72.16544235068667,1,0.292,ns
08085,Montrose,CO,75.39124880229959,1,0.002,HH
39149,Shelby,OH,25.407218141168958,3,0.003,LL
13109,Evans,GA,57.92079207920792,1,0.193,ns
17035,Cumberland,IL,51.75662727563079,1,0.348,ns
39159,Union,OH,31.683168316831686,3,0.011,LL
13161,Jeff Davis,GA,74.57681251996166,1,0.029,HH
05137,Stone,AR,69.24305333759182,1,0.035,HH
29083,Henry,MO,64.3883743213031,1,0.281,ns
48327,Menard,TX,59.374001916320665,1,0.476,ns
48329,Midland,TX,61.86521877994251,1,0.468,ns
48353,Nolan,TX,70.71223251357394,1,0.08,ns
48383,Reagan,TX,23.522836154583203,3,0.134,ns
40137,Stephens,OK,71.04758862983073,1,0.003,HH
29187,Saint Francois,MO,61.35419993612264,1,0.308,ns
08061,Kiowa,CO,70.40881507505588,1,0.007,HH
48319,Mason,TX,45.88789524113702,3,0.388,ns
48173,Glasscock,TX,47.0456723091664,3,0.396,ns
48259,Kendall,TX,40.83359948898116,3,0.42,ns
40051,Grady,OK,72.62855317789844,1,0.011,HH
40027,Cleveland,OK,61.78537208559565,1,0.044,HH
42115,Susquehanna,PA,28.696901948259345,3,0.014,LL
48343,Morris,TX,53.84861066751837,1,0.001,HH
48231,Hunt,TX,66.49632705206005,1,0.135,ns
36093,Schenectady,NY,20.53656978601086,3,0.002,LL
40019,Carter,OK,77.7866496327052,1,0.003,HH
40029,Coal,OK,80.10220376876399,1,0.001,HH
40099,Murray,OK,58.51165761737464,1,0.002,HH
40061,Haskell,OK,76.62088789524114,1,0.001,HH
39009,Athens,OH,54.93452571063557,1,0.493,ns
01099,Monroe,AL,49.457042478441394,2,0.45,ns
28053,Humphreys,MS,47.79623123602683,2,0.003,LH
28119,Quitman,MS,76.54104120089428,1,0.029,HH
29211,Sullivan,MO,63.6218460555733,1,0.107,ns
48281,Lampasas,TX,39.316512296390925,3,0.336,ns
48293,Limestone,TX,63.04694985627594,1,0.175,ns
48027,Bell,TX,60.475886298307245,1,0.244,ns
55009,Brown,WI,12.408176301501117,3,0.001,LL
28067,Jones,MS,74.06579367614181,1,0.014,HH
28069,Kemper,MS,59.900990099009896,1,0.039,HH
32021,Mineral,NV,64.27658894921751,1,0.001,HH
35001,Bernalillo,NM,94.21909932928776,1,0.001,HH
12047,Hamilton,FL,56.03641009262216,1,0.364,ns
12019,Clay,FL,57.39380389651868,1,0.309,ns
27057,Hubbard,MN,37.27243692111146,3,0.186,ns
48065,Carson,TX,62.16863621846056,1,0.003,HH
38027,Eddy,ND,26.04599169594379,3,0.208,ns
20145,Pawnee,KS,58.11242414564037,1,0.206,ns
20185,Stafford,KS,62.99904183966783,1,0.187,ns
38049,Mchenry,ND,49.696582561481954,3,0.112,ns
17187,Warren,IL,52.09198339188758,4,0.247,ns
32003,Clark,NV,48.38709677419355,2,0.01,LH
20105,Lincoln,KS,45.43276908335995,2,0.487,ns
01005,Barbour,AL,61.97700415202812,1,0.258,ns
47047,Fayette,TN,53.59310124560844,1,0.187,ns
20165,Rush,KS,49.856275950175664,2,0.181,ns
17007,Boone,IL,17.00734589587991,3,0.002,LL
38011,Bowman,ND,35.05269881826893,3,0.308,ns
18069,Huntington,IN,32.19418716065155,3,0.066,ns
20053,Ellsworth,KS,55.57329926541041,4,0.353,ns
18033,De Kalb,IN,21.3350367294794,3,0.005,LL
18053,Grant,IN,60.85915043117216,4,0.047,HL
18103,Miami,IN,46.02363462152667,3,0.381,ns
18159,Tipton,IN,27.403385499840304,3,0.319,ns
49043,Summit,UT,66.03321622484829,1,0.02,HH
29167,Polk,MO,69.88182689236666,1,0.056,ns
06057,Nevada,CA,34.79718939635899,2,0.018,LH
55115,Shawano,WI,8.990737783455765,3,0.001,LL
16049,Idaho,ID,60.84318109230277,4,0.375,ns
46029,Codington,SD,37.97508783136378,3,0.395,ns
38079,Rolette,ND,36.793356755030345,3,0.148,ns
20123,Mitchell,KS,45.43276908335995,2,0.429,ns
20171,Scott,KS,51.6927499201533,1,0.306,ns
20201,Washington,KS,54.67901628872564,1,0.457,ns
22029,Concordia,LA,57.53752794634302,1,0.453,ns
13197,Marion,GA,48.06770999680613,3,0.381,ns
22047,Iberville,LA,60.04471414883424,1,0.464,ns
48031,Blanco,TX,40.06707122325136,2,0.49,ns
51720,Norton City,VA,48.17949536889173,2,0.237,ns
48267,Kimble,TX,37.67167039284574,3,0.262,ns
48115,Dawson,TX,69.35483870967742,1,0.004,HH
40011,Blaine,OK,64.3883743213031,1,0.048,HH
20007,Barber,KS,81.52347492813797,1,0.006,HH
48493,Wilson,TX,57.106355796870005,1,0.288,ns
55107,Rusk,WI,12.312360268284896,3,0.001,LL
51570,Colonial Heights City,VA,22.277227722772277,3,0.158,ns
48023,Baylor,TX,60.69945704247844,1,0.03,HH
20199,Wallace,KS,50.303417438518046,1,0.381,ns
20175,Seward,KS,77.69083359948898,1,0.019,HH
28075,Lauderdale,MS,74.92813797508782,1,0.07,ns
28111,Perry,MS,67.67805812839347,1,0.003,HH
05125,Saline,AR,62.00894282976685,1,0.129,ns
17011,Bureau,IL,33.264132864899395,3,0.01,LL
18169,Wabash,IN,35.56371766208879,3,0.082,ns
29035,Carter,MO,55.92462472053657,1,0.045,HH
31117,Mcpherson,NE,52.44330884701374,1,0.383,ns
29121,Macon,MO,66.43244969658257,1,0.041,HH
20031,Coffey,KS,44.69817949536889,2,0.47,ns
51775,Salem,VA,20.632385819227085,3,0.044,LL
55069,Lincoln,WI,5.71702331523475,3,0.001,LL
39115,Morgan,OH,44.96965825614819,2,0.257,ns
55103,Richland,WI,10.986905142127116,3,0.001,LL
16059,Lemhi,ID,59.03864580006388,1,0.241,ns
19059,Dickinson,IA,24.62472053656979,3,0.016,LL
26151,Sanilac,MI,32.290003193867776,3,0.008,LL
28115,Pontotoc,MS,75.67869690194826,1,0.017,HH
36103,Suffolk,NY,48.94602363462153,3,0.369,ns
51077,Grayson,VA,59.996806132226126,1,0.118,ns
08039,Elbert,CO,69.29096135419994,1,0.001,HH
18047,Franklin,IN,31.842861705525387,3,0.004,LL
19113,Linn,IA,37.096774193548384,3,0.001,LL
26165,Wexford,MI,31.283934845097413,3,0.001,LL
39175,Wyandot,OH,26.15777706802939,3,0.008,LL
31061,Franklin,NE,72.1015649952092,1,0.024,HH
54047,Mcdowell,WV,57.76109869051421,1,0.058,ns
54105,Wirt,WV,38.42222931970616,3,0.415,ns
54097,Upshur,WV,44.77802618971575,3,0.444,ns
28031,Covington,MS,74.27339508144362,1,0.007,HH
08003,Alamosa,CO,82.96071542638134,1,0.001,HH
12059,Holmes,FL,45.89587991057171,2,0.108,ns
13083,Dade,GA,39.875439156818906,2,0.037,LH
13201,Miller,GA,48.946023634621525,2,0.349,ns
13235,Pulaski,GA,66.03321622484829,1,0.009,HH
28005,Amite,MS,68.82785052698819,1,0.066,ns
46049,Faulk,SD,33.21622484829128,2,0.357,ns
01007,Bibb,AL,40.54615138933248,3,0.311,ns
20023,Cheyenne,KS,60.82721175343342,1,0.215,ns
23031,York,ME,45.528585116576174,3,0.024,LL
27017,Carlton,MN,31.01245608431811,3,0.033,LL
51051,Dickenson,VA,56.73906100287448,1,0.043,HH
13297,Walton,GA,47.30118173107634,3,0.016,LL
18055,Greene,IN,44.45863941232833,3,0.126,ns
26079,Kalkaska,MI,18.57234110507825,3,0.001,LL
31019,Buffalo,NE,78.01022037687639,1,0.006,HH
38031,Foster,ND,35.571702331523475,3,0.104,ns
31163,Sherman,NE,77.41935483870968,1,0.015,HH
31101,Keith,NE,68.93963589907378,1,0.084,ns
40009,Beckham,OK,74.06579367614181,1,0.001,HH
48447,Throckmorton,TX,53.03417438518045,1,0.052,ns
06071,San Bernardino,CA,54.64707761098691,1,0.206,ns
13281,Towns,GA,31.172149473011817,3,0.103,ns
29003,Andrew,MO,51.77259661450016,1,0.111,ns
27001,Aitkin,MN,30.134142446502715,3,0.037,LL
18175,Washington,IN,49.69658256148196,3,0.099,ns
20067,Grant,KS,63.07888853401469,1,0.178,ns
21155,Marion,KY,45.91184924944107,3,0.263,ns
01079,Lawrence,AL,74.27339508144362,1,0.038,HH
17175,Stark,IL,39.77962312360268,3,0.056,ns
18137,Ripley,IN,32.73714468221016,3,0.005,LL
21207,Russell,KY,57.48961992973491,1,0.255,ns
31075,Grant,NE,57.87288406259981,1,0.063,ns
42121,Venango,PA,37.17662088789524,3,0.01,LL
20083,Hodgeman,KS,51.40530182050463,1,0.194,ns
48107,Crosby,TX,69.43468540402428,1,0.001,HH
55119,Taylor,WI,8.032577451293516,3,0.001,LL
48379,Rains,TX,52.44330884701374,1,0.028,HH
19011,Benton,IA,22.91600127754711,3,0.018,LL
17173,Shelby,IL,54.07218141168956,1,0.257,ns
19169,Story,IA,15.538166719897797,3,0.019,LL
22019,Calcasieu,LA,59.56563398275311,1,0.018,HH
18099,Marshall,IN,27.8984350047908,3,0.011,LL
18157,Tippecanoe,IN,49.93612264452251,3,0.051,ns
37001,Alamance,NC,48.7384222293197,3,0.477,ns
48111,Dallam,TX,79.8147556691153,1,0.001,HH
29135,Moniteau,MO,65.01117853720856,1,0.238,ns
27105,Nobles,MN,33.79112104758863,3,0.046,LL
39021,Champaign,OH,35.78728840625998,3,0.011,LL
35029,Luna,NM,88.80549345257107,1,0.001,HH
31167,Stanton,NE,49.61673586713511,2,0.487,ns
05051,Garland,AR,63.57393803896519,1,0.076,ns
38073,Ransom,ND,21.31906739061003,3,0.021,LL
19053,Decatur,IA,58.83104439476206,1,0.164,ns
26077,Kalamazoo,MI,21.97381028425423,3,0.001,LL
19067,Floyd,IA,30.75694666240818,3,0.001,LL
48163,Frio,TX,59.85308208240179,1,0.118,ns
48081,Coke,TX,58.01660811242414,1,0.145,ns
48247,Jim Hogg,TX,15.681890769722134,3,0.483,ns
20179,Sheridan,KS,39.55605237943149,2,0.113,ns
04015,Mohave,AZ,50.62280421590546,1,0.008,HH
19173,Taylor,IA,71.0635579687001,1,0.101,ns
26047,Emmet,MI,6.339827531140212,3,0.001,LL
38013,Burke,ND,47.10954966464388,3,0.192,ns
30097,Sweet Grass,MT,56.27595017566273,4,0.341,ns
16067,Minidoka,ID,73.65059086553816,1,0.016,HH
19171,Tama,IA,50.70265091025232,4,0.004,HL
27109,Olmsted,MN,20.77610986905142,3,0.001,LL
37169,Stokes,NC,43.72404982433727,2,0.314,ns
31093,Howard,NE,58.22420951772597,1,0.091,ns
48357,Ochiltree,TX,60.06068348770361,1,0.045,HH
48233,Hutchinson,TX,72.72436921111466,1,0.122,ns
37103,Jones,NC,46.63046949856276,2,0.351,ns
01003,Baldwin,AL,55.15809645480677,1,0.282,ns
06037,Los Angeles,CA,45.46470776109869,2,0.32,ns
01013,Butler,AL,59.29415522197381,1,0.358,ns
19063,Emmet,IA,44.04343660172469,3,0.021,LL
28099,Neshoba,MS,69.70616416480358,1,0.014,HH
42105,Potter,PA,27.02012136697541,3,0.035,LL
05149,Yell,AR,77.11593740019163,1,0.03,HH
08001,Adams,CO,93.81986585755352,1,0.001,HH
20047,Edwards,KS,57.9846694346854,1,0.111,ns
26123,Newaygo,MI,30.581283934845096,3,0.001,LL
31071,Garfield,NE,16.576173746406898,2,0.033,LH
19105,Jones,IA,19.849888214627917,3,0.003,LL
19009,Audubon,IA,40.49824337272437,3,0.096,ns
48325,Medina,TX,53.912488022995845,1,0.153,ns
48117,Deaf Smith,TX,63.63781539444267,1,0.001,HH
48095,Concho,TX,62.45608431810923,1,0.068,ns
38075,Renville,ND,44.9696582561482,3,0.357,ns
16021,Boundary,ID,29.65506228042159,3,0.174,ns
18007,Benton,IN,31.076333439795597,3,0.081,ns
26001,Alcona,MI,24.64068987543916,3,0.089,ns
32013,Humboldt,NV,87.51197700415202,1,0.001,HH
01043,Cullman,AL,74.43308847013733,1,0.02,HH
17079,Jasper,IL,53.12999041839667,1,0.424,ns
20169,Saline,KS,44.6343021398914,3,0.211,ns
27083,Lyon,MN,37.46406898754391,2,0.371,ns
36023,Cortland,NY,27.09996806132226,3,0.006,LL
48305,Lynn,TX,56.43564356435644,1,0.002,HH
48013,Atascosa,TX,54.61513893324817,1,0.447,ns
51730,Petersburg City,VA,29.4314915362504,3,0.113,ns
38095,Towner,ND,47.74832321941872,3,0.05,ns
48425,Somervell,TX,43.02139891408496,2,0.171,ns
46097,Miner,SD,58.79910571702332,4,0.21,ns
06065,Riverside,CA,55.87671670392845,4,0.373,ns
13119,Franklin,GA,46.15138933248164,3,0.451,ns
21231,Wayne,KY,60.74736505908656,1,0.084,ns
23009,Hancock,ME,34.22229319706164,3,0.025,LL
28065,Jefferson Davis,MS,75.24752475247524,1,0.009,HH
29025,Caldwell,MO,44.29894602363462,2,0.36,ns
29129,Mercer,MO,56.802938358351966,1,0.037,HH
13277,Tift,GA,77.65889492175023,1,0.001,HH
50023,Washington,VT,13.557968700095817,3,0.001,LL
13229,Pierce,GA,77.7387416160971,1,0.007,HH
13211,Morgan,GA,32.194187160651545,3,0.105,ns
20159,Rice,KS,50.78249760459917,4,0.487,ns
41021,Gilliam,OR,24.9441073139572,3,0.263,ns
26091,Lenawee,MI,24.177579048227404,3,0.008,LL
20051,Ellis,KS,51.213669754072185,1,0.13,ns
19015,Boone,IA,21.14340466304695,3,0.019,LL
46085,Lyman,SD,69.77004152028105,1,0.445,ns
20027,Clay,KS,50.63877355477484,4,0.128,ns
27173,Yellow Medicine,MN,48.78633024592782,3,0.37,ns
37073,Gates,NC,33.79112104758863,3,0.368,ns
29067,Douglas,MO,52.45927818588311,1,0.021,HH
54007,Braxton,WV,47.013733631427655,3,0.396,ns
53033,King,WA,41.536250399233474,3,0.391,ns
28013,Calhoun,MS,68.63621846055574,1,0.022,HH
13131,Grady,GA,56.32385819227084,1,0.115,ns
28057,Itawamba,MS,65.20281060364101,1,0.018,HH
20189,Stevens,KS,78.5052698818269,1,0.029,HH
12051,Hendry,FL,52.45927818588311,1,0.274,ns
48285,Lavaca,TX,41.66400511018844,2,0.322,ns
20019,Chautauqua,KS,56.49952091983392,1,0.019,HH
18067,Howard,IN,52.42733950814437,4,0.256,ns
31047,Dawson,NE,78.10603641009263,1,0.037,HH
28041,Greene,MS,70.37687639731715,1,0.07,ns
27047,Freeborn,MN,31.55541360587672,3,0.007,LL
27065,Kanabec,MN,27.850526988182686,3,0.016,LL
17065,Hamilton,IL,39.41232832960716,2,0.349,ns
46111,Sanborn,SD,45.46470776109869,2,0.498,ns
47057,Grainger,TN,50.92622165442352,1,0.38,ns
29085,Hickory,MO,55.206004471414886,1,0.03,HH
56001,Albany,WY,55.04631108272118,1,0.022,HH
31003,Antelope,NE,71.25519003513254,1,0.165,ns
56031,Platte,WY,68.68412647716384,1,0.047,HH
49033,Rich,UT,60.42797828169913,1,0.007,HH
55131,Washington,WI,17.837751517087195,3,0.001,LL
41013,Crook,OR,46.42286809326094,2,0.293,ns
13165,Jenkins,GA,61.11465985308209,1,0.233,ns
48243,Jeff Davis,TX,27.147876077930373,3,0.369,ns
13255,Spalding,GA,44.28297668476525,3,0.072,ns
19035,Cherokee,IA,55.19003513254551,4,0.096,ns
13005,Bacon,GA,80.76493133184286,1,0.001,HH
13293,Upson,GA,48.642606196103486,3,0.304,ns
41055,Sherman,OR,53.46534653465347,4,0.055,ns
27125,Red Lake,MN,36.681571382944746,3,0.457,ns
27137,Saint Louis,MN,45.80006387735547,3,0.003,LL
12041,Gilchrist,FL,50.57489619929735,1,0.41,ns
37107,Lenoir,NC,46.32705206004472,2,0.381,ns
29175,Randolph,MO,60.73139572021718,1,0.064,ns
38091,Steele,ND,40.30661130629192,3,0.025,LL
51600,Fairfax City,VA,5.509421909932929,3,0.263,ns
51685,Manassas Park City,VA,8.783136378153944,3,0.03,LL
51840,Winchester City,VA,13.462152666879591,3,0.426,ns
29169,Pulaski,MO,57.39380389651868,1,0.046,HH
18111,Newton,IN,32.130309805174065,3,0.022,LL
13031,Bulloch,GA,64.1648035771319,1,0.233,ns
20153,Rawlins,KS,59.96486745448739,1,0.19,ns
08095,Phillips,CO,57.34589587991057,1,0.085,ns
48399,Runnels,TX,66.56020440753753,1,0.016,HH
19185,Wayne,IA,58.20824017885659,4,0.493,ns
48445,Terry,TX,70.55253912488023,1,0.001,HH
39163,Vinton,OH,45.752155860747365,2,0.137,ns
08005,Arapahoe,CO,88.13478122005748,1,0.001,HH
48461,Upton,TX,36.31427658894922,3,0.134,ns
48059,Callahan,TX,52.7946343021399,1,0.053,ns
48227,Howard,TX,70.63238581922708,1,0.224,ns
48459,Upshur,TX,70.55253912488023,1,0.03,HH
48063,Camp,TX,58.65538166719898,1,0.024,HH
48471,Walker,TX,63.90929415522197,1,0.234,ns
01131,Wilcox,AL,32.19418716065155,3,0.348,ns
51121,Montgomery,VA,46.51868412647716,3,0.246,ns
28103,Noxubee,MS,56.643244969658255,1,0.203,ns
08115,Sedgwick,CO,62.55190035132545,1,0.063,ns
46035,Davison,SD,41.95145320983711,2,0.417,ns
20075,Hamilton,KS,61.481954647077615,1,0.121,ns
17053,Ford,IL,37.84733312040882,3,0.312,ns
46047,Fall River,SD,58.3679335675503,1,0.21,ns
18121,Parke,IN,46.87000958160333,3,0.33,ns
48441,Taylor,TX,66.99137655701054,1,0.073,ns
18041,Fayette,IN,40.897476844458645,3,0.102,ns
37027,Caldwell,NC,66.81571382944747,1,0.175,ns
46125,Turner,SD,43.42063238581923,2,0.465,ns
55089,Ozaukee,WI,5.9405940594059405,3,0.001,LL
38047,Logan,ND,41.08910891089109,3,0.309,ns
05011,Bradley,AR,71.73427020121366,1,0.031,HH
13173,Lanier,GA,53.32162248482913,1,0.024,HH
35051,Sierra,NM,75.58288086873203,1,0.001,HH
08073,Lincoln,CO,66.4643883743213,1,0.001,HH
19023,Butler,IA,17.981475566911527,3,0.001,LL
48205,Hartley,TX,84.3500479080166,1,0.001,HH
47137,Pickett,TN,45.03353561162568,2,0.282,ns
46043,Douglas,SD,52.39540083040562,1,0.218,ns
20029,Cloud,KS,47.93995528585117,2,0.464,ns
42093,Montour,PA,32.78505269881828,3,0.311,ns
31123,Morrill,NE,80.32577451293517,1,0.002,HH
29137,Monroe,MO,65.12296390929416,1,0.059,ns
38045,Lamoure,ND,44.6981794953689,3,0.023,LL
21149,Mclean,KY,43.26093899712552,3,0.382,ns
46091,Marshall,SD,31.7310763334398,3,0.395,ns
41001,Baker,OR,63.22261258383903,1,0.119,ns
46033,Custer,SD,50.83040562120728,1,0.149,ns
48297,Live Oak,TX,43.24496965825615,2,0.104,ns
26153,Schoolcraft,MI,24.12967103161929,3,0.002,LL
19121,Madison,IA,38.39029064196742,3,0.18,ns
31183,Wheeler,NE,56.8348770360907,1,0.199,ns
05037,Cross,AR,69.46662408176303,1,0.009,HH
19013,Black Hawk,IA,31.84286170552539,3,0.001,LL
48303,Lubbock,TX,85.18045352922388,1,0.002,HH
27165,Watonwan,MN,35.819227083998726,3,0.062,ns
46039,Deuel,SD,57.02650910252315,4,0.14,ns
19181,Warren,IA,36.90514212711594,3,0.102,ns
05099,Nevada,AR,67.48642606196103,1,0.02,HH
20081,Haskell,KS,37.28840625998084,2,0.035,LH
29075,Gentry,MO,74.59278185883105,1,0.072,ns
05027,Columbia,AR,69.72213350367295,1,0.021,HH
05043,Drew,AR,78.60108591504311,1,0.017,HH
18113,Noble,IN,31.85883104439476,3,0.006,LL
48177,Gonzales,TX,58.92686042797828,1,0.375,ns
46069,Hyde,SD,57.617374640689874,4,0.472,ns
35057,Torrance,NM,86.98498882146279,1,0.001,HH
51595,Emporia City,VA,20.76014053018205,2,0.474,ns
48195,Hansford,TX,41.1370169274992,2,0.023,LH
20055,Finney,KS,56.32385819227084,1,0.436,ns
29109,Lawrence,MO,74.86426061961035,1,0.009,HH
35021,Harding,NM,57.26604918556372,1,0.001,HH
48087,Collingsworth,TX,72.38901309485787,1,0.002,HH
17041,Douglas,IL,45.78409453848611,2,0.329,ns
49039,Sanpete,UT,89.061002874481,1,0.001,HH
45011,Barnwell,SC,57.36186521877994,1,0.277,ns
45061,Lee,SC,56.73906100287448,1,0.151,ns
30069,Petroleum,MT,51.02203768763973,1,0.174,ns
39059,Guernsey,OH,64.35643564356435,1,0.153,ns
13209,Montgomery,GA,50.86234429894602,1,0.414,ns
55085,Oneida,WI,5.621207282018524,3,0.001,LL
31069,Garden,NE,66.70392845736185,1,0.012,HH
38083,Sheridan,ND,54.982433727243695,4,0.07,ns
17087,Johnson,IL,47.9239859469818,2,0.341,ns
48269,King,TX,56.05237943149154,1,0.037,HH
16085,Valley,ID,34.81315873522836,2,0.337,ns
21227,Warren,KY,42.86170552539125,3,0.228,ns
51740,Portsmouth City,VA,48.69051421271159,2,0.124,ns
48433,Stonewall,TX,64.58799105717023,1,0.054,ns
40077,Latimer,OK,43.42063238581923,2,0.001,LH
32029,Storey,NV,19.530501437240492,2,0.001,LH
40149,Washita,OK,73.31523474928139,1,0.022,HH
19177,Van Buren,IA,65.8096454806771,1,0.192,ns
55035,Eau Claire,WI,11.338230597253274,3,0.001,LL
20101,Lane,KS,51.676780581283936,1,0.246,ns
20195,Trego,KS,57.713190673906105,1,0.174,ns
51830,Williamsburg City,VA,6.866815713829448,3,0.224,ns
39039,Defiance,OH,23.858192270839982,3,0.001,LL
46089,Mcpherson,SD,43.88374321303098,3,0.237,ns
31057,Dundy,NE,57.85691472373044,1,0.208,ns
05071,Johnson,AR,71.92590226764612,1,0.017,HH
18143,Scott,IN,44.8578728840626,3,0.245,ns
31079,Hall,NE,53.41743851804536,1,0.071,ns
28003,Alcorn,MS,68.79591184924945,1,0.053,ns
17139,Moultrie,IL,38.1826892366656,2,0.492,ns
18101,Martin,IN,32.72117534334078,3,0.126,ns
31085,Hayes,NE,53.385499840306615,1,0.142,ns
17047,Edwards,IL,50.35132545512616,4,0.308,ns
31063,Frontier,NE,65.20281060364101,1,0.133,ns
20039,Decatur,KS,59.43787927179815,1,0.201,ns
13267,Tattnall,GA,64.85148514851485,1,0.147,ns
21021,Boyle,KY,43.26093899712552,3,0.402,ns
48127,Dimmit,TX,58.000638773554776,1,0.31,ns
21191,Pendleton,KY,37.33631427658895,3,0.008,LL
36123,Yates,NY,30.198019801980195,3,0.12,ns
46071,Jackson,SD,69.14723730437561,1,0.05,ns
19165,Shelby,IA,31.842861705525397,3,0.254,ns
42053,Forest,PA,37.480038326413286,3,0.006,LL
29105,Laclede,MO,70.20121366975408,1,0.073,ns
29181,Ripley,MO,69.03545193229,1,0.017,HH
21141,Logan,KY,38.88534014691792,3,0.2,ns
17039,Dewitt,IL,35.18045352922389,3,0.311,ns
21031,Butler,KY,42.27083998722453,3,0.291,ns
30037,Golden Valley,MT,41.1370169274992,2,0.283,ns
39047,Fayette,OH,49.66464388374321,2,0.408,ns
13289,Twiggs,GA,69.03545193229,1,0.044,HH
30081,Ravalli,MT,59.61354199936123,1,0.248,ns
27095,Mille Lacs,MN,32.09837112743533,3,0.049,LL
08029,Delta,CO,83.64739699776429,1,0.007,HH
17109,Mcdonough,IL,53.22580645161291,1,0.463,ns
39143,Sandusky,OH,20.93580325774513,3,0.001,LL
48033,Borden,TX,71.71031619290962,1,0.022,HH
05101,Newton,AR,44.36282337911211,2,0.078,ns
51540,Charlottesville City,VA,10.412008942829766,3,0.407,ns
27117,Pipestone,MN,47.045672309166406,3,0.25,ns
48483,Wheeler,TX,74.22548706483552,1,0.005,HH
31001,Adams,NE,75.07186202491216,1,0.066,ns
30049,Lewis And Clark,MT,67.2309166400511,1,0.173,ns
29079,Grundy,MO,64.34046630469498,1,0.081,ns
37081,Guilford,NC,52.012136697540726,1,0.353,ns
19029,Cass,IA,58.78313637815396,4,0.11,ns
01045,Dale,AL,69.81794953688917,1,0.063,ns
48381,Randall,TX,73.55477483232194,1,0.035,HH
39161,Van Wert,OH,31.58735228361546,3,0.001,LL
48263,Kent,TX,61.2743532417758,1,0.037,HH
51187,Warren,VA,32.67326732673267,3,0.181,ns
28159,Winston,MS,58.00063877355478,1,0.037,HH
48235,Irion,TX,22.77227722772277,3,0.134,ns
13155,Irwin,GA,62.967103161929096,1,0.001,HH
18183,Whitley,IN,21.430852762695626,3,0.038,LL
46101,Moody,SD,58.83104439476205,4,0.179,ns
06083,Santa Barbara,CA,40.913446183328006,2,0.274,ns
48133,Eastland,TX,69.0833599488981,1,0.085,ns
27135,Roseau,MN,49.53688917278824,2,0.457,ns
29049,Clinton,MO,52.66687959118492,4,0.462,ns
54091,Taylor,WV,36.66560204407537,3,0.429,ns
28039,George,MS,62.48802299584797,1,0.009,HH
27111,Otter Tail,MN,42.86170552539125,3,0.006,LL
17055,Franklin,IL,60.348131587352285,4,0.452,ns
12049,Hardee,FL,52.87448099648674,1,0.076,ns
19187,Webster,IA,38.0229958479719,3,0.042,LL
51630,Fredericksburg City,VA,24.36921111465985,3,0.139,ns
36097,Schuyler,NY,36.63366336633664,3,0.103,ns
17113,Mclean,IL,42.86170552539125,3,0.035,LL
31185,York,NE,44.90578090067071,3,0.272,ns
48405,San Augustine,TX,47.36505908655381,2,0.059,ns
47051,Franklin,TN,58.46374960076653,1,0.368,ns
56005,Campbell,WY,63.95720217183008,1,0.237,ns
39131,Pike,OH,63.09485787288406,1,0.017,HH
19039,Clarke,IA,33.5356116256787,2,0.336,ns
45021,Cherokee,SC,56.96263174704568,1,0.373,ns
27149,Stevens,MN,25.3273714468221,3,0.008,LL
28037,Franklin,MS,59.837112743532415,1,0.107,ns
08113,San Miguel,CO,51.22165442350686,1,0.021,HH
21135,Lewis,KY,56.00447141488343,1,0.053,ns
26033,Chippewa,MI,27.2436921111466,3,0.041,LL
26131,Ontonagon,MI,17.853720855956563,3,0.001,LL
27089,Marshall,MN,70.08942829766848,4,0.28,ns
29081,Harrison,MO,75.50303417438518,1,0.033,HH
28101,Newton,MS,74.73650590865537,1,0.007,HH
28155,Webster,MS,60.97093580325775,1,0.021,HH
34041,Warren,NJ,44.39476205685085,3,0.182,ns
36055,Monroe,NY,39.68380709038646,3,0.002,LL
39061,Hamilton,OH,40.226764611945065,3,0.001,LL
40121,Pittsburg,OK,84.60555732992654,1,0.001,HH
13017,Ben Hill,GA,63.57393803896518,1,0.002,HH
47173,Union,TN,45.32098371127435,2,0.29,ns
20167,Russell,KS,62.02491216863621,1,0.299,ns
55025,Dane,WI,33.9188757585436,3,0.001,LL
48171,Gillespie,TX,46.02363462152667,3,0.277,ns
04012,La Paz,AZ,49.77642925582881,2,0.334,ns
21215,Spencer,KY,28.473331204088154,3,0.17,ns
16001,Ada,ID,63.27052060044714,1,0.158,ns
05061,Howard,AR,53.30565314595976,1,0.029,HH
51049,Cumberland,VA,44.98562759501757,3,0.01,LL
20079,Harvey,KS,35.46790162887257,2,0.363,ns
48129,Donley,TX,75.9821143404663,1,0.019,HH
17177,Stephenson,IL,32.465665921430855,3,0.001,LL
51680,Lynchburg City,VA,19.64228680932609,3,0.285,ns
21169,Metcalfe,KY,47.93995528585116,3,0.346,ns
39065,Hardin,OH,34.47780261897158,3,0.001,LL
17081,Jefferson,IL,46.23123602682848,2,0.475,ns
19135,Monroe,IA,32.290003193867776,2,0.434,ns
54095,Tyler,WV,47.50878313637816,3,0.431,ns
08011,Bent,CO,70.48866176940274,1,0.001,HH
55137,Waushara,WI,17.78984350047908,3,0.001,LL
55135,Waupaca,WI,11.386138613861387,3,0.001,LL
48463,Uvalde,TX,67.59821143404663,4,0.36,ns
28147,Walthall,MS,78.34557649313318,1,0.001,HH
29061,Daviess,MO,59.11849249441073,1,0.105,ns
48495,Winkler,TX,58.8629830725008,1,0.211,ns
39041,Delaware,OH,16.41648035771319,3,0.124,ns
46057,Hamlin,SD,43.42063238581923,3,0.204,ns
20127,Morris,KS,59.50175662727563,4,0.207,ns
01081,Lee,AL,63.94123283296072,1,0.183,ns
06073,San Diego,CA,44.18716065154903,3,0.388,ns
12075,Levy,FL,60.07665282657298,1,0.315,ns
01015,Calhoun,AL,74.24145640370489,1,0.023,HH
19163,Scott,IA,47.87607793037368,3,0.039,LL
19191,Winneshiek,IA,12.663685723411051,3,0.001,LL
20129,Morton,KS,79.71893963589906,1,0.001,HH
21037,Campbell,KY,14.80357713190674,3,0.049,LL
21235,Whitley,KY,79.28776748642606,1,0.013,HH
39117,Morrow,OH,34.1903545193229,3,0.032,LL
39037,Darke,OH,23.93803896518684,3,0.008,LL
31175,Valley,NE,70.52060044714149,1,0.218,ns
31027,Cedar,NE,57.04247844139252,1,0.261,ns
31133,Pawnee,NE,60.507824976046,1,0.36,ns
45031,Darlington,SC,65.84158415841584,1,0.104,ns
46065,Hughes,SD,35.53177898435004,2,0.457,ns
29117,Livingston,MO,48.8502076014053,2,0.11,ns
48183,Gregg,TX,69.14723730437561,1,0.037,HH
51111,Lunenburg,VA,61.434046630469496,1,0.324,ns
54049,Marion,WV,52.20376876397317,4,0.358,ns
54023,Grant,WV,44.04343660172469,3,0.248,ns
38023,Divide,ND,54.10412008942829,4,0.364,ns
47127,Moore,TN,32.73714468221016,2,0.318,ns
49047,Uintah,UT,75.51900351325455,1,0.007,HH
31065,Furnas,NE,61.51389332481635,1,0.197,ns
01017,Chambers,AL,64.6598530820824,1,0.123,ns
42055,Franklin,PA,63.43021398914085,4,0.255,ns
31109,Lancaster,NE,48.38709677419355,3,0.086,ns
51069,Frederick,VA,48.578728840626,3,0.042,LL
53039,Klickitat,WA,37.70360907058448,3,0.062,ns
50011,Franklin,VT,18.09326093899713,3,0.001,LL
55007,Bayfield,WI,4.55126157777068,3,0.001,LL
06021,Glenn,CA,77.06802938358352,1,0.016,HH
08013,Boulder,CO,78.90450335356117,1,0.002,HH
13089,Dekalb,GA,32.33791121047589,3,0.055,ns
17089,Kane,IL,31.44362823379112,3,0.001,LL
17137,Morgan,IL,56.61130629191952,4,0.429,ns
18013,Brown,IN,7.457681251996167,3,0.044,LL
18139,Rush,IN,33.99872245289045,3,0.015,LL
18181,White,IN,28.409453848610667,3,0.058,ns
19103,Johnson,IA,38.677738741616096,3,0.005,LL
20111,Lyon,KS,43.85180453529223,3,0.34,ns
21001,Adair,KY,50.06387735547749,3,0.345,ns
22003,Allen,LA,66.86362184605557,1,0.031,HH
23017,Oxford,ME,28.425423187480035,3,0.002,LL
29029,Camden,MO,52.74672628553178,1,0.022,HH
13315,Wilcox,GA,73.09166400511018,1,0.002,HH
35011,De Baca,NM,81.69913765570105,1,0.001,HH
37181,Vance,NC,46.87000958160333,2,0.408,ns
37069,Franklin,NC,45.78409453848611,2,0.326,ns
30099,Teton,MT,58.68732034493772,1,0.053,ns
29009,Barry,MO,74.01788565953369,1,0.013,HH
53011,Clark,WA,28.61705525391249,3,0.028,LL
54069,Ohio,WV,41.983391887575856,2,0.232,ns
05019,Clark,AR,58.67135100606835,1,0.107,ns
05075,Lawrence,AR,83.32801022037688,1,0.001,HH
06115,Yuba,CA,80.98051740657937,1,0.047,HH
08117,Summit,CO,50.70265091025232,1,0.272,ns
13067,Cobb,GA,35.27626956244012,3,0.193,ns
13097,Douglas,GA,38.16671989779624,3,0.356,ns
13317,Wilkes,GA,46.35899073778346,3,0.063,ns
17143,Peoria,IL,44.953688917278825,3,0.032,LL
18071,Jackson,IN,38.24656659214308,3,0.036,LL
20163,Rooks,KS,58.000638773554776,1,0.037,HH
20155,Reno,KS,51.6927499201533,1,0.294,ns
21009,Barren,KY,59.86905142127115,4,0.25,ns
21125,Laurel,KY,84.86106675183647,1,0.005,HH
04005,Coconino,AZ,64.85148514851485,1,0.001,HH
06041,Marin,CA,48.33918875758543,2,0.494,ns
12091,Okaloosa,FL,52.69881826892367,1,0.09,ns
13213,Murray,GA,55.46151389332482,1,0.176,ns
17157,Randolph,IL,43.56435643564357,3,0.059,ns
18155,Switzerland,IN,36.82529543276908,3,0.002,LL
21117,Kenton,KY,22.62855317789844,3,0.008,LL
21171,Monroe,KY,47.63653784733312,3,0.354,ns
22017,Caddo,LA,69.51453209837112,1,0.002,HH
22027,Claiborne,LA,62.21654423506867,1,0.067,ns
25003,Berkshire,MA,17.709996806132224,3,0.001,LL
26055,Grand Traverse,MI,6.627275630788885,3,0.001,LL
31129,Nuckolls,NE,68.77994251038007,1,0.03,HH
29005,Atchison,MO,43.61226445225168,2,0.298,ns
27123,Ramsey,MN,35.03672947939955,3,0.118,ns
37011,Avery,NC,45.2411370169275,2,0.186,ns
42127,Wayne,PA,26.42925582880869,3,0.029,LL
47019,Carter,TN,59.262216544235066,4,0.401,ns
47081,Hickman,TN,35.771319067390614,3,0.008,LL
46107,Potter,SD,52.97029702970297,1,0.473,ns
48417,Shackelford,TX,45.352922389013095,2,0.066,ns
56009,Converse,WY,64.42031299904184,1,0.069,ns
01053,Escambia,AL,68.25295432769084,1,0.162,ns
04003,Cochise,AZ,71.31906739061003,1,0.078,ns
04001,Apache,AZ,68.30086234429895,1,0.001,HH
06079,San Luis Obispo,CA,49.95209198339188,2,0.148,ns
16071,Oneida,ID,61.034813158735226,1,0.001,HH
18123,Perry,IN,36.02682848930054,3,0.019,LL
19085,Harrison,IA,39.41232832960715,3,0.209,ns
21077,Gallatin,KY,27.131906739061,3,0.018,LL
24029,Kent,MD,43.02139891408496,2,0.31,ns
23021,Piscataquis,ME,25.742574257425744,3,0.249,ns
26095,Luce,MI,31.44362823379112,3,0.001,LL
26035,Clare,MI,44.69817949536889,3,0.009,LL
29185,Saint Clair,MO,67.77387416160971,1,0.035,HH
31121,Merrick,NE,51.98019801980198,4,0.404,ns
36039,Greene,NY,22.22931970616416,3,0.001,LL
37083,Halifax,NC,55.03034174385181,1,0.374,ns
40087,Mcclain,OK,60.795273075694666,1,0.008,HH
40007,Beaver,OK,71.39891408495689,1,0.002,HH
41017,Deschutes,OR,54.31172149473012,1,0.283,ns
42027,Centre,PA,32.928776748642605,3,0.017,LL
45055,Kershaw,SC,48.72245289045034,2,0.245,ns
21175,Morgan,KY,57.58543596295114,1,0.062,ns
47091,Johnson,TN,58.16033216224848,1,0.261,ns
48043,Brewster,TX,51.58096454806771,4,0.337,ns
48505,Zapata,TX,38.75758543596295,3,0.142,ns
48455,Trinity,TX,56.14819546470776,1,0.068,ns
49007,Carbon,UT,65.6499520919834,1,0.001,HH
51137,Orange,VA,41.40849568827851,3,0.078,ns
55001,Adams,WI,26.988182689236663,3,0.001,LL
38055,Mclean,ND,40.76972213350368,3,0.066,ns
27069,Kittson,MN,52.874480996486746,1,0.347,ns
26031,Cheboygan,MI,13.589907377834558,3,0.001,LL
28151,Washington,MS,79.0482274033855,1,0.029,HH
29087,Holt,MO,43.915681890769726,2,0.264,ns
28133,Sunflower,MS,72.82018524433089,1,0.002,HH
30075,Powder River,MT,40.67390610028745,2,0.037,LH
28093,Marshall,MS,64.1648035771319,1,0.155,ns
28055,Issaquena,MS,67.31076333439796,1,0.021,HH
28009,Benton,MS,53.401469179175976,1,0.065,ns
39035,Cuyahoga,OH,35.228361545832,3,0.001,LL
30047,Lake,MT,46.24720536569785,3,0.395,ns
44005,Newport,RI,21.814116895560524,3,0.364,ns
29047,Clay,MO,43.755988502076015,3,0.211,ns
29227,Worth,MO,69.84988821462792,1,0.013,HH
29157,Perry,MO,48.195464707761104,2,0.232,ns
29141,Morgan,MO,67.63015011178538,1,0.099,ns
51105,Lee,VA,68.42861705525391,1,0.122,ns
53009,Clallam,WA,15.554136058767169,3,0.019,LL
56041,Uinta,WY,59.150431172149474,1,0.145,ns
05001,Arkansas,AR,66.8955605237943,1,0.01,HH
05039,Dallas,AR,55.15809645480677,1,0.211,ns
13035,Butts,GA,44.3628233791121,3,0.198,ns
13007,Baker,GA,44.2031299904184,2,0.035,LH
17099,La Salle,IL,42.25487064835516,3,0.001,LL
18085,Kosciusko,IN,36.13861386138613,3,0.007,LL
18153,Sullivan,IN,50.68668157138295,4,0.481,ns
20161,Riley,KS,32.60938997125519,3,0.193,ns
21029,Bullitt,KY,36.4899393165123,3,0.241,ns
21151,Madison,KY,63.79750878313638,1,0.492,ns
22063,Livingston,LA,68.28489300542957,1,0.285,ns
22043,Grant,LA,57.106355796870005,1,0.037,HH
22013,Bienville,LA,58.112424145640375,1,0.037,HH
29027,Callaway,MO,64.80357713190674,1,0.315,ns
13309,Wheeler,GA,31.267965506228045,2,0.036,LH
37037,Chatham,NC,41.23283296071543,2,0.452,ns
45005,Allendale,SC,59.96486745448738,1,0.134,ns
25025,Suffolk,MA,36.7614180772916,3,0.385,ns
47079,Henry,TN,68.90769722133504,1,0.164,ns
48005,Angelina,TX,71.68636218460556,1,0.057,ns
53025,Grant,WA,59.27818588310444,4,0.35,ns
51109,Louisa,VA,35.41999361226445,3,0.01,LL
27049,Goodhue,MN,20.15330565314596,3,0.001,LL
53071,Walla Walla,WA,45.816033216224845,3,0.357,ns
29043,Christian,MO,55.094219099329294,1,0.037,HH
18025,Crawford,IN,41.67997444905781,3,0.073,ns
40133,Seminole,OK,82.385819227084,1,0.001,HH
35027,Lincoln,NM,56.978601085915045,1,0.001,HH
47013,Campbell,TN,56.180134142446505,1,0.108,ns
35053,Socorro,NM,68.82785052698819,1,0.005,HH
35055,Taos,NM,82.24209517725967,1,0.001,HH
35005,Chaves,NM,93.38869370808048,1,0.001,HH
39075,Holmes,OH,43.96358990737784,3,0.323,ns
39079,Jackson,OH,58.49568827850527,1,0.027,HH
37023,Burke,NC,68.66815713829448,1,0.429,ns
46103,Pennington,SD,65.96933886937082,1,0.304,ns
48007,Aransas,TX,47.97189396358991,2,0.218,ns
53075,Whitman,WA,46.885978920472695,3,0.081,ns
26021,Berrien,MI,18.3807090386458,3,0.003,LL
13181,Lincoln,GA,9.374001916320664,3,0.198,ns
48465,Val Verde,TX,56.77099968061322,4,0.074,ns
36067,Onondaga,NY,34.74928137975088,3,0.023,LL
16047,Gooding,ID,80.40562120728202,1,0.001,HH
21051,Clay,KY,74.04982433727244,1,0.016,HH
41025,Harney,OR,66.94346854040242,1,0.014,HH
29053,Cooper,MO,50.0,2,0.106,ns
27153,Todd,MN,34.461833280102205,3,0.11,ns
55037,Florence,WI,12.503992334717342,3,0.001,LL
36059,Nassau,NY,45.30501437240498,3,0.324,ns
35047,San Miguel,NM,76.3653784733312,1,0.001,HH
31179,Wayne,NE,58.67135100606835,1,0.11,ns
39087,Lawrence,OH,72.90003193867773,1,0.001,HH
46127,Union,SD,46.15138933248163,2,0.36,ns
45013,Beaufort,SC,49.04183966783775,2,0.138,ns
39011,Auglaize,OH,26.90833599488981,3,0.002,LL
13183,Long,GA,41.10507824976046,2,0.156,ns
48469,Victoria,TX,52.58703289683808,1,0.474,ns
39025,Clermont,OH,36.56978601085915,3,0.065,ns
13195,Madison,GA,46.86202491216864,3,0.256,ns
13215,Muscogee,GA,53.36953050143724,4,0.324,ns
13219,Oconee,GA,24.59278185883105,3,0.041,LL
01057,Fayette,AL,45.94378792717981,3,0.457,ns
13049,Charlton,GA,61.2104758862983,1,0.174,ns
50027,Windsor,VT,21.15937400191632,3,0.001,LL
51159,Richmond,VA,37.73554774832322,3,0.141,ns
48167,Galveston,TX,59.45384861066752,1,0.335,ns
29186,Sainte Genevieve,MO,38.58192270839987,3,0.147,ns
26109,Menominee,MI,9.118492494410733,3,0.001,LL
45019,Charleston,SC,49.66464388374322,2,0.279,ns
48015,Austin,TX,52.842542318748,4,0.452,ns
47039,Decatur,TN,50.84637496007665,1,0.327,ns
46019,Butte,SD,52.04407537527946,1,0.394,ns
45023,Chester,SC,48.27531140210796,3,0.374,ns
55093,Pierce,WI,8.11242414564037,3,0.001,LL
47095,Lake,TN,59.26221654423507,1,0.011,HH
48119,Delta,TX,63.541999361226445,1,0.003,HH
30053,Lincoln,MT,51.78856595336953,4,0.128,ns
48157,Fort Bend,TX,48.65857553497285,2,0.374,ns
23015,Lincoln,ME,21.382944746087517,3,0.005,LL
51181,Surry,VA,44.65027147876078,2,0.498,ns
29195,Saline,MO,70.9038645800064,1,0.27,ns
37033,Caswell,NC,51.78856595336953,1,0.456,ns
51183,Sussex,VA,58.09645480677099,4,0.331,ns
33015,Rockingham,NH,46.13541999361227,3,0.203,ns
47063,Hamblen,TN,52.69881826892367,1,0.327,ns
47067,Hancock,TN,51.40530182050463,1,0.206,ns
47073,Hawkins,TN,51.94825934206324,1,0.304,ns
46061,Hanson,SD,39.268604279782814,2,0.493,ns
46077,Kingsbury,SD,43.692111146598535,3,0.329,ns
42029,Chester,PA,41.48834238262536,2,0.485,ns
48057,Calhoun,TX,46.87000958160333,2,0.234,ns
51133,Northumberland,VA,38.454167997444905,3,0.177,ns
55041,Forest,WI,9.597572660491856,3,0.001,LL
56011,Crook,WY,55.63717662088789,1,0.392,ns
31149,Rock,NE,50.31938677738742,1,0.111,ns
47001,Anderson,TN,47.87607793037368,2,0.322,ns
21079,Garrard,KY,47.74832321941872,2,0.491,ns
50025,Windham,VT,11.929096135419996,3,0.001,LL
24045,Wicomico,MD,54.18396678377515,1,0.234,ns
23023,Sagadahoc,ME,17.598211434046632,3,0.029,LL
20011,Bourbon,KS,71.20728201852444,1,0.253,ns
20037,Crawford,KS,75.48706483551581,1,0.005,HH
48085,Collin,TX,45.59246247205365,2,0.221,ns
48089,Colorado,TX,51.48514851485149,4,0.456,ns
42045,Delaware,PA,47.31715106994571,3,0.456,ns
45033,Dillon,SC,68.89172788246566,1,0.066,ns
42031,Clarion,PA,34.81315873522836,3,0.02,LL
48241,Jasper,TX,55.23794314915362,1,0.101,ns
42035,Clinton,PA,35.835196422868094,3,0.012,LL
24025,Harford,MD,43.29287767486426,2,0.311,ns
17159,Richland,IL,46.34302139891409,3,0.471,ns
24027,Howard,MD,33.839029064196744,3,0.258,ns
47105,Loudon,TN,44.37879271798148,2,0.162,ns
17163,Saint Clair,IL,34.797189396358995,3,0.002,LL
25005,Bristol,MA,45.44873842222932,3,0.028,LL
18063,Hendricks,IN,23.21941871606516,3,0.034,LL
24003,Anne Arundel,MD,48.24337272436921,3,0.179,ns
48091,Comal,TX,50.73458958799106,4,0.393,ns
48097,Cooke,TX,60.95496646438837,1,0.086,ns
48105,Crockett,TX,22.596614500159696,3,0.028,LL
48109,Culberson,TX,42.86170552539125,2,0.267,ns
21105,Hickman,KY,58.575534972852125,1,0.083,ns
21109,Jackson,KY,60.34813158735228,1,0.032,HH
45043,Georgetown,SC,53.561162567869694,1,0.308,ns
53001,Adams,WA,39.3324816352603,3,0.403,ns
31105,Kimball,NE,70.44075375279463,1,0.002,HH
30009,Carbon,MT,55.221973810284254,1,0.131,ns
21089,Greenup,KY,65.0431172149473,1,0.012,HH
22119,Webster,LA,70.48866176940274,1,0.018,HH
47111,Macon,TN,50.70265091025232,4,0.136,ns
37129,New Hanover,NC,50.606834877036086,1,0.451,ns
48071,Chambers,TX,56.91472373043756,1,0.066,ns
12001,Alachua,FL,45.22516767805813,2,0.292,ns
13321,Worth,GA,81.71510699457042,1,0.001,HH
41047,Marion,OR,43.93165122963909,3,0.006,LL
42065,Jefferson,PA,35.0686681571383,3,0.008,LL
26043,Dickinson,MI,11.386138613861387,3,0.001,LL
26045,Eaton,MI,20.90386458000639,3,0.001,LL
21121,Knox,KY,74.60875119770041,1,0.002,HH
26059,Hillsdale,MI,31.33184286170553,3,0.001,LL
48121,Denton,TX,50.239540083040566,2,0.254,ns
19183,Washington,IA,40.48227403385499,3,0.091,ns
47159,Smith,TN,38.70967741935484,3,0.179,ns
20205,Wilson,KS,54.663046949856266,1,0.211,ns
51087,Henrico,VA,43.915681890769726,3,0.015,LL
44003,Kent,RI,27.914404343660177,3,0.131,ns
42037,Columbia,PA,41.56818907697222,3,0.232,ns
47101,Lewis,TN,45.576493133184286,3,0.133,ns
27081,Lincoln,MN,48.594698179495374,3,0.331,ns
47113,Madison,TN,67.96550622804216,1,0.114,ns
29173,Ralls,MO,50.70265091025232,1,0.026,HH
37007,Anson,NC,60.667518364739706,1,0.112,ns
21059,Daviess,KY,43.755988502076015,3,0.039,LL
49053,Washington,UT,77.97828169913765,1,0.001,HH
19007,Appanoose,IA,63.11082721175343,1,0.394,ns
51143,Pittsylvania,VA,65.41041200894283,1,0.408,ns
42069,Lackawanna,PA,48.71446822101565,3,0.045,LL
42071,Lancaster,PA,53.54519322900032,4,0.481,ns
29099,Jefferson,MO,40.146917917598216,3,0.212,ns
29221,Washington,MO,69.78601085915042,1,0.321,ns
42077,Lehigh,PA,48.45097412967104,3,0.363,ns
21133,Letcher,KY,62.39220696263175,1,0.027,HH
26075,Jackson,MI,22.93197061641648,3,0.001,LL
21143,Lyon,KY,44.37879271798147,2,0.317,ns
27023,Chippewa,MN,52.45927818588311,4,0.237,ns
21145,Mccracken,KY,72.93197061641648,1,0.089,ns
49011,Davis,UT,76.92430533375918,1,0.001,HH
51003,Albemarle,VA,47.02970297029703,3,0.024,LL
30031,Gallatin,MT,59.64548067709997,1,0.288,ns
55075,Marinette,WI,7.186202491216864,3,0.001,LL
30003,Big Horn,MT,77.70680293835835,1,0.152,ns
06005,Amador,CA,59.45384861066752,1,0.26,ns
48073,Cherokee,TX,72.88406259980837,1,0.004,HH
29119,Mcdonald,MO,76.95624401149792,1,0.004,HH
42087,Mifflin,PA,44.8578728840626,3,0.027,LL
22117,Washington,LA,75.03992334717343,1,0.001,HH
38105,Williams,ND,35.835196422868094,3,0.348,ns
37051,Cumberland,NC,55.38166719897796,1,0.08,ns
21157,Marshall,KY,67.03928457361866,1,0.125,ns
26081,Kent,MI,28.50526988182689,3,0.001,LL
26083,Keweenaw,MI,18.716065154902587,3,0.012,LL
27055,Houston,MN,6.3557968700095815,3,0.001,LL
45051,Horry,SC,55.01437240498244,1,0.061,ns
30043,Jefferson,MT,52.09198339188757,1,0.134,ns
47155,Sevier,TN,56.93867773874162,1,0.41,ns
22015,Bossier,LA,70.53656978601086,1,0.009,HH
35003,Catron,NM,54.34366017246886,1,0.015,HH
21075,Fulton,KY,52.87448099648674,1,0.036,HH
35045,San Juan,NM,96.94985627595015,1,0.001,HH
24011,Caroline,MD,53.161929096135424,1,0.27,ns
29127,Marion,MO,61.16256786969019,1,0.074,ns
47107,Mcminn,TN,60.58767167039284,1,0.38,ns
51149,Prince George,VA,40.64196742254871,3,0.168,ns
22055,Lafayette,LA,55.253912488023,1,0.035,HH
42095,Northampton,PA,47.39699776429256,3,0.294,ns
49035,Salt Lake,UT,80.77291600127754,1,0.001,HH
26105,Mason,MI,27.06802938358352,3,0.023,LL
54087,Roane,WV,50.67071223251358,1,0.466,ns
54089,Summers,WV,52.4592781858831,1,0.279,ns
37193,Wilkes,NC,74.48099648674545,1,0.185,ns
55027,Dodge,WI,29.23985946981795,3,0.001,LL
48439,Tarrant,TX,56.930693069306926,1,0.175,ns
30059,Meagher,MT,53.20983711274353,1,0.134,ns
05091,Miller,AR,83.72724369211114,1,0.001,HH
47179,Washington,TN,56.21207282018524,1,0.339,ns
16075,Payette,ID,62.07282018524433,1,0.039,HH
17115,Macon,IL,54.51932290003194,4,0.292,ns
22081,Red River,LA,57.2181411689556,1,0.018,HH
37065,Edgecombe,NC,58.36793356755031,1,0.193,ns
24015,Cecil,MD,55.36569786010859,4,0.351,ns
17119,Madison,IL,38.78952411370169,3,0.004,LL
22111,Union,LA,56.81890769722133,1,0.031,HH
37199,Yancey,NC,39.747684445863946,3,0.173,ns
36005,Bronx,NY,34.39795592462472,3,0.162,ns
23029,Washington,ME,38.64580006387736,3,0.17,ns
48045,Briscoe,TX,54.04024273395081,1,0.012,HH
55047,Green Lake,WI,27.004152028106034,3,0.001,LL
27039,Dodge,MN,22.11753433407857,3,0.001,LL
26121,Muskegon,MI,31.47556691152986,3,0.003,LL
21189,Owsley,KY,56.38773554774832,1,0.062,ns
26127,Oceana,MI,25.37527946343021,3,0.034,LL
37125,Moore,NC,52.39540083040562,1,0.133,ns
47165,Sumner,TN,40.51421271159374,3,0.065,ns
21219,Todd,KY,39.3324816352603,3,0.346,ns
21221,Trigg,KY,43.11721494730118,2,0.479,ns
47181,Wayne,TN,53.848610667518365,4,0.469,ns
47183,Weakley,TN,62.05685084637496,1,0.01,HH
48047,Brooks,TX,46.2791440434366,2,0.393,ns
47187,Williamson,TN,23.442989460236344,3,0.018,LL
56019,Johnson,WY,52.874480996486746,1,0.096,ns
55095,Polk,WI,26.25359310124561,3,0.001,LL
47121,Meigs,TN,43.819865857553495,2,0.263,ns
17127,Massac,IL,62.096774193548384,1,0.364,ns
24019,Dorchester,MD,63.39827531140211,1,0.317,ns
06085,Santa Clara,CA,50.990099009901,1,0.344,ns
36019,Clinton,NY,27.02012136697541,3,0.001,LL
42043,Dauphin,PA,50.7665282657298,4,0.356,ns
30039,Granite,MT,42.90961354199936,2,0.277,ns
26159,Van Buren,MI,21.86202491216864,3,0.001,LL
17045,Edgar,IL,63.11082721175343,1,0.225,ns
17067,Hancock,IL,63.541999361226445,1,0.168,ns
27011,Big Stone,MN,39.50814436282338,3,0.09,ns
06009,Calaveras,CA,57.4417119131268,1,0.143,ns
45075,Orangeburg,SC,55.20600447141488,1,0.244,ns
56039,Teton,WY,43.644203129990416,2,0.014,LH
45077,Pickens,SC,55.49345257106356,4,0.373,ns
37147,Pitt,NC,56.88278505269882,1,0.378,ns
47133,Overton,TN,51.16576173746407,4,0.421,ns
24041,Talbot,MD,50.31938677738742,1,0.371,ns
47139,Polk,TN,52.71478760779304,1,0.176,ns
37159,Rowan,NC,58.096454806771,4,0.376,ns
21005,Anderson,KY,41.34461833280102,3,0.062,ns
35013,Dona Ana,NM,91.903545193229,1,0.001,HH
34021,Mercer,NJ,49.37719578409454,3,0.333,ns
38051,Mcintosh,ND,40.5940594059406,3,0.228,ns
35017,Grant,NM,75.02395400830406,1,0.007,HH
21013,Bell,KY,65.74576812519962,1,0.01,HH
37057,Davidson,NC,62.567869690194826,1,0.434,ns
23005,Cumberland,ME,38.26253593101246,3,0.018,LL
27015,Brown,MN,30.533375918236985,3,0.106,ns
45079,Richland,SC,53.05014372404983,1,0.493,ns
51065,Fluvanna,VA,22.820185244330887,3,0.08,ns
45087,Union,SC,55.49345257106356,1,0.349,ns
56033,Sheridan,WY,66.83168316831683,1,0.167,ns
51089,Henry,VA,66.56020440753753,4,0.347,ns
21015,Boone,KY,20.40881507505589,3,0.001,LL
28081,Lee,MS,74.52890450335357,1,0.002,HH
18177,Wayne,IN,49.32928776748643,3,0.041,LL
17101,Lawrence,IL,44.23506866815714,3,0.194,ns
22115,Vernon,LA,68.4924944107314,1,0.021,HH
31111,Lincoln,NE,75.10380070265091,1,0.105,ns
26029,Charlevoix,MI,7.585435962951134,3,0.001,LL
55065,Lafayette,WI,12.344298946023637,3,0.001,LL
36047,Kings,NY,43.8198658575535,3,0.164,ns
51169,Scott,VA,55.55732992654104,1,0.169,ns
39069,Henry,OH,17.77387416160971,3,0.001,LL
21019,Boyd,KY,76.60491855637176,1,0.006,HH
40047,Garfield,OK,65.72979878633025,1,0.005,HH
40073,Kingfisher,OK,54.77483232194187,1,0.039,HH
40103,Noble,OK,67.05525391248803,1,0.003,HH
21027,Breckinridge,KY,42.9415522197381,3,0.152,ns
41049,Morrow,OR,44.92175023954009,3,0.377,ns
42013,Blair,PA,30.293835835196425,3,0.04,LL
53003,Asotin,WA,55.445544554455445,4,0.197,ns
41067,Washington,OR,17.83775151708719,3,0.002,LL
55133,Waukesha,WI,21.73427020121367,3,0.001,LL
45089,Williamsburg,SC,60.31619290961354,1,0.245,ns
29023,Butler,MO,70.23315234749282,1,0.002,HH
16017,Bonner,ID,34.33407856914724,3,0.222,ns
17003,Alexander,IL,53.3375918236985,1,0.057,ns
18051,Gibson,IN,41.32864899393165,3,0.025,LL
40139,Texas,OK,71.11146598530821,1,0.001,HH
29143,New Madrid,MO,75.07186202491216,1,0.003,HH
37021,Buncombe,NC,43.14915362503992,3,0.065,ns
48147,Fannin,TX,69.3069306930693,1,0.021,HH
46083,Lincoln,SD,42.047269243053336,3,0.15,ns
47131,Obion,TN,66.16097093580325,1,0.048,HH
21007,Ballard,KY,63.74960076652827,1,0.209,ns
48053,Burnet,TX,62.567869690194826,4,0.316,ns
41039,Lane,OR,39.28457361865219,3,0.281,ns
25013,Hampden,MA,54.13605876716704,4,0.102,ns
29033,Carroll,MO,55.19003513254552,1,0.247,ns
51117,Mecklenburg,VA,61.306291919514535,1,0.256,ns
55061,Kewaunee,WI,3.8965186841264767,3,0.001,LL
47031,Coffee,TN,56.75503034174385,4,0.335,ns
19099,Jasper,IA,40.482274033855,3,0.042,LL
16025,Camas,ID,58.064516129032256,1,0.018,HH
55139,Winnebago,WI,18.98754391568189,3,0.001,LL
18171,Warren,IN,43.54838709677419,3,0.456,ns
22011,Beauregard,LA,60.81124241456404,1,0.061,ns
24037,Saint Marys,MD,56.48355158096455,4,0.309,ns
28117,Prentiss,MS,70.15330565314596,1,0.01,HH
28135,Tallahatchie,MS,80.48546790162888,1,0.001,HH
34005,Burlington,NJ,54.29575215586075,1,0.32,ns
30071,Phillips,MT,58.35196422868093,1,0.402,ns
50001,Addison,VT,12.935164484190354,3,0.001,LL
50003,Bennington,VT,11.929096135419996,3,0.001,LL
51710,Norfolk City,VA,59.374001916320665,1,0.369,ns
37131,Northampton,NC,41.29671031619291,2,0.369,ns
41057,Tillamook,OR,21.7183008623443,3,0.001,LL
30017,Custer,MT,56.32385819227083,4,0.399,ns
30093,Silver Bow,MT,59.709358032577455,1,0.227,ns
17017,Cass,IL,37.0328968380709,3,0.284,ns
19025,Calhoun,IA,46.79016288725647,3,0.069,ns
20009,Barton,KS,58.479718939635895,1,0.215,ns
20197,Wabaunsee,KS,27.73874161609709,3,0.087,ns
22001,Acadia,LA,63.8933248163526,1,0.061,ns
26065,Ingham,MI,28.50526988182689,3,0.001,LL
13207,Monroe,GA,45.752155860747365,3,0.476,ns
36073,Orleans,NY,13.318428617055254,3,0.053,ns
37167,Stanly,NC,47.33312040881508,2,0.17,ns
36003,Allegany,NY,39.63589907377835,3,0.016,LL
17183,Vermilion,IL,70.91983391887575,4,0.175,ns
17077,Jackson,IL,55.49345257106356,1,0.444,ns
21163,Meade,KY,43.91568189076972,3,0.196,ns
21185,Oldham,KY,24.097732353880552,3,0.212,ns
53049,Pacific,WA,27.93037368252954,3,0.202,ns
55043,Grant,WI,22.18141168955605,3,0.001,LL
05029,Conway,AR,78.07409773235389,1,0.013,HH
17083,Jersey,IL,26.79655062280421,3,0.171,ns
49025,Kane,UT,88.32641328648992,1,0.001,HH
51195,Wise,VA,62.55190035132546,1,0.036,HH
35007,Colfax,NM,77.43532417757905,1,0.001,HH
37035,Catawba,NC,57.15426381347813,1,0.345,ns
39023,Clark,OH,53.114021079527305,4,0.053,ns
31041,Custer,NE,77.37144682210156,1,0.099,ns
42079,Luzerne,PA,53.2258064516129,4,0.094,ns
42067,Juniata,PA,34.31810923027787,3,0.275,ns
42107,Schuylkill,PA,51.3094857872884,4,0.374,ns
47145,Roane,TN,53.17789843500479,1,0.392,ns
21203,Rockcastle,KY,58.44778026189716,1,0.026,HH
24009,Calvert,MD,45.97572660491856,3,0.413,ns
24013,Carroll,MD,41.56818907697222,2,0.419,ns
25027,Worcester,MA,51.70871925902268,4,0.071,ns
21195,Pike,KY,82.32194187160651,1,0.02,HH
22031,De Soto,LA,65.71382944746087,1,0.019,HH
24047,Worcester,MD,50.75055892686043,1,0.213,ns
26009,Antrim,MI,10.012775471095496,3,0.001,LL
54003,Berkeley,WV,52.50718620249122,4,0.213,ns
05059,Hot Spring,AR,70.99968061322261,1,0.318,ns
13223,Paulding,GA,52.49121686362184,1,0.23,ns
17019,Champaign,IL,51.06994570424784,4,0.468,ns
17203,Woodford,IL,19.97764292558288,3,0.069,ns
17117,Macoupin,IL,48.578728840626,3,0.342,ns
17145,Perry,IL,42.47844139252635,3,0.431,ns
19081,Hancock,IA,27.5151708719259,3,0.014,LL
47153,Sequatchie,TN,40.70584477802619,2,0.347,ns
48291,Liberty,TX,73.0277866496327,1,0.166,ns
48131,Duval,TX,65.29862663685724,4,0.184,ns
48169,Garza,TX,72.11753433407857,1,0.004,HH
48025,Bee,TX,69.84988821462792,1,0.407,ns
49057,Weber,UT,92.57425742574256,1,0.001,HH
51147,Prince Edward,VA,45.67230916640051,3,0.222,ns
55087,Outagamie,WI,8.351964228680933,3,0.001,LL
55097,Portage,WI,6.164164803577132,3,0.001,LL
27167,Wilkin,MN,23.155541360587677,3,0.016,LL
28127,Simpson,MS,57.68125199616736,1,0.015,HH
28007,Attala,MS,67.69402746726286,1,0.02,HH
28079,Leake,MS,72.05365697860108,1,0.019,HH
28095,Monroe,MS,79.11210475886298,1,0.036,HH
28029,Copiah,MS,69.62631747045671,1,0.125,ns
27021,Cass,MN,44.61833280102204,3,0.095,ns
31025,Cass,NE,43.38869370808049,3,0.154,ns
27019,Carver,MN,27.21175343340786,3,0.02,LL
37179,Union,NC,47.55669115298626,2,0.422,ns
21085,Grayson,KY,49.856275950175664,3,0.231,ns
21067,Fayette,KY,45.70424784413925,3,0.264,ns
26087,Lapeer,MI,21.95784094538486,3,0.014,LL
29007,Audrain,MO,74.43308847013733,1,0.096,ns
13133,Greene,GA,39.93931651229639,3,0.02,LL
36099,Seneca,NY,34.58958799105717,3,0.014,LL
37183,Wake,NC,48.29128074097732,2,0.417,ns
39031,Coshocton,OH,49.920153305653145,2,0.279,ns
06069,San Benito,CA,49.39316512296392,2,0.328,ns
12083,Marion,FL,55.54136058767167,1,0.234,ns
13123,Gilmer,GA,51.676780581283936,4,0.437,ns
16061,Lewis,ID,48.61066751836474,2,0.487,ns
17103,Lee,IL,33.20025550942191,3,0.015,LL
17023,Clark,IL,50.0,2,0.221,ns
34007,Camden,NJ,56.00447141488343,1,0.289,ns
37087,Haywood,NC,46.99776429255829,3,0.105,ns
42101,Philadelphia,PA,57.84094538486107,1,0.491,ns
32015,Lander,NV,76.60491855637176,1,0.001,HH
40023,Choctaw,OK,86.44203129990419,1,0.001,HH
42117,Tioga,PA,30.26189715745768,3,0.114,ns
35006,Cibola,NM,56.48355158096455,1,0.001,HH
51735,Poquoson City,VA,15.649952091983392,3,0.259,ns
40119,Payne,OK,64.83551580964547,1,0.003,HH
42041,Cumberland,PA,50.99009900990099,1,0.224,ns
42021,Cambria,PA,33.567550303417434,3,0.133,ns
47017,Carroll,TN,69.46662408176302,1,0.064,ns
48021,Bastrop,TX,53.54519322900032,4,0.489,ns
48335,Mitchell,TX,53.00223570744171,1,0.117,ns
48001,Anderson,TX,69.38677738741616,1,0.04,HH
51683,Manassas City,VA,9.48578728840626,3,0.022,LL
18125,Pike,IN,37.28840625998084,3,0.111,ns
08047,Gilpin,CO,54.72692430533376,1,0.011,HH
21217,Taylor,KY,43.86777387416161,3,0.335,ns
21099,Hart,KY,45.14532098371128,3,0.389,ns
22039,Evangeline,LA,67.64611945065474,1,0.054,ns
22053,Jefferson Davis,LA,64.08495688278505,1,0.009,HH
13237,Putnam,GA,49.44107313957202,3,0.318,ns
13011,Banks,GA,51.96422868093261,4,0.294,ns
30111,Yellowstone,MT,72.86809326093899,1,0.277,ns
29069,Dunklin,MO,83.10443947620568,1,0.001,HH
48037,Bowie,TX,80.8527626956244,1,0.001,HH
51520,Bristol City,VA,46.10348131587352,2,0.435,ns
54009,Brooke,WV,46.35899073778346,3,0.382,ns
06029,Kern,CA,75.93420632385819,1,0.165,ns
08019,Clear Creek,CO,56.675183647397,1,0.077,ns
13157,Jackson,GA,38.853401469179175,3,0.135,ns
13129,Gordon,GA,69.8019801980198,1,0.306,ns
17107,Logan,IL,46.53465346534654,3,0.13,ns
18079,Jennings,IN,46.58256148195465,3,0.057,ns
51171,Shenandoah,VA,49.98403066113063,2,0.498,ns
55039,Fond Du Lac,WI,23.01181731076333,3,0.001,LL
13283,Treutlen,GA,43.62823379112105,2,0.33,ns
37195,Wilson,NC,57.45768125199616,1,0.229,ns
39017,Butler,OH,43.91568189076972,3,0.016,LL
39101,Marion,OH,40.7537527946343,3,0.004,LL
31125,Nance,NE,43.74800383264133,2,0.292,ns
42129,Westmoreland,PA,55.03034174385181,4,0.18,ns
01055,Etowah,AL,71.35100606834877,1,0.013,HH
56021,Laramie,WY,70.52060044714149,1,0.002,HH
01009,Blount,AL,63.76557010539763,1,0.027,HH
05097,Montgomery,AR,39.20472692430533,2,0.025,LH
08065,Lake,CO,50.19163206643245,2,0.278,ns
17131,Mercer,IL,25.55094219099329,3,0.175,ns
19147,Palo Alto,IA,40.30661130629192,3,0.07,ns
19065,Fayette,IA,28.61705525391249,3,0.001,LL
18081,Johnson,IN,30.661130629191952,3,0.029,LL
21043,Carter,KY,70.6802938358352,1,0.023,HH
21045,Casey,KY,53.449377195784095,1,0.34,ns
22033,East Baton Rouge,LA,47.157457681252,2,0.453,ns
29123,Madison,MO,60.58767167039285,1,0.107,ns
13093,Dooly,GA,73.71446822101565,1,0.002,HH
29073,Gasconade,MO,41.18492494410731,3,0.479,ns
29223,Wayne,MO,69.70616416480357,1,0.038,HH
46075,Jones,SD,61.03481315873523,1,0.415,ns
48229,Hudspeth,TX,46.98179495368891,2,0.308,ns
48137,Edwards,TX,38.50207601405302,3,0.305,ns
48153,Floyd,TX,73.28329607154265,1,0.002,HH
47119,Maury,TN,29.575215586074737,3,0.101,ns
47083,Houston,TN,41.32864899393165,3,0.098,ns
48367,Parker,TX,69.92973490897477,1,0.032,HH
21165,Menifee,KY,51.421271159374,1,0.213,ns
48253,Jones,TX,63.57393803896519,1,0.088,ns
49055,Wayne,UT,65.29862663685724,1,0.001,HH
19107,Keokuk,IA,53.65697860108591,4,0.098,ns
21097,Harrison,KY,42.70201213669754,3,0.092,ns
21239,Woodford,KY,34.525710635579685,3,0.141,ns
21167,Mercer,KY,44.52251676780581,3,0.136,ns
27131,Rice,MN,25.31140210795273,3,0.001,LL
35037,Quay,NM,90.16288725646758,1,0.001,HH
35023,Hidalgo,NM,79.33567550303418,1,0.006,HH
36057,Montgomery,NY,26.82848930054296,3,0.001,LL
36037,Genesee,NY,29.25582880868732,3,0.004,LL
16077,Power,ID,69.38677738741616,1,0.001,HH
39089,Licking,OH,55.86074736505909,4,0.217,ns
40151,Woods,OK,61.62567869690194,1,0.001,HH
40123,Pontotoc,OK,76.57297987863302,1,0.001,HH
42119,Union,PA,28.37751517087193,3,0.105,ns
45063,Lexington,SC,57.29798786330245,1,0.457,ns
47177,Warren,TN,53.83264132864899,4,0.278,ns
51157,Rappahannock,VA,30.37368252954328,3,0.204,ns
31171,Thomas,NE,53.64100926221654,1,0.493,ns
48431,Sterling,TX,28.233791121047588,2,0.291,ns
01019,Cherokee,AL,60.12456084318109,1,0.002,HH
01129,Washington,AL,50.01596933886937,2,0.174,ns
06097,Sonoma,CA,51.83647396997764,1,0.219,ns
54025,Greenbrier,WV,55.95656339827531,4,0.229,ns
40075,Kiowa,OK,76.44522516767805,1,0.002,HH
47175,Van Buren,TN,43.11721494730119,2,0.457,ns
37115,Madison,NC,32.25806451612903,3,0.456,ns
39091,Logan,OH,30.86873203449377,3,0.01,LL
39139,Richland,OH,39.89140849568828,3,0.016,LL
40017,Canadian,OK,60.92302778664963,1,0.014,HH
47089,Jefferson,TN,47.349089747684445,2,0.251,ns
47185,White,TN,46.56659214308527,3,0.464,ns
47117,Marshall,TN,39.63589907377835,3,0.109,ns
48257,Kaufman,TX,55.6371766208879,1,0.132,ns
54043,Lincoln,WV,78.52123922069626,1,0.001,HH
55123,Vernon,WI,12.935164484190354,3,0.001,LL
06053,Monterey,CA,50.68668157138295,1,0.232,ns
12031,Duval,FL,59.42190993292878,1,0.486,ns
51091,Highland,VA,47.8122005748962,3,0.225,ns
31103,Keya Paha,NE,62.53593101245608,1,0.019,HH
01049,De Kalb,AL,74.14564037048866,1,0.032,HH
01071,Jackson,AL,67.2309166400511,1,0.184,ns
04017,Navajo,AZ,73.34717342702012,1,0.004,HH
41033,Josephine,OR,59.82114340466305,1,0.383,ns
45067,Marion,SC,57.47365059086554,1,0.14,ns
47161,Stewart,TN,29.94251038007026,2,0.395,ns
48499,Wood,TX,70.50463110827212,1,0.033,HH
48489,Willacy,TX,39.81156180134142,2,0.425,ns
46109,Roberts,SD,42.73395081443629,3,0.04,LL
47027,Clay,TN,46.31108272117534,3,0.336,ns
48403,Sabine,TX,48.91408495688279,2,0.114,ns
51083,Halifax,VA,60.316192909613534,1,0.32,ns
13191,Mcintosh,GA,55.42957521558608,1,0.314,ns
16007,Bear Lake,ID,58.399872245289046,1,0.025,HH
19045,Clinton,IA,42.2868093260939,3,0.002,LL
19145,Page,IA,62.360268284893,4,0.466,ns
20107,Linn,KS,28.60108591504312,2,0.258,ns
21055,Crittenden,KY,58.71925902267647,4,0.409,ns
12065,Jefferson,FL,43.22900031938678,2,0.301,ns
13027,Brooks,GA,61.65761737464069,1,0.073,ns
13135,Gwinnett,GA,47.66847652507186,3,0.019,LL
48481,Wharton,TX,48.89811561801342,2,0.301,ns
51025,Brunswick,VA,63.58990737783456,1,0.414,ns
54045,Logan,WV,75.69466624081764,1,0.009,HH
55121,Trempealeau,WI,7.313957202171831,3,0.001,LL
38001,Adams,ND,25.87032896838071,3,0.262,ns
47077,Henderson,TN,57.17023315234749,1,0.11,ns
51127,New Kent,VA,32.641328648993934,3,0.206,ns
31049,Deuel,NE,60.15649952091984,1,0.066,ns
01023,Choctaw,AL,49.68061322261258,2,0.248,ns
05009,Boone,AR,54.72692430533377,1,0.363,ns
06013,Contra Costa,CA,53.7208559565634,1,0.275,ns
22067,Morehouse,LA,64.59597572660492,1,0.026,HH
23027,Waldo,ME,26.55701053976365,3,0.013,LL
26099,Macomb,MI,34.03066113062919,3,0.034,LL
30061,Mineral,MT,45.736186521878,3,0.322,ns
40037,Creek,OK,75.8703289683807,1,0.002,HH
40039,Custer,OK,57.58543596295113,1,0.001,HH
20151,Pratt,KS,66.60811242414565,1,0.038,HH
45059,Laurens,SC,63.79750878313638,1,0.349,ns
47021,Cheatham,TN,21.446822101564997,3,0.052,ns
48077,Clay,TX,64.54806770999681,1,0.007,HH
51097,King And Queen,VA,61.02682848930055,4,0.087,ns
31083,Harlan,NE,58.7032896838071,1,0.019,HH
31009,Blaine,NE,58.000638773554776,1,0.18,ns
04011,Greenlee,AZ,58.30405621207282,1,0.003,HH
06025,Imperial,CA,44.87384222293197,3,0.413,ns
12109,Saint Johns,FL,49.696582561481954,2,0.207,ns
13045,Carroll,GA,63.60587671670393,1,0.251,ns
28001,Adams,MS,60.507824976046,1,0.305,ns
27139,Scott,MN,34.65346534653465,3,0.002,LL
31055,Douglas,NE,44.65027147876079,3,0.143,ns
48331,Milam,TX,60.22037687639732,1,0.497,ns
22059,La Salle,LA,55.509421909932925,1,0.066,ns
48503,Young,TX,70.52060044714149,1,0.046,HH
51019,Bedford,VA,51.13382305972533,4,0.023,HL
54033,Harrison,WV,54.02427339508144,4,0.291,ns
55127,Walworth,WI,18.029383583519643,3,0.001,LL
56043,Washakie,WY,40.32258064516129,2,0.101,ns
05093,Mississippi,AR,83.5835196422868,1,0.001,HH
05021,Clay,AR,81.15618013414245,1,0.001,HH
06059,Orange,CA,42.35068668157138,3,0.491,ns
18129,Posey,IN,20.648355158096454,3,0.321,ns
18075,Jay,IN,34.98882146279144,3,0.002,LL
19131,Mitchell,IA,26.014053018205047,3,0.001,LL
20183,Smith,KS,67.0712232513574,1,0.005,HH
33005,Cheshire,NH,16.288725646758223,3,0.011,LL
39043,Erie,OH,19.067390610028745,3,0.003,LL
41009,Columbia,OR,26.20568508463749,3,0.003,LL
42125,Washington,PA,55.74896199297349,4,0.359,ns
36017,Chenango,NY,31.57138294474609,3,0.004,LL
42099,Perry,PA,39.84350047908016,3,0.482,ns
46123,Tripp,SD,70.93580325774514,1,0.009,HH
51037,Charlotte,VA,51.341424465027146,1,0.474,ns
31073,Gosper,NE,30.884701373363143,2,0.038,LH
12086,Miami-Dade,FL,58.68732034493772,4,0.388,ns
12045,Gulf,FL,56.91472373043756,1,0.223,ns
12029,Dixie,FL,59.789204726924304,1,0.354,ns
25009,Essex,MA,49.6167358671351,3,0.253,ns
26003,Alger,MI,15.95336953050144,3,0.002,LL
42009,Bedford,PA,37.76748642606197,3,0.089,ns
46027,Clay,SD,39.30054295752156,2,0.369,ns
48141,El Paso,TX,68.92366656020441,1,0.009,HH
51650,Hampton City,VA,47.8122005748962,3,0.055,ns
05007,Benton,AR,66.92749920153305,1,0.007,HH
05003,Ashley,AR,78.2816991376557,1,0.018,HH
06051,Mono,CA,72.32513573938039,1,0.001,HH
06039,Madera,CA,59.19833918875759,1,0.016,HH
13251,Screven,GA,48.88214627914404,2,0.09,ns
13033,Burke,GA,54.72692430533376,1,0.17,ns
17111,Mchenry,IL,26.07793037368253,3,0.001,LL
19109,Kossuth,IA,32.769083359948894,3,0.021,LL
27075,Lake,MN,11.130629191951453,3,0.059,ns
28021,Claiborne,MS,47.87607793037368,2,0.159,ns
28073,Lamar,MS,77.14787607793038,1,0.001,HH
31131,Otoe,NE,49.66464388374321,3,0.338,ns
51193,Westmoreland,VA,44.32290003193868,3,0.101,ns
51153,Prince William,VA,39.188757585435965,3,0.004,LL
01085,Lowndes,AL,38.19865857553497,2,0.407,ns
01095,Marshall,AL,70.91983391887575,1,0.009,HH
12015,Charlotte,FL,56.03641009262216,1,0.131,ns
16055,Kootenai,ID,50.606834877036086,4,0.25,ns
17149,Pike,IL,61.65761737464069,1,0.295,ns
17181,Union,IL,57.4417119131268,1,0.302,ns
17059,Gallatin,IL,52.44330884701373,4,0.18,ns
37049,Craven,NC,52.986266368572345,4,0.471,ns
39155,Trumbull,OH,46.82210156499521,3,0.004,LL
42085,Mercer,PA,30.804854679016287,3,0.025,LL
30023,Deer Lodge,MT,56.41967422548706,1,0.232,ns
31127,Nemaha,NE,57.01053976365378,4,0.479,ns
28017,Chickasaw,MS,72.42095177259661,1,0.001,HH
36063,Niagara,NY,26.764611945065475,3,0.034,LL
36025,Delaware,NY,30.006387735547747,3,0.003,LL
37119,Mecklenburg,NC,46.23123602682849,3,0.319,ns
04021,Pinal,AZ,56.11625678696902,1,0.114,ns
05077,Lee,AR,58.272117534334086,1,0.136,ns
08035,Douglas,CO,84.9568827850527,1,0.001,HH
08107,Routt,CO,51.1977004152028,1,0.044,HH
17141,Ogle,IL,22.58064516129032,3,0.003,LL
18061,Harrison,IN,45.14532098371127,3,0.31,ns
21111,Jefferson,KY,50.99009900990099,4,0.046,HL
22085,Sabine,LA,74.91216863621847,1,0.037,HH
19027,Carroll,IA,31.890769722133506,3,0.037,LL
22123,West Carroll,LA,63.382305972532734,1,0.039,HH
26139,Ottawa,MI,13.126796550622805,3,0.017,LL
26007,Alpena,MI,19.514532098371127,3,0.003,LL
28125,Sharkey,MS,58.240178856595335,1,0.053,ns
36029,Erie,NY,46.07154263813479,3,0.011,LL
51053,Dinwiddie,VA,48.43500479080166,3,0.276,ns
51043,Clarke,VA,36.33024592781859,3,0.146,ns
35033,Mora,NM,77.6269562440115,1,0.001,HH
27143,Sibley,MN,25.08783136378154,3,0.001,LL
47061,Grundy,TN,57.9846694346854,1,0.41,ns
48123,De Witt,TX,56.54742893644203,4,0.431,ns
51131,Northampton,VA,49.840306611306296,2,0.228,ns
36049,Lewis,NY,17.56627275630789,3,0.011,LL
06095,Solano,CA,58.54359629511338,1,0.345,ns
37029,Camden,NC,29.144043436601724,2,0.498,ns
37041,Chowan,NC,44.39476205685085,3,0.262,ns
27155,Traverse,MN,27.30756946662408,3,0.005,LL
29189,Saint Louis,MO,37.43213030980517,3,0.004,LL
28145,Union,MS,69.45065474289365,1,0.017,HH
36051,Livingston,NY,29.750878313637813,3,0.045,LL
40147,Washington,OK,61.84924944107314,1,0.041,HH
37053,Currituck,NC,42.60619610348132,3,0.364,ns
40079,Le Flore,OK,89.84350047908016,1,0.001,HH
31107,Knox,NE,56.56339827531141,1,0.079,ns
48507,Zavala,TX,67.26285531778984,1,0.296,ns
51045,Craig,VA,34.126477163845415,3,0.053,ns
08079,Mineral,CO,51.00606834877037,1,0.019,HH
48103,Crane,TX,20.616416480357717,2,0.352,ns
47075,Haywood,TN,51.628872564675824,1,0.073,ns
54077,Preston,WV,43.88374321303098,3,0.285,ns
46055,Haakon,SD,46.38294474608751,2,0.282,ns
13261,Sumter,GA,79.19195145320984,1,0.053,ns
06015,Del Norte,CA,33.663366336633665,2,0.229,ns
36075,Oswego,NY,34.573618652187804,3,0.001,LL
06113,Yolo,CA,53.41743851804536,1,0.054,ns
45057,Lancaster,SC,39.90737783455765,2,0.5,ns
46063,Harding,SD,59.64548067709997,4,0.116,ns
29071,Franklin,MO,41.29671031619292,3,0.195,ns
34039,Union,NJ,38.19865857553498,3,0.127,ns
35059,Union,NM,84.98882146279144,1,0.001,HH
50005,Caledonia,VT,14.691791759821143,3,0.001,LL
53053,Pierce,WA,45.25710635579687,3,0.165,ns
55105,Rock,WI,24.672628553177898,3,0.001,LL
26005,Allegan,MI,17.422548706483553,3,0.001,LL
21091,Hancock,KY,28.776748642606197,3,0.088,ns
16045,Gem,ID,54.47141488342383,1,0.306,ns
35031,Mckinley,NM,48.06770999680613,2,0.001,LH
24005,Baltimore,MD,51.30948578728841,4,0.202,ns
22051,Jefferson,LA,57.25007984669435,1,0.133,ns
36079,Putnam,NY,15.586074736505909,3,0.18,ns
48299,Llano,TX,52.01213669754072,4,0.297,ns
51700,Newport News City,VA,43.80389651868413,3,0.23,ns
35025,Lea,NM,83.59948898115618,1,0.002,HH
31151,Saline,NE,36.13861386138614,2,0.493,ns
53015,Cowlitz,WA,44.55445544554456,3,0.007,LL
56023,Lincoln,WY,59.517725966145,1,0.062,ns
05057,Hempstead,AR,74.60875119770041,1,0.005,HH
13063,Clayton,GA,31.2360268284893,3,0.06,ns
17061,Greene,IL,47.33312040881508,3,0.333,ns
18109,Morgan,IN,33.28010220376876,3,0.003,LL
05047,Franklin,AR,79.41552219738102,1,0.001,HH
16027,Canyon,ID,70.31299904183967,1,0.074,ns
17199,Williamson,IL,57.40977323538806,1,0.283,ns
19197,Wright,IA,34.65346534653466,3,0.006,LL
19087,Henry,IA,42.86170552539125,3,0.409,ns
08109,Saguache,CO,77.53114021079527,1,0.003,HH
21103,Henry,KY,42.41456403704887,3,0.036,LL
39015,Brown,OH,62.5838390290642,1,0.346,ns
13299,Ware,GA,79.68700095816034,1,0.001,HH
45041,Florence,SC,60.50782497604599,1,0.034,HH
37019,Brunswick,NC,50.479080166081125,1,0.191,ns
46093,Meade,SD,59.23027786649632,4,0.379,ns
32017,Lincoln,NV,80.3577131906739,1,0.001,HH
37063,Durham,NC,43.1651229639093,3,0.285,ns
39157,Tuscarawas,OH,59.869051421271166,4,0.408,ns
41003,Benton,OR,11.450015969338867,3,0.024,LL
42111,Somerset,PA,53.88054934525711,4,0.326,ns
20149,Pottawatomie,KS,37.44809964867454,3,0.174,ns
21119,Knott,KY,59.19833918875759,1,0.017,HH
13319,Wilkinson,GA,55.82880868732035,1,0.052,ns
32027,Pershing,NV,86.3302459278186,1,0.001,HH
36065,Oneida,NY,32.705206004471414,3,0.001,LL
40031,Comanche,OK,72.4848291280741,1,0.006,HH
30091,Sheridan,MT,57.68125199616736,4,0.38,ns
23007,Franklin,ME,24.768444586394125,3,0.052,ns
37025,Cabarrus,NC,49.10571702331524,3,0.436,ns
38089,Stark,ND,20.903864580006385,3,0.052,ns
39165,Warren,OH,27.802618971574574,3,0.194,ns
39133,Portage,OH,29.41552219738103,3,0.049,LL
42063,Indiana,PA,37.32034493771958,3,0.065,ns
12003,Baker,FL,45.512615777706806,2,0.1,ns
13075,Cook,GA,75.58288086873203,1,0.003,HH
27035,Crow Wing,MN,45.640370488661766,3,0.095,ns
30087,Rosebud,MT,59.86905142127116,1,0.094,ns
28015,Carroll,MS,68.63621846055574,1,0.008,HH
38005,Benson,ND,45.36889172788247,3,0.035,LL
18035,Delaware,IN,42.90961354199936,3,0.239,ns
27061,Itasca,MN,43.91568189076972,3,0.117,ns
47093,Knox,TN,59.88502076014053,4,0.492,ns
48375,Potter,TX,79.03225806451613,1,0.049,HH
51760,Richmond City,VA,30.62919195145321,3,0.319,ns
51036,Charles City,VA,48.91408495688279,3,0.119,ns
38069,Pierce,ND,14.80357713190674,3,0.271,ns
38033,Golden Valley,ND,32.1143404663047,3,0.255,ns
47033,Crockett,TN,53.848610667518365,1,0.02,HH
30105,Valley,MT,41.16895560523794,2,0.301,ns
51015,Augusta,VA,64.5001596933887,4,0.018,HL
31099,Kearney,NE,57.840945384861065,1,0.01,HH
54107,Wood,WV,55.6371766208879,4,0.425,ns
45071,Newberry,SC,49.21750239540083,2,0.348,ns
22021,Caldwell,LA,57.28201852443309,1,0.035,HH
48041,Brazos,TX,51.08591504311722,4,0.374,ns
53077,Yakima,WA,60.61961034813159,4,0.178,ns
55055,Jefferson,WI,18.700095816033212,3,0.003,LL
48359,Oldham,TX,76.73267326732673,1,0.001,HH
20209,Wyandotte,KS,38.00702650910252,3,0.044,LL
22109,Terrebonne,LA,74.56084318109231,1,0.142,ns
40135,Sequoyah,OK,87.43213030980517,1,0.001,HH
41035,Klamath,OR,82.14627914404343,1,0.028,HH
48261,Kenedy,TX,55.709038645800064,4,0.412,ns
06003,Alpine,CA,48.16352603002235,2,0.011,LH
13295,Walker,GA,74.25742574257427,1,0.093,ns
16035,Clearwater,ID,42.07920792079207,3,0.424,ns
54031,Hardy,WV,52.04407537527946,4,0.392,ns
12007,Bradford,FL,51.90035132545513,1,0.441,ns
54103,Wetzel,WV,50.15969338869371,2,0.44,ns
39051,Fulton,OH,28.872564675822417,3,0.007,LL
47011,Bradley,TN,56.483551580964544,1,0.302,ns
48351,Newton,TX,55.03034174385181,1,0.038,HH
47007,Bledsoe,TN,58.25614819546471,4,0.457,ns
54093,Tucker,WV,45.76812519961673,3,0.298,ns
26051,Gladwin,MI,42.0153305653146,3,0.026,LL
37145,Person,NC,49.31331842861705,3,0.424,ns
32033,White Pine,NV,77.09996806132226,1,0.001,HH
18001,Adams,IN,14.468221015649952,3,0.006,LL
47035,Cumberland,TN,56.19610348131587,1,0.42,ns
32023,Nye,NV,86.21846055573299,1,0.001,HH
20103,Leavenworth,KS,37.24049824337273,3,0.026,LL
18173,Warrick,IN,30.341743851804534,3,0.045,LL
26071,Iron,MI,14.931331842861704,3,0.001,LL
28087,Lowndes,MS,67.43851804535292,1,0.157,ns
29510,Saint Louis City,MO,14.212711593740018,3,0.113,ns
27093,Meeker,MN,20.265091025231555,3,0.05,ns
47123,Monroe,TN,65.6499520919834,4,0.47,ns
28051,Holmes,MS,73.87416160970936,1,0.059,ns
28105,Oktibbeha,MS,64.78760779303737,1,0.09,ns
51071,Giles,VA,49.28137975087831,3,0.47,ns
12057,Hillsborough,FL,60.060683487703606,1,0.228,ns
13143,Haralson,GA,69.19514532098371,1,0.058,ns
20035,Cowley,KS,69.37080804854679,1,0.004,HH
21101,Henderson,KY,45.576493133184286,3,0.072,ns
48181,Grayson,TX,63.82944746087512,1,0.04,HH
01029,Cleburne,AL,68.8757585435963,1,0.004,HH
34029,Ocean,NJ,56.11625678696902,1,0.387,ns
01001,Autauga,AL,57.4417119131268,1,0.427,ns
13021,Bibb,GA,61.35419993612265,1,0.145,ns
34025,Monmouth,NJ,51.18173107633344,1,0.387,ns
35039,Rio Arriba,NM,89.39635899073778,1,0.001,HH
36117,Wayne,NY,23.71446822101565,3,0.097,ns
41041,Lincoln,OR,25.167678058128395,3,0.002,LL
51017,Bath,VA,21.97381028425423,3,0.362,ns
54019,Fayette,WV,51.96422868093261,1,0.125,ns
54039,Kanawha,WV,77.40338549984031,1,0.08,ns
21041,Carroll,KY,38.07090386458,3,0.045,LL
24031,Montgomery,MD,39.252634940913445,3,0.049,LL
25011,Franklin,MA,35.80325774512935,3,0.002,LL
28033,Desoto,MS,58.399872245289046,1,0.159,ns
48307,Mcculloch,TX,58.815075055892684,1,0.235,ns
32009,Esmeralda,NV,70.68029383583519,1,0.002,HH
18015,Carroll,IN,40.274672628553176,3,0.251,ns
26129,Ogemaw,MI,48.75439156818908,3,0.026,LL
26147,Saint Clair,MI,30.245927818588317,3,0.032,LL
44007,Providence,RI,39.3324816352603,3,0.056,ns
47125,Montgomery,TN,42.0153305653146,3,0.042,LL
48369,Parmer,TX,66.7358671351006,1,0.002,HH
51001,Accomack,VA,63.334397955924615,1,0.376,ns
28161,Yalobusha,MS,60.84318109230279,1,0.002,HH
39095,Lucas,OH,50.89428297668477,4,0.002,HL
05035,Crittenden,AR,60.0127754710955,1,0.009,HH
27053,Hennepin,MN,47.06164164803577,3,0.026,LL
31147,Richardson,NE,61.00287448099648,1,0.296,ns
41037,Lake,OR,62.74353241775791,1,0.001,HH
29091,Howell,MO,72.56467582242095,1,0.084,ns
38009,Bottineau,ND,51.83647396997765,4,0.078,ns
37185,Warren,NC,52.15586074736506,1,0.306,ns
26115,Monroe,MI,33.23219418716065,3,0.061,ns
30005,Blaine,MT,58.12839348450974,1,0.16,ns
54099,Wayne,WV,80.78888534014692,1,0.001,HH
55109,Saint Croix,WI,12.599808367933566,3,0.001,LL
08015,Chaffee,CO,59.83711274353242,1,0.037,HH
53007,Chelan,WA,43.80389651868412,3,0.196,ns
12035,Flagler,FL,48.961992973490894,2,0.246,ns
12039,Gadsden,FL,55.65314595975727,1,0.083,ns
12073,Leon,FL,47.18939635899074,2,0.376,ns
12107,Putnam,FL,66.22484829128074,1,0.393,ns
50021,Rutland,VT,22.13350367294794,3,0.001,LL
01101,Montgomery,AL,53.96039603960397,1,0.228,ns
05105,Perry,AR,60.49185563717661,1,0.009,HH
26157,Tuscola,MI,33.20025550942191,3,0.004,LL
38037,Grant,ND,28.18588310443948,3,0.029,LL
55017,Chippewa,WI,17.21494730118173,3,0.001,LL
18009,Blackford,IN,39.79559246247206,3,0.154,ns
18179,Wells,IN,25.183647396997763,3,0.044,LL
20045,Douglas,KS,28.920472692430536,3,0.028,LL
20085,Jackson,KS,49.00990099009901,3,0.23,ns
13013,Barrow,GA,31.69913765570105,3,0.143,ns
13271,Telfair,GA,71.12743532417758,1,0.01,HH
17135,Montgomery,IL,59.27818588310444,4,0.407,ns
18093,Lawrence,IN,41.79175982114341,3,0.055,ns
19137,Montgomery,IA,46.91791759821143,2,0.315,ns
21209,Scott,KY,40.24273395081443,3,0.061,ns
21177,Muhlenberg,KY,57.23411050782498,4,0.223,ns
22007,Assumption,LA,53.97636537847333,1,0.029,HH
12113,Santa Rosa,FL,53.97636537847333,1,0.195,ns
12095,Orange,FL,45.56052379431491,2,0.285,ns
12117,Seminole,FL,43.72404982433727,2,0.346,ns
12131,Walton,FL,46.59853082082402,2,0.108,ns
13087,Decatur,GA,58.44778026189715,1,0.106,ns
13095,Dougherty,GA,73.68252954327691,1,0.01,HH
06019,Fresno,CA,61.62567869690195,1,0.019,HH
13303,Washington,GA,54.56723091664005,4,0.467,ns
18059,Hancock,IN,24.86426061961035,3,0.08,ns
20087,Jefferson,KS,31.37975087831364,3,0.12,ns
32007,Elko,NV,85.80325774512934,1,0.001,HH
22105,Tangipahoa,LA,66.5761737464069,1,0.013,HH
22121,West Baton Rouge,LA,28.744809964867454,3,0.23,ns
01063,Greene,AL,26.429255828808685,3,0.229,ns
36053,Madison,NY,17.454487384222293,3,0.004,LL
37163,Sampson,NC,66.75183647396997,1,0.132,ns
40131,Rogers,OK,65.20281060364101,1,0.026,HH
40063,Hughes,OK,79.55924624720537,1,0.001,HH
47085,Humphreys,TN,37.27243692111146,3,0.079,ns
48401,Rusk,TX,70.28106036410092,1,0.014,HH
48419,Shelby,TX,69.65825614819546,1,0.051,ns
13205,Mitchell,GA,75.50303417438519,1,0.019,HH
13275,Thomas,GA,62.75950175662727,1,0.094,ns
28157,Wilkinson,MS,47.7004152028106,2,0.337,ns
28011,Bolivar,MS,83.82305972532737,1,0.013,HH
28025,Clay,MS,65.47428936442031,1,0.009,HH
28085,Lincoln,MS,76.09389971255192,1,0.007,HH
08049,Grand,CO,59.38997125519004,1,0.071,ns
21179,Nelson,KY,43.83583519642286,3,0.106,ns
26155,Shiawassee,MI,28.569147237304374,3,0.002,LL
26039,Crawford,MI,31.571382944746084,3,0.001,LL
29113,Lincoln,MO,46.15138933248164,3,0.383,ns
51013,Arlington,VA,22.94793995528585,3,0.005,LL
18057,Hamilton,IN,24.25742574257426,3,0.027,LL
29019,Boone,MO,49.53688917278825,2,0.11,ns
18133,Putnam,IN,35.036729479399554,3,0.043,LL
19057,Des Moines,IA,53.67294793995529,4,0.169,ns
51161,Roanoke,VA,24.80038326413286,3,0.032,LL
19115,Louisa,IA,39.66783775151709,3,0.055,ns
55077,Marquette,WI,17.023315234749283,3,0.004,LL
53021,Franklin,WA,45.60843181092303,3,0.238,ns
56007,Carbon,WY,58.7511977004152,1,0.074,ns
39111,Monroe,OH,55.55732992654104,1,0.288,ns
48149,Fayette,TX,44.49057809006707,2,0.452,ns
47015,Cannon,TN,33.02459278185883,3,0.306,ns
54063,Monroe,WV,54.00830405621208,4,0.263,ns
28047,Harrison,MS,77.49920153305652,1,0.001,HH
54067,Nicholas,WV,53.24177579048227,1,0.278,ns
53035,Kitsap,WA,33.12040881507506,3,0.218,ns
55045,Green,WI,9.50175662727563,3,0.002,LL
04009,Graham,AZ,74.03385499840306,1,0.034,HH
05115,Pope,AR,78.40945384861067,1,0.026,HH
41005,Clackamas,OR,33.02459278185883,3,0.004,LL
20065,Graham,KS,60.74736505908656,1,0.085,ns
20089,Jewell,KS,69.33886937080806,1,0.094,ns
27077,Lake Of The Woods,MN,25.231555413605875,3,0.271,ns
31021,Burt,NE,49.63270520600447,2,0.472,ns
05131,Sebastian,AR,75.40721814116895,1,0.001,HH
08033,Dolores,CO,68.20504631108271,1,0.003,HH
13073,Columbia,GA,42.59022676461195,3,0.031,LL
16031,Cassia,ID,80.7409773235388,1,0.001,HH
18019,Clark,IN,46.48674544873842,3,0.104,ns
54075,Pocahontas,WV,48.22740338549984,3,0.176,ns
18135,Randolph,IN,41.95145320983711,3,0.079,ns
54081,Raleigh,WV,61.57777068029383,1,0.07,ns
54109,Wyoming,WV,61.88118811881188,1,0.019,HH
06043,Mariposa,CA,74.03385499840307,1,0.087,ns
08123,Weld,CO,84.01469179175982,1,0.001,HH
19091,Humboldt,IA,45.27307569466624,3,0.04,LL
20177,Shawnee,KS,39.54008304056212,3,0.035,LL
21229,Washington,KY,44.18716065154903,3,0.209,ns
26135,Oscoda,MI,45.59246247205365,3,0.001,LL
31081,Hamilton,NE,47.71638454167997,2,0.297,ns
55019,Clark,WI,23.95400830405621,3,0.001,LL
30011,Carter,MT,57.840945384861065,1,0.469,ns
20143,Ottawa,KS,31.906739061002877,3,0.331,ns
20157,Republic,KS,52.9543276908336,1,0.079,ns
31051,Dixon,NE,65.61801341424464,1,0.124,ns
27127,Redwood,MN,59.74129671031619,4,0.096,ns
55031,Douglas,WI,18.061322261258383,3,0.001,LL
20117,Marshall,KS,56.99457042478441,4,0.352,ns
22035,East Carroll,LA,76.42925582880869,1,0.065,ns
24039,Somerset,MD,60.1245608431811,1,0.204,ns
35049,Santa Fe,NM,92.6700734589588,1,0.001,HH
05031,Craighead,AR,86.218460555733,1,0.001,HH
12101,Pasco,FL,61.721494730118174,1,0.214,ns
13101,Echols,GA,52.04407537527947,1,0.141,ns
18029,Dearborn,IN,16.911529862663684,3,0.004,LL
19005,Allamakee,IA,9.549664643883744,3,0.001,LL
37187,Washington,NC,40.8655381667199,2,0.225,ns
39151,Stark,OH,49.98403066113063,3,0.146,ns
40115,Ottawa,OK,72.99584797189397,1,0.001,HH
42033,Clearfield,PA,35.62759501756627,3,0.005,LL
47053,Gibson,TN,70.85595656339828,1,0.02,HH
47147,Robertson,TN,40.41839667837752,3,0.037,LL
21033,Caldwell,KY,45.06547428936442,3,0.485,ns
05049,Fulton,AR,56.88278505269882,1,0.016,HH
22025,Catahoula,LA,70.05748961992974,1,0.121,ns
22041,Franklin,LA,72.97987863302458,1,0.087,ns
13193,Macon,GA,66.36857234110508,1,0.075,ns
27169,Winona,MN,10.954966464388376,3,0.001,LL
37117,Martin,NC,56.45161290322581,1,0.358,ns
39001,Adams,OH,65.52219738102842,1,0.047,HH
34009,Cape May,NJ,53.97636537847333,1,0.151,ns
31155,Saunders,NE,29.49536889172788,3,0.231,ns
13189,Mcduffie,GA,48.65857553497285,3,0.157,ns
13175,Laurens,GA,70.29702970297029,1,0.191,ns
41059,Umatilla,OR,62.903225806451616,4,0.365,ns
13085,Dawson,GA,25.29543276908336,3,0.111,ns
13163,Jefferson,GA,54.67901628872565,1,0.488,ns
40071,Kay,OK,81.74704567230917,1,0.004,HH
36113,Warren,NY,19.35483870967742,3,0.006,LL
36091,Saratoga,NY,21.957840945384863,3,0.001,LL
22095,St John The Baptist,LA,54.95049504950495,1,0.064,ns
48223,Hopkins,TX,67.85372085595657,1,0.05,ns
32001,Churchill,NV,72.51676780581283,1,0.001,HH
48491,Williamson,TX,53.01820504631108,1,0.269,ns
56045,Weston,WY,54.47141488342383,1,0.129,ns
06023,Humboldt,CA,56.930693069306926,1,0.271,ns
34035,Somerset,NJ,37.06483551580964,3,0.217,ns
48193,Hamilton,TX,40.92941552219738,3,0.46,ns
48197,Hardeman,TX,48.21143404663047,2,0.104,ns
17179,Tazewell,IL,40.57809006707122,3,0.083,ns
08125,Yuma,CO,59.86905142127116,1,0.063,ns
19161,Sac,IA,30.740977323538804,3,0.194,ns
19167,Sioux,IA,33.23219418716065,3,0.059,ns
48083,Coleman,TX,71.3829447460875,1,0.062,ns
13015,Bartow,GA,56.14819546470776,1,0.401,ns
40113,Osage,OK,76.17374640689874,1,0.004,HH
36001,Albany,NY,17.18300862344299,3,0.001,LL
28063,Jefferson,MS,48.56275950175663,2,0.052,ns
47103,Lincoln,TN,53.4972852123922,4,0.3,ns
51113,Madison,VA,45.752155860747365,3,0.143,ns
40005,Atoka,OK,63.541999361226445,1,0.001,HH
19049,Dallas,IA,36.72947939955286,3,0.039,LL
38067,Pembina,ND,45.65633982753114,2,0.427,ns
05065,Izard,AR,67.56627275630788,1,0.008,HH
51510,Alexandria City,VA,21.30309805174066,3,0.081,ns
51530,Buena Vista City,VA,28.840625998083677,3,0.236,ns
19153,Polk,IA,47.12551900351325,3,0.007,LL
12105,Polk,FL,62.8553177898435,1,0.198,ns
13099,Early,GA,62.04088150750559,1,0.395,ns
48443,Terrell,TX,46.53465346534653,3,0.482,ns
17191,Wayne,IL,63.030980517406576,4,0.454,ns
12119,Sumter,FL,46.02363462152667,2,0.104,ns
48051,Burleson,TX,46.43883743213031,3,0.426,ns
51061,Fauquier,VA,35.419993612264456,3,0.051,ns
36115,Washington,NY,23.77834557649313,3,0.001,LL
48473,Waller,TX,55.42957521558608,1,0.403,ns
26027,Cass,MI,18.04535292238901,3,0.002,LL
16029,Caribou,ID,60.02874480996487,1,0.001,HH
12115,Sarasota,FL,50.2714787607793,1,0.252,ns
13107,Emanuel,GA,61.56180134142447,1,0.119,ns
13263,Talbot,GA,33.79112104758863,3,0.343,ns
42133,York,PA,59.67741935483871,1,0.422,ns
31053,Dodge,NE,48.307250079846696,3,0.072,ns
37077,Granville,NC,49.39316512296391,2,0.493,ns
42003,Allegheny,PA,54.80677099968061,4,0.14,ns
06105,Trinity,CA,54.50335356116257,1,0.008,HH
17069,Hardin,IL,46.31108272117535,2,0.353,ns
13187,Lumpkin,GA,35.100606834877034,3,0.221,ns
40069,Johnston,OK,77.86649632705206,1,0.001,HH
48339,Montgomery,TX,57.53752794634303,1,0.127,ns
40091,Mcintosh,OK,78.18588310443947,1,0.001,HH
40095,Marshall,OK,67.00734589587991,1,0.003,HH
48395,Robertson,TX,40.80166081124241,2,0.299,ns
55111,Sauk,WI,13.893324816352605,3,0.001,LL
05117,Prairie,AR,60.98690514212712,1,0.013,HH
55079,Milwaukee,WI,21.478760779303737,3,0.001,LL
55053,Jackson,WI,13.318428617055254,3,0.001,LL
55083,Oconto,WI,4.982433727243691,3,0.001,LL
55125,Vilas,WI,3.114021079527308,3,0.001,LL
06027,Inyo,CA,76.87639731715106,1,0.003,HH
37097,Iredell,NC,46.32705206004472,2,0.428,ns
05119,Pulaski,AR,56.48355158096455,1,0.032,HH
29217,Vernon,MO,73.87416160970936,1,0.097,ns
17015,Carroll,IL,27.49920153305653,3,0.004,LL
13147,Hart,GA,43.915681890769726,2,0.352,ns
17001,Adams,IL,61.64164803577131,1,0.144,ns
48457,Tyler,TX,61.833280102203766,1,0.138,ns
13171,Lamar,GA,44.53848610667518,3,0.222,ns
48373,Polk,TX,55.47748323219419,1,0.047,HH
06067,Sacramento,CA,56.54742893644203,1,0.099,ns
40127,Pushmataha,OK,82.40178856595338,1,0.001,HH
51079,Greene,VA,29.383583519642286,2,0.493,ns
39013,Belmont,OH,70.39284573618652,1,0.366,ns
55129,Washburn,WI,14.580006387735548,3,0.001,LL
05103,Ouachita,AR,59.45384861066752,1,0.063,ns
45029,Colleton,SC,71.63845416799745,1,0.285,ns
42019,Butler,PA,24.12967103161929,3,0.019,LL
05133,Sevier,AR,75.43915681890769,1,0.024,HH
39093,Lorain,OH,32.99265410412009,3,0.003,LL
22101,Saint Mary,LA,66.54423506866816,1,0.056,ns
29163,Pike,MO,66.83168316831683,1,0.2,ns
40035,Craig,OK,69.2590226764612,1,0.004,HH
20173,Sedgwick,KS,69.99361226445225,1,0.076,ns
18073,Jasper,IN,23.45895879910572,3,0.002,LL
06055,Napa,CA,53.209837112743536,1,0.203,ns
48301,Loving,TX,0.1676780581283934,2,0.04,LH
29101,Johnson,MO,44.79399552858512,3,0.48,ns
08014,Broomfield,CO,58.288086873203454,1,0.001,HH
51139,Page,VA,57.15426381347813,4,0.125,ns
54053,Mason,WV,76.8604279782817,1,0.029,HH
01133,Winston,AL,65.55413605876717,1,0.044,HH
01105,Perry,AL,36.69754072181412,3,0.269,ns
39105,Meigs,OH,58.89492175023954,1,0.15,ns
46017,Buffalo,SD,44.93771957840946,2,0.298,ns
46095,Mellette,SD,57.4417119131268,1,0.005,HH
36013,Chautauqua,NY,32.353880549345256,3,0.055,ns
11001,District Of Columbia,DC,37.320344937719575,3,0.03,LL
10003,New Castle,DE,54.83870967741935,1,0.411,ns
08031,Denver,CO,72.82018524433087,1,0.001,HH
34027,Morris,NJ,43.468540402427344,3,0.029,LL
01065,Hale,AL,30.565314595975725,3,0.12,ns
39167,Washington,OH,58.000638773554776,4,0.444,ns
54013,Calhoun,WV,40.76972213350367,3,0.289,ns
42039,Crawford,PA,34.01469179175982,3,0.017,LL
46121,Todd,SD,74.19354838709677,1,0.003,HH
30021,Dawson,MT,48.06770999680613,3,0.034,LL
48337,Montague,TX,65.9214308527627,1,0.017,HH
30083,Richland,MT,29.367614180772915,3,0.173,ns
48179,Gray,TX,81.22005748961993,1,0.042,HH
05055,Greene,AR,83.69530501437241,1,0.001,HH
13001,Appling,GA,66.81571382944746,1,0.001,HH
01051,Elmore,AL,59.086553816672,1,0.253,ns
13077,Coweta,GA,44.953688917278825,3,0.353,ns
18039,Elkhart,IN,41.472373043756,3,0.002,LL
37197,Yadkin,NC,53.89651868412648,1,0.36,ns
01021,Chilton,AL,58.12839348450974,4,0.283,ns
39173,Wood,OH,16.256786969019483,3,0.001,LL
36119,Westchester,NY,45.38486106675184,3,0.026,LL
22071,Orleans,LA,54.71095496646439,1,0.133,ns
54057,Mineral,WV,45.40083040562121,3,0.362,ns
01127,Walker,AL,60.060683487703606,1,0.138,ns
54061,Monongalia,WV,46.13541999361227,2,0.487,ns
54073,Pleasants,WV,39.02906419674225,2,0.427,ns
36083,Rensselaer,NY,15.138933248163529,3,0.001,LL
37045,Cleveland,NC,56.86681571382944,1,0.435,ns
37071,Gaston,NC,51.82050463110826,4,0.458,ns
34011,Cumberland,NJ,71.52666879591186,1,0.278,ns
08037,Eagle,CO,53.36953050143724,1,0.152,ns
48237,Jack,TX,68.84381986585755,1,0.011,HH
01037,Coosa,AL,35.96295113382306,2,0.092,ns
12111,Saint Lucie,FL,51.612903225806456,1,0.439,ns
01067,Henry,AL,58.35196422868093,1,0.159,ns
06087,Santa Cruz,CA,49.31331842861705,2,0.488,ns
20099,Labette,KS,62.67965506228042,1,0.025,HH
13009,Baldwin,GA,63.52603002235708,1,0.364,ns
22087,Saint Bernard,LA,66.08112424145641,1,0.303,ns
51800,Suffolk City,VA,67.18300862344299,4,0.284,ns
08059,Jefferson,CO,88.74161609709358,1,0.001,HH
54071,Pendleton,WV,39.28457361865219,2,0.405,ns
51185,Tazewell,VA,64.06898754391568,1,0.207,ns
29045,Clark,MO,70.74417119131269,1,0.019,HH
34033,Salem,NJ,57.40977323538805,1,0.156,ns
42123,Warren,PA,26.10986905142127,3,0.003,LL
38035,Grand Forks,ND,24.73650590865538,3,0.354,ns
40041,Delaware,OK,72.14947301181732,1,0.001,HH
08053,Hinsdale,CO,50.84637496007665,1,0.06,ns
01087,Macon,AL,59.85308208240179,1,0.123,ns
51035,Carroll,VA,61.46598530820823,1,0.248,ns
06061,Placer,CA,55.01437240498243,1,0.003,HH
39103,Medina,OH,21.62248482912808,3,0.084,ns
40033,Cotton,OK,56.08431810923028,1,0.001,HH
40065,Jackson,OK,71.03161929096136,1,0.025,HH
22073,Ouachita,LA,66.09709358032578,1,0.233,ns
08041,El Paso,CO,94.53848610667518,1,0.001,HH
54085,Ritchie,WV,45.6244011497924,3,0.191,ns
51063,Floyd,VA,58.49568827850527,4,0.277,ns
30025,Fallon,MT,41.6320664324497,3,0.117,ns
30079,Prairie,MT,29.032258064516128,3,0.302,ns
48049,Brown,TX,61.06675183647397,1,0.311,ns
48135,Ector,TX,72.22931970616416,1,0.466,ns
49015,Emery,UT,68.42861705525391,1,0.001,HH
36085,Richmond,NY,41.935483870967744,3,0.271,ns
37055,Dare,NC,44.92175023954008,2,0.4,ns
31023,Butler,NE,44.98562759501757,3,0.067,ns
48277,Lamar,TX,82.03449377195784,1,0.003,HH
20041,Dickinson,KS,48.65857553497285,3,0.121,ns
16053,Jerome,ID,82.81699137655701,1,0.001,HH
39107,Mercer,OH,14.675822420951771,3,0.002,LL
17105,Livingston,IL,41.55221973810284,3,0.015,LL
19061,Dubuque,IA,21.15937400191632,3,0.001,LL
16065,Madison,ID,79.35164484190355,1,0.005,HH
22075,Plaquemines,LA,59.27818588310444,1,0.188,ns
22077,Pointe Coupee,LA,41.34461833280102,2,0.475,ns
30063,Missoula,MT,49.98403066113063,3,0.478,ns
49019,Grand,UT,59.16640051101884,1,0.001,HH
48029,Bexar,TX,53.65697860108592,1,0.465,ns
13221,Oglethorpe,GA,36.6017246885979,3,0.064,ns
13225,Peach,GA,69.59437879271798,1,0.098,ns
39027,Clinton,OH,50.31938677738741,4,0.421,ns
13243,Randolph,GA,64.56403704886617,1,0.234,ns
13159,Jasper,GA,39.013094857872886,3,0.257,ns
48239,Jackson,TX,59.18236984988822,4,0.486,ns
13285,Troup,GA,59.421909932928784,1,0.322,ns
13025,Brantley,GA,63.90929415522197,1,0.018,HH
13029,Bryan,GA,54.31172149473012,1,0.254,ns
48289,Leon,TX,51.35739380389652,1,0.179,ns
06047,Merced,CA,58.176301501117855,1,0.123,ns
12085,Martin,FL,50.06387735547748,2,0.289,ns
48475,Ward,TX,69.33886937080806,4,0.131,ns
48485,Wichita,TX,80.54934525710635,1,0.043,HH
36011,Cayuga,NY,42.41456403704886,3,0.005,LL
37091,Hertford,NC,48.53082082401788,3,0.22,ns
08093,Park,CO,57.34589587991057,1,0.022,HH
08119,Teller,CO,58.25614819546471,1,0.001,HH
49041,Sevier,UT,79.00031938677739,1,0.001,HH
49045,Tooele,UT,86.25039923347174,1,0.001,HH
48323,Maverick,TX,46.2791440434366,2,0.247,ns
12121,Suwannee,FL,49.80836793356755,2,0.491,ns
49051,Wasatch,UT,65.9693388693708,1,0.001,HH
41045,Malheur,OR,76.76461194506547,1,0.009,HH
13113,Fayette,GA,26.90833599488981,3,0.112,ns
21071,Floyd,KY,72.93197061641648,1,0.025,HH
08075,Logan,CO,82.35388054934526,1,0.008,HH
39113,Montgomery,OH,50.19163206643245,3,0.022,LL
08077,Mesa,CO,92.92558288086872,1,0.001,HH
19089,Howard,IA,21.31906739061003,3,0.001,LL
17129,Menard,IL,30.61322261258384,3,0.236,ns
48333,Mills,TX,25.119770041520283,3,0.388,ns
17133,Monroe,IL,14.883423826253594,3,0.081,ns
41019,Douglas,OR,59.88502076014053,1,0.347,ns
55023,Crawford,WI,10.986905142127116,3,0.001,LL
48207,Haskell,TX,75.7745129351645,1,0.13,ns
40083,Logan,OK,65.72979878633025,1,0.014,HH
53027,Grays Harbor,WA,48.371127435324176,3,0.008,LL
53043,Lincoln,WA,40.59405940594059,2,0.38,ns
53047,Okanogan,WA,50.415202810603645,4,0.22,ns
19133,Monona,IA,51.72468859789205,1,0.28,ns
13265,Taliaferro,GA,22.51676780581284,3,0.188,ns
40055,Greer,OK,61.46598530820824,1,0.007,HH
13273,Terrell,GA,71.68636218460556,1,0.006,HH
24035,Queen Annes,MD,45.97572660491856,2,0.39,ns
39121,Noble,OH,47.97189396358991,2,0.073,ns
08099,Prowers,CO,87.19259022676461,1,0.026,HH
16057,Latah,ID,39.41232832960715,3,0.236,ns
51073,Gloucester,VA,50.57489619929734,4,0.474,ns
08103,Rio Blanco,CO,67.51836473969976,1,0.025,HH
48371,Pecos,TX,67.43851804535292,4,0.038,HL
19125,Marion,IA,40.114979239859466,3,0.102,ns
39135,Preble,OH,36.13861386138614,3,0.133,ns
13241,Rabun,GA,37.22452890450336,3,0.107,ns
29213,Taney,MO,72.38901309485786,1,0.207,ns
48315,Marion,TX,75.91823698498882,1,0.011,HH
05143,Washington,AR,65.05908655381667,1,0.017,HH
53057,Skagit,WA,35.659533695305015,3,0.176,ns
53065,Stevens,WA,55.11018843819866,4,0.376,ns
48321,Matagorda,TX,59.32609389971255,1,0.4,ns
25015,Hampshire,MA,38.981156180134136,3,0.124,ns
40097,Mayes,OK,75.19961673586714,1,0.008,HH
12069,Lake,FL,54.02427339508144,1,0.405,ns
10001,Kent,DE,63.78153944426701,4,0.483,ns
39071,Highland,OH,75.56691152986267,1,0.077,ns
13059,Clarke,GA,39.23666560204408,3,0.036,LL
19143,Osceola,IA,30.245927818588317,3,0.005,LL
08111,San Juan,CO,50.31938677738742,1,0.032,HH
19149,Plymouth,IA,53.75279463430214,4,0.208,ns
51085,Hanover,VA,37.639731715107,3,0.009,LL
19129,Mills,IA,38.37432130309805,3,0.48,ns
45073,Oconee,SC,52.31555413605877,4,0.137,ns
05033,Crawford,AR,83.51964228680933,1,0.001,HH
48203,Harrison,TX,67.80581283934845,1,0.008,HH
36043,Herkimer,NY,24.624720536569782,3,0.005,LL
53073,Whatcom,WA,33.4238262535931,3,0.305,ns
13313,Whitfield,GA,57.39380389651869,1,0.098,ns
53017,Douglas,WA,46.75822420951772,2,0.488,ns
13065,Clinch,GA,70.28106036410092,1,0.135,ns
16003,Adams,ID,51.78856595336953,1,0.39,ns
48219,Hockley,TX,69.21111465985308,1,0.001,HH
17153,Pulaski,IL,47.95592462472053,2,0.111,ns
13053,Chattahoochee,GA,35.67550303417438,3,0.384,ns
05121,Randolph,AR,79.52730756946661,1,0.001,HH
05145,White,AR,84.66943468540401,1,0.001,HH
29089,Howard,MO,48.86617694027467,2,0.117,ns
48275,Knox,TX,64.34046630469498,1,0.201,ns
34031,Passaic,NJ,32.066432449696585,3,0.089,ns
30007,Broadwater,MT,52.251676780581285,1,0.2,ns
13169,Jones,GA,61.03481315873523,1,0.283,ns
36077,Otsego,NY,23.331204088150752,3,0.002,LL
48159,Franklin,TX,68.0613222612584,1,0.015,HH
40049,Garvin,OK,69.06739061002875,1,0.005,HH
36041,Hamilton,NY,40.27467262855318,3,0.002,LL
42103,Pike,PA,33.96678377515171,3,0.08,ns
50019,Orleans,VT,22.117534334078567,3,0.001,LL
13071,Colquitt,GA,75.83839029064197,1,0.001,HH
50007,Chittenden,VT,16.703928457361865,3,0.001,LL
30073,Pondera,MT,57.617374640689874,1,0.258,ns
55021,Columbia,WI,22.1015649952092,3,0.001,LL
31173,Thurston,NE,85.53177898435004,1,0.112,ns
05147,Woodruff,AR,68.34877036090705,1,0.004,HH
40107,Okfuskee,OK,72.93197061641648,1,0.001,HH
48409,San Patricio,TX,63.68572341105078,1,0.139,ns
28121,Rankin,MS,60.15649952091984,1,0.064,ns
35009,Curry,NM,86.55381667198978,1,0.001,HH
28083,Leflore,MS,74.11370169274991,1,0.004,HH
48199,Hardin,TX,59.98083679335676,1,0.031,HH
51125,Nelson,VA,39.20472692430533,3,0.135,ns
47087,Jackson,TN,46.2791440434366,3,0.348,ns
48391,Refugio,TX,63.01501117853721,1,0.37,ns
12023,Columbia,FL,52.63494091344619,1,0.426,ns
20005,Atchison,KS,48.40306611306292,3,0.372,ns
01073,Jefferson,AL,51.24560843181092,1,0.317,ns
48225,Houston,TX,68.66815713829448,1,0.044,HH
54051,Marshall,WV,54.45544554455446,1,0.286,ns
51155,Pulaski,VA,58.38390290641968,1,0.421,ns
29063,Dekalb,MO,50.95816033216225,1,0.147,ns
13145,Harris,GA,36.48993931651229,2,0.323,ns
13153,Houston,GA,68.2689236665602,1,0.009,HH
08027,Custer,CO,62.21654423506867,1,0.001,HH
29179,Reynolds,MO,56.53145959757266,1,0.062,ns
48411,San Saba,TX,34.42989460236346,3,0.447,ns
08043,Fremont,CO,84.0785691472373,1,0.002,HH
48479,Webb,TX,45.416799744490575,3,0.184,ns
21199,Pulaski,KY,79.01628872564676,1,0.032,HH
20193,Thomas,KS,56.4516129032258,1,0.261,ns
49003,Box Elder,UT,88.96518684126477,1,0.001,HH
47115,Marion,TN,51.916320664324495,1,0.355,ns
27025,Chisago,MN,28.617055253912486,3,0.006,LL
37175,Transylvania,NC,25.53497285212392,3,0.303,ns
30103,Treasure,MT,52.12392206962632,1,0.033,HH
53067,Thurston,WA,37.12871287128713,3,0.252,ns
26015,Barry,MI,17.58224209517726,3,0.001,LL
49023,Juab,UT,86.77738741616096,1,0.001,HH
51101,King William,VA,30.86873203449377,3,0.211,ns
13047,Catoosa,GA,48.62663685723411,2,0.119,ns
34003,Bergen,NJ,44.44267007345896,3,0.023,LL
48487,Wilbarger,TX,68.18907697221334,1,0.08,ns
41011,Coos,OR,46.59853082082402,3,0.39,ns
04027,Yuma,AZ,43.38869370808048,2,0.491,ns
17161,Rock Island,IL,30.54934525710636,3,0.037,LL
21069,Fleming,KY,51.77259661450016,1,0.443,ns
55078,Menominee,WI,6.755030341743852,3,0.001,LL
40045,Ellis,OK,59.74129671031619,1,0.002,HH
51005,Alleghany,VA,33.503672947939954,3,0.016,LL
46023,Charles Mix,SD,65.6978601085915,1,0.198,ns
47069,Hardeman,TN,56.27595017566273,1,0.074,ns
30035,Glacier,MT,49.60076652826573,2,0.294,ns
30067,Park,MT,48.75439156818908,2,0.348,ns
13105,Elbert,GA,62.93516448419035,4,0.018,HL
30089,Sanders,MT,41.69594378792718,3,0.338,ns
48467,Van Zandt,TX,70.00958160332162,1,0.049,HH
31067,Gage,NE,47.76429255828809,3,0.466,ns
22097,Saint Landry,LA,63.382305972532734,1,0.168,ns
23013,Knox,ME,18.572341105078248,3,0.013,LL
32019,Lyon,NV,91.26477163845416,1,0.009,HH
01033,Colbert,AL,63.06291919514532,1,0.067,ns
22061,Lincoln,LA,48.722452890450334,2,0.183,ns
06017,El Dorado,CA,60.85915043117216,1,0.108,ns
16079,Shoshone,ID,51.00606834877036,4,0.093,ns
47189,Wilson,TN,28.0102203768764,3,0.069,ns
38057,Mercer,ND,21.46279144043437,3,0.028,LL
47171,Unicoi,TN,46.56659214308527,3,0.295,ns
56015,Goshen,WY,70.456723091664,1,0.005,HH
27103,Nicollet,MN,31.09230277866497,3,0.006,LL
53023,Garfield,WA,33.487703609070586,3,0.19,ns
29031,Cape Girardeau,MO,67.3427020121367,1,0.078,ns
40117,Pawnee,OK,74.35324177579048,1,0.006,HH
37173,Swain,NC,42.095177259661455,3,0.317,ns
51047,Culpeper,VA,48.147556691152985,3,0.038,LL
36107,Tioga,NY,30.980517406579366,3,0.012,LL
37099,Jackson,NC,42.44650271478761,3,0.147,ns
48035,Bosque,TX,50.43117214947301,1,0.179,ns
17151,Pope,IL,39.92334717342703,2,0.333,ns
19019,Buchanan,IA,22.452890450335357,3,0.001,LL
47049,Fentress,TN,58.9747684445864,1,0.432,ns
17167,Sangamon,IL,55.49345257106356,4,0.403,ns
20059,Franklin,KS,59.613541999361225,4,0.014,HL
41029,Jackson,OR,59.03864580006388,1,0.011,HH
16043,Fremont,ID,67.64611945065474,1,0.028,HH
31089,Holt,NE,72.46885978920474,1,0.339,ns
29095,Jackson,MO,38.27850526988183,3,0.094,ns
51099,King George,VA,35.06866815713829,3,0.174,ns
48055,Caldwell,TX,58.51165761737464,1,0.408,ns
51103,Lancaster,VA,37.38422229319706,3,0.19,ns
29041,Chariton,MO,70.00958160332162,1,0.102,ns
30013,Cascade,MT,74.06579367614181,1,0.125,ns
51115,Mathews,VA,62.83934845097413,4,0.469,ns
40013,Bryan,OK,75.00798466943469,1,0.001,HH
48477,Washington,TX,46.59853082082402,3,0.486,ns
39053,Gallia,OH,67.43851804535292,1,0.014,HH
47065,Hamilton,TN,55.34972852123922,1,0.372,ns
31161,Sheridan,NE,70.20121366975408,1,0.001,HH
17085,Jo Daviess,IL,15.793676141807728,3,0.001,LL
46031,Corson,SD,63.46215266687959,4,0.384,ns
29107,Lafayette,MO,50.01596933886937,2,0.376,ns
42091,Montgomery,PA,37.00095816033216,2,0.496,ns
24033,Prince Georges,MD,46.35899073778346,3,0.026,LL
51119,Middlesex,VA,46.56659214308528,2,0.319,ns
16073,Owyhee,ID,55.70105397636537,1,0.001,HH
20043,Doniphan,KS,53.3375918236985,1,0.254,ns
37075,Graham,NC,39.316512296390925,2,0.498,ns
01075,Lamar,AL,39.26860427978282,2,0.189,ns
13069,Coffee,GA,91.1370169274992,1,0.001,HH
08091,Ouray,CO,50.83040562120728,1,0.192,ns
37089,Henderson,NC,35.70744171191313,3,0.043,LL
16039,Elmore,ID,77.0201213669754,1,0.039,HH
16051,Jefferson,ID,78.80868732034494,1,0.001,HH
18089,Lake,IN,38.15075055892686,3,0.005,LL
42081,Lycoming,PA,41.99936122644522,3,0.005,LL
34019,Hunterdon,NJ,38.43819865857554,3,0.257,ns
51173,Smyth,VA,59.34206323858192,1,0.171,ns
51177,Spotsylvania,VA,29.86266368572341,3,0.038,LL
31153,Sarpy,NE,38.869370808048544,3,0.183,ns
40057,Harmon,OK,66.7358671351006,1,0.021,HH
13279,Toombs,GA,57.45768125199616,1,0.099,ns
20077,Harper,KS,81.65122963909295,1,0.001,HH
01117,Shelby,AL,49.28137975087832,2,0.366,ns
05013,Calhoun,AR,49.76045991695944,2,0.083,ns
36021,Columbia,NY,15.969338869370809,3,0.002,LL
13301,Warren,GA,48.019801980198025,3,0.111,ns
41043,Linn,OR,42.68604279782817,3,0.013,LL
46053,Gregory,SD,57.85691472373043,1,0.021,HH
48407,San Jacinto,TX,51.66081124241456,1,0.089,ns
17013,Calhoun,IL,46.88597892047269,3,0.308,ns
12009,Brevard,FL,57.15426381347813,4,0.469,ns
31157,Scotts Bluff,NE,84.66943468540401,1,0.003,HH
38063,Nelson,ND,48.41903545193229,3,0.047,LL
23001,Androscoggin,ME,25.3273714468221,3,0.006,LL
48497,Wise,TX,55.60523794314915,1,0.051,ns
47149,Rutherford,TN,44.84190354519323,3,0.048,LL
26061,Houghton,MI,7.202171830086234,3,0.001,LL
21131,Leslie,KY,55.31778984350048,1,0.04,HH
37085,Harnett,NC,61.529862663685726,1,0.311,ns
21193,Perry,KY,63.60587671670393,1,0.055,ns
17043,Dupage,IL,19.865857553497285,3,0.016,LL
27003,Anoka,MN,47.8122005748962,3,0.037,LL
06007,Butte,CA,72.45289045033536,1,0.001,HH
27145,Stearns,MN,47.46087511977005,3,0.003,LL
27141,Sherburne,MN,45.80006387735548,3,0.081,ns
29097,Jasper,MO,82.52954327690833,1,0.001,HH
13305,Wayne,GA,68.93963589907378,1,0.055,ns
24021,Frederick,MD,43.69211114659853,3,0.473,ns
01047,Dallas,AL,49.6167358671351,3,0.236,ns
26049,Genesee,MI,36.47396997764292,3,0.002,LL
37093,Hoke,NC,59.16640051101884,1,0.091,ns
51031,Campbell,VA,47.10954966464388,3,0.189,ns
27063,Jackson,MN,31.060364100926225,3,0.012,LL
26149,Saint Joseph,MI,29.128074097732352,3,0.002,LL
21011,Bath,KY,52.63494091344619,1,0.407,ns
46011,Brookings,SD,31.02842542318748,3,0.435,ns
47029,Cocke,TN,60.33216224848292,4,0.45,ns
46099,Minnehaha,SD,54.61513893324816,4,0.132,ns
45001,Abbeville,SC,42.98946023634621,2,0.466,ns
45003,Aiken,SC,54.1041200894283,1,0.328,ns
47043,Dickson,TN,34.25423187480038,3,0.014,LL
45037,Edgefield,SC,43.27690833599489,3,0.235,ns
27073,Lac Qui Parle,MN,41.61609709358033,3,0.481,ns
30077,Powell,MT,57.18620249121687,1,0.337,ns
41061,Union,OR,65.84158415841584,1,0.231,ns
18077,Jefferson,IN,39.92334717342702,3,0.091,ns
28027,Coahoma,MS,60.49185563717663,1,0.001,HH
36071,Orange,NY,48.24337272436921,3,0.01,LL
55051,Iron,WI,14.116895560523794,3,0.001,LL
21073,Franklin,KY,39.97125519003514,3,0.054,ns
18023,Clinton,IN,40.70584477802619,3,0.023,LL
22089,Saint Charles,LA,58.615458320025546,1,0.185,ns
37079,Greene,NC,40.99329287767487,2,0.29,ns
47097,Lauderdale,TN,72.91600127754711,1,0.022,HH
47041,Dekalb,TN,46.2791440434366,3,0.117,ns
12017,Citrus,FL,60.044714148834245,1,0.241,ns
45047,Greenwood,SC,51.32545512615778,4,0.22,ns
47135,Perry,TN,29.39955285851165,3,0.265,ns
55117,Sheboygan,WI,7.872884062599809,3,0.001,LL
45083,Spartanburg,SC,59.88502076014053,4,0.378,ns
27129,Renville,MN,36.44203129990419,3,0.011,LL
29051,Cole,MO,47.78026189715746,2,0.207,ns
56013,Fremont,WY,70.26509102523156,1,0.264,ns
47025,Claiborne,TN,59.05461513893325,1,0.094,ns
42007,Beaver,PA,26.14180772916001,3,0.1,ns
42049,Erie,PA,26.41328648993932,3,0.036,LL
37191,Wayne,NC,57.45768125199617,1,0.245,ns
48209,Hays,TX,51.61290322580645,1,0.488,ns
49027,Millard,UT,91.98339188757586,1,0.001,HH
01123,Tallapoosa,AL,67.69402746726286,1,0.126,ns
27163,Washington,MN,30.8527626956244,3,0.003,LL
19119,Lyon,IA,35.86713510060684,3,0.01,LL
36015,Chemung,NY,48.11561801341425,3,0.024,LL
31145,Red Willow,NE,58.878952411370165,1,0.135,ns
54029,Hancock,WV,37.591823698498885,3,0.295,ns
12093,Okeechobee,FL,57.36186521877994,1,0.196,ns
31087,Hitchcock,NE,49.93612264452252,2,0.139,ns
22023,Cameron,LA,83.61545832002555,1,0.032,HH
40085,Love,OK,71.49473011817311,1,0.005,HH
19017,Bremer,IA,17.901628872564675,3,0.001,LL
16023,Butte,ID,55.94059405940594,1,0.015,HH
05073,Lafayette,AR,74.57681251996168,1,0.001,HH
46117,Stanley,SD,17.582242095177257,2,0.299,ns
39049,Franklin,OH,48.80229958479719,3,0.03,LL
30027,Fergus,MT,51.00606834877036,1,0.259,ns
37059,Davie,NC,34.33407856914724,2,0.316,ns
05063,Independence,AR,86.90514212711594,1,0.001,HH
37141,Pender,NC,53.86458000638773,1,0.084,ns
29147,Nodaway,MO,64.37240498243372,1,0.091,ns
31159,Seward,NE,35.164484190354514,3,0.207,ns
40145,Wagoner,OK,71.43085276269562,1,0.003,HH
40059,Harper,OK,78.02618971574577,1,0.005,HH
01039,Covington,AL,80.93260938997125,1,0.103,ns
20071,Greeley,KS,43.80389651868413,2,0.044,LH
26011,Arenac,MI,40.49824337272437,3,0.088,ns
48245,Jefferson,TX,67.35867135100607,1,0.011,HH
55013,Burnett,WI,24.992015330565312,3,0.001,LL
18043,Floyd,IN,39.4442670073459,3,0.401,ns
26053,Gogebic,MI,6.004471414883423,3,0.001,LL
13291,Union,GA,41.83966783775152,3,0.119,ns
34023,Middlesex,NJ,50.57489619929734,4,0.204,ns
05095,Monroe,AR,53.4972852123922,1,0.018,HH
27113,Pennington,MN,40.146917917598216,2,0.447,ns
44009,Washington,RI,31.220057489619933,3,0.138,ns
05085,Lonoke,AR,67.59821143404663,1,0.005,HH
31043,Dakota,NE,67.40657936761419,1,0.033,HH
05081,Little River,AR,74.43308847013733,1,0.001,HH
05083,Logan,AR,77.06802938358352,1,0.001,HH
51660,Harrisonburg City,VA,21.047588629830724,2,0.246,ns
37121,Mitchell,NC,32.41775790482274,3,0.492,ns
51199,York,VA,36.98498882146279,3,0.011,LL
22079,Rapides,LA,66.65602044075375,1,0.023,HH
20063,Gove,KS,59.549664643883744,1,0.273,ns
51145,Powhatan,VA,28.984350047908016,3,0.074,ns
05135,Sharp,AR,73.73043755988502,1,0.001,HH
28137,Tate,MS,66.7358671351006,1,0.09,ns
47151,Scott,TN,57.69722133503672,1,0.232,ns
23019,Penobscot,ME,40.97732353880549,3,0.022,LL
37123,Montgomery,NC,58.16033216224848,1,0.128,ns
31165,Sioux,NE,64.97923985946983,1,0.005,HH
53013,Columbia,WA,26.17374640689876,3,0.279,ns
06075,San Francisco,CA,40.16288725646758,2,0.488,ns
29165,Platte,MO,37.99105717023315,3,0.386,ns
38097,Traill,ND,25.566911529862665,3,0.082,ns
34001,Atlantic,NJ,54.55126157777068,1,0.144,ns
51041,Chesterfield,VA,44.49057809006708,3,0.005,LL
18087,Lagrange,IN,38.11881188118812,3,0.002,LL
08045,Garfield,CO,82.54551261577771,1,0.009,HH
12061,Indian River,FL,48.22740338549984,2,0.273,ns
37161,Rutherford,NC,37.78345576493133,3,0.487,ns
39099,Mahoning,OH,43.40466304694986,3,0.043,LL
20025,Clark,KS,68.93963589907378,1,0.005,HH
29021,Buchanan,MO,68.68412647716384,4,0.442,ns
39085,Lake,OH,22.29319706164165,3,0.013,LL
18027,Daviess,IN,56.5633982753114,4,0.055,ns
19139,Muscatine,IA,40.130948578728834,3,0.036,LL
34017,Hudson,NJ,41.089108910891085,3,0.077,ns
06063,Plumas,CA,74.09773235388056,1,0.001,HH
22127,Winn,LA,69.22708399872246,1,0.159,ns
05109,Pike,AR,66.44841903545193,1,0.123,ns
29183,Saint Charles,MO,31.98658575534973,3,0.037,LL
17095,Knox,IL,48.307250079846696,3,0.096,ns
06081,San Mateo,CA,50.654742893644205,4,0.379,ns
01041,Crenshaw,AL,61.21047588629831,1,0.109,ns
37177,Tyrrell,NC,55.06228042159054,1,0.421,ns
20091,Johnson,KS,24.48099648674545,3,0.032,LL
18151,Steuben,IN,18.684126477163847,3,0.003,LL
08063,Kit Carson,CO,52.71478760779304,1,0.115,ns
12099,Palm Beach,FL,51.19770041520281,1,0.277,ns
17121,Marion,IL,59.597572660491856,4,0.478,ns
08081,Moffat,CO,65.71382944746088,1,0.077,ns
27107,Norman,MN,50.28744809964867,4,0.064,ns
29017,Bollinger,MO,55.82880868732035,1,0.045,HH
51011,Appomattox,VA,30.42159054615139,3,0.168,ns
53069,Wahkiakum,WA,25.503034174385174,3,0.055,ns
13245,Richmond,GA,54.63110827211754,4,0.47,ns
37135,Orange,NC,39.28457361865219,3,0.342,ns
42005,Armstrong,PA,29.000319386777388,3,0.057,ns
48213,Henderson,TX,72.66049185563718,1,0.023,HH
13259,Stewart,GA,42.70201213669754,2,0.185,ns
21093,Hardin,KY,52.77866496327052,4,0.169,ns
27097,Morrison,MN,43.83583519642286,3,0.108,ns
17125,Mason,IL,37.55988502076014,3,0.111,ns
48387,Red River,TX,69.88182689236666,1,0.001,HH
12021,Collier,FL,50.23954008304056,2,0.431,ns
48453,Travis,TX,49.87224528904503,2,0.344,ns
06101,Sutter,CA,72.90003193867773,1,0.034,HH
06035,Lassen,CA,88.58192270839987,1,0.001,HH
12097,Osceola,FL,53.75279463430214,1,0.189,ns
16081,Teton,ID,55.206004471414886,1,0.015,HH
08105,Rio Grande,CO,83.99872245289045,1,0.007,HH
26041,Delta,MI,14.037048866176942,3,0.001,LL
36081,Queens,NY,40.625998083679335,3,0.117,ns
41015,Curry,OR,32.51357393803897,3,0.491,ns
51057,Essex,VA,41.21686362184606,3,0.214,ns
40141,Tillman,OK,69.89779623123603,1,0.002,HH
08025,Crowley,CO,61.41807729160013,1,0.001,HH
08101,Pueblo,CO,92.4465027147876,1,0.001,HH
08071,Las Animas,CO,81.97061641648037,1,0.001,HH
40001,Adair,OK,61.817310763334405,1,0.002,HH
36095,Schoharie,NY,26.12583839029064,3,0.001,LL
36007,Broome,NY,33.104439476205684,3,0.003,LL
39145,Scioto,OH,70.1852443308847,1,0.037,HH
39147,Seneca,OH,17.486426061961033,3,0.001,LL
48427,Starr,TX,53.88054934525711,4,0.094,ns
13127,Glynn,GA,58.44778026189716,1,0.142,ns
13139,Hall,GA,55.9086553816672,4,0.009,HL
48039,Brazoria,TX,54.69498562759502,1,0.312,ns
42097,Northumberland,PA,50.495049504950494,4,0.033,HL
26161,Washtenaw,MI,23.66656020440754,3,0.003,LL
37009,Ashe,NC,61.19450654742893,1,0.089,ns
51167,Russell,VA,62.23251357393804,1,0.129,ns
37017,Bladen,NC,58.655381667198974,1,0.049,HH
21115,Johnson,KY,67.2309166400511,1,0.036,HH
37155,Robeson,NC,69.62631747045673,1,0.023,HH
47157,Shelby,TN,52.842542318748,1,0.033,HH
26069,Iosco,MI,34.637496007665284,3,0.122,ns
40101,Muskogee,OK,78.05812839348451,1,0.001,HH
13079,Crawford,GA,51.88438198658576,1,0.078,ns
51810,Virginia Beach City,VA,52.06004471414883,1,0.319,ns
26125,Oakland,MI,35.260300223570745,3,0.003,LL
26145,Saginaw,MI,40.29064196742255,3,0.006,LL
47059,Greene,TN,59.7892047269243,4,0.492,ns
42025,Carbon,PA,42.30277866496327,3,0.426,ns
45025,Chesterfield,SC,68.2210156499521,1,0.251,ns
47163,Sullivan,TN,51.11785372085596,1,0.289,ns
35041,Roosevelt,NM,92.46247205365697,1,0.001,HH
22005,Ascension,LA,53.449377195784095,1,0.229,ns
13019,Berrien,GA,78.1699137655701,1,0.002,HH
37101,Johnston,NC,60.73139572021718,1,0.169,ns
21127,Lawrence,KY,70.87192590226765,1,0.006,HH
42051,Fayette,PA,64.30852762695625,4,0.483,ns
47099,Lawrence,TN,55.381667198977965,4,0.279,ns
49021,Iron,UT,92.27083998722452,1,0.001,HH
51021,Bland,VA,48.019801980198025,2,0.179,ns
19111,Lee,IA,56.0204407537528,1,0.179,ns
26017,Bay,MI,24.784413925263493,3,0.051,ns
31177,Washington,NE,30.78888534014692,3,0.404,ns
31033,Cheyenne,NE,70.29702970297029,1,0.003,HH
45049,Hampton,SC,68.97157457681251,1,0.299,ns
37157,Rockingham,NC,50.70265091025232,1,0.318,ns
39109,Miami,OH,29.080166081124244,3,0.058,ns
40125,Pottawatomie,OK,76.81251996167359,1,0.002,HH
41053,Polk,OR,15.969338869370809,3,0.001,LL
42083,Mckean,PA,27.73874161609709,3,0.005,LL
45035,Dorchester,SC,47.221335036729485,2,0.226,ns
51820,Waynesboro City,VA,19.690194825934206,2,0.204,ns
54055,Mercer,WV,56.45161290322581,1,0.186,ns
05069,Jefferson,AR,78.76077930373683,1,0.06,ns
06107,Tulare,CA,71.30309805174066,1,0.006,HH
16011,Bingham,ID,88.35835196422869,1,0.002,HH
19083,Hardin,IA,34.525710635579685,3,0.002,LL
51550,Chesapeake City,VA,61.67358671351006,4,0.478,ns
19031,Cedar,IA,20.871925902267648,3,0.039,LL
05017,Chicot,AR,60.33216224848291,1,0.001,HH
06103,Tehama,CA,79.31970616416481,1,0.007,HH
28089,Madison,MS,48.88214627914405,2,0.006,LH
49017,Garfield,UT,90.45033535611626,1,0.001,HH
48251,Johnson,TX,63.781539444267,1,0.117,ns
30045,Judith Basin,MT,51.82848930054296,1,0.138,ns
53005,Benton,WA,52.73075694666241,1,0.474,ns
55141,Wood,WI,13.046949856275951,3,0.001,LL
37095,Hyde,NC,64.51612903225806,4,0.445,ns
38029,Emmons,ND,54.77483232194187,4,0.32,ns
48165,Gaines,TX,84.6854040242734,1,0.002,HH
48287,Lee,TX,44.8578728840626,2,0.469,ns
21187,Owen,KY,34.861066751836475,3,0.027,LL
21113,Jessamine,KY,39.36442031299904,3,0.357,ns
21205,Rowan,KY,62.05685084637496,1,0.158,ns
29131,Miller,MO,66.35260300223571,1,0.259,ns
33003,Carroll,NH,15.37847333120409,3,0.001,LL
51770,Roanoke City,VA,30.916640051101886,3,0.014,LL
37189,Watauga,NC,52.77866496327052,1,0.089,ns
06031,Kings,CA,73.07569466624082,1,0.079,ns
22037,East Feliciana,LA,44.314915362504,3,0.27,ns
29015,Benton,MO,69.78601085915044,1,0.084,ns
20191,Sumner,KS,68.77994251038007,1,0.001,HH
21139,Livingston,KY,57.68125199616736,1,0.212,ns
06077,San Joaquin,CA,56.2919195145321,1,0.209,ns
40003,Alfalfa,OK,76.66879591184926,1,0.003,HH
42011,Berks,PA,55.82880868732035,4,0.273,ns
42075,Lebanon,PA,43.77195784094539,2,0.379,ns
13037,Calhoun,GA,65.32258064516128,1,0.166,ns
05127,Scott,AR,54.80677099968061,1,0.004,HH
08009,Baca,CO,85.10060683487703,1,0.001,HH
12005,Bay,FL,59.91695943787927,1,0.081,ns
13185,Lowndes,GA,64.21271159374001,1,0.065,ns
18165,Vermillion,IN,46.51868412647716,2,0.205,ns
36105,Sullivan,NY,41.31267965506228,3,0.039,LL
39129,Pickaway,OH,47.20536569786011,3,0.293,ns
40153,Woodward,OK,77.5151708719259,1,0.032,HH
31015,Boyd,NE,63.60587671670393,1,0.084,ns
21057,Cumberland,KY,36.681571382944746,2,0.479,ns
27157,Wabasha,MN,11.481954647077613,3,0.001,LL
51175,Southampton,VA,49.40913446183328,3,0.319,ns
36027,Dutchess,NY,41.16895560523795,3,0.004,LL
51095,James City,VA,42.19099329287767,3,0.057,ns
13269,Taylor,GA,61.72149473011817,4,0.376,ns
48423,Smith,TX,55.74896199297349,1,0.002,HH
48265,Kerr,TX,55.54136058767167,4,0.077,ns
54041,Lewis,WV,49.37719578409454,3,0.353,ns
38065,Oliver,ND,30.804854679016287,3,0.035,LL
47129,Morgan,TN,51.46917917598211,1,0.286,ns
56003,Big Horn,WY,57.64931331842861,1,0.145,ns
21161,Mason,KY,48.770360907058446,2,0.336,ns
22091,Saint Helena,LA,53.35356116256787,1,0.142,ns
24023,Garrett,MD,40.92941552219738,3,0.495,ns
26097,Mackinac,MI,20.50463110827212,3,0.012,LL
47037,Davidson,TN,42.382625359310126,3,0.009,LL
48185,Grimes,TX,54.15202810603641,1,0.313,ns
48155,Foard,TX,30.37368252954328,2,0.106,ns
51067,Franklin,VA,41.44043436601724,2,0.415,ns
51023,Botetourt,VA,20.5685084637496,3,0.037,LL
37139,Pasquotank,NC,46.47077610986905,3,0.099,ns
05005,Baxter,AR,61.49792398594698,1,0.119,ns
36109,Tompkins,NY,32.21015649952092,3,0.024,LL
54101,Webster,WV,47.68444586394124,3,0.451,ns
54015,Clay,WV,50.11178537208559,2,0.328,ns
54035,Jackson,WV,48.97796231236026,2,0.052,ns
01119,Sumter,AL,49.8882146279144,2,0.474,ns
04019,Pima,AZ,51.8045352922389,1,0.175,ns
08057,Jackson,CO,49.93612264452252,2,0.078,ns
17097,Lake,IL,23.155541360587677,3,0.023,LL
28059,Jackson,MS,73.53880549345257,1,0.004,HH
30019,Daniels,MT,50.9262216544235,4,0.47,ns
33019,Sullivan,NH,13.382305972532738,3,0.001,LL
34015,Gloucester,NJ,56.2919195145321,1,0.162,ns
37015,Bertie,NC,51.676780581283936,4,0.415,ns
46137,Ziebach,SD,41.77579048227403,3,0.401,ns
19159,Ringgold,IA,61.529862663685726,1,0.094,ns
01077,Lauderdale,AL,55.71702331523476,1,0.09,ns
04023,Santa Cruz,AZ,45.22516767805813,2,0.184,ns
28091,Marion,MS,85.93101245608432,1,0.002,HH
01083,Limestone,AL,56.068348770360906,1,0.202,ns
12013,Calhoun,FL,67.58224209517726,1,0.085,ns
12053,Hernando,FL,62.6317470456723,1,0.279,ns
12133,Washington,FL,56.69115298626637,1,0.186,ns
46045,Edmunds,SD,41.50431172149473,3,0.317,ns
46129,Walworth,SD,47.8122005748962,2,0.32,ns
17071,Henderson,IL,48.06770999680613,2,0.464,ns
21223,Trimble,KY,42.97349089747684,3,0.067,ns
22103,Saint Tammany,LA,60.923027786649634,1,0.012,HH
24510,Baltimore City,MD,36.50590865538167,3,0.5,ns
37013,Beaufort,NC,55.54136058767167,1,0.363,ns
39029,Columbiana,OH,45.14532098371127,3,0.037,LL
30065,Musselshell,MT,58.73522836154584,1,0.262,ns
48061,Cameron,TX,50.81443628233791,4,0.382,ns
06093,Siskiyou,CA,79.28776748642606,1,0.015,HH
08023,Costilla,CO,75.63078888534014,1,0.001,HH
10005,Sussex,DE,53.80070265091025,1,0.193,ns
53041,Lewis,WA,49.79239859469818,3,0.035,LL
34037,Sussex,NJ,34.062599808367935,3,0.098,ns
25007,Dukes,MA,13.66975407218141,3,0.252,ns
27115,Pine,MN,36.17055253912488,3,0.001,LL
28123,Scott,MS,76.39731715106994,1,0.046,HH
30041,Hill,MT,61.85723411050783,1,0.232,ns
36033,Franklin,NY,34.81315873522836,3,0.039,LL
34013,Essex,NJ,36.39412328329607,3,0.091,ns
53045,Mason,WA,33.99872245289045,3,0.029,LL
05025,Cleveland,AR,54.71095496646439,1,0.01,HH
18145,Shelby,IN,41.28074097732354,3,0.013,LL
18031,Decatur,IN,29.303736825295434,3,0.048,LL
21025,Breathitt,KY,60.20440753752795,1,0.138,ns
22093,Saint James,LA,51.50111785372086,1,0.223,ns
29205,Shelby,MO,62.88725646758224,1,0.034,HH
18167,Vigo,IN,67.00734589587991,4,0.491,ns
19097,Jackson,IA,23.66656020440754,3,0.003,LL
20125,Montgomery,KS,68.77994251038007,1,0.166,ns
21159,Martin,KY,63.06291919514533,1,0.001,HH
26019,Benzie,MI,7.585435962951134,3,0.002,LL
28071,Lafayette,MS,50.47908016608112,1,0.002,HH
36101,Steuben,NY,50.67071223251357,4,0.007,HL
08069,Larimer,CO,84.82912807409772,1,0.016,HH
26101,Manistee,MI,25.42318748003833,3,0.001,LL
37171,Surry,NC,62.08878952411371,1,0.206,ns
53051,Pend Oreille,WA,32.22612583839029,3,0.241,ns
21049,Clark,KY,49.50495049504951,2,0.32,ns
36035,Fulton,NY,29.575215586074737,3,0.008,LL
39169,Wayne,OH,48.41903545193229,3,0.078,ns
45091,York,SC,54.91855637176621,1,0.478,ns
29197,Schuyler,MO,55.89268604279783,1,0.067,ns
30095,Stillwater,MT,37.33631427658895,2,0.273,ns
51165,Rockingham,VA,61.78537208559565,4,0.214,ns
13199,Meriwether,GA,49.36122644522517,3,0.171,ns
38053,Mckenzie,ND,53.736825295432766,4,0.025,HL
38059,Morton,ND,31.267965506228045,3,0.02,LL
41071,Yamhill,OR,20.85595656339828,3,0.004,LL
45069,Marlboro,SC,69.4187160651549,1,0.01,HH
37043,Clay,NC,37.144682210156496,3,0.096,ns
30015,Chouteau,MT,66.79974449057809,1,0.124,ns
45045,Greenville,SC,53.161929096135424,4,0.227,ns
01107,Pickens,AL,41.42446502714788,3,0.389,ns
29093,Iron,MO,68.33280102203769,1,0.028,HH
49009,Daggett,UT,57.87288406259981,1,0.015,HH
12011,Broward,FL,52.26764611945065,1,0.361,ns
28049,Hinds,MS,57.85691472373044,1,0.124,ns
37133,Onslow,NC,57.80900670712233,1,0.38,ns
01025,Clarke,AL,38.08687320344938,3,0.341,ns
05087,Madison,AR,66.99137655701054,1,0.007,HH
12077,Liberty,FL,52.50718620249121,1,0.137,ns
18105,Monroe,IN,29.06419674225487,3,0.011,LL
18037,Dubois,IN,22.612583839029064,3,0.021,LL
19021,Buena Vista,IA,46.19929734908975,3,0.052,ns
20069,Gray,KS,45.09741296710316,2,0.194,ns
21081,Grant,KY,32.40178856595337,3,0.005,LL
47141,Putnam,TN,48.59469817949537,3,0.446,ns
47005,Benton,TN,51.75662727563079,4,0.294,ns
49013,Duchesne,UT,76.07793037368253,1,0.002,HH
51093,Isle Of Wight,VA,55.19003513254552,4,0.36,ns
56017,Hot Springs,WY,52.04407537527946,1,0.269,ns
46105,Perkins,SD,36.29830725007984,2,0.482,ns
49001,Beaver,UT,83.71127435324178,1,0.001,HH
51027,Buchanan,VA,55.74896199297349,1,0.013,HH
54059,Mingo,WV,77.99425103800702,1,0.003,HH
01121,Talladega,AL,72.35707441711914,1,0.189,ns
21017,Bourbon,KY,46.0076652826573,3,0.341,ns
42089,Monroe,PA,43.42063238581923,3,0.078,ns
53019,Ferry,WA,59.46981794953689,4,0.451,ns
16083,Twin Falls,ID,86.84126477163846,1,0.001,HH
24017,Charles,MD,42.87767486426062,3,0.356,ns
51107,Loudoun,VA,46.11945065474289,3,0.078,ns
17201,Winnebago,IL,35.9948898115618,3,0.001,LL
08021,Conejos,CO,73.0277866496327,1,0.001,HH
01061,Geneva,AL,60.95496646438838,1,0.015,HH
06001,Alameda,CA,52.874480996486746,1,0.275,ns
12037,Franklin,FL,50.03992334717343,2,0.425,ns
54065,Morgan,WV,26.09389971255189,2,0.462,ns
54083,Randolph,WV,46.74225487064836,3,0.229,ns
28163,Yazoo,MS,65.18684126477163,1,0.063,ns
30055,Mccone,MT,53.80070265091025,4,0.178,ns
13003,Atkinson,GA,69.86585755349728,1,0.002,HH
13051,Chatham,GA,52.90641967422549,1,0.437,ns
21039,Carlisle,KY,47.74832321941872,2,0.024,LH
29037,Cass,MO,39.41232832960716,3,0.105,ns
13137,Habersham,GA,38.99712551900352,3,0.238,ns
21153,Magoffin,KY,61.9770041520281,1,0.058,ns
21095,Harlan,KY,60.73139572021719,1,0.048,HH
37151,Randolph,NC,63.55796870009581,1,0.373,ns
17197,Will,IL,35.62759501756627,3,0.003,LL
18083,Knox,IN,47.8122005748962,3,0.153,ns
21003,Allen,KY,41.71191312679655,3,0.298,ns
22065,Madison,LA,59.42190993292878,1,0.028,HH
27045,Fillmore,MN,12.152666879591186,3,0.001,LL
53063,Spokane,WA,57.42574257425743,4,0.113,ns
49029,Morgan,UT,57.09038645800064,1,0.002,HH
55071,Manitowoc,WI,8.71925902267646,3,0.001,LL
01093,Marion,AL,54.12008942829768,1,0.097,ns
26117,Montcalm,MI,28.82465665921431,3,0.001,LL
21181,Nicholas,KY,47.189396358990734,3,0.396,ns
21197,Powell,KY,56.43564356435643,1,0.338,ns
37153,Richmond,NC,66.3046949856276,1,0.121,ns
21225,Union,KY,55.34972852123922,4,0.223,ns
17051,Fayette,IL,62.48802299584797,4,0.393,ns
21233,Webster,KY,43.48450974129671,2,0.479,ns
16013,Blaine,ID,51.46917917598212,1,0.001,HH
17073,Henry,IL,33.02459278185883,3,0.02,LL
47169,Trousdale,TN,37.24049824337272,3,0.115,ns
55015,Calumet,WI,4.918556371766209,3,0.001,LL
35035,Otero,NM,89.50814436282337,1,0.003,HH
18091,La Porte,IN,31.491536250399232,3,0.002,LL
25017,Middlesex,MA,48.722452890450334,3,0.306,ns
28143,Tunica,MS,49.920153305653145,2,0.007,LH
30101,Toole,MT,55.84477802618972,1,0.424,ns
53029,Island,WA,10.555732992654104,3,0.269,ns
54037,Jefferson,WV,45.43276908335994,3,0.365,ns
21237,Wolfe,KY,55.94059405940594,1,0.187,ns
25001,Barnstable,MA,38.86937080804855,3,0.08,ns
47009,Blount,TN,55.30182050463111,1,0.435,ns
38085,Sioux,ND,59.789204726924304,4,0.111,ns
19193,Woodbury,IA,69.16320664324496,1,0.213,ns
17027,Clinton,IL,24.46502714787608,3,0.185,ns
32031,Washoe,NV,76.38134781220057,1,0.001,HH
33013,Merrimack,NH,40.56212072820186,3,0.005,LL
40089,Mccurtain,OK,85.3401469179176,1,0.001,HH
50017,Orange,VT,14.755669115298629,3,0.001,LL
32510,Carson City,NV,74.1775790482274,1,0.037,HH
36009,Cattaraugus,NY,38.80549345257106,3,0.01,LL
25023,Plymouth,MA,49.2334717342702,3,0.251,ns
45053,Jasper,SC,46.05557329926541,2,0.239,ns
25021,Norfolk,MA,45.38486106675183,3,0.249,ns
21123,Larue,KY,41.759821143404665,3,0.272,ns
31031,Cherry,NE,83.63142765889492,1,0.036,HH
13247,Rockdale,GA,22.14947301181731,3,0.163,ns
51141,Patrick,VA,43.83583519642287,2,0.242,ns
37111,Mcdowell,NC,59.46981794953689,4,0.228,ns
38003,Barnes,ND,41.07313957202172,3,0.021,LL
26103,Marquette,MI,10.779303736825296,3,0.001,LL
05045,Faulkner,AR,69.70616416480358,1,0.004,HH
51179,Stafford,VA,40.5940594059406,3,0.018,LL
05053,Grant,AR,46.2791440434366,2,0.049,LH
21107,Hopkins,KY,55.046311082721175,4,0.46,ns
37061,Duplin,NC,60.38007026509102,1,0.266,ns
37127,Nash,NC,62.21654423506867,1,0.301,ns
39171,Williams,OH,24.624720536569782,3,0.001,LL
27071,Koochiching,MN,26.205685084637494,3,0.194,ns
38081,Sargent,ND,46.51868412647716,3,0.01,LL
42017,Bucks,PA,50.89428297668477,4,0.308,ns
45017,Calhoun,SC,44.37879271798148,2,0.172,ns
46009,Bon Homme,SD,35.419993612264456,2,0.098,ns
18119,Owen,IN,36.72947939955286,3,0.048,LL
18149,Starke,IN,27.483232194187163,3,0.001,LL
18161,Union,IN,38.70967741935484,3,0.104,ns
42073,Lawrence,PA,25.630788885340145,3,0.017,LL
32011,Eureka,NV,77.45129351644842,1,0.001,HH
33001,Belknap,NH,23.506866815713828,3,0.006,LL
01113,Russell,AL,61.86521877994251,1,0.388,ns
12081,Manatee,FL,51.90035132545513,1,0.165,ns
37047,Columbus,NC,73.90610028744808,1,0.178,ns
48349,Navarro,TX,63.478122005748965,1,0.044,HH
51009,Amherst,VA,32.928776748642605,3,0.035,LL
48389,Reeves,TX,31.108272117534334,3,0.41,ns
16033,Clark,ID,55.39763653784733,1,0.035,HH
28149,Warren,MS,58.28808687320345,1,0.047,HH
29133,Mississippi,MO,64.34046630469498,1,0.066,ns
26133,Osceola,MI,32.14627914404344,3,0.009,LL
28043,Grenada,MS,77.41935483870968,1,0.005,HH
48187,Guadalupe,TX,54.26381347812201,1,0.26,ns
12125,Union,FL,43.51644841903545,3,0.426,ns
30109,Wibaux,MT,18.87575854359629,3,0.058,ns
26013,Baraga,MI,12.312360268284891,3,0.001,LL
41027,Hood River,OR,29.655062280421596,3,0.008,LL
18003,Allen,IN,40.562120728201855,3,0.001,LL
46059,Hand,SD,53.76876397317151,1,0.464,ns
18141,St Joseph,IN,23.985946981794957,3,0.001,LL
51670,Hopewell City,VA,31.69913765570106,3,0.29,ns
38025,Dunn,ND,47.78026189715746,3,0.059,ns
38087,Slope,ND,54.08815075055893,4,0.012,HL
37165,Scotland,NC,60.81124241456404,1,0.053,ns
47045,Dyer,TN,74.89619929734909,1,0.002,HH
21035,Calloway,KY,61.75343340785692,1,0.21,ns
48019,Bandera,TX,45.86394123283296,2,0.482,ns
44001,Bristol,RI,12.903225806451614,3,0.287,ns
56035,Sublette,WY,60.475886298307245,1,0.215,ns
37113,Macon,NC,41.32864899393165,3,0.13,ns
55003,Ashland,WI,8.431810923027788,3,0.001,LL
48215,Hidalgo,TX,51.77259661450015,4,0.465,ns
55063,La Crosse,WI,9.645480677099968,3,0.001,LL
01097,Mobile,AL,66.48035771319067,1,0.066,ns
01089,Madison,AL,47.71638454167998,2,0.059,ns
37149,Polk,NC,20.85595656339828,3,0.344,ns
22045,Iberia,LA,66.14500159693388,1,0.079,ns
45065,Mccormick,SC,15.889492175023952,3,0.132,ns
27099,Mower,MN,27.56307888853401,3,0.001,LL
30057,Madison,MT,56.707122325135735,1,0.092,ns
13117,Forsyth,GA,23.586713510060683,3,0.084,ns
39003,Allen,OH,33.9188757585436,3,0.002,LL
36089,Saint Lawrence,NY,42.36665602044075,3,0.003,LL
54017,Doddridge,WV,45.04950495049505,3,0.428,ns
29039,Cedar,MO,57.47365059086554,1,0.015,HH
45009,Bamberg,SC,51.0380070265091,1,0.062,ns
38021,Dickey,ND,28.848610667518365,3,0.117,ns
04025,Yavapai,AZ,67.96550622804216,1,0.188,ns
36087,Rockland,NY,33.93484509741297,3,0.05,ns
29177,Ray,MO,51.13382305972533,4,0.346,ns
28035,Forrest,MS,75.53497285212393,1,0.002,HH
01091,Marengo,AL,47.55669115298627,3,0.04,LL
48397,Rockwall,TX,38.69370808048547,2,0.313,ns
05107,Phillips,AR,68.01341424465028,1,0.047,HH
37003,Alexander,NC,47.14148834238263,2,0.115,ns
55073,Marathon,WI,7.553497285212392,3,0.001,LL
39057,Greene,OH,41.31267965506228,3,0.161,ns
51191,Washington,VA,54.67901628872565,1,0.19,ns
51197,Wythe,VA,57.15426381347812,1,0.179,ns
37109,Lincoln,NC,39.69977642925583,2,0.285,ns
39097,Madison,OH,25.29543276908336,3,0.188,ns
22009,Avoyelles,LA,51.24560843181092,1,0.179,ns
12063,Jackson,FL,81.07633343979559,1,0.091,ns
53037,Kittitas,WA,48.0836793356755,2,0.483,ns
17195,Whiteside,IL,40.01916320664324,3,0.006,LL
37143,Perquimans,NC,47.73235388054935,3,0.2,ns
13307,Webster,GA,64.97923985946983,1,0.085,ns
12089,Nassau,FL,50.46311082721175,1,0.306,ns
48113,Dallas,TX,49.55285851165762,2,0.479,ns
06111,Ventura,CA,44.44267007345896,2,0.342,ns
21147,Mccreary,KY,69.78601085915044,1,0.004,HH
27005,Becker,MN,34.238262535931014,3,0.172,ns
05139,Union,AR,67.82178217821782,1,0.022,HH
20139,Osage,KS,41.58415841584159,3,0.094,ns
48361,Orange,TX,71.44682210156499,1,0.039,HH
13061,Clay,GA,30.102203768763975,2,0.062,ns
39153,Summit,OH,43.96358990737784,3,0.007,LL
13179,Liberty,GA,50.92622165442351,1,0.285,ns
13253,Seminole,GA,51.13382305972532,1,0.044,HH
13057,Cherokee,GA,32.22612583839029,3,0.065,ns
29139,Montgomery,MO,60.90705844778026,1,0.399,ns
47055,Giles,TN,43.48450974129671,3,0.4,ns
18147,Spencer,IN,31.140210795273077,3,0.008,LL
54005,Boone,WV,66.87959118492495,1,0.005,HH
41007,Clatsop,OR,36.39412328329607,3,0.003,LL
06033,Lake,CA,68.95560523794316,1,0.116,ns
13055,Chattooga,GA,60.55573299265411,1,0.015,HH
29201,Scott,MO,73.85819227083998,1,0.02,HH
53055,San Juan,WA,6.483551580964548,3,0.001,LL
41031,Jefferson,OR,41.87160651549026,3,0.27,ns
49049,Utah,UT,93.29287767486426,1,0.001,HH
29153,Ozark,MO,66.94346854040242,1,0.073,ns
22083,Richland,LA,62.02491216863622,1,0.011,HH
36031,Essex,NY,23.26732673267327,3,0.001,LL
48313,Madison,TX,48.7384222293197,2,0.264,ns
17063,Grundy,IL,21.678377515170872,3,0.026,LL
36111,Ulster,NY,41.83966783775152,3,0.008,LL
37105,Lee,NC,53.41743851804535,1,0.43,ns
47003,Bedford,TN,50.70265091025232,4,0.286,ns
38061,Mountrail,ND,41.80772916001278,3,0.199,ns
48161,Freestone,TX,56.67518364739699,1,0.044,HH
37005,Alleghany,NC,60.507824976046,1,0.053,ns
36121,Wyoming,NY,31.044394762056854,3,0.041,LL
27121,Pope,MN,21.271159374001915,3,0.025,LL
17033,Crawford,IL,46.02363462152667,3,0.42,ns
29011,Barton,MO,63.51006068348771,1,0.005,HH
04013,Maricopa,AZ,54.93452571063558,1,0.241,ns
36069,Ontario,NY,34.33407856914724,3,0.012,LL
48365,Panola,TX,53.67294793995528,1,0.011,HH
17193,White,IL,42.35068668157138,3,0.125,ns
28045,Hancock,MS,73.76237623762376,1,0.004,HH
42015,Bradford,PA,32.48163526030022,3,0.007,LL
39083,Knox,OH,35.91504311721495,3,0.038,LL
46015,Brule,SD,43.61226445225168,2,0.167,ns
08007,Archuleta,CO,65.25071862024913,1,0.001,HH
01031,Coffee,AL,60.938997125519,1,0.016,HH
51033,Caroline,VA,41.50431172149473,3,0.041,LL
51059,Fairfax,VA,38.66176940274673,3,0.002,LL
45085,Sumter,SC,64.59597572660492,1,0.327,ns
42047,Elk,PA,19.70616416480357,3,0.008,LL
19189,Winnebago,IA,24.42510380070265,3,0.008,LL
12129,Wakulla,FL,45.72021718300862,3,0.401,ns
28109,Pearl River,MS,73.60268284893006,1,0.001,HH
05141,Van Buren,AR,56.37176620887895,1,0.007,HH
48093,Comanche,TX,64.62791440434366,1,0.429,ns
46041,Dewey,SD,66.5761737464069,4,0.303,ns
47143,Rhea,TN,52.028106036410094,1,0.354,ns
42061,Huntingdon,PA,35.29223890130949,3,0.058,ns
55049,Iowa,WI,13.68572341105078,3,0.001,LL
42113,Sullivan,PA,36.69754072181412,3,0.07,ns
47167,Tipton,TN,64.86745448738421,1,0.055,ns
33017,Strafford,NH,35.51580964548068,3,0.018,LL
18097,Marion,IN,44.69817949536889,3,0.001,LL
46007,Bennett,SD,73.18748003832641,1,0.007,HH
51029,Buckingham,VA,40.386458000638775,3,0.052,ns
16005,Bannock,ID,86.649632705206,1,0.011,HH
13257,Stephens,GA,50.57489619929734,4,0.369,ns
16015,Boise,ID,35.53177898435005,2,0.181,ns
40105,Nowata,OK,48.27531140210795,2,0.026,LH
13125,Glascock,GA,29.671031619290964,2,0.496,ns
55091,Pepin,WI,8.463749600766528,3,0.001,LL
19071,Fremont,IA,48.93005429575216,3,0.343,ns
29125,Maries,MO,56.43564356435643,1,0.36,ns
48347,Nacogdoches,TX,70.04152028106037,1,0.02,HH
37137,Pamlico,NC,44.55445544554456,2,0.376,ns
12123,Taylor,FL,60.44394762056851,4,0.426,ns
27171,Wright,MN,36.07473650590865,3,0.016,LL
23025,Somerset,ME,43.67614180772916,3,0.01,LL
05089,Marion,AR,51.549025870328975,1,0.109,ns
48377,Presidio,TX,44.21909932928776,3,0.204,ns
06099,Stanislaus,CA,59.56563398275311,1,0.062,ns
21063,Elliott,KY,60.87511977004152,1,0.036,HH
17185,Wabash,IL,30.134142446502715,3,0.249,ns
55057,Juneau,WI,27.46726285531779,3,0.001,LL
38099,Walsh,ND,44.17119131267965,3,0.243,ns
01011,Bullock,AL,48.578728840626,2,0.105,ns
06011,Colusa,CA,63.84541679974449,1,0.009,HH
08051,Gunnison,CO,59.64548067709997,1,0.005,HH
48067,Cass,TX,83.82305972532737,1,0.005,HH
13039,Camden,GA,51.74065793676142,1,0.175,ns
28097,Montgomery,MS,55.3656978601086,1,0.026,HH
13121,Fulton,GA,35.85116576173746,3,0.009,LL
38043,Kidder,ND,50.95816033216225,4,0.206,ns
13111,Fannin,GA,58.51165761737464,4,0.196,ns
39123,Ottawa,OH,21.430852762695626,3,0.007,LL
37031,Carteret,NC,50.015969338869375,2,0.404,ns
18127,Porter,IN,22.34110507824976,3,0.019,LL
51135,Nottoway,VA,48.73842222931971,2,0.434,ns
29077,Greene,MO,64.2765889492175,1,0.022,HH
48201,Harris,TX,54.13605876716704,1,0.13,ns
48217,Hill,TX,72.83615458320025,1,0.114,ns
29219,Warren,MO,32.44969658256149,3,0.234,ns
13141,Hancock,GA,45.28904503353561,3,0.184,ns
01069,Houston,AL,68.60427978281699,1,0.029,HH
29155,Pemiscot,MO,80.88470137336314,1,0.002,HH
26163,Wayne,MI,43.50047908016608,3,0.027,LL
18011,Boone,IN,21.31906739061003,3,0.017,LL
36061,New York,NY,34.42989460236346,3,0.119,ns
45039,Fairfield,SC,39.41232832960715,3,0.437,ns
16087,Washington,ID,59.75726604918556,1,0.08,ns
39007,Ashtabula,OH,37.76748642606197,3,0.003,LL
51163,Rockbridge,VA,36.63366336633664,3,0.002,LL
55059,Kenosha,WI,26.66879591184925,3,0.003,LL
31011,Boone,NE,55.1421271159374,1,0.206,ns
48099,Coryell,TX,57.37783455764932,4,0.494,ns
17037,Dekalb,IL,23.506866815713828,3,0.001,LL
26085,Lake,MI,40.482274033855,3,0.001,LL
12071,Lee,FL,53.12999041839668,1,0.274,ns
16041,Franklin,ID,62.88725646758223,1,0.005,HH
51081,Greensville,VA,50.35132545512616,4,0.314,ns
13091,Dodge,GA,72.4848291280741,1,0.048,HH
06045,Mendocino,CA,55.98850207601406,1,0.023,HH
55011,Buffalo,WI,6.323858192270841,3,0.001,LL
55101,Racine,WI,24.161609709358032,3,0.002,LL
50013,Grand Isle,VT,1.9642286809326093,3,0.002,LL
27037,Dakota,MN,30.80485467901629,3,0.001,LL
41051,Multnomah,OR,35.30820824017886,3,0.001,LL
22069,Natchitoches,LA,72.88406259980837,1,0.011,HH
17171,Scott,IL,41.87160651549026,2,0.314,ns
13103,Effingham,GA,53.75279463430213,1,0.237,ns
40015,Caddo,OK,74.52890450335357,1,0.004,HH
40067,Jefferson,OK,78.76077930373683,1,0.006,HH
08055,Huerfano,CO,69.59437879271798,1,0.001,HH
45007,Anderson,SC,59.64548067709997,1,0.339,ns
45027,Clarendon,SC,58.62344298946024,1,0.233,ns
13177,Lee,GA,67.96550622804216,1,0.001,HH
39081,Jefferson,OH,55.34972852123922,4,0.281,ns
40129,Roger Mills,OK,78.79271798147556,1,0.035,HH
51678,Lexington City,VA,17.278824656659214,3,0.217,ns
06089,Shasta,CA,75.34334078569147,1,0.001,HH
05041,Desha,AR,60.97093580325775,1,0.002,HH
22057,Lafourche,LA,64.73969977642926,1,0.143,ns
06109,Tuolumne,CA,73.71446822101565,1,0.062,ns
40021,Cherokee,OK,69.35483870967741,1,0.002,HH
05015,Carroll,AR,53.24177579048227,1,0.035,HH
48449,Titus,TX,69.22708399872245,1,0.092,ns
22099,Saint Martin,LA,66.59214308527626,1,0.126,ns
01103,Morgan,AL,66.36857234110508,1,0.035,HH
01125,Tuscaloosa,AL,52.12392206962632,4,0.117,ns
22125,West Feliciana,LA,28.6649632705206,3,0.236,ns
13151,Henry,GA,45.8958799105717,3,0.02,LL
12043,Glades,FL,62.12072820185245,1,0.223,ns
08089,Otero,CO,88.91727882465666,1,0.002,HH
22107,Tensas,LA,59.67741935483871,1,0.081,ns
54011,Cabell,WV,81.87480038326413,1,0.001,HH
21183,Ohio,KY,41.87160651549026,3,0.184,ns
27013,Blue Earth,MN,49.07377834557649,3,0.006,LL
33011,Hillsborough,NH,46.69434685404025,3,0.027,LL
56037,Sweetwater,WY,54.982433727243695,1,0.027,HH
19155,Pottawattamie,IA,59.05461513893325,4,0.073,ns
36045,Jefferson,NY,23.71446822101565,3,0.035,LL
29013,Bates,MO,50.65474289364421,4,0.469,ns
26141,Presque Isle,MI,14.81954647077611,3,0.001,LL
30085,Roosevelt,MT,49.13765570105397,3,0.224,ns
53031,Jefferson,WA,9.789204726924304,3,0.051,ns
48355,Nueces,TX,58.68732034493772,1,0.162,ns
55029,Door,WI,6.962631747045672,3,0.004,LL
16069,Nez Perce,ID,48.0836793356755,3,0.355,ns
26063,Huron,MI,20.85595656339828,3,0.075,ns
13167,Johnson,GA,50.94219099329288,1,0.203,ns
39137,Putnam,OH,12.615777706802938,3,0.001,LL
48143,Erath,TX,61.06675183647397,1,0.126,ns
29203,Shannon,MO,56.89875439156819,1,0.043,HH
51610,Falls Church City,VA,3.002235707441712,3,0.054,ns
48273,Kleberg,TX,54.93452571063558,1,0.219,ns
08097,Pitkin,CO,55.9086553816672,1,0.013,HH
08067,La Plata,CO,74.96007665282657,1,0.004,HH
40143,Tulsa,OK,64.42031299904184,1,0.002,HH
01115,Saint Clair,AL,59.85308208240178,1,0.034,HH
12103,Pinellas,FL,52.842542318748,1,0.193,ns
17057,Fulton,IL,46.87000958160333,3,0.271,ns
20021,Cherokee,KS,79.39955285851167,1,0.002,HH
27007,Beltrami,MN,55.01437240498243,4,0.059,ns
18017,Cass,IN,52.315554136058765,4,0.055,ns
05113,Polk,AR,61.146598530820825,1,0.009,HH
32005,Douglas,NV,82.9287767486426,1,0.011,HH
20095,Kingman,KS,73.69849888214628,1,0.004,HH
19043,Clayton,IA,19.865857553497285,3,0.001,LL
18049,Fulton,IN,36.07473650590866,3,0.015,LL
29199,Scotland,MO,78.6649632705206,1,0.075,ns
45015,Berkeley,SC,50.62280421590546,1,0.307,ns
26089,Leelanau,MI,2.091983391887576,3,0.001,LL
42057,Fulton,PA,37.46406898754392,3,0.376,ns
26037,Clinton,MI,17.342702012136698,3,0.001,LL
13239,Quitman,GA,59.80517406579368,4,0.465,ns
53061,Snohomish,WA,40.19482593420632,3,0.034,LL
29111,Lewis,MO,67.614180772916,1,0.026,HH
12079,Madison,FL,48.72245289045034,2,0.304,ns
35028,Los Alamos,NM,51.94825934206324,1,0.001,HH
35019,Guadalupe,NM,65.95336953050143,1,0.001,HH
54021,Gilmer,WV,46.885978920472695,3,0.283,ns
18163,Vanderburgh,IN,44.52251676780581,3,0.042,LL
54027,Hampshire,WV,50.095816033216224,3,0.211,ns
41063,Wallowa,OR,42.0153305653146,2,0.391,ns
37039,Cherokee,NC,48.13158735228362,3,0.37,ns
40109,Oklahoma,OK,63.3982753114021,1,0.012,HH
12127,Volusia,FL,57.26604918556372,1,0.362,ns
06091,Sierra,CA,69.33886937080806,1,0.005,HH
16019,Bonneville,ID,87.51197700415203,1,0.008,HH
01035,Conecuh,AL,55.82880868732035,1,0.051,ns
20097,Kiowa,KS,52.012136697540726,1,0.006,HH
27041,Douglas,MN,21.414883423826254,3,0.01,LL
47023,Chester,TN,53.56116256786969,1,0.113,ns
22113,Vermilion,LA,63.17470456723092,1,0.018,HH
35043,Sandoval,NM,94.12328329607156,1,0.001,HH
27027,Clay,MN,36.95305014372405,3,0.009,LL
