FIPS,State,County,TOT_BENES,ORGNL_MDCR_BENES,MA_AND_OTH_BENES,AGED_TOT_BENES,AGED_ESRD_BENES,AGED_NO_ESRD_BENES,DSBLD_TOT_BENES,DSBLD_ESRD_AND_ESRD_ONLY_BENES,DSBLD_NO_ESRD_BENES,MALE_TOT_BENES,FEMALE_TOT_BENES,WHITE_TOT_BENES,BLACK_TOT_BENES,HSPNC_TOT_BENES,API_TOT_BENES,NATIND_TOT_BENES,AGE_LT_25_BENES,AGE_25_TO_44_BENES,AGE_45_TO_64_BENES,DUAL_TOT_BENES,FULL_DUAL_TOT_BENES,NODUAL_TOT_BENES,A_B_TOT_BENES,PRSCRPTN_DRUG_TOT_BENES,dsbld_rate,dual_rate,under65_benes,ma_share
01001,AL,Autauga County,12322.0,4858.0,7464.0,10211.0,48.0,10163.0,2111.0,48.0,2063.0,5487.0,6835.0,9480.0,2393.0,129.0,85.0,,21.0,371.0,1719.0,2108.0,748.0,10214.0,11353.0,9075.0,0.171319590975491,0.1710761240058432,2111.0,0.6057458204836877
01003,AL,Baldwin County,66030.0,28091.0,37939.0,59693.0,169.0,59524.0,6337.0,117.0,6220.0,30208.0,35822.0,59112.0,3972.0,1002.0,339.0,105.0,80.0,1021.0,5236.0,6834.0,2078.0,59196.0,61770.0,53163.0,0.09597152809329093,0.10349840981372103,6337.0,0.5745721641678025
01005,AL,Barbour County,6227.0,1996.0,4231.0,5083.0,44.0,5039.0,1144.0,39.0,1105.0,2842.0,3385.0,3428.0,2644.0,31.0,22.0,,,,958.0,1853.0,737.0,4374.0,5877.0,5137.0,0.1837160751565762,0.297575076280713,958.0,0.6794604143247149
01007,AL,Bibb County,4825.0,1491.0,3334.0,3796.0,19.0,3777.0,1029.0,31.0,998.0,2257.0,2568.0,3864.0,840.0,33.0,,,,,862.0,1115.0,442.0,3710.0,4520.0,3859.0,0.2132642487046632,0.23108808290155441,862.0,0.6909844559585492
01009,AL,Blount County,12433.0,4069.0,8364.0,10512.0,40.0,10472.0,1921.0,24.0,1897.0,5740.0,6693.0,11714.0,198.0,312.0,21.0,,12.0,285.0,1624.0,2082.0,695.0,10351.0,11659.0,10339.0,0.15450816375774148,0.16745757258907745,1921.0,0.6727258103434408
01011,AL,Bullock County,2351.0,663.0,1688.0,1887.0,24.0,1863.0,464.0,23.0,441.0,1050.0,1301.0,597.0,1719.0,,,0.0,,,380.0,833.0,323.0,1518.0,2175.0,2010.0,0.19736282433007232,0.3543173117822203,380.0,0.7179923436835389
01013,AL,Butler County,4978.0,1720.0,3258.0,4021.0,22.0,3999.0,957.0,32.0,925.0,2232.0,2746.0,2933.0,1952.0,,21.0,,,,791.0,1513.0,565.0,3465.0,4669.0,4150.0,0.1922458818802732,0.303937324226597,791.0,0.6544797107271997
01015,AL,Calhoun County,28174.0,12358.0,15816.0,22944.0,118.0,22826.0,5230.0,100.0,5130.0,12566.0,15608.0,22008.0,5058.0,346.0,176.0,16.0,35.0,816.0,4379.0,5844.0,2134.0,22330.0,25883.0,21071.0,0.18563214311066942,0.20742528572442678,5230.0,0.561368637751118
01017,AL,Chambers County,9076.0,3113.0,5963.0,7186.0,69.0,7117.0,1890.0,41.0,1849.0,4026.0,5050.0,5536.0,3316.0,40.0,32.0,,11.0,276.0,1603.0,2321.0,860.0,6755.0,8499.0,7510.0,0.20824151608638167,0.255729396209784,1890.0,0.6570074922873512
01019,AL,Cherokee County,7694.0,3023.0,4671.0,6399.0,25.0,6374.0,1295.0,22.0,1273.0,3647.0,4047.0,7210.0,301.0,34.0,12.0,,,,1101.0,1569.0,472.0,6125.0,7309.0,6395.0,0.1683129711463478,0.2039251364699766,1101.0,0.6070964387834676
01021,AL,Chilton County,9970.0,2774.0,7196.0,8176.0,47.0,8129.0,1794.0,24.0,1770.0,4514.0,5456.0,8678.0,1022.0,110.0,30.0,,,,1507.0,2070.0,748.0,7900.0,9412.0,8538.0,0.17993981945837512,0.20762286860581744,1507.0,0.721765295887663
01023,AL,Choctaw County,3802.0,1583.0,2219.0,3045.0,27.0,3018.0,757.0,28.0,729.0,1738.0,2064.0,2054.0,1682.0,,,,,,646.0,1020.0,435.0,2782.0,3614.0,3192.0,0.199105733824303,0.2682798527091005,646.0,0.5836401893740136
01025,AL,Clarke County,6431.0,2040.0,4391.0,5069.0,39.0,5030.0,1362.0,47.0,1315.0,3003.0,3428.0,3491.0,2828.0,12.0,17.0,,13.0,211.0,1138.0,1704.0,720.0,4727.0,6020.0,5408.0,0.21178665837350336,0.2649665681853522,1362.0,0.6827865028766911
01027,AL,Clay County,3723.0,1376.0,2347.0,3025.0,15.0,3010.0,698.0,,,1705.0,2018.0,3172.0,441.0,49.0,,,,,588.0,907.0,287.0,2816.0,3500.0,3010.0,0.18748321246306743,0.24362073596561912,588.0,0.6304055868922912
01029,AL,Cleburne County,3665.0,1748.0,1917.0,3046.0,,,619.0,11.0,608.0,1747.0,1918.0,3448.0,119.0,28.0,,0.0,,,511.0,749.0,260.0,2916.0,3419.0,2907.0,0.1688949522510232,0.2043656207366985,511.0,0.523055934515689
01031,AL,Coffee County,11856.0,5554.0,6302.0,10055.0,46.0,10009.0,1801.0,35.0,1766.0,5350.0,6506.0,9170.0,1939.0,350.0,127.0,,17.0,313.0,1471.0,2171.0,850.0,9685.0,11160.0,7729.0,0.15190620782726047,0.18311403508771928,1801.0,0.5315452091767882
01033,AL,Colbert County,14593.0,6324.0,8269.0,12134.0,48.0,12086.0,2459.0,43.0,2416.0,6426.0,8167.0,11717.0,2437.0,121.0,52.0,,19.0,384.0,2056.0,2903.0,1060.0,11690.0,13670.0,12106.0,0.16850544781744672,0.19893099431234154,2459.0,0.5666415404646064
01035,AL,Conecuh County,3552.0,1273.0,2279.0,2821.0,25.0,2796.0,731.0,19.0,712.0,1654.0,1898.0,1977.0,1501.0,17.0,,,,,625.0,970.0,341.0,2582.0,3354.0,2943.0,0.20579954954954954,0.2730855855855856,625.0,0.6416103603603603
01037,AL,Coosa County,3160.0,1065.0,2095.0,2469.0,19.0,2450.0,691.0,17.0,674.0,1489.0,1671.0,2170.0,919.0,11.0,,,,,581.0,777.0,245.0,2383.0,2968.0,2638.0,0.21867088607594937,0.2458860759493671,581.0,0.6629746835443038
01039,AL,Covington County,10293.0,4379.0,5914.0,8631.0,40.0,8591.0,1662.0,35.0,1627.0,4678.0,5615.0,8962.0,1082.0,75.0,38.0,,19.0,274.0,1369.0,2498.0,894.0,7795.0,9755.0,8133.0,0.16146895948703002,0.2426892062566793,1662.0,0.5745652385116098
01041,AL,Crenshaw County,3620.0,1229.0,2391.0,2985.0,17.0,2968.0,635.0,15.0,620.0,1681.0,1939.0,2755.0,780.0,14.0,,,12.0,97.0,526.0,969.0,351.0,2651.0,3387.0,2908.0,0.17541436464088397,0.2676795580110497,635.0,0.6604972375690608
01043,AL,Cullman County,21327.0,8826.0,12501.0,18119.0,56.0,18063.0,3208.0,42.0,3166.0,9683.0,11644.0,20527.0,190.0,223.0,62.0,,33.0,523.0,2652.0,4165.0,1478.0,17162.0,19960.0,17599.0,0.1504196558353261,0.19529235241712384,3208.0,0.5861583907722605
01045,AL,Dale County,11600.0,4996.0,6604.0,9420.0,41.0,9379.0,2180.0,39.0,2141.0,5249.0,6351.0,8741.0,2262.0,256.0,122.0,12.0,23.0,416.0,1741.0,2746.0,1149.0,8854.0,10863.0,7802.0,0.1879310344827586,0.23672413793103447,2180.0,0.5693103448275862
01047,AL,Dallas County,9922.0,2862.0,7060.0,7735.0,76.0,7659.0,2187.0,84.0,2103.0,4513.0,5409.0,3267.0,6444.0,24.0,26.0,,23.0,326.0,1838.0,3842.0,1706.0,6080.0,9201.0,8519.0,0.22041927030840555,0.3872203184841766,2187.0,0.7115500907075186
01049,AL,Dekalb County,16137.0,6798.0,9339.0,13431.0,59.0,13372.0,2706.0,40.0,2666.0,7442.0,8695.0,15229.0,273.0,339.0,38.0,16.0,20.0,443.0,2243.0,3610.0,1188.0,12527.0,15152.0,13298.0,0.16768916155419222,0.2237094875131685,2706.0,0.5787321063394683
01051,AL,Elmore County,20301.0,8175.0,12126.0,17117.0,75.0,17042.0,3184.0,71.0,3113.0,9229.0,11072.0,16375.0,3202.0,191.0,107.0,,31.0,513.0,2640.0,3116.0,1147.0,17185.0,18629.0,15044.0,0.15683956455347028,0.15348997586325797,3184.0,0.5973104773163883
01053,AL,Escambia County,8998.0,3387.0,5611.0,7294.0,63.0,7231.0,1704.0,53.0,1651.0,4020.0,4978.0,6249.0,2377.0,41.0,23.0,168.0,18.0,257.0,1429.0,2144.0,736.0,6854.0,8453.0,7456.0,0.18937541675927985,0.23827517226050232,1704.0,0.6235830184485441
01055,AL,Etowah County,26726.0,9415.0,17311.0,21603.0,126.0,21477.0,5123.0,92.0,5031.0,12038.0,14688.0,22326.0,3579.0,287.0,101.0,11.0,47.0,806.0,4270.0,6081.0,2190.0,20645.0,25007.0,22145.0,0.19168599865299707,0.2275312429843598,5123.0,0.6477213200628601
01057,AL,Fayette County,4462.0,2071.0,2391.0,3620.0,13.0,3607.0,842.0,,,2043.0,2419.0,3839.0,519.0,36.0,,,,,696.0,1026.0,450.0,3436.0,4196.0,3451.0,0.18870461676378306,0.2299417301658449,696.0,0.5358583594800538
01059,AL,Franklin County,6812.0,3223.0,3589.0,5666.0,21.0,5645.0,1146.0,14.0,1132.0,3115.0,3697.0,6244.0,263.0,209.0,,,12.0,169.0,965.0,1592.0,550.0,5220.0,6370.0,5648.0,0.16823253082795067,0.2337052260716383,1146.0,0.5268643570170288
01061,AL,Geneva County,7248.0,2851.0,4397.0,5987.0,24.0,5963.0,1261.0,17.0,1244.0,3366.0,3882.0,6352.0,644.0,118.0,26.0,,15.0,216.0,1030.0,1841.0,664.0,5407.0,6814.0,5569.0,0.17397902869757173,0.25400110375275936,1261.0,0.6066501103752759
01063,AL,Greene County,2293.0,647.0,1646.0,1809.0,21.0,1788.0,484.0,22.0,462.0,1041.0,1252.0,491.0,1754.0,,,0.0,,,384.0,846.0,372.0,1447.0,2134.0,1947.0,0.21107719145224596,0.3689489751417357,384.0,0.7178368948975141
01065,AL,Hale County,4268.0,1437.0,2831.0,3259.0,20.0,3239.0,1009.0,25.0,984.0,1955.0,2313.0,1798.0,2380.0,19.0,,,14.0,195.0,800.0,1412.0,558.0,2856.0,3963.0,3530.0,0.23641049671977507,0.33083411433926896,1009.0,0.6633083411433927
01067,AL,Henry County,5248.0,1855.0,3393.0,4417.0,30.0,4387.0,831.0,17.0,814.0,2391.0,2857.0,3794.0,1343.0,28.0,,,,,689.0,1112.0,423.0,4136.0,4966.0,4239.0,0.15834603658536586,0.21189024390243902,689.0,0.6465320121951219
01069,AL,Houston County,26132.0,10462.0,15670.0,21885.0,94.0,21791.0,4247.0,99.0,4148.0,11577.0,14555.0,19230.0,5936.0,364.0,179.0,11.0,45.0,823.0,3379.0,5880.0,2394.0,20252.0,24335.0,20358.0,0.16252104699219347,0.2250114801775601,4247.0,0.5996479412214909
01071,AL,Jackson County,14071.0,6401.0,7670.0,11925.0,40.0,11885.0,2146.0,34.0,2112.0,6475.0,7596.0,13271.0,437.0,123.0,29.0,,27.0,275.0,1844.0,2689.0,859.0,11382.0,13183.0,11489.0,0.1525122592566271,0.1911022670741241,2146.0,0.5450927439414398
01073,AL,Jefferson County,139147.0,47009.0,92138.0,119637.0,862.0,118775.0,19510.0,717.0,18793.0,60098.0,79049.0,76999.0,56901.0,1170.0,1195.0,49.0,237.0,3870.0,15403.0,27755.0,11158.0,111392.0,125888.0,114127.0,0.14021143107648745,0.19946531366109221,19510.0,0.6621630362135008
01075,AL,Lamar County,3862.0,2147.0,1715.0,3157.0,20.0,3137.0,705.0,12.0,693.0,1824.0,2038.0,3332.0,456.0,11.0,,,,,609.0,878.0,335.0,2984.0,3646.0,3066.0,0.1825479026411186,0.22734334541688245,609.0,0.4440704298291041
01077,AL,Lauderdale County,23650.0,10983.0,12667.0,20379.0,68.0,20311.0,3271.0,51.0,3220.0,10570.0,13080.0,21000.0,1924.0,183.0,91.0,13.0,31.0,521.0,2719.0,4194.0,1492.0,19456.0,22286.0,19723.0,0.13830866807610995,0.17733615221987314,3271.0,0.5356025369978858
01079,AL,Lawrence County,7718.0,3182.0,4536.0,6400.0,32.0,6368.0,1318.0,25.0,1293.0,3628.0,4090.0,6505.0,1038.0,38.0,,,,,1118.0,1539.0,582.0,6179.0,7288.0,6556.0,0.17076962943767815,0.19940399067115833,1118.0,0.5877170251360456
01081,AL,Lee County,29757.0,12881.0,16876.0,25274.0,136.0,25138.0,4483.0,137.0,4346.0,13368.0,16389.0,21128.0,7160.0,400.0,413.0,13.0,42.0,844.0,3597.0,4532.0,1641.0,25225.0,27366.0,22829.0,0.1506536277178479,0.1523002990892899,4483.0,0.5671270625399065
01083,AL,Limestone County,22051.0,10846.0,11205.0,19327.0,75.0,19252.0,2724.0,60.0,2664.0,9962.0,12089.0,18232.0,2762.0,360.0,239.0,,22.0,452.0,2250.0,2977.0,1079.0,19074.0,20397.0,16880.0,0.12353181261620788,0.1350052151829849,2724.0,0.5081402203981679
01085,AL,Lowndes County,3081.0,808.0,2273.0,2468.0,29.0,2439.0,613.0,30.0,583.0,1418.0,1663.0,921.0,2101.0,,,0.0,11.0,102.0,500.0,1101.0,436.0,1980.0,2839.0,2541.0,0.19896137617656606,0.35735150925024345,613.0,0.7377474845829276
01087,AL,Macon County,4694.0,1621.0,3073.0,3848.0,42.0,3806.0,846.0,41.0,805.0,2093.0,2601.0,984.0,3614.0,18.0,15.0,0.0,,,672.0,1344.0,571.0,3350.0,4195.0,3714.0,0.18023008095440987,0.28632296548785685,672.0,0.6546655304644227
01089,AL,Madison County,79654.0,43436.0,36218.0,71389.0,355.0,71034.0,8265.0,280.0,7985.0,35455.0,44199.0,58102.0,16304.0,1508.0,1532.0,37.0,110.0,1599.0,6556.0,9614.0,3697.0,70040.0,71019.0,55310.0,0.10376126748185904,0.12069701458809351,8265.0,0.454691540914455
01091,AL,Marengo County,5325.0,1901.0,3424.0,4135.0,34.0,4101.0,1190.0,37.0,1153.0,2396.0,2929.0,2424.0,2778.0,24.0,,,12.0,210.0,968.0,1658.0,738.0,3667.0,4971.0,4475.0,0.22347417840375586,0.31136150234741783,1190.0,0.6430046948356808
01093,AL,Marion County,7242.0,3639.0,3603.0,5964.0,16.0,5948.0,1278.0,15.0,1263.0,3256.0,3986.0,6838.0,258.0,41.0,14.0,,,,1094.0,1687.0,602.0,5555.0,6869.0,5726.0,0.17647058823529413,0.23294669980668323,1094.0,0.4975144987572494
01095,AL,Marshall County,22367.0,9997.0,12370.0,19011.0,79.0,18932.0,3356.0,60.0,3296.0,10182.0,12185.0,21040.0,326.0,495.0,90.0,,31.0,487.0,2838.0,4405.0,1537.0,17962.0,20590.0,17708.0,0.1500424732865382,0.19694192336924934,3356.0,0.5530468994500827
01097,AL,Mobile County,90171.0,27054.0,63117.0,76184.0,481.0,75703.0,13987.0,532.0,13455.0,40559.0,49612.0,56041.0,30004.0,1063.0,1123.0,75.0,164.0,2656.0,11167.0,20759.0,8110.0,69412.0,83473.0,75890.0,0.1551163899701678,0.23021814108748934,13987.0,0.6999700568919054
01099,AL,Monroe County,5288.0,1721.0,3567.0,4227.0,28.0,4199.0,1061.0,30.0,1031.0,2415.0,2873.0,2990.0,2140.0,19.0,19.0,39.0,,,880.0,1315.0,494.0,3973.0,4998.0,4446.0,0.200642965204236,0.24867624810892586,880.0,0.6745461422087746
01101,AL,Montgomery County,46209.0,17278.0,28931.0,37959.0,301.0,37658.0,8250.0,332.0,7918.0,19821.0,26388.0,18929.0,25195.0,380.0,660.0,,108.0,1734.0,6408.0,11203.0,4464.0,35006.0,41680.0,34918.0,0.17853664870479777,0.24244194853816356,8250.0,0.6260901555973944
01103,AL,Morgan County,27898.0,12974.0,14924.0,24169.0,99.0,24070.0,3729.0,77.0,3652.0,12522.0,15376.0,23964.0,2891.0,424.0,117.0,12.0,31.0,695.0,3003.0,4416.0,1802.0,23482.0,25906.0,22734.0,0.13366549573446126,0.15829091691160657,3729.0,0.5349487418452936
01105,AL,Perry County,2506.0,713.0,1793.0,1867.0,29.0,1838.0,639.0,17.0,622.0,1160.0,1346.0,775.0,1676.0,,0.0,0.0,11.0,110.0,518.0,1112.0,503.0,1394.0,2343.0,2157.0,0.2549880287310455,0.44373503591380686,639.0,0.7154828411811652
01107,AL,Pickens County,5003.0,2014.0,2989.0,3956.0,29.0,3927.0,1047.0,36.0,1011.0,2293.0,2710.0,2908.0,2007.0,16.0,,,12.0,162.0,873.0,1434.0,621.0,3569.0,4669.0,4083.0,0.20927443533879672,0.2866280231860883,1047.0,0.5974415350789526
01109,AL,Pike County,6975.0,2374.0,4601.0,5697.0,30.0,5667.0,1278.0,52.0,1226.0,3123.0,3852.0,4309.0,2493.0,28.0,37.0,,18.0,249.0,1011.0,1875.0,766.0,5100.0,6441.0,5551.0,0.1832258064516129,0.26881720430107525,1278.0,0.6596415770609318
01111,AL,Randolph County,6375.0,2651.0,3724.0,5327.0,22.0,5305.0,1048.0,26.0,1022.0,2984.0,3391.0,5136.0,1075.0,41.0,,,,,891.0,1355.0,461.0,5020.0,6006.0,5142.0,0.1643921568627451,0.21254901960784314,891.0,0.584156862745098
01113,AL,Russell County,12209.0,4991.0,7218.0,9681.0,95.0,9586.0,2528.0,83.0,2445.0,5551.0,6658.0,6600.0,5120.0,235.0,65.0,,24.0,434.0,2070.0,2810.0,959.0,9399.0,11353.0,8901.0,0.20706036530428373,0.23015808010484068,2528.0,0.5912032107461709
01117,AL,Shelby County,44620.0,17421.0,27199.0,40570.0,134.0,40436.0,4050.0,114.0,3936.0,19683.0,24937.0,37852.0,4460.0,627.0,532.0,17.0,66.0,721.0,3263.0,3779.0,1455.0,40841.0,40575.0,36264.0,0.09076647243388615,0.08469296279695204,4050.0,0.6095696996862393
01115,AL,St. Clair County,20974.0,7018.0,13956.0,17779.0,52.0,17727.0,3195.0,70.0,3125.0,9374.0,11600.0,18645.0,1697.0,141.0,104.0,,48.0,518.0,2629.0,3328.0,1119.0,17646.0,19440.0,17182.0,0.15233145799561362,0.1586726423190617,3195.0,0.6653952512634691
01119,AL,Sumter County,3189.0,1088.0,2101.0,2527.0,22.0,2505.0,662.0,30.0,632.0,1419.0,1770.0,814.0,2333.0,,,0.0,,,533.0,1142.0,587.0,2047.0,2926.0,2656.0,0.20758858576356223,0.3581059893383506,533.0,0.6588272185638131
01121,AL,Talladega County,20515.0,6868.0,13647.0,16028.0,92.0,15936.0,4487.0,117.0,4370.0,9287.0,11228.0,14044.0,5984.0,107.0,60.0,11.0,42.0,690.0,3755.0,5124.0,1812.0,15391.0,18980.0,17011.0,0.2187180112113088,0.24976846210090178,4487.0,0.6652205703144041
01123,AL,Tallapoosa County,11681.0,4453.0,7228.0,9592.0,71.0,9521.0,2089.0,37.0,2052.0,5355.0,6326.0,8759.0,2639.0,52.0,28.0,,24.0,350.0,1715.0,2540.0,873.0,9141.0,10994.0,9642.0,0.17883742830237137,0.21744713637531032,2089.0,0.6187826384727335
01125,AL,Tuscaloosa County,38329.0,15597.0,22732.0,31737.0,193.0,31544.0,6592.0,193.0,6399.0,17071.0,21258.0,25461.0,11567.0,291.0,223.0,20.0,62.0,1354.0,5176.0,7353.0,3277.0,30976.0,35023.0,30171.0,0.17198465913538052,0.19183907746093037,6592.0,0.5930757389965822
01127,AL,Walker County,17124.0,5642.0,11482.0,13705.0,51.0,13654.0,3419.0,46.0,3373.0,7908.0,9216.0,15821.0,955.0,90.0,39.0,,31.0,458.0,2930.0,3977.0,1493.0,13147.0,16144.0,13417.0,0.19966129409016584,0.2322471385190376,3419.0,0.6705209063302967
01129,AL,Washington County,4479.0,1660.0,2819.0,3638.0,17.0,3621.0,841.0,17.0,824.0,2115.0,2364.0,3240.0,1141.0,15.0,,24.0,,,722.0,959.0,393.0,3520.0,4239.0,3674.0,0.18776512614422863,0.2141102924759991,722.0,0.6293815583835678
01131,AL,Wilcox County,3255.0,932.0,2323.0,2430.0,37.0,2393.0,825.0,27.0,798.0,1531.0,1724.0,1069.0,2131.0,,0.0,0.0,,,670.0,1294.0,641.0,1961.0,3041.0,2838.0,0.2534562211981567,0.397542242703533,670.0,0.7136712749615975
01133,AL,Winston County,6400.0,2754.0,3646.0,5320.0,19.0,5301.0,1080.0,,,3004.0,3396.0,6230.0,37.0,36.0,,,,,938.0,1452.0,506.0,4948.0,5988.0,5170.0,0.16875,0.226875,938.0,0.5696875
01999,AL,Unknown,,,,,,,,,,,,,,,,,,,,,,,,,,,0.0,
02013,AK,Aleutians East Borough,157.0,,,,,,,,,89.0,68.0,39.0,0.0,,,78.0,,,,27.0,,130.0,115.0,72.0,,0.17197452229299362,0.0,
02016,AK,Aleutians West Census Area,241.0,,,227.0,0.0,227.0,14.0,0.0,14.0,139.0,102.0,69.0,,19.0,45.0,69.0,,,,41.0,,200.0,158.0,92.0,0.058091286307053944,0.17012448132780084,0.0,
02020,AK,Anchorage Municipality,46529.0,45197.0,1332.0,42192.0,199.0,41993.0,4337.0,231.0,4106.0,22363.0,24166.0,31705.0,2313.0,2423.0,3692.0,3333.0,83.0,1356.0,2898.0,7446.0,7090.0,39083.0,40569.0,31513.0,0.09321068580885039,0.1600292290829375,4337.0,0.028627307700573836
02050,AK,Bethel Census Area,1772.0,,,1609.0,,,163.0,,,942.0,830.0,142.0,,,26.0,1113.0,,,110.0,732.0,688.0,1040.0,1474.0,1236.0,0.09198645598194131,0.41309255079006774,110.0,
02060,AK,Bristol Bay Borough,164.0,,,,,,,,,94.0,70.0,85.0,0.0,,0.0,57.0,,,,16.0,,148.0,129.0,85.0,,0.0975609756097561,0.0,
02063,AK,Chugach Census Area,1085.0,1053.0,32.0,1028.0,,,57.0,,,561.0,524.0,832.0,,39.0,64.0,65.0,0.0,11.0,46.0,118.0,,967.0,954.0,731.0,0.052534562211981564,0.10875576036866359,57.0,0.029493087557603687
02066,AK,Copper River Census Area,732.0,707.0,25.0,692.0,,,40.0,0.0,40.0,412.0,320.0,612.0,,,,80.0,,,28.0,85.0,,647.0,647.0,461.0,0.0546448087431694,0.11612021857923498,28.0,0.03415300546448088
02068,AK,Denali Borough,335.0,317.0,18.0,314.0,,,21.0,,,202.0,133.0,294.0,,,,14.0,0.0,,,21.0,,314.0,292.0,210.0,0.0626865671641791,0.0626865671641791,0.0,0.05373134328358209
02070,AK,Dillingham Census Area,586.0,,,555.0,,,31.0,0.0,31.0,319.0,267.0,162.0,,,,301.0,0.0,,,155.0,,431.0,458.0,347.0,0.052901023890784986,0.2645051194539249,0.0,
02090,AK,Fairbanks North Star Borough,13723.0,13340.0,383.0,12525.0,30.0,12495.0,1198.0,27.0,1171.0,6977.0,6746.0,10987.0,383.0,316.0,336.0,912.0,16.0,333.0,849.0,1596.0,1505.0,12127.0,12134.0,9273.0,0.08729869562049114,0.11630110034249071,1198.0,0.027909349267652844
02100,AK,Haines Borough,730.0,701.0,29.0,694.0,0.0,694.0,36.0,0.0,36.0,375.0,355.0,604.0,0.0,,,73.0,0.0,,,94.0,,636.0,664.0,521.0,0.049315068493150684,0.12876712328767123,0.0,0.03972602739726028
02105,AK,Hoonah-Angoon Census Area,621.0,608.0,13.0,598.0,,,23.0,,,344.0,277.0,369.0,,,,160.0,0.0,,,95.0,84.0,526.0,550.0,441.0,0.037037037037037035,0.1529790660225443,0.0,0.020933977455716585
02110,AK,Juneau City And Borough,6064.0,5979.0,85.0,5626.0,,,438.0,14.0,424.0,3029.0,3035.0,4452.0,76.0,213.0,270.0,590.0,,,300.0,760.0,724.0,5304.0,5490.0,4638.0,0.07222955145118734,0.12532981530343007,300.0,0.014017150395778364
02122,AK,Kenai Peninsula Borough,14793.0,14135.0,658.0,13736.0,23.0,13713.0,1057.0,27.0,1030.0,7620.0,7173.0,13092.0,64.0,226.0,145.0,674.0,20.0,234.0,803.0,1837.0,1716.0,12956.0,13560.0,10205.0,0.07145271412154397,0.1241803555735821,1057.0,0.04448049753261678
02130,AK,Ketchikan Gateway Borough,2814.0,2773.0,41.0,2615.0,,,199.0,,,1399.0,1415.0,2119.0,14.0,114.0,109.0,305.0,,,150.0,413.0,385.0,2401.0,2522.0,1988.0,0.0707178393745558,0.14676616915422885,150.0,0.01457000710732054
02150,AK,Kodiak Island Borough,2073.0,2041.0,32.0,1952.0,,,121.0,,,1067.0,1006.0,1207.0,,189.0,298.0,195.0,,,86.0,300.0,286.0,1773.0,1798.0,1242.0,0.05836951278340569,0.1447178002894356,86.0,0.015436565364206465
02158,AK,Kusilvak Census Area,662.0,,,602.0,0.0,602.0,60.0,0.0,60.0,352.0,310.0,25.0,,,,441.0,,,40.0,319.0,295.0,343.0,564.0,478.0,0.09063444108761329,0.4818731117824773,40.0,
02164,AK,Lake And Peninsula Borough,180.0,180.0,0.0,166.0,,,14.0,0.0,14.0,96.0,84.0,56.0,,0.0,,86.0,0.0,,,43.0,,137.0,151.0,116.0,0.07777777777777778,0.2388888888888889,0.0,0.0
02170,AK,Matanuska-Susitna Borough,19563.0,18911.0,652.0,17735.0,42.0,17693.0,1828.0,39.0,1789.0,9736.0,9827.0,17220.0,197.0,332.0,264.0,783.0,17.0,486.0,1325.0,2636.0,2425.0,16927.0,17589.0,12993.0,0.09344170117057711,0.13474415989367683,1828.0,0.0333282216428973
02180,AK,Nome Census Area,1006.0,,,903.0,0.0,903.0,103.0,0.0,103.0,547.0,459.0,193.0,,,11.0,581.0,,,64.0,326.0,308.0,680.0,786.0,621.0,0.10238568588469185,0.3240556660039761,64.0,
02185,AK,North Slope Borough,581.0,,,535.0,0.0,535.0,46.0,,,292.0,289.0,76.0,,23.0,45.0,286.0,,,32.0,71.0,,510.0,459.0,274.0,0.07917383820998279,0.12220309810671257,32.0,
02188,AK,Northwest Arctic Borough,630.0,,,574.0,,,56.0,0.0,56.0,332.0,298.0,75.0,,,,386.0,,,40.0,188.0,,442.0,464.0,391.0,0.08888888888888889,0.2984126984126984,40.0,
02195,AK,Petersburg Borough,926.0,913.0,13.0,876.0,,,50.0,,,464.0,462.0,774.0,,15.0,24.0,69.0,0.0,13.0,37.0,100.0,,826.0,851.0,658.0,0.05399568034557235,0.1079913606911447,50.0,0.014038876889848811
02198,AK,Prince Of Wales-Hyder Census Area,1230.0,1206.0,24.0,1138.0,,,92.0,,,680.0,550.0,757.0,,,13.0,338.0,0.0,15.0,77.0,231.0,206.0,999.0,1039.0,758.0,0.07479674796747968,0.1878048780487805,92.0,0.01951219512195122
02220,AK,Sitka City And Borough,1742.0,1731.0,11.0,1641.0,,,101.0,,,861.0,881.0,1293.0,,54.0,54.0,210.0,,,76.0,178.0,162.0,1564.0,1535.0,1182.0,0.05797933409873708,0.10218140068886337,76.0,0.006314580941446613
02230,AK,Skagway Municipality,203.0,,,,,,,,,100.0,103.0,182.0,,0.0,,,,,,,,,184.0,135.0,,,0.0,
02240,AK,Southeast Fairbanks Census Area,1528.0,1487.0,41.0,1414.0,,,114.0,,,821.0,707.0,1277.0,12.0,14.0,,135.0,,,90.0,232.0,218.0,1296.0,1373.0,949.0,0.07460732984293193,0.1518324607329843,90.0,0.026832460732984294
02275,AK,Wrangell City And Borough,627.0,612.0,15.0,597.0,0.0,597.0,30.0,0.0,30.0,327.0,300.0,495.0,0.0,,,88.0,0.0,,,71.0,,556.0,567.0,433.0,0.04784688995215311,0.11323763955342903,0.0,0.023923444976076555
02282,AK,Yakutat City And Borough,131.0,,,,,,,,,77.0,54.0,57.0,0.0,,,44.0,,,,22.0,,109.0,108.0,80.0,,0.16793893129770993,0.0,
02290,AK,Yukon-Koyukuk Census Area,1010.0,998.0,12.0,949.0,,,61.0,,,523.0,487.0,351.0,,,,478.0,,,43.0,258.0,247.0,752.0,810.0,664.0,0.060396039603960394,0.25544554455445545,43.0,0.011881188118811881
02999,AK,Unknown,,,,,,,,,,,,,,,,,,,,,,,,,,,0.0,
04001,AZ,Apache County,15270.0,10628.0,4642.0,13573.0,145.0,13428.0,1697.0,110.0,1587.0,7126.0,8144.0,5282.0,74.0,658.0,43.0,7802.0,28.0,305.0,1364.0,5353.0,4239.0,9917.0,12544.0,9533.0,0.11113294040602488,0.35055664702030126,1697.0,0.3039947609692207
04003,AZ,Cochise County,37924.0,19656.0,18268.0,34575.0,120.0,34455.0,3349.0,67.0,3282.0,18204.0,19720.0,27888.0,974.0,7372.0,561.0,99.0,35.0,576.0,2738.0,8119.0,6003.0,29805.0,35018.0,26255.0,0.08830819533804452,0.21408606687058326,3349.0,0.481700242590444
04005,AZ,Coconino County,24363.0,16036.0,8327.0,22440.0,92.0,22348.0,1923.0,114.0,1809.0,11667.0,12696.0,16574.0,199.0,1757.0,230.0,4159.0,18.0,430.0,1475.0,4494.0,3382.0,19869.0,21870.0,17971.0,0.07893116611254772,0.18446004186676518,1923.0,0.3417887780650987
04007,AZ,Gila County,18238.0,10544.0,7694.0,16742.0,63.0,16679.0,1496.0,41.0,1455.0,8844.0,9394.0,14871.0,57.0,1842.0,106.0,821.0,15.0,248.0,1233.0,3001.0,2131.0,15237.0,17047.0,14304.0,0.08202653799758745,0.1645465511569251,1496.0,0.42186643272288626
04009,AZ,Graham County,6434.0,2875.0,3559.0,5648.0,31.0,5617.0,786.0,44.0,742.0,3045.0,3389.0,4373.0,37.0,1481.0,33.0,314.0,,,603.0,1412.0,1021.0,5022.0,5892.0,5181.0,0.12216350637239665,0.21945912340690085,603.0,0.5531551134597451
04011,AZ,Greenlee County,1348.0,638.0,710.0,1176.0,,,172.0,,,670.0,678.0,843.0,,455.0,,11.0,,,142.0,236.0,167.0,1112.0,1214.0,1024.0,0.12759643916913946,0.17507418397626112,142.0,0.526706231454006
04012,AZ,La Paz County,6709.0,3604.0,3105.0,6141.0,19.0,6122.0,568.0,19.0,549.0,3459.0,3250.0,5525.0,44.0,617.0,46.0,323.0,,,498.0,1420.0,994.0,5289.0,6112.0,4834.0,0.08466239379937397,0.21165598449843495,498.0,0.4628111492025637
04013,AZ,Maricopa County,806722.0,397177.0,409545.0,743505.0,3015.0,740490.0,63217.0,2732.0,60485.0,365884.0,440838.0,600050.0,38377.0,110863.0,23837.0,5250.0,876.0,13557.0,48784.0,118219.0,88634.0,688503.0,739630.0,662052.0,0.07836280651823056,0.14654242725498995,63217.0,0.5076655898810247
04015,AZ,Mohave County,77356.0,36799.0,40557.0,70445.0,204.0,70241.0,6911.0,146.0,6765.0,38508.0,38848.0,67541.0,651.0,6053.0,810.0,519.0,62.0,1044.0,5805.0,13217.0,8970.0,64139.0,72669.0,61451.0,0.08934019339159212,0.17085940327834945,6911.0,0.5242902942241068
04017,AZ,Navajo County,28227.0,17329.0,10898.0,25329.0,158.0,25171.0,2898.0,163.0,2735.0,13487.0,14740.0,17913.0,183.0,1677.0,125.0,6659.0,43.0,528.0,2327.0,6995.0,5261.0,21232.0,25448.0,20578.0,0.102667658624721,0.2478123782194353,2898.0,0.3860842455804726
04019,AZ,Pima County,261927.0,112872.0,149055.0,240540.0,941.0,239599.0,21387.0,708.0,20679.0,119585.0,142342.0,190991.0,6987.0,47911.0,4684.0,2343.0,271.0,4610.0,16506.0,44521.0,32845.0,217406.0,241764.0,213757.0,0.0816525215040832,0.1699748403181039,21387.0,0.5690707716272091
04021,AZ,Pinal County,105697.0,46014.0,59683.0,95432.0,437.0,94995.0,10265.0,446.0,9819.0,48740.0,56957.0,80265.0,4885.0,14562.0,1437.0,1418.0,143.0,2013.0,8109.0,15146.0,10707.0,90551.0,98374.0,86886.0,0.097117231331069,0.14329640387144385,10265.0,0.5646612486636329
04023,AZ,Santa Cruz County,12153.0,4118.0,8035.0,11456.0,50.0,11406.0,697.0,35.0,662.0,5778.0,6375.0,4502.0,45.0,7320.0,97.0,11.0,,,540.0,4418.0,3479.0,7735.0,11068.0,10257.0,0.05735209413313585,0.36353163827861434,540.0,0.6611536246194355
04025,AZ,Yavapai County,95367.0,55470.0,39897.0,89848.0,172.0,89676.0,5519.0,83.0,5436.0,45044.0,50323.0,85548.0,469.0,5126.0,943.0,409.0,71.0,1026.0,4422.0,10554.0,7176.0,84813.0,89054.0,74388.0,0.05787117136955131,0.11066721192865457,5519.0,0.4183522602157979
04027,AZ,Yuma County,45752.0,22174.0,23578.0,41619.0,284.0,41335.0,4133.0,261.0,3872.0,22168.0,23584.0,22849.0,633.0,20813.0,419.0,249.0,50.0,747.0,3336.0,15030.0,11734.0,30722.0,42204.0,35403.0,0.09033484874978143,0.3285102290610247,4133.0,0.515343591536982
04999,AZ,Unknown,,,,,,,,,,,,,,,,,,,,,,,,,,,0.0,
05001,AR,Arkansas County,4089.0,2519.0,1570.0,3443.0,21.0,3422.0,646.0,20.0,626.0,1867.0,2222.0,2996.0,978.0,18.0,15.0,0.0,,,529.0,846.0,428.0,3243.0,3771.0,3328.0,0.15798483736854976,0.20689655172413793,529.0,0.38395695769136706
05003,AR,Ashley County,5171.0,3049.0,2122.0,4214.0,43.0,4171.0,957.0,24.0,933.0,2455.0,2716.0,3633.0,1401.0,77.0,,,,,819.0,1175.0,600.0,3996.0,4964.0,4435.0,0.18507058596016243,0.22722877586540322,819.0,0.4103654999033069
05005,AR,Baxter County,15535.0,8657.0,6878.0,13726.0,34.0,13692.0,1809.0,21.0,1788.0,7261.0,8274.0,14932.0,27.0,178.0,61.0,32.0,,,1537.0,2003.0,911.0,13532.0,14821.0,12541.0,0.11644673318313485,0.12893466366269712,1537.0,0.44274219504345025
05007,AR,Benton County,52068.0,25812.0,26256.0,46526.0,188.0,46338.0,5542.0,138.0,5404.0,23471.0,28597.0,45824.0,394.0,3486.0,695.0,356.0,79.0,1121.0,4342.0,5754.0,2934.0,46314.0,48138.0,41971.0,0.10643773526926327,0.11050933394791426,5542.0,0.5042636552200968
05009,AR,Boone County,10937.0,5904.0,5033.0,9134.0,26.0,9108.0,1803.0,27.0,1776.0,5033.0,5904.0,10495.0,22.0,109.0,57.0,37.0,19.0,327.0,1457.0,2081.0,1020.0,8856.0,10313.0,8747.0,0.16485325043430557,0.1902715552710981,1803.0,0.46018103684739875
05011,AR,Bradley County,2454.0,1410.0,1044.0,2006.0,16.0,1990.0,448.0,25.0,423.0,1144.0,1310.0,1590.0,752.0,68.0,,,,,387.0,586.0,290.0,1868.0,2358.0,2065.0,0.18255908720456399,0.23879380603096984,387.0,0.4254278728606357
05013,AR,Calhoun County,1153.0,653.0,500.0,963.0,,,190.0,,,555.0,598.0,868.0,258.0,12.0,,0.0,,,164.0,228.0,102.0,925.0,1080.0,943.0,0.1647875108412836,0.19774501300954034,164.0,0.4336513443191674
05015,AR,Carroll County,7845.0,3921.0,3924.0,6921.0,17.0,6904.0,924.0,15.0,909.0,3760.0,4085.0,7270.0,16.0,290.0,56.0,26.0,,,764.0,1177.0,592.0,6668.0,7278.0,6265.0,0.11778202676864245,0.15003186743148503,764.0,0.5001912045889101
05017,AR,Chicot County,2663.0,1254.0,1409.0,2231.0,17.0,2214.0,432.0,18.0,414.0,1226.0,1437.0,1240.0,1356.0,17.0,11.0,0.0,,,354.0,846.0,475.0,1817.0,2491.0,2207.0,0.16222305670296658,0.3176868193766429,354.0,0.5291025159594442
05019,AR,Clark County,5013.0,2668.0,2345.0,4211.0,15.0,4196.0,802.0,20.0,782.0,2290.0,2723.0,3735.0,1119.0,53.0,19.0,,,,655.0,988.0,501.0,4025.0,4674.0,3998.0,0.15998404149212048,0.19708757231198884,655.0,0.4677837622182326
05021,AR,Clay County,3822.0,2393.0,1429.0,3119.0,12.0,3107.0,703.0,11.0,692.0,1745.0,2077.0,3724.0,12.0,34.0,,,,,606.0,916.0,440.0,2906.0,3630.0,3035.0,0.18393511250654107,0.23966509680795395,606.0,0.3738880167451596
05023,AR,Cleburne County,8690.0,5245.0,3445.0,7511.0,14.0,7497.0,1179.0,12.0,1167.0,4103.0,4587.0,8448.0,17.0,68.0,29.0,,,,1003.0,1275.0,594.0,7415.0,8250.0,6838.0,0.13567318757192176,0.14672036823935558,1003.0,0.39643268124280784
05025,AR,Cleveland County,1982.0,1197.0,785.0,1645.0,,,337.0,,,931.0,1051.0,1706.0,231.0,12.0,,,,,293.0,340.0,171.0,1642.0,1876.0,1576.0,0.17003027245206861,0.1715438950554995,293.0,0.39606458123107974
05027,AR,Columbia County,5390.0,3122.0,2268.0,4353.0,37.0,4316.0,1037.0,38.0,999.0,2483.0,2907.0,3314.0,1934.0,40.0,,,,,864.0,1370.0,691.0,4020.0,5099.0,4506.0,0.19239332096474954,0.2541743970315399,864.0,0.42077922077922075
05029,AR,Conway County,5461.0,2967.0,2494.0,4423.0,12.0,4411.0,1038.0,19.0,1019.0,2543.0,2918.0,4609.0,685.0,66.0,18.0,,14.0,180.0,844.0,1140.0,555.0,4321.0,5152.0,4421.0,0.19007507782457425,0.20875297564548617,1038.0,0.4566929133858268
05031,AR,Craighead County,20370.0,11988.0,8382.0,16667.0,84.0,16583.0,3703.0,98.0,3605.0,8893.0,11477.0,17696.0,1968.0,234.0,113.0,,47.0,737.0,2919.0,4312.0,2300.0,16058.0,19074.0,16552.0,0.181786941580756,0.21168384879725086,3703.0,0.41148748159057436
05033,AR,Crawford County,14983.0,6750.0,8233.0,12002.0,59.0,11943.0,2981.0,31.0,2950.0,6942.0,8041.0,13744.0,171.0,417.0,181.0,199.0,31.0,524.0,2426.0,3023.0,1422.0,11960.0,14034.0,12197.0,0.19895881999599546,0.20176199692985383,2981.0,0.5494894213441901
05035,AR,Crittenden County,9768.0,4804.0,4964.0,7706.0,105.0,7601.0,2062.0,105.0,1957.0,4385.0,5383.0,4518.0,4967.0,112.0,50.0,,31.0,410.0,1621.0,2874.0,1517.0,6894.0,8935.0,7848.0,0.2110974610974611,0.2942260442260442,2062.0,0.5081900081900081
05037,AR,Cross County,3896.0,2037.0,1859.0,3231.0,35.0,3196.0,665.0,13.0,652.0,1805.0,2091.0,2946.0,870.0,15.0,,,,,535.0,892.0,435.0,3004.0,3648.0,3163.0,0.17068788501026694,0.22895277207392198,535.0,0.4771560574948665
05039,AR,Dallas County,1909.0,926.0,983.0,1563.0,13.0,1550.0,346.0,11.0,335.0,888.0,1021.0,1129.0,740.0,13.0,0.0,,,,288.0,478.0,245.0,1431.0,1812.0,1583.0,0.18124672603457306,0.250392875851231,288.0,0.5149292823467784
05041,AR,Desha County,2769.0,1315.0,1454.0,2311.0,17.0,2294.0,458.0,14.0,444.0,1287.0,1482.0,1424.0,1252.0,40.0,,,,,370.0,803.0,388.0,1966.0,2632.0,2356.0,0.16540267244492596,0.28999638858793786,370.0,0.5250993138317082
05043,AR,Drew County,3905.0,2183.0,1722.0,3223.0,25.0,3198.0,682.0,20.0,662.0,1777.0,2128.0,2721.0,1070.0,31.0,18.0,,,,566.0,963.0,470.0,2942.0,3663.0,3164.0,0.17464788732394365,0.24660691421254802,566.0,0.4409731113956466
05045,AR,Faulkner County,23725.0,14446.0,9279.0,20167.0,83.0,20084.0,3558.0,77.0,3481.0,10652.0,13073.0,20842.0,1952.0,325.0,124.0,34.0,34.0,679.0,2845.0,3351.0,1685.0,20374.0,21988.0,18284.0,0.14996838777660695,0.14124341412012645,3558.0,0.3911064278187566
05047,AR,Franklin County,4687.0,2180.0,2507.0,3837.0,,,850.0,,,2242.0,2445.0,4431.0,19.0,72.0,30.0,39.0,,,692.0,946.0,461.0,3741.0,4447.0,3834.0,0.18135267761894602,0.2018348623853211,692.0,0.5348837209302325
05049,AR,Fulton County,3654.0,2037.0,1617.0,3012.0,,,642.0,,,1817.0,1837.0,3543.0,,22.0,13.0,,,,556.0,745.0,368.0,2909.0,3481.0,2905.0,0.17569786535303777,0.20388615216201422,556.0,0.4425287356321839
05051,AR,Garland County,31822.0,16546.0,15276.0,27654.0,66.0,27588.0,4168.0,53.0,4115.0,14518.0,17304.0,28525.0,1793.0,587.0,201.0,58.0,56.0,779.0,3333.0,5033.0,2486.0,26789.0,30104.0,26125.0,0.1309785682860914,0.1581610206775187,4168.0,0.4800452517126516
05053,AR,Grant County,4266.0,2480.0,1786.0,3486.0,13.0,3473.0,780.0,12.0,768.0,1984.0,2282.0,4026.0,119.0,39.0,,,12.0,114.0,654.0,615.0,289.0,3651.0,3996.0,3417.0,0.1828410689170183,0.1441631504922644,780.0,0.4186591654946085
05055,AR,Greene County,9935.0,5725.0,4210.0,7928.0,19.0,7909.0,2007.0,30.0,1977.0,4467.0,5468.0,9570.0,62.0,115.0,24.0,,27.0,336.0,1644.0,2142.0,1057.0,7793.0,9381.0,8030.0,0.2020130850528435,0.215601409159537,2007.0,0.4237544036235531
05057,AR,Hempstead County,4603.0,2316.0,2287.0,3761.0,27.0,3734.0,842.0,27.0,815.0,2107.0,2496.0,2935.0,1438.0,151.0,,,,,688.0,1151.0,591.0,3452.0,4307.0,3742.0,0.1829241798826852,0.2500543124049533,688.0,0.4968498805127091
05059,AR,Hot Spring County,8112.0,3989.0,4123.0,6601.0,33.0,6568.0,1511.0,19.0,1492.0,3826.0,4286.0,7133.0,718.0,107.0,20.0,15.0,17.0,228.0,1266.0,1552.0,751.0,6560.0,7611.0,6535.0,0.186267258382643,0.1913214990138067,1511.0,0.5082593688362919
05061,AR,Howard County,3239.0,1927.0,1312.0,2673.0,12.0,2661.0,566.0,11.0,555.0,1490.0,1749.0,2399.0,658.0,108.0,20.0,,,,458.0,746.0,376.0,2493.0,3052.0,2671.0,0.17474529175671505,0.23031799938252548,458.0,0.4050632911392405
05063,AR,Independence County,8939.0,5595.0,3344.0,7330.0,22.0,7308.0,1609.0,20.0,1589.0,4152.0,4787.0,8493.0,159.0,114.0,41.0,,20.0,282.0,1307.0,1830.0,872.0,7109.0,8407.0,7212.0,0.1799977626132677,0.20472088600514599,1609.0,0.3740910616400045
05065,AR,Izard County,4337.0,2320.0,2017.0,3574.0,,,763.0,,,2090.0,2247.0,4210.0,,44.0,13.0,,,,633.0,941.0,439.0,3396.0,4095.0,3513.0,0.1759280608715702,0.21697025593728383,633.0,0.4650680193682269
05067,AR,Jackson County,3657.0,1946.0,1711.0,2882.0,,,775.0,12.0,763.0,1685.0,1972.0,3048.0,532.0,25.0,11.0,,,,638.0,1007.0,466.0,2650.0,3475.0,3078.0,0.21192234071643423,0.2753623188405797,638.0,0.46786983866557286
05069,AR,Jefferson County,15731.0,7529.0,8202.0,12655.0,122.0,12533.0,3076.0,118.0,2958.0,7070.0,8661.0,7117.0,8175.0,107.0,74.0,,36.0,585.0,2455.0,3858.0,2044.0,11873.0,14402.0,12518.0,0.1955374737778908,0.24524823596719852,3076.0,0.521390884241307
05071,AR,Johnson County,6005.0,2801.0,3204.0,4855.0,21.0,4834.0,1150.0,17.0,1133.0,2854.0,3151.0,5474.0,84.0,316.0,22.0,22.0,,,953.0,1435.0,658.0,4570.0,5641.0,4874.0,0.19150707743547044,0.23896752706078267,953.0,0.5335553705245628
05073,AR,Lafayette County,1797.0,916.0,881.0,1478.0,,,319.0,,,862.0,935.0,1084.0,665.0,15.0,,,,,268.0,518.0,265.0,1279.0,1691.0,1448.0,0.1775180856983862,0.2882582081246522,268.0,0.4902615470228158
05075,AR,Lawrence County,4450.0,2257.0,2193.0,3525.0,16.0,3509.0,925.0,13.0,912.0,2052.0,2398.0,4316.0,19.0,31.0,,,,,755.0,1166.0,562.0,3284.0,4228.0,3618.0,0.20786516853932585,0.26202247191011235,755.0,0.49280898876404494
05077,AR,Lee County,1864.0,751.0,1113.0,1554.0,20.0,1534.0,310.0,16.0,294.0,827.0,1037.0,806.0,1017.0,13.0,,0.0,,,251.0,668.0,374.0,1196.0,1782.0,1635.0,0.16630901287553648,0.3583690987124464,251.0,0.5971030042918455
05079,AR,Lincoln County,2353.0,1306.0,1047.0,1932.0,,,421.0,12.0,409.0,1115.0,1238.0,1785.0,499.0,32.0,,,,,345.0,561.0,287.0,1792.0,2217.0,1884.0,0.17892052698682534,0.2384190395240119,345.0,0.44496387590310243
05081,AR,Little River County,3218.0,1839.0,1379.0,2650.0,19.0,2631.0,568.0,17.0,551.0,1478.0,1740.0,2436.0,658.0,47.0,,29.0,,,462.0,694.0,315.0,2524.0,3044.0,2644.0,0.17650714729645742,0.21566190180236172,462.0,0.4285270354257303
05083,AR,Logan County,6083.0,2953.0,3130.0,4904.0,13.0,4891.0,1179.0,,,2891.0,3192.0,5745.0,69.0,92.0,47.0,21.0,14.0,176.0,989.0,1383.0,643.0,4700.0,5720.0,4860.0,0.19381883938845965,0.2273549235574552,1179.0,0.5145487423968437
05085,AR,Lonoke County,15457.0,8749.0,6708.0,12874.0,40.0,12834.0,2583.0,37.0,2546.0,6901.0,8556.0,13830.0,993.0,235.0,99.0,,20.0,511.0,2052.0,2512.0,1222.0,12945.0,14297.0,11198.0,0.16710875331564987,0.16251536520670246,2583.0,0.4339781328847771
05087,AR,Madison County,4347.0,1854.0,2493.0,3655.0,26.0,3629.0,692.0,12.0,680.0,2072.0,2275.0,4130.0,,72.0,19.0,27.0,,,564.0,818.0,405.0,3529.0,4067.0,3518.0,0.15919024614676788,0.18817575339314468,564.0,0.5734989648033126
05089,AR,Marion County,5745.0,2944.0,2801.0,4863.0,,,882.0,,,2863.0,2882.0,5538.0,,61.0,15.0,12.0,,,746.0,1005.0,445.0,4740.0,5410.0,4496.0,0.1535248041775457,0.17493472584856398,746.0,0.4875543951261967
05091,AR,Miller County,9334.0,5234.0,4100.0,7589.0,42.0,7547.0,1745.0,62.0,1683.0,4272.0,5062.0,6955.0,2074.0,106.0,24.0,19.0,23.0,313.0,1409.0,2034.0,1077.0,7300.0,8673.0,7488.0,0.18695093207628027,0.21791300621384188,1745.0,0.4392543389757874
05093,AR,Mississippi County,8119.0,3615.0,4504.0,6239.0,57.0,6182.0,1880.0,60.0,1820.0,3746.0,4373.0,5124.0,2693.0,135.0,35.0,,21.0,331.0,1528.0,2484.0,1266.0,5635.0,7605.0,6687.0,0.23155561029683458,0.3059490084985836,1880.0,0.5547481216898633
05095,AR,Monroe County,1928.0,930.0,998.0,1609.0,,,319.0,,,894.0,1034.0,1126.0,755.0,13.0,,,,,271.0,572.0,313.0,1356.0,1817.0,1603.0,0.1654564315352697,0.2966804979253112,271.0,0.5176348547717843
05097,AR,Montgomery County,2611.0,1468.0,1143.0,2285.0,,,326.0,,,1272.0,1339.0,2495.0,,43.0,,,,,267.0,486.0,241.0,2125.0,2456.0,2051.0,0.12485637686710073,0.1861355802374569,267.0,0.437763309076982
05099,AR,Nevada County,2142.0,1074.0,1068.0,1764.0,18.0,1746.0,378.0,,,999.0,1143.0,1476.0,597.0,24.0,,,,,316.0,554.0,297.0,1588.0,2040.0,1758.0,0.17647058823529413,0.2586367880485528,316.0,0.49859943977591037
05101,AR,Newton County,2420.0,1232.0,1188.0,1995.0,,,425.0,,,1243.0,1177.0,2340.0,,26.0,,,,,365.0,539.0,266.0,1881.0,2274.0,1958.0,0.1756198347107438,0.22272727272727272,365.0,0.4909090909090909
05103,AR,Ouachita County,6222.0,3071.0,3151.0,5095.0,29.0,5066.0,1127.0,26.0,1101.0,2864.0,3358.0,3639.0,2435.0,48.0,,,12.0,192.0,923.0,1491.0,776.0,4731.0,5813.0,5047.0,0.18113146898103505,0.23963355834136935,1127.0,0.5064288010286082
05105,AR,Perry County,2879.0,1583.0,1296.0,2343.0,11.0,2332.0,536.0,,,1409.0,1470.0,2742.0,57.0,24.0,,,,,453.0,557.0,240.0,2322.0,2685.0,2259.0,0.18617575547064952,0.19346995484543245,453.0,0.4501563042723168
05107,AR,Phillips County,4103.0,1679.0,2424.0,3315.0,49.0,3266.0,788.0,33.0,755.0,1869.0,2234.0,1681.0,2336.0,25.0,13.0,0.0,11.0,157.0,620.0,1506.0,803.0,2597.0,3888.0,3527.0,0.19205459419936632,0.36704850109675846,788.0,0.5907872288569339
05109,AR,Pike County,2812.0,1623.0,1189.0,2367.0,,,445.0,,,1333.0,1479.0,2645.0,66.0,53.0,,,,,368.0,616.0,296.0,2196.0,2654.0,2283.0,0.15825035561877668,0.21906116642958748,368.0,0.42283072546230444
05111,AR,Poinsett County,5586.0,2541.0,3045.0,4385.0,18.0,4367.0,1201.0,24.0,1177.0,2539.0,3047.0,5031.0,401.0,60.0,11.0,,,,1011.0,1681.0,830.0,3905.0,5303.0,4675.0,0.21500179018976012,0.3009308986752596,1011.0,0.5451127819548872
05113,AR,Polk County,5597.0,3194.0,2403.0,4761.0,12.0,4749.0,836.0,11.0,825.0,2630.0,2967.0,5322.0,,117.0,21.0,45.0,,,672.0,1074.0,491.0,4523.0,5268.0,4196.0,0.14936573164195105,0.19188851170269788,672.0,0.42933714489905306
05115,AR,Pope County,14179.0,7761.0,6418.0,11722.0,38.0,11684.0,2457.0,43.0,2414.0,6531.0,7648.0,13084.0,314.0,388.0,95.0,41.0,36.0,469.0,1952.0,2894.0,1423.0,11285.0,13321.0,11387.0,0.17328443472741378,0.20410466182382397,2457.0,0.45264122998801043
05117,AR,Prairie County,2100.0,1178.0,922.0,1754.0,13.0,1741.0,346.0,,,1010.0,1090.0,1803.0,260.0,,,,,,291.0,470.0,228.0,1630.0,1991.0,1750.0,0.16476190476190475,0.22380952380952382,291.0,0.439047619047619
05119,AR,Pulaski County,84570.0,46280.0,38290.0,71311.0,416.0,70895.0,13259.0,463.0,12796.0,37290.0,47280.0,52611.0,27319.0,1409.0,1055.0,72.0,199.0,2996.0,10064.0,15360.0,8472.0,69210.0,76628.0,64211.0,0.15678136455007685,0.18162468960624334,13259.0,0.45276102636868865
05121,AR,Randolph County,4542.0,2332.0,2210.0,3637.0,12.0,3625.0,905.0,11.0,894.0,2049.0,2493.0,4362.0,42.0,32.0,,14.0,,,755.0,1175.0,588.0,3367.0,4315.0,3716.0,0.1992514310876266,0.2586966094231616,755.0,0.4865697930427125
05125,AR,Saline County,28317.0,15957.0,12360.0,24461.0,69.0,24392.0,3856.0,88.0,3768.0,12900.0,15417.0,25199.0,1848.0,461.0,208.0,30.0,47.0,757.0,3052.0,3535.0,1899.0,24782.0,26246.0,22331.0,0.13617261715577214,0.12483667055125897,3856.0,0.436486915986863
05127,AR,Scott County,2729.0,1327.0,1402.0,2181.0,,,548.0,,,1344.0,1385.0,2543.0,,63.0,49.0,20.0,,,463.0,658.0,303.0,2071.0,2532.0,2119.0,0.20080615610113595,0.24111396115793332,463.0,0.5137412971784536
05129,AR,Searcy County,2694.0,1413.0,1281.0,2239.0,,,455.0,,,1367.0,1327.0,2596.0,,18.0,,,,,372.0,619.0,343.0,2075.0,2546.0,2131.0,0.16889383815887157,0.22976985894580548,372.0,0.4755011135857461
05131,AR,Sebastian County,28318.0,14376.0,13942.0,23105.0,97.0,23008.0,5213.0,94.0,5119.0,12947.0,15371.0,23239.0,1781.0,1346.0,1033.0,305.0,61.0,1031.0,4121.0,6008.0,3106.0,22310.0,26137.0,22596.0,0.1840878593120983,0.21216187583868917,5213.0,0.4923370294512324
05133,AR,Sevier County,3029.0,1860.0,1169.0,2505.0,12.0,2493.0,524.0,13.0,511.0,1421.0,1608.0,2447.0,161.0,342.0,,27.0,,,446.0,665.0,323.0,2364.0,2821.0,2365.0,0.17299438758666227,0.2195444040937603,446.0,0.3859359524595576
05135,AR,Sharp County,6337.0,3346.0,2991.0,5157.0,,,1180.0,,,2982.0,3355.0,6108.0,32.0,76.0,17.0,,,,1013.0,1418.0,663.0,4919.0,5988.0,5071.0,0.1862079848508758,0.2237651885750355,1013.0,0.47198990058387247
05123,AR,St. Francis County,5060.0,2232.0,2828.0,4125.0,48.0,4077.0,935.0,46.0,889.0,2292.0,2768.0,2497.0,2437.0,45.0,13.0,0.0,17.0,194.0,724.0,1550.0,878.0,3510.0,4732.0,4226.0,0.18478260869565216,0.30632411067193677,935.0,0.5588932806324111
05137,AR,Stone County,4382.0,2479.0,1903.0,3724.0,,,658.0,,,2089.0,2293.0,4250.0,,45.0,,,,,559.0,978.0,505.0,3404.0,4167.0,3455.0,0.1501597444089457,0.22318575992697398,559.0,0.43427658603377456
05139,AR,Union County,9575.0,5699.0,3876.0,7898.0,54.0,7844.0,1677.0,57.0,1620.0,4423.0,5152.0,6195.0,3133.0,85.0,39.0,,22.0,263.0,1392.0,2253.0,1120.0,7322.0,8990.0,7814.0,0.17514360313315927,0.23530026109660573,1677.0,0.4048041775456919
05141,AR,Van Buren County,5601.0,2942.0,2659.0,4721.0,11.0,4710.0,880.0,14.0,866.0,2706.0,2895.0,5399.0,15.0,59.0,11.0,14.0,,,755.0,1053.0,479.0,4548.0,5290.0,4389.0,0.15711480092840563,0.18800214247455813,755.0,0.47473665416889843
05143,AR,Washington County,41070.0,22633.0,18437.0,35791.0,146.0,35645.0,5279.0,127.0,5152.0,18611.0,22459.0,35928.0,784.0,2365.0,629.0,236.0,92.0,1149.0,4038.0,5865.0,3085.0,35205.0,37383.0,32250.0,0.12853664475286097,0.14280496712929144,5279.0,0.4489164840516192
05145,AR,White County,18364.0,10582.0,7782.0,15165.0,45.0,15120.0,3199.0,47.0,3152.0,8447.0,9917.0,17091.0,632.0,270.0,63.0,31.0,28.0,506.0,2665.0,3583.0,1584.0,14781.0,17160.0,14335.0,0.17419952080156828,0.1951099978218253,3199.0,0.4237638858636463
05147,AR,Woodruff County,1800.0,932.0,868.0,1517.0,12.0,1505.0,283.0,,,823.0,977.0,1291.0,482.0,,,0.0,0.0,54.0,229.0,580.0,290.0,1220.0,1711.0,1529.0,0.15722222222222224,0.32222222222222224,283.0,0.4822222222222222
05149,AR,Yell County,4972.0,2760.0,2212.0,4008.0,14.0,3994.0,964.0,,,2341.0,2631.0,4490.0,72.0,289.0,38.0,12.0,11.0,147.0,806.0,1123.0,527.0,3849.0,4647.0,3879.0,0.19388576025744167,0.22586484312148028,964.0,0.4448913917940467
05999,AR,Unknown,,,,,,,,,,,,,,,,,,,,,,,,,,,0.0,
06001,CA,Alameda County,276187.0,132873.0,143314.0,258558.0,1625.0,256933.0,17629.0,794.0,16835.0,125543.0,150644.0,111639.0,34570.0,37750.0,74836.0,302.0,199.0,4077.0,13353.0,69069.0,68629.0,207118.0,247423.0,232097.0,0.06382994130788198,0.25008056135878953,17629.0,0.5189020482499176
06003,CA,Alpine County,284.0,240.0,44.0,272.0,,,12.0,,,148.0,136.0,237.0,,,,27.0,0.0,,,46.0,,238.0,267.0,224.0,0.04225352112676056,0.1619718309859155,0.0,0.15492957746478872
06005,CA,Amador County,12484.0,8325.0,4159.0,11650.0,32.0,11618.0,834.0,14.0,820.0,5934.0,6550.0,11093.0,67.0,791.0,122.0,67.0,13.0,140.0,681.0,1684.0,1670.0,10800.0,11694.0,10124.0,0.06680551105414931,0.13489266260813843,834.0,0.3331464274271067
06007,CA,Butte County,48576.0,40761.0,7815.0,43234.0,176.0,43058.0,5342.0,133.0,5209.0,22621.0,25955.0,40805.0,666.0,4143.0,1265.0,451.0,61.0,1216.0,4065.0,12403.0,12321.0,36173.0,45719.0,39046.0,0.10997200263504611,0.2553318511198946,5342.0,0.16088191699604742
06009,CA,Calaveras County,14449.0,11494.0,2955.0,13468.0,26.0,13442.0,981.0,17.0,964.0,7032.0,7417.0,12702.0,108.0,1004.0,192.0,71.0,,,813.0,2214.0,2200.0,12235.0,13604.0,11287.0,0.06789397190116964,0.15322859713474982,813.0,0.20451242300505226
06011,CA,Colusa County,4253.0,3630.0,623.0,3875.0,34.0,3841.0,378.0,20.0,358.0,2133.0,2120.0,2362.0,56.0,1644.0,70.0,39.0,,,307.0,1385.0,1371.0,2868.0,3992.0,3432.0,0.08887843874911827,0.32565248060192803,307.0,0.14648483423465788
06013,CA,Contra Costa County,226497.0,107096.0,119401.0,211930.0,1192.0,210738.0,14567.0,637.0,13930.0,101556.0,124941.0,127462.0,20492.0,32518.0,32289.0,243.0,166.0,3249.0,11152.0,39479.0,39230.0,187018.0,205226.0,188481.0,0.06431431762893107,0.1743025293933253,14567.0,0.5271637151926957
06015,CA,Del Norte County,6735.0,6365.0,370.0,5907.0,14.0,5893.0,828.0,,,3212.0,3523.0,5711.0,31.0,441.0,122.0,251.0,,,636.0,2063.0,2034.0,4672.0,6366.0,5333.0,0.12293986636971047,0.3063103192279139,636.0,0.05493689680772086
06017,CA,El Dorado County,51963.0,28969.0,22994.0,49024.0,110.0,48914.0,2939.0,44.0,2895.0,24702.0,27261.0,44853.0,402.0,3094.0,1634.0,173.0,33.0,613.0,2293.0,5996.0,5954.0,45967.0,48220.0,42813.0,0.05655947501106556,0.11538979658603236,2939.0,0.4425071685622462
06019,CA,Fresno County,160434.0,82620.0,77814.0,145129.0,1046.0,144083.0,15305.0,797.0,14508.0,74608.0,85826.0,75529.0,8051.0,57359.0,14386.0,601.0,202.0,3342.0,11761.0,51486.0,51238.0,108948.0,147120.0,133751.0,0.09539748432377176,0.3209170126033135,15305.0,0.4850218781555032
06021,CA,Glenn County,5997.0,5311.0,686.0,5405.0,38.0,5367.0,592.0,31.0,561.0,2861.0,3136.0,4239.0,45.0,1422.0,97.0,81.0,,,469.0,1831.0,1820.0,4166.0,5672.0,4742.0,0.09871602467900617,0.3053193263298316,469.0,0.11439052859763214
06023,CA,Humboldt County,31158.0,27513.0,3645.0,28060.0,85.0,27975.0,3098.0,44.0,3054.0,14516.0,16642.0,27299.0,272.0,1354.0,430.0,899.0,27.0,701.0,2370.0,8186.0,8150.0,22972.0,29244.0,24570.0,0.09942871814622248,0.26272546376532513,3098.0,0.1169844020797227
06025,CA,Imperial County,37147.0,23538.0,13609.0,33952.0,316.0,33636.0,3195.0,258.0,2937.0,18035.0,19112.0,5884.0,398.0,29964.0,395.0,147.0,24.0,600.0,2571.0,17454.0,17388.0,19693.0,33140.0,30266.0,0.08600963738659918,0.46986297682181605,3195.0,0.36635529114060356
06027,CA,Inyo County,4776.0,4093.0,683.0,4519.0,18.0,4501.0,257.0,15.0,242.0,2334.0,2442.0,3887.0,,367.0,75.0,278.0,,,211.0,857.0,,3919.0,4435.0,3764.0,0.0538107202680067,0.17943886097152428,211.0,0.1430067001675042
06029,CA,Kern County,134271.0,70915.0,63356.0,119138.0,799.0,118339.0,15133.0,730.0,14403.0,63375.0,70896.0,69669.0,7384.0,46861.0,6496.0,517.0,181.0,3292.0,11660.0,44203.0,43960.0,90068.0,124638.0,113874.0,0.1127049027712611,0.3292073493159357,15133.0,0.47185170289936024
06031,CA,Kings County,19665.0,12422.0,7243.0,17605.0,187.0,17418.0,2060.0,124.0,1936.0,9256.0,10409.0,8845.0,878.0,8530.0,792.0,96.0,26.0,442.0,1592.0,6492.0,6466.0,13173.0,18251.0,15484.0,0.10475464022374778,0.3301296720061022,2060.0,0.3683193490973811
06033,CA,Lake County,17873.0,14665.0,3208.0,15699.0,58.0,15641.0,2174.0,37.0,2137.0,8720.0,9153.0,14850.0,431.0,1690.0,230.0,230.0,26.0,372.0,1776.0,5800.0,5785.0,12073.0,16629.0,13819.0,0.12163598724332793,0.32451183349185925,2174.0,0.17948861411066971
06035,CA,Lassen County,5536.0,4988.0,548.0,4983.0,,,553.0,,,2722.0,2814.0,4863.0,61.0,334.0,50.0,101.0,,,439.0,1219.0,1202.0,4317.0,5078.0,4285.0,0.09989161849710983,0.22019508670520233,439.0,0.09898843930635838
06037,CA,Los Angeles County,1696121.0,731349.0,964772.0,1583471.0,11735.0,1571736.0,112650.0,7242.0,105408.0,765968.0,930153.0,602023.0,161778.0,566728.0,284336.0,1240.0,1406.0,24873.0,86371.0,551223.0,547202.0,1144898.0,1547179.0,1463573.0,0.06641625214238843,0.3249903750970597,112650.0,0.5688108336610419
06039,CA,Madera County,27389.0,13830.0,13559.0,25072.0,151.0,24921.0,2317.0,102.0,2215.0,13079.0,14310.0,15671.0,779.0,9351.0,767.0,224.0,34.0,525.0,1758.0,7193.0,7160.0,20196.0,25334.0,22741.0,0.08459600569571726,0.2626236810398335,2317.0,0.49505275840665963
06041,CA,Marin County,64520.0,34878.0,29642.0,62420.0,131.0,62289.0,2100.0,58.0,2042.0,28858.0,35662.0,53139.0,1120.0,3056.0,3228.0,35.0,28.0,471.0,1601.0,6272.0,6245.0,58248.0,59407.0,54693.0,0.03254804711717297,0.09721016738995661,2100.0,0.4594234345939244
06043,CA,Mariposa County,5131.0,4241.0,890.0,4787.0,,,344.0,,,2507.0,2624.0,4522.0,35.0,309.0,51.0,67.0,,,295.0,957.0,,4174.0,4701.0,3779.0,0.0670434613135841,0.18651335022412785,295.0,0.17345546677061002
06045,CA,Mendocino County,24284.0,21074.0,3210.0,22042.0,84.0,21958.0,2242.0,47.0,2195.0,11544.0,12740.0,20208.0,187.0,2208.0,376.0,495.0,23.0,524.0,1695.0,6554.0,6527.0,17730.0,22830.0,19225.0,0.09232416405863943,0.2698896392686543,2242.0,0.13218580135068358
06047,CA,Merced County,42203.0,30168.0,12035.0,37473.0,337.0,37136.0,4730.0,275.0,4455.0,20030.0,22173.0,18055.0,1870.0,18453.0,2726.0,92.0,60.0,998.0,3672.0,14493.0,14447.0,27710.0,39383.0,34346.0,0.11207734047342606,0.3434116058100135,4730.0,0.2851693007606094
06049,CA,Modoc County,2607.0,2451.0,156.0,2363.0,,,244.0,,,1268.0,1339.0,2293.0,15.0,166.0,20.0,50.0,0.0,44.0,200.0,724.0,,1883.0,2442.0,1928.0,0.09359416954353664,0.2777138473341005,244.0,0.05983889528193326
06051,CA,Mono County,2137.0,1917.0,220.0,2054.0,,,83.0,,,1136.0,1001.0,1847.0,,159.0,21.0,28.0,,,62.0,248.0,,1889.0,1978.0,1626.0,0.03883949461862424,0.11605053813757604,62.0,0.10294805802526907
06053,CA,Monterey County,74438.0,62398.0,12040.0,69273.0,368.0,68905.0,5165.0,315.0,4850.0,34676.0,39762.0,39221.0,1930.0,25182.0,4991.0,66.0,63.0,1141.0,3961.0,16549.0,16472.0,57889.0,67575.0,56405.0,0.06938660361643247,0.2223192455466294,5165.0,0.16174534511942826
06055,CA,Napa County,32201.0,17014.0,15187.0,30075.0,136.0,29939.0,2126.0,68.0,2058.0,15046.0,17155.0,23172.0,700.0,5367.0,1683.0,43.0,22.0,524.0,1580.0,5590.0,5563.0,26611.0,29585.0,26816.0,0.06602279432315766,0.17359709325797335,2126.0,0.47163131579764606
06057,CA,Nevada County,31204.0,24327.0,6877.0,29416.0,49.0,29367.0,1788.0,20.0,1768.0,14651.0,16553.0,28368.0,113.0,1200.0,330.0,136.0,12.0,427.0,1349.0,4356.0,4325.0,26848.0,29513.0,24882.0,0.05730034610947315,0.13959748750160236,1788.0,0.22038841174208434
06059,CA,Orange County,598201.0,265584.0,332617.0,570139.0,2829.0,567310.0,28062.0,1528.0,26534.0,272454.0,325747.0,321523.0,9675.0,105059.0,133398.0,420.0,354.0,6656.0,21052.0,130477.0,129770.0,467724.0,547635.0,516032.0,0.046910653776907764,0.21811565009085576,28062.0,0.5560288264312497
06061,CA,Placer County,100984.0,44087.0,56897.0,95391.0,293.0,95098.0,5593.0,136.0,5457.0,45112.0,55872.0,81617.0,1653.0,7692.0,5648.0,316.0,63.0,1249.0,4281.0,10882.0,10788.0,90102.0,93934.0,85371.0,0.055385011486968234,0.10775964509229184,5593.0,0.5634258892497821
06063,CA,Plumas County,6553.0,5702.0,851.0,6126.0,,,427.0,,,3217.0,3336.0,5964.0,27.0,293.0,37.0,65.0,,,355.0,1159.0,1148.0,5394.0,6101.0,5005.0,0.06516099496413856,0.17686555775980467,355.0,0.12986418434304897
06065,CA,Riverside County,446542.0,163800.0,282742.0,410877.0,2450.0,408427.0,35665.0,1903.0,33762.0,209055.0,237487.0,234431.0,32580.0,135381.0,27780.0,1148.0,520.0,7478.0,27667.0,105868.0,104934.0,340674.0,412883.0,381288.0,0.0798693068065266,0.23708408167652764,35665.0,0.6331812013203685
06067,CA,Sacramento County,292686.0,112771.0,179915.0,263359.0,1758.0,261601.0,29327.0,1053.0,28274.0,130442.0,162244.0,165835.0,30260.0,38014.0,43866.0,815.0,376.0,6767.0,22184.0,77801.0,77408.0,214885.0,269050.0,250990.0,0.10019953123825533,0.2658172922517647,29327.0,0.6147031289504794
06069,CA,San Benito County,11053.0,8788.0,2265.0,10232.0,44.0,10188.0,821.0,41.0,780.0,5221.0,5832.0,5507.0,141.0,4675.0,387.0,13.0,,,636.0,2146.0,,8907.0,9970.0,8343.0,0.07427847643173799,0.19415543291414095,636.0,0.2049217407038813
06071,CA,San Bernardino County,347575.0,114601.0,232974.0,313167.0,2203.0,310964.0,34408.0,1898.0,32510.0,160635.0,186940.0,146402.0,33398.0,127303.0,28330.0,796.0,457.0,7850.0,26101.0,100854.0,100183.0,246721.0,319260.0,298397.0,0.09899446162698698,0.2901647126519456,34408.0,0.6702841113428757
06073,CA,San Diego County,617820.0,285849.0,331971.0,581168.0,2828.0,578340.0,36652.0,1758.0,34894.0,286715.0,331105.0,360078.0,25418.0,143029.0,57184.0,1242.0,437.0,8100.0,28115.0,127120.0,125625.0,490700.0,559085.0,492010.0,0.05932472241105824,0.2057557217312486,36652.0,0.5373264057492474
06075,CA,San Francisco County,159188.0,79026.0,80162.0,149938.0,847.0,149091.0,9250.0,294.0,8956.0,75236.0,83952.0,56687.0,11103.0,16541.0,64497.0,152.0,60.0,1751.0,7439.0,56415.0,56280.0,102773.0,143673.0,136736.0,0.05810739502977611,0.3543922908761967,9250.0,0.5035681081488554
06077,CA,San Joaquin County,127763.0,58685.0,69078.0,115859.0,907.0,114952.0,11904.0,629.0,11275.0,58810.0,68953.0,58706.0,10801.0,33951.0,18616.0,250.0,176.0,2541.0,9187.0,33937.0,33722.0,93826.0,116996.0,107816.0,0.09317251473431275,0.26562463310974227,11904.0,0.5406729647863623
06079,CA,San Luis Obispo County,73568.0,55341.0,18227.0,69262.0,159.0,69103.0,4306.0,92.0,4214.0,33831.0,39737.0,61377.0,661.0,7281.0,1662.0,113.0,46.0,1069.0,3191.0,9257.0,9185.0,64311.0,69632.0,60605.0,0.05853088299260548,0.12582916485428447,4306.0,0.24775717703349281
06081,CA,San Mateo County,142245.0,70345.0,71900.0,136699.0,779.0,135920.0,5546.0,280.0,5266.0,64015.0,78230.0,70829.0,3621.0,23105.0,34100.0,63.0,78.0,1248.0,4220.0,21046.0,20956.0,121199.0,126301.0,115300.0,0.03898906815705297,0.1479559914232486,5546.0,0.505465921473514
06083,CA,Santa Barbara County,85988.0,68476.0,17512.0,80991.0,300.0,80691.0,4997.0,191.0,4806.0,39826.0,46162.0,57307.0,1498.0,20566.0,3109.0,289.0,55.0,1097.0,3845.0,16119.0,16019.0,69869.0,79500.0,68480.0,0.058112759919988835,0.18745638926361818,4997.0,0.20365632413825185
06085,CA,Santa Clara County,310121.0,154514.0,155607.0,294760.0,1548.0,293212.0,15361.0,844.0,14517.0,143642.0,166479.0,131303.0,7971.0,50892.0,100017.0,285.0,202.0,3561.0,11598.0,71211.0,70931.0,238910.0,273708.0,249489.0,0.049532279336130094,0.22962327607611221,15361.0,0.5017622153933464
06087,CA,Santa Cruz County,59562.0,44205.0,15357.0,56286.0,188.0,56098.0,3276.0,121.0,3155.0,27974.0,31588.0,43758.0,545.0,10883.0,1864.0,47.0,37.0,726.0,2513.0,10573.0,10524.0,48989.0,54872.0,48583.0,0.055001511030522816,0.17751250797488333,3276.0,0.25783217487659915
06089,CA,Shasta County,49256.0,43130.0,6126.0,43214.0,138.0,43076.0,6042.0,89.0,5953.0,23018.0,26238.0,43577.0,417.0,2498.0,1018.0,639.0,68.0,1344.0,4630.0,11905.0,11836.0,37351.0,46166.0,37811.0,0.12266525905473445,0.24169644307292512,6042.0,0.12437063504953712
06091,CA,Sierra County,898.0,768.0,130.0,840.0,,,58.0,,,433.0,465.0,809.0,,62.0,,,,,47.0,190.0,,708.0,841.0,683.0,0.0645879732739421,0.21158129175946547,47.0,0.1447661469933185
06093,CA,Siskiyou County,14049.0,12717.0,1332.0,12706.0,26.0,12680.0,1343.0,28.0,1315.0,6819.0,7230.0,12215.0,151.0,728.0,195.0,307.0,18.0,270.0,1055.0,3468.0,3436.0,10581.0,13235.0,10793.0,0.095593992454979,0.2468503096305787,1343.0,0.09481101857783472
06095,CA,Solano County,91886.0,40514.0,51372.0,83972.0,666.0,83306.0,7914.0,373.0,7541.0,41354.0,50532.0,45078.0,13932.0,15933.0,11792.0,151.0,87.0,1730.0,6097.0,16783.0,16703.0,75103.0,83328.0,71137.0,0.08612846353089698,0.18265024051542128,7914.0,0.5590840824499924
06097,CA,Sonoma County,121071.0,55681.0,65390.0,114429.0,343.0,114086.0,6642.0,167.0,6475.0,54466.0,66605.0,97825.0,1590.0,12228.0,4105.0,530.0,78.0,1524.0,5040.0,17161.0,17076.0,103910.0,112656.0,103846.0,0.054860371187154644,0.14174327460746175,6642.0,0.540096307125571
06099,CA,Stanislaus County,95827.0,40709.0,55118.0,85823.0,617.0,85206.0,10004.0,435.0,9569.0,44005.0,51822.0,55036.0,3288.0,28451.0,5912.0,254.0,100.0,2041.0,7863.0,26578.0,26369.0,69249.0,89722.0,83395.0,0.10439646446199922,0.27735398165443975,10004.0,0.5751823598776963
06101,CA,Sutter County,18670.0,15908.0,2762.0,16745.0,103.0,16642.0,1925.0,60.0,1865.0,8660.0,10010.0,11467.0,396.0,3213.0,2845.0,131.0,20.0,360.0,1545.0,5702.0,5679.0,12968.0,17396.0,14303.0,0.1031065881092662,0.30540974825923944,1925.0,0.14793786823781468
06103,CA,Tehama County,14870.0,12549.0,2321.0,13084.0,69.0,13015.0,1786.0,35.0,1751.0,7051.0,7819.0,12390.0,98.0,1734.0,168.0,184.0,27.0,356.0,1403.0,4096.0,4079.0,10774.0,14003.0,11483.0,0.12010759919300605,0.2754539340954943,1786.0,0.15608607935440486
06105,CA,Trinity County,3648.0,3368.0,280.0,3319.0,12.0,3307.0,329.0,,,1837.0,1811.0,3315.0,,114.0,51.0,65.0,,,265.0,987.0,,2661.0,3450.0,2862.0,0.09018640350877193,0.27055921052631576,265.0,0.07675438596491228
06107,CA,Tulare County,70405.0,44802.0,25603.0,62940.0,510.0,62430.0,7465.0,406.0,7059.0,33218.0,37187.0,32939.0,1158.0,32055.0,2433.0,329.0,87.0,1655.0,5723.0,26239.0,26095.0,44166.0,65749.0,59508.0,0.10602940132092892,0.3726865989631418,7465.0,0.36365314963425893
06109,CA,Tuolumne County,16567.0,13974.0,2593.0,15417.0,33.0,15384.0,1150.0,24.0,1126.0,7796.0,8771.0,14759.0,67.0,1039.0,174.0,142.0,,,907.0,2740.0,2718.0,13827.0,15596.0,12773.0,0.06941510231182471,0.1653890263777389,907.0,0.15651596547353172
06111,CA,Ventura County,175790.0,102603.0,73187.0,165368.0,882.0,164486.0,10422.0,465.0,9957.0,80591.0,95199.0,109982.0,3296.0,43746.0,11176.0,184.0,133.0,2289.0,8000.0,30212.0,30020.0,145578.0,160572.0,144816.0,0.059286648842368735,0.17186415609534103,10422.0,0.416331987029979
06113,CA,Yolo County,36932.0,17880.0,19052.0,34148.0,157.0,33991.0,2784.0,92.0,2692.0,16694.0,20238.0,23155.0,1013.0,7859.0,3120.0,129.0,38.0,633.0,2113.0,7584.0,7548.0,29348.0,33914.0,31417.0,0.07538178273583884,0.2053503736596989,2784.0,0.5158669988086213
06115,CA,Yuba County,14260.0,10748.0,3512.0,12216.0,71.0,12145.0,2044.0,62.0,1982.0,6790.0,7470.0,10070.0,622.0,2292.0,753.0,120.0,17.0,412.0,1615.0,4585.0,4558.0,9675.0,13192.0,10831.0,0.14333800841514727,0.3215287517531557,2044.0,0.24628330995792427
06999,CA,Unknown,,,,,,,,,,,,,,,,,,,,,,,,,,,0.0,
08001,CO,Adams County,71002.0,25391.0,45611.0,64351.0,311.0,64040.0,6651.0,278.0,6373.0,32456.0,38546.0,46572.0,2179.0,17301.0,2541.0,160.0,84.0,1418.0,5149.0,10856.0,7188.0,60146.0,63810.0,58483.0,0.09367341765020704,0.15289710149009886,6651.0,0.642390355201262
08003,CO,Alamosa County,3397.0,1715.0,1682.0,3021.0,,,376.0,,,1652.0,1745.0,2126.0,17.0,1155.0,18.0,12.0,,,299.0,814.0,545.0,2583.0,3106.0,2730.0,0.110685899322932,0.2396231969384751,299.0,0.4951427730350309
08005,CO,Arapahoe County,107625.0,45860.0,61765.0,100259.0,409.0,99850.0,7366.0,291.0,7075.0,48094.0,59531.0,78913.0,9442.0,8720.0,5021.0,160.0,92.0,1911.0,5363.0,13161.0,9969.0,94464.0,96241.0,87396.0,0.06844134727061556,0.12228571428571429,7366.0,0.5738908246225319
08007,CO,Archuleta County,4778.0,3271.0,1507.0,4568.0,,,210.0,,,2389.0,2389.0,4179.0,,358.0,24.0,22.0,,,162.0,377.0,233.0,4401.0,4498.0,3644.0,0.04395144411887819,0.07890330682293847,162.0,0.3154039347007116
08009,CO,Baca County,952.0,830.0,122.0,883.0,,,69.0,,,466.0,486.0,878.0,,40.0,,,0.0,18.0,51.0,193.0,143.0,759.0,883.0,770.0,0.07247899159663866,0.2027310924369748,69.0,0.12815126050420167
08011,CO,Bent County,1175.0,639.0,536.0,1019.0,,,156.0,,,595.0,580.0,867.0,13.0,264.0,,,,,126.0,316.0,212.0,859.0,1061.0,927.0,0.1327659574468085,0.26893617021276595,126.0,0.45617021276595743
08013,CO,Boulder County,61975.0,31582.0,30393.0,59237.0,122.0,59115.0,2738.0,81.0,2657.0,28558.0,33417.0,53181.0,482.0,3463.0,1381.0,73.0,37.0,687.0,2014.0,4954.0,3551.0,57021.0,56956.0,52511.0,0.04417910447761194,0.07993545784590561,2738.0,0.49040742234772083
08014,CO,Broomfield County,13861.0,5785.0,8076.0,13317.0,25.0,13292.0,544.0,15.0,529.0,6201.0,7660.0,11674.0,109.0,855.0,595.0,,,,386.0,851.0,611.0,13010.0,12632.0,11688.0,0.03924680758964,0.061395281725705214,386.0,0.5826419450256114
08015,CO,Chaffee County,6197.0,3883.0,2314.0,5928.0,,,269.0,,,2993.0,3204.0,5646.0,16.0,222.0,34.0,14.0,,,216.0,533.0,351.0,5664.0,5845.0,4987.0,0.043408100693884136,0.08600935936743585,216.0,0.37340648700984347
08017,CO,Cheyenne County,421.0,341.0,80.0,391.0,,,30.0,0.0,30.0,196.0,225.0,381.0,,23.0,0.0,0.0,,,24.0,54.0,32.0,367.0,378.0,299.0,0.07125890736342043,0.12826603325415678,24.0,0.19002375296912113
08019,CO,Clear Creek County,1880.0,799.0,1081.0,1772.0,,,108.0,,,964.0,916.0,1728.0,,63.0,14.0,,,,83.0,174.0,103.0,1706.0,1701.0,1523.0,0.0574468085106383,0.0925531914893617,83.0,0.575
08021,CO,Conejos County,2081.0,995.0,1086.0,1885.0,,,196.0,,,1040.0,1041.0,938.0,,1103.0,,,,,164.0,524.0,360.0,1557.0,1908.0,1665.0,0.09418548774627583,0.25180201826045173,164.0,0.5218644882268141
08023,CO,Costilla County,1381.0,597.0,784.0,1197.0,,,184.0,,,729.0,652.0,682.0,11.0,648.0,14.0,,,,155.0,367.0,248.0,1014.0,1273.0,1091.0,0.1332367849384504,0.2657494569152788,155.0,0.5677045619116582
08025,CO,Crowley County,908.0,420.0,488.0,790.0,,,118.0,,,452.0,456.0,728.0,,143.0,,,0.0,16.0,102.0,268.0,178.0,640.0,824.0,709.0,0.1299559471365639,0.29515418502202645,118.0,0.5374449339207048
08027,CO,Custer County,2129.0,1193.0,936.0,2000.0,,,129.0,,,1109.0,1020.0,1982.0,11.0,51.0,,,,,103.0,167.0,90.0,1962.0,1985.0,1603.0,0.060591827148896195,0.07844058243306717,103.0,0.43964302489431656
08029,CO,Delta County,10570.0,5545.0,5025.0,9874.0,18.0,9856.0,696.0,14.0,682.0,5098.0,5472.0,9495.0,17.0,651.0,45.0,22.0,,,594.0,1276.0,773.0,9294.0,9896.0,8156.0,0.06584673604541154,0.1207190160832545,594.0,0.47540208136234624
08031,CO,Denver County,96721.0,38765.0,57956.0,88293.0,454.0,87839.0,8428.0,291.0,8137.0,44167.0,52554.0,59806.0,11719.0,17778.0,2931.0,231.0,67.0,1896.0,6465.0,18749.0,13276.0,77972.0,86728.0,81973.0,0.08713722976396025,0.19384621747086983,8428.0,0.5992080313478976
08033,CO,Dolores County,612.0,400.0,212.0,566.0,0.0,566.0,46.0,,,322.0,290.0,573.0,,,0.0,,,,38.0,70.0,30.0,542.0,555.0,440.0,0.07516339869281045,0.11437908496732026,38.0,0.3464052287581699
08035,CO,Douglas County,64539.0,31407.0,33132.0,61952.0,129.0,61823.0,2587.0,87.0,2500.0,29659.0,34880.0,56484.0,742.0,2695.0,1841.0,38.0,37.0,644.0,1906.0,2800.0,2123.0,61739.0,58569.0,52718.0,0.04008429011915276,0.04338462015215606,2587.0,0.5133640124575838
08037,CO,Eagle County,7912.0,6395.0,1517.0,7728.0,,,184.0,,,4095.0,3817.0,6572.0,25.0,787.0,64.0,,,,141.0,397.0,247.0,7515.0,7216.0,6093.0,0.023255813953488372,0.05017694641051567,141.0,0.1917340748230536
08041,CO,El Paso County,129323.0,63615.0,65708.0,117861.0,323.0,117538.0,11462.0,314.0,11148.0,59021.0,70302.0,103828.0,6522.0,10759.0,3134.0,265.0,148.0,2835.0,8479.0,15036.0,10398.0,114287.0,119321.0,90445.0,0.08863079266642437,0.11626702133417877,11462.0,0.5080921413824301
08039,CO,Elbert County,5923.0,3013.0,2910.0,5646.0,11.0,5635.0,277.0,,,2858.0,3065.0,5378.0,44.0,233.0,55.0,,,,202.0,261.0,168.0,5662.0,5383.0,4503.0,0.04676684112780685,0.04406550734425122,202.0,0.4913050818841803
08043,CO,Fremont County,13559.0,5572.0,7987.0,12293.0,32.0,12261.0,1266.0,,,6535.0,7024.0,12343.0,47.0,724.0,51.0,30.0,13.0,217.0,1036.0,2151.0,1384.0,11408.0,12717.0,10975.0,0.09336971753079136,0.15864001770042038,1266.0,0.5890552400619514
08045,CO,Garfield County,10907.0,8001.0,2906.0,10339.0,21.0,10318.0,568.0,11.0,557.0,5244.0,5663.0,9506.0,37.0,845.0,68.0,24.0,,,431.0,1224.0,847.0,9683.0,10034.0,8537.0,0.05207664802420464,0.11222150912258183,431.0,0.26643439992665263
08047,CO,Gilpin County,1295.0,617.0,678.0,1220.0,,,75.0,,,688.0,607.0,1168.0,,59.0,16.0,,0.0,13.0,62.0,104.0,56.0,1191.0,1158.0,1000.0,0.05791505791505792,0.08030888030888031,75.0,0.5235521235521235
08049,CO,Grand County,3193.0,2053.0,1140.0,3069.0,,,124.0,,,1710.0,1483.0,2946.0,,79.0,13.0,,0.0,31.0,93.0,178.0,113.0,3015.0,2957.0,2500.0,0.038834951456310676,0.0557469464453492,124.0,0.35703100532414656
08051,CO,Gunnison County,2899.0,2234.0,665.0,2800.0,,,99.0,,,1501.0,1398.0,2659.0,,76.0,12.0,,,,78.0,239.0,151.0,2660.0,2714.0,2290.0,0.0341497067954467,0.08244222145567437,78.0,0.2293894446360814
08053,CO,Hinsdale County,246.0,174.0,72.0,,,,,,,123.0,123.0,236.0,0.0,,0.0,0.0,,,,14.0,,232.0,235.0,195.0,,0.056910569105691054,0.0,0.2926829268292683
08055,CO,Huerfano County,2683.0,1273.0,1410.0,2448.0,12.0,2436.0,235.0,,,1344.0,1339.0,2009.0,17.0,554.0,,,0.0,30.0,205.0,510.0,316.0,2173.0,2491.0,2114.0,0.08758852031308237,0.19008572493477452,235.0,0.5255311218784943
08057,CO,Jackson County,355.0,256.0,99.0,339.0,0.0,339.0,16.0,0.0,16.0,197.0,158.0,329.0,0.0,13.0,0.0,0.0,0.0,,,26.0,14.0,329.0,333.0,261.0,0.04507042253521127,0.07323943661971831,0.0,0.27887323943661974
08059,CO,Jefferson County,123594.0,46978.0,76616.0,116985.0,308.0,116677.0,6609.0,189.0,6420.0,56390.0,67204.0,104673.0,1073.0,9946.0,2811.0,185.0,68.0,1477.0,5064.0,9954.0,6955.0,113640.0,111908.0,103375.0,0.053473469585902225,0.08053789018884412,6609.0,0.6199006424260077
08061,CO,Kiowa County,362.0,283.0,79.0,338.0,0.0,338.0,24.0,0.0,24.0,174.0,188.0,335.0,,,,0.0,0.0,,,61.0,44.0,301.0,334.0,282.0,0.06629834254143646,0.1685082872928177,0.0,0.21823204419889503
08063,CO,Kit Carson County,1634.0,1324.0,310.0,1507.0,,,127.0,,,783.0,851.0,1488.0,,102.0,,,,,105.0,219.0,142.0,1415.0,1525.0,1301.0,0.0777233782129743,0.13402692778457773,105.0,0.189718482252142
08067,CO,La Plata County,13499.0,9265.0,4234.0,12891.0,26.0,12865.0,608.0,12.0,596.0,6559.0,6940.0,11862.0,28.0,781.0,62.0,248.0,,,469.0,1050.0,640.0,12449.0,12597.0,10469.0,0.045040373360989705,0.07778353952144604,469.0,0.31365286317505
08065,CO,Lake County,1157.0,763.0,394.0,1069.0,,,88.0,,,599.0,558.0,852.0,,266.0,,,0.0,17.0,71.0,108.0,62.0,1049.0,1053.0,857.0,0.07605877268798616,0.09334485738980121,88.0,0.34053586862575624
08069,CO,Larimer County,76797.0,40142.0,36655.0,72512.0,167.0,72345.0,4285.0,143.0,4142.0,35048.0,41749.0,68523.0,405.0,3833.0,842.0,113.0,67.0,1047.0,3171.0,6462.0,4470.0,70335.0,71092.0,63971.0,0.055796450382176385,0.08414391187155748,4285.0,0.4772972902587341
08071,CO,Las Animas County,4607.0,2388.0,2219.0,4145.0,16.0,4129.0,462.0,,,2324.0,2283.0,3183.0,16.0,1286.0,23.0,,,,380.0,875.0,614.0,3732.0,4297.0,3475.0,0.10028217929238116,0.189928369871934,380.0,0.48165834599522467
08073,CO,Lincoln County,1070.0,744.0,326.0,973.0,,,97.0,,,500.0,570.0,981.0,,40.0,,,0.0,18.0,79.0,170.0,117.0,900.0,996.0,808.0,0.09065420560747664,0.1588785046728972,97.0,0.30467289719626167
08075,CO,Logan County,4621.0,2863.0,1758.0,4150.0,14.0,4136.0,471.0,12.0,459.0,2238.0,2383.0,4030.0,19.0,339.0,15.0,11.0,,,348.0,773.0,512.0,3848.0,4323.0,3841.0,0.10192599004544471,0.16727980956502922,348.0,0.3804371348193032
08077,CO,Mesa County,41274.0,22017.0,19257.0,38052.0,94.0,37958.0,3222.0,71.0,3151.0,19323.0,21951.0,36872.0,164.0,2692.0,256.0,76.0,38.0,690.0,2494.0,5293.0,3793.0,35981.0,37998.0,32641.0,0.07806367204535543,0.1282405388380094,3222.0,0.46656490769007125
08079,CO,Mineral County,314.0,198.0,116.0,,,,,,,158.0,156.0,292.0,0.0,,,0.0,,,,23.0,,291.0,294.0,252.0,,0.0732484076433121,0.0,0.36942675159235666
08081,CO,Moffat County,2687.0,1928.0,759.0,2450.0,,,237.0,,,1337.0,1350.0,2400.0,,193.0,12.0,,,,190.0,352.0,217.0,2335.0,2486.0,1955.0,0.08820245627093412,0.13100111648678825,190.0,0.28247115742463713
08083,CO,Montezuma County,7841.0,5019.0,2822.0,7273.0,25.0,7248.0,568.0,27.0,541.0,3757.0,4084.0,6719.0,18.0,483.0,35.0,295.0,,,463.0,1162.0,731.0,6679.0,7272.0,6001.0,0.07243973982910343,0.14819538324193343,463.0,0.35990307358755264
08085,CO,Montrose County,13109.0,7385.0,5724.0,12354.0,25.0,12329.0,755.0,18.0,737.0,6161.0,6948.0,11576.0,27.0,1015.0,54.0,17.0,,,615.0,1598.0,1131.0,11511.0,12320.0,10365.0,0.05759401937600122,0.1219009840567549,615.0,0.43664657868639867
08087,CO,Morgan County,5726.0,3498.0,2228.0,5222.0,23.0,5199.0,504.0,22.0,482.0,2677.0,3049.0,4502.0,26.0,991.0,27.0,,,,400.0,939.0,614.0,4787.0,5237.0,4530.0,0.08801955990220049,0.1639888229130283,400.0,0.3891023402025847
08089,CO,Otero County,4818.0,1899.0,2919.0,4192.0,23.0,4169.0,626.0,,,2283.0,2535.0,3145.0,35.0,1508.0,21.0,,,,494.0,1248.0,883.0,3570.0,4521.0,3965.0,0.12992943129929432,0.2590286425902864,494.0,0.6058530510585305
08091,CO,Ouray County,1725.0,1257.0,468.0,1693.0,,,32.0,0.0,32.0,869.0,856.0,1577.0,,34.0,,,0.0,,,80.0,47.0,1645.0,1642.0,1329.0,0.01855072463768116,0.0463768115942029,0.0,0.271304347826087
08093,CO,Park County,4472.0,2438.0,2034.0,4222.0,,,250.0,,,2347.0,2125.0,4077.0,18.0,189.0,22.0,11.0,,,210.0,382.0,212.0,4090.0,4067.0,3340.0,0.05590339892665474,0.08542039355992845,210.0,0.454830053667263
08095,CO,Phillips County,1092.0,898.0,194.0,1022.0,,,70.0,,,522.0,570.0,952.0,,80.0,,,,,58.0,169.0,108.0,923.0,1017.0,912.0,0.0641025641025641,0.15476190476190477,58.0,0.17765567765567766
08097,CO,Pitkin County,3386.0,2994.0,392.0,3347.0,,,39.0,,,1746.0,1640.0,2973.0,,106.0,51.0,0.0,,,28.0,131.0,92.0,3255.0,3114.0,2694.0,0.01151801535735381,0.038688718251624336,28.0,0.11577082102776137
08099,CO,Prowers County,2633.0,2179.0,454.0,2392.0,14.0,2378.0,241.0,,,1253.0,1380.0,1986.0,,580.0,,,,,206.0,624.0,410.0,2009.0,2437.0,2033.0,0.09153057349031522,0.2369920243068743,206.0,0.17242688947968096
08101,CO,Pueblo County,40798.0,15715.0,25083.0,35863.0,130.0,35733.0,4935.0,100.0,4835.0,19131.0,21667.0,26426.0,736.0,12241.0,265.0,84.0,45.0,927.0,3963.0,8580.0,6162.0,32218.0,37585.0,33929.0,0.12096181185352223,0.21030442668758273,4935.0,0.61480954948772
08103,CO,Rio Blanco County,1495.0,1001.0,494.0,1384.0,,,111.0,,,723.0,772.0,1395.0,,54.0,,,,,95.0,163.0,130.0,1332.0,1393.0,1153.0,0.07424749163879599,0.10903010033444815,95.0,0.33043478260869563
08105,CO,Rio Grande County,3515.0,1993.0,1522.0,3201.0,,,314.0,12.0,302.0,1731.0,1784.0,2289.0,11.0,1105.0,13.0,12.0,,,268.0,806.0,561.0,2709.0,3275.0,2814.0,0.08933143669985776,0.22930298719772405,268.0,0.4330014224751067
08107,CO,Routt County,5137.0,4080.0,1057.0,4986.0,,,151.0,,,2624.0,2513.0,4671.0,15.0,114.0,31.0,,,,119.0,239.0,167.0,4898.0,4816.0,4042.0,0.02939458828109792,0.046525209266108626,119.0,0.20576211796768543
08109,CO,Saguache County,1675.0,959.0,716.0,1540.0,,,135.0,0.0,135.0,860.0,815.0,1306.0,,292.0,11.0,,,,116.0,315.0,178.0,1360.0,1545.0,1233.0,0.08059701492537313,0.1880597014925373,116.0,0.4274626865671642
08111,CO,San Juan County,172.0,136.0,36.0,,,,,,,91.0,81.0,152.0,0.0,,0.0,,,,,,,,167.0,121.0,,,0.0,0.20930232558139536
08113,CO,San Miguel County,1335.0,988.0,347.0,1294.0,,,41.0,,,726.0,609.0,1209.0,,22.0,,,,,35.0,99.0,60.0,1236.0,1241.0,992.0,0.030711610486891385,0.07415730337078652,35.0,0.2599250936329588
08115,CO,Sedgwick County,751.0,673.0,78.0,683.0,,,68.0,,,378.0,373.0,652.0,,69.0,,,0.0,,,119.0,73.0,632.0,701.0,575.0,0.09054593874833555,0.1584553928095872,0.0,0.10386151797603196
08117,CO,Summit County,4468.0,3319.0,1149.0,4350.0,,,118.0,,,2371.0,2097.0,3995.0,25.0,125.0,42.0,,,,89.0,139.0,89.0,4329.0,4125.0,3499.0,0.026410026857654433,0.031110116383169205,89.0,0.2571620411817368
08119,CO,Teller County,7663.0,3517.0,4146.0,7177.0,,,486.0,,,3769.0,3894.0,7041.0,54.0,255.0,48.0,11.0,,,393.0,641.0,387.0,7022.0,7124.0,5821.0,0.06342163643481666,0.08364870155291661,393.0,0.5410413676105964
08121,CO,Washington County,1154.0,828.0,326.0,1079.0,0.0,1079.0,75.0,,,570.0,584.0,1059.0,,38.0,,0.0,,,60.0,162.0,100.0,992.0,1077.0,933.0,0.06499133448873484,0.14038128249566725,60.0,0.2824956672443674
08123,CO,Weld County,58209.0,26102.0,32107.0,53369.0,196.0,53173.0,4840.0,171.0,4669.0,26974.0,31235.0,45508.0,353.0,9801.0,636.0,79.0,64.0,968.0,3808.0,7168.0,4840.0,51041.0,53316.0,48012.0,0.08314865398821487,0.12314246937758766,4840.0,0.5515813705784329
08125,CO,Yuma County,1991.0,1697.0,294.0,1850.0,,,141.0,,,940.0,1051.0,1772.0,,136.0,,,,,117.0,266.0,160.0,1725.0,1871.0,1656.0,0.07081868407835258,0.13360120542440984,117.0,0.14766449020592667
08999,CO,Unknown,,,,,,,,,,,,,,,,,,,,,,,,,,,0.0,
09110,CT,Capitol Planning Region,208439.0,75268.0,133171.0,188993.0,842.0,188151.0,19446.0,507.0,18939.0,93417.0,115022.0,152381.0,19876.0,19116.0,5678.0,95.0,307.0,4498.0,14641.0,60096.0,21660.0,148343.0,191800.0,181567.0,0.09329348154615978,0.2883145668516928,19446.0,0.638896751567605
09120,CT,Greater Bridgeport Planning Region,57262.0,24559.0,32703.0,52239.0,302.0,51937.0,5023.0,214.0,4809.0,25427.0,31835.0,35450.0,8748.0,8521.0,1488.0,17.0,76.0,1106.0,3841.0,17747.0,6233.0,39515.0,51356.0,48467.0,0.08771960462435821,0.3099263036568754,5023.0,0.5711117320386994
09130,CT,Lower Connecticut River Valley Planning Region,46211.0,18057.0,28154.0,43129.0,118.0,43011.0,3082.0,50.0,3032.0,21185.0,25026.0,39940.0,1554.0,1183.0,815.0,21.0,48.0,698.0,2336.0,9070.0,2614.0,37141.0,42401.0,39383.0,0.06669407716777391,0.19627361450736838,3082.0,0.6092488801367639
09140,CT,Naugatuck Valley Planning Region,100383.0,39338.0,61045.0,90335.0,346.0,89989.0,10048.0,261.0,9787.0,45124.0,55259.0,80025.0,5628.0,8552.0,1738.0,61.0,161.0,2262.0,7625.0,30285.0,9362.0,70098.0,92252.0,85603.0,0.10009662990745445,0.30169451002659814,10048.0,0.6081208969646255
09150,CT,Northeastern Connecticut Planning Region,23054.0,9444.0,13610.0,20433.0,50.0,20383.0,2621.0,43.0,2578.0,10621.0,12433.0,21401.0,171.0,403.0,174.0,19.0,48.0,534.0,2039.0,6649.0,1611.0,16405.0,21177.0,19522.0,0.11368959833434544,0.28840982042161883,2621.0,0.5903530840635031
09160,CT,Northwest Hills Planning Region,31036.0,13851.0,17185.0,28675.0,63.0,28612.0,2361.0,45.0,2316.0,14644.0,16392.0,27883.0,359.0,750.0,369.0,,38.0,492.0,1831.0,7156.0,1865.0,23880.0,28801.0,26617.0,0.0760729475447867,0.23057094986467327,2361.0,0.5537118185333162
09170,CT,South Central Connecticut Planning Region,122797.0,48584.0,74213.0,111023.0,575.0,110448.0,11774.0,351.0,11423.0,54540.0,68257.0,90601.0,13703.0,9958.0,2735.0,41.0,150.0,2548.0,9076.0,35093.0,11867.0,87704.0,110728.0,104014.0,0.09588182121713071,0.2857805972458611,11774.0,0.604355155256236
09180,CT,Southeastern Connecticut Planning Region,65613.0,27957.0,37656.0,58613.0,186.0,58427.0,7000.0,113.0,6887.0,30273.0,35340.0,53882.0,2628.0,4080.0,1619.0,185.0,132.0,1637.0,5231.0,18191.0,5857.0,47422.0,60367.0,54102.0,0.10668617499580876,0.2772468870498224,7000.0,0.5739106579488821
09190,CT,Western Connecticut Planning Region,117667.0,71701.0,45966.0,111607.0,388.0,111219.0,6060.0,195.0,5865.0,53069.0,64598.0,89812.0,6991.0,9632.0,4284.0,30.0,91.0,1359.0,4610.0,22180.0,7635.0,95487.0,104744.0,95995.0,0.05150127053464438,0.1884980495805961,6060.0,0.39064478570882233
09999,CT,Unknown,,,,,,,,,,,,,,,,,,,,,,,,,,,0.0,
10001,DE,Kent County,43827.0,28808.0,15019.0,38451.0,236.0,38215.0,5376.0,204.0,5172.0,19540.0,24287.0,29108.0,11180.0,1402.0,735.0,35.0,61.0,1070.0,4245.0,7336.0,4001.0,36491.0,40908.0,33837.0,0.12266411116435075,0.1673854016930203,5376.0,0.34268829716841215
10003,DE,New Castle County,115943.0,76840.0,39103.0,104873.0,624.0,104249.0,11070.0,478.0,10592.0,51125.0,64818.0,76269.0,26355.0,4787.0,3851.0,35.0,103.0,2113.0,8854.0,17057.0,9910.0,98886.0,105076.0,94705.0,0.09547795037216564,0.14711539290858439,11070.0,0.33726055044289005
10005,DE,Sussex County,95077.0,66129.0,28948.0,89371.0,293.0,89078.0,5706.0,168.0,5538.0,43529.0,51548.0,82519.0,6627.0,1862.0,781.0,36.0,71.0,991.0,4644.0,8456.0,3700.0,86621.0,89232.0,78084.0,0.06001451455136363,0.08893843937019469,5706.0,0.3044690093292805
10999,DE,Unknown,,,,,,,,,,,,,,,,,,,,,,,,,,,0.0,
11001,DC,District Of Columbia,97446.0,63863.0,33583.0,86633.0,919.0,85714.0,10813.0,594.0,10219.0,42240.0,55206.0,27839.0,58496.0,5052.0,1987.0,32.0,90.0,2779.0,7944.0,34138.0,22500.0,63308.0,81802.0,72059.0,0.11096402109886501,0.35032736079469656,10813.0,0.34463189869260924
11999,DC,Unknown,,,,,,,,,,,,,,,,,,,,,,,,,,,0.0,
12001,FL,Alachua County,54129.0,31544.0,22585.0,48705.0,219.0,48486.0,5424.0,200.0,5224.0,24501.0,29628.0,38951.0,9431.0,2740.0,1254.0,32.0,82.0,1265.0,4077.0,8372.0,4072.0,45757.0,48739.0,39706.0,0.10020506567643962,0.15466755343715938,5424.0,0.4172439912061926
12003,FL,Baker County,5640.0,3040.0,2600.0,4823.0,31.0,4792.0,817.0,21.0,796.0,2631.0,3009.0,4846.0,572.0,111.0,23.0,,,,676.0,962.0,389.0,4678.0,5248.0,4262.0,0.1448581560283688,0.17056737588652482,676.0,0.46099290780141844
12005,FL,Bay County,43677.0,25205.0,18472.0,38656.0,149.0,38507.0,5021.0,113.0,4908.0,20337.0,23340.0,37178.0,3265.0,1214.0,713.0,44.0,53.0,879.0,4089.0,5607.0,2162.0,38070.0,40879.0,30526.0,0.114957529134327,0.12837420152483,5021.0,0.42292281979073654
12007,FL,Bradford County,6262.0,3100.0,3162.0,5400.0,28.0,5372.0,862.0,28.0,834.0,2900.0,3362.0,5182.0,815.0,119.0,33.0,,,,705.0,1191.0,506.0,5071.0,5879.0,4738.0,0.13765570105397637,0.19019482593420634,705.0,0.504950495049505
12009,FL,Brevard County,181331.0,89937.0,91394.0,165357.0,541.0,164816.0,15974.0,363.0,15611.0,83797.0,97534.0,146545.0,13912.0,11925.0,3164.0,134.0,173.0,2942.0,12859.0,19879.0,7834.0,161452.0,168716.0,138417.0,0.08809304531492133,0.10962824889290855,15974.0,0.5040175149312583
12011,FL,Broward County,375573.0,132675.0,242898.0,350234.0,1962.0,348272.0,25339.0,1301.0,24038.0,171602.0,203971.0,176955.0,81477.0,87015.0,11904.0,373.0,367.0,5682.0,19290.0,83934.0,37963.0,291639.0,344165.0,319958.0,0.06746757621021746,0.22348251871140898,25339.0,0.6467397816136943
12013,FL,Calhoun County,3110.0,1177.0,1933.0,2619.0,11.0,2608.0,491.0,,,1496.0,1614.0,2753.0,253.0,42.0,17.0,,,,416.0,712.0,335.0,2398.0,2975.0,2531.0,0.15787781350482316,0.22893890675241158,416.0,0.6215434083601287
12015,FL,Charlotte County,80544.0,38819.0,41725.0,74908.0,161.0,74747.0,5636.0,78.0,5558.0,38395.0,42149.0,71438.0,2524.0,3190.0,705.0,42.0,48.0,845.0,4743.0,6261.0,2610.0,74283.0,76884.0,67757.0,0.06997417560588001,0.0777339094159714,5636.0,0.5180398291617004
12017,FL,Citrus County,66549.0,28312.0,38237.0,60147.0,164.0,59983.0,6402.0,89.0,6313.0,31555.0,34994.0,60100.0,1402.0,2588.0,628.0,52.0,61.0,979.0,5362.0,7526.0,2777.0,59023.0,63768.0,55942.0,0.09619979263399901,0.11308960314955897,6402.0,0.5745691144870697
12019,FL,Clay County,51643.0,29744.0,21899.0,46415.0,248.0,46167.0,5228.0,183.0,5045.0,23845.0,27798.0,41590.0,4393.0,2887.0,1125.0,31.0,60.0,995.0,4173.0,5358.0,2192.0,46285.0,47971.0,34934.0,0.10123346823383614,0.10375075034370583,5228.0,0.4240458532618167
12021,FL,Collier County,121979.0,76377.0,45602.0,117758.0,335.0,117423.0,4221.0,148.0,4073.0,57722.0,64257.0,100913.0,3311.0,11231.0,1303.0,83.0,59.0,747.0,3415.0,8900.0,4200.0,113079.0,114745.0,101839.0,0.03460431713655629,0.07296337894227695,4221.0,0.3738512366882824
12023,FL,Columbia County,18345.0,8899.0,9446.0,15840.0,71.0,15769.0,2505.0,58.0,2447.0,8864.0,9481.0,14801.0,2305.0,702.0,164.0,11.0,34.0,449.0,2022.0,3938.0,1643.0,14407.0,16946.0,14046.0,0.13654946852003272,0.2146633960207141,2505.0,0.5149086944671573
12027,FL,Desoto County,7831.0,3403.0,4428.0,6888.0,24.0,6864.0,943.0,32.0,911.0,3775.0,4056.0,6153.0,683.0,787.0,38.0,,13.0,175.0,755.0,1453.0,512.0,6378.0,7491.0,6490.0,0.12041884816753927,0.1855446303154131,943.0,0.5654450261780105
12029,FL,Dixie County,4723.0,1821.0,2902.0,4021.0,11.0,4010.0,702.0,15.0,687.0,2391.0,2332.0,4326.0,187.0,93.0,22.0,,,,602.0,1130.0,393.0,3593.0,4421.0,3733.0,0.14863434257886937,0.23925471098877832,602.0,0.6144399745924201
12031,FL,Duval County,193340.0,91548.0,101792.0,171234.0,1131.0,170103.0,22106.0,1231.0,20875.0,85913.0,107427.0,118975.0,49972.0,12050.0,5875.0,95.0,271.0,4475.0,17360.0,36291.0,15439.0,157049.0,178069.0,147881.0,0.11433743664011586,0.18770559635874626,22106.0,0.5264921899244853
12033,FL,Escambia County,76660.0,39241.0,37419.0,66837.0,405.0,66432.0,9823.0,298.0,9525.0,34794.0,41866.0,56706.0,14206.0,1998.0,1666.0,160.0,100.0,1790.0,7933.0,12964.0,5534.0,63696.0,71365.0,54227.0,0.12813722932428906,0.16911035742238456,9823.0,0.4881163579441691
12035,FL,Flagler County,47499.0,21842.0,25657.0,43965.0,158.0,43807.0,3534.0,77.0,3457.0,22133.0,25366.0,38197.0,3425.0,3494.0,730.0,24.0,50.0,525.0,2959.0,3726.0,1388.0,43773.0,45073.0,39501.0,0.07440156634876524,0.0784437567106676,3534.0,0.5401587401840039
12037,FL,Franklin County,3565.0,1673.0,1892.0,3292.0,,,273.0,,,1721.0,1844.0,3255.0,198.0,34.0,,,,,227.0,461.0,193.0,3104.0,3357.0,2825.0,0.07657784011220196,0.12931276297335204,227.0,0.5307152875175316
12039,FL,Gadsden County,11214.0,3182.0,8032.0,9585.0,67.0,9518.0,1629.0,46.0,1583.0,5059.0,6155.0,5046.0,5672.0,296.0,31.0,,11.0,321.0,1297.0,2634.0,1151.0,8580.0,10371.0,9233.0,0.14526484751203853,0.23488496522204388,1629.0,0.7162475477082219
12041,FL,Gilchrist County,4786.0,2325.0,2461.0,4228.0,18.0,4210.0,558.0,14.0,544.0,2241.0,2545.0,4415.0,111.0,146.0,17.0,,,,458.0,821.0,303.0,3965.0,4470.0,3726.0,0.11659005432511492,0.171541997492687,458.0,0.5142081069786878
12043,FL,Glades County,2532.0,1123.0,1409.0,2294.0,,,238.0,,,1302.0,1230.0,2049.0,158.0,236.0,,29.0,0.0,34.0,204.0,416.0,144.0,2116.0,2374.0,1977.0,0.09399684044233807,0.16429699842022116,238.0,0.556477093206951
12045,FL,Gulf County,4611.0,2477.0,2134.0,4125.0,15.0,4110.0,486.0,,,2209.0,2402.0,4056.0,387.0,43.0,15.0,,,,415.0,631.0,247.0,3980.0,4376.0,3542.0,0.10540013012361743,0.13684667100412057,415.0,0.46280633268271526
12047,FL,Hamilton County,3446.0,1463.0,1983.0,2920.0,21.0,2899.0,526.0,15.0,511.0,1661.0,1785.0,2418.0,812.0,122.0,16.0,,,,415.0,807.0,348.0,2639.0,3222.0,2749.0,0.1526407428903076,0.2341845618107951,415.0,0.5754497968659316
12049,FL,Hardee County,4654.0,1827.0,2827.0,4075.0,23.0,4052.0,579.0,20.0,559.0,2276.0,2378.0,3191.0,321.0,980.0,47.0,,,,441.0,1237.0,401.0,3417.0,4439.0,3973.0,0.12440911044262999,0.26579286635152555,441.0,0.6074344649763644
12051,FL,Hendry County,7543.0,2982.0,4561.0,6595.0,48.0,6547.0,948.0,50.0,898.0,3675.0,3868.0,3905.0,872.0,2474.0,65.0,59.0,12.0,177.0,759.0,2255.0,897.0,5288.0,7050.0,6237.0,0.12567943788943392,0.2989526713509214,948.0,0.6046665782845022
12053,FL,Hernando County,63087.0,20665.0,42422.0,55604.0,142.0,55462.0,7483.0,112.0,7371.0,28882.0,34205.0,52007.0,2560.0,6239.0,563.0,57.0,65.0,1197.0,6221.0,8203.0,3243.0,54884.0,60271.0,54267.0,0.11861397752310301,0.13002678840331605,7483.0,0.6724364766116633
12055,FL,Highlands County,37327.0,15402.0,21925.0,33879.0,143.0,33736.0,3448.0,81.0,3367.0,17546.0,19781.0,29419.0,2368.0,4308.0,326.0,30.0,23.0,533.0,2892.0,5915.0,2213.0,31412.0,35791.0,31384.0,0.09237281324510407,0.15846438235057733,3448.0,0.5873764299300774
12057,FL,Hillsborough County,273259.0,104348.0,168911.0,244324.0,1245.0,243079.0,28935.0,987.0,27948.0,123151.0,150108.0,162268.0,38264.0,55109.0,8524.0,182.0,370.0,5871.0,22694.0,56378.0,27999.0,216881.0,253047.0,223317.0,0.10588855261857798,0.20631708379229963,28935.0,0.61813517578561
12059,FL,Holmes County,4853.0,2284.0,2569.0,4133.0,,,720.0,,,2321.0,2532.0,4540.0,125.0,64.0,28.0,0.0,,,594.0,1152.0,451.0,3701.0,4616.0,3717.0,0.1483618380383268,0.23737894086132288,594.0,0.5293632804450855
12061,FL,Indian River County,62606.0,35837.0,26769.0,58663.0,197.0,58466.0,3943.0,84.0,3859.0,28939.0,33667.0,53889.0,2870.0,3200.0,557.0,17.0,33.0,717.0,3193.0,5515.0,2206.0,57091.0,59353.0,51742.0,0.0629811839120851,0.08809059834520654,3943.0,0.42757882631057725
12063,FL,Jackson County,12163.0,5935.0,6228.0,10207.0,45.0,10162.0,1956.0,42.0,1914.0,5673.0,6490.0,9170.0,2533.0,218.0,65.0,,27.0,336.0,1593.0,2570.0,1214.0,9593.0,11477.0,8972.0,0.16081558825947545,0.2112965551262024,1956.0,0.5120447258077777
12065,FL,Jefferson County,4194.0,1524.0,2670.0,3774.0,17.0,3757.0,420.0,24.0,396.0,1955.0,2239.0,2914.0,1135.0,55.0,11.0,0.0,,,347.0,692.0,312.0,3502.0,3858.0,3331.0,0.10014306151645208,0.16499761564139245,347.0,0.6366237482117311
12067,FL,Lafayette County,1494.0,800.0,694.0,1302.0,,,192.0,,,747.0,747.0,1338.0,67.0,59.0,,,,,151.0,302.0,116.0,1192.0,1415.0,1189.0,0.1285140562248996,0.20214190093708165,151.0,0.464524765729585
12069,FL,Lake County,126558.0,54999.0,71559.0,116118.0,407.0,115711.0,10440.0,283.0,10157.0,57721.0,68837.0,100383.0,8871.0,11019.0,2115.0,139.0,108.0,1846.0,8486.0,13690.0,5272.0,112868.0,119957.0,105324.0,0.08249182193144645,0.10817174734114003,10440.0,0.5654245484283885
12071,FL,Lee County,223835.0,112651.0,111184.0,209302.0,654.0,208648.0,14533.0,446.0,14087.0,105381.0,118454.0,181551.0,9337.0,22095.0,2706.0,109.0,173.0,2476.0,11884.0,23455.0,10796.0,200380.0,211043.0,187985.0,0.06492729019143566,0.10478700828735453,14533.0,0.496723032590971
12073,FL,Leon County,53215.0,21039.0,32176.0,48328.0,182.0,48146.0,4887.0,162.0,4725.0,23437.0,29778.0,37037.0,12266.0,1464.0,881.0,16.0,64.0,1187.0,3636.0,7042.0,3478.0,46173.0,47435.0,40713.0,0.09183500892605469,0.1323311096495349,4887.0,0.6046415484355915
12075,FL,Levy County,13762.0,6095.0,7667.0,12101.0,44.0,12057.0,1661.0,29.0,1632.0,6760.0,7002.0,11766.0,968.0,638.0,69.0,11.0,15.0,231.0,1415.0,2604.0,892.0,11158.0,12894.0,10953.0,0.12069466647289638,0.18921668362156663,1661.0,0.5571137916000581
12077,FL,Liberty County,1575.0,478.0,1097.0,1317.0,,,258.0,,,763.0,812.0,1384.0,150.0,23.0,,0.0,,,223.0,349.0,141.0,1226.0,1479.0,1288.0,0.16380952380952382,0.22158730158730158,223.0,0.6965079365079365
12079,FL,Madison County,5059.0,2216.0,2843.0,4350.0,31.0,4319.0,709.0,31.0,678.0,2403.0,2656.0,3393.0,1472.0,100.0,18.0,0.0,,,585.0,1062.0,469.0,3997.0,4758.0,4049.0,0.14014627396718718,0.20992290966594188,585.0,0.5619687685313303
12081,FL,Manatee County,123458.0,63378.0,60080.0,115869.0,330.0,115539.0,7589.0,228.0,7361.0,56727.0,66731.0,104313.0,6125.0,6719.0,2068.0,72.0,91.0,1370.0,6128.0,10343.0,4447.0,113115.0,116020.0,102948.0,0.061470297591083606,0.08377747898070599,7589.0,0.4866432308963372
12083,FL,Marion County,135128.0,54119.0,81009.0,121995.0,409.0,121586.0,13133.0,323.0,12810.0,62283.0,72845.0,106392.0,10483.0,12994.0,1472.0,124.0,130.0,2111.0,10892.0,18437.0,6832.0,116691.0,128700.0,113368.0,0.09718933159670831,0.1364410040850157,13133.0,0.5994982535077852
12085,FL,Martin County,52440.0,31178.0,21262.0,50021.0,117.0,49904.0,2419.0,59.0,2360.0,24294.0,28146.0,46430.0,1430.0,2276.0,529.0,19.0,20.0,440.0,1959.0,3499.0,1527.0,48941.0,49318.0,43149.0,0.04612890922959573,0.06672387490465294,2419.0,0.40545385202135775
12086,FL,Miami-Dade County,519804.0,128809.0,390995.0,486596.0,2706.0,483890.0,33208.0,1679.0,31529.0,226231.0,293573.0,91834.0,70566.0,338654.0,7161.0,122.0,434.0,7380.0,25394.0,226131.0,135274.0,293673.0,486649.0,465431.0,0.06388561842540649,0.43503128102130806,33208.0,0.7521969819393464
12087,FL,Monroe County,19062.0,14565.0,4497.0,18107.0,51.0,18056.0,955.0,24.0,931.0,10042.0,9020.0,15256.0,555.0,2346.0,163.0,,,,798.0,2025.0,959.0,17037.0,17525.0,13917.0,0.0500996747455671,0.10623229461756374,798.0,0.2359143846395971
12089,FL,Nassau County,29603.0,16955.0,12648.0,27472.0,73.0,27399.0,2131.0,49.0,2082.0,13845.0,15758.0,26303.0,1458.0,637.0,240.0,,18.0,355.0,1758.0,2263.0,892.0,27340.0,27800.0,23274.0,0.07198594737019896,0.07644495490321927,2131.0,0.42725399452758167
12091,FL,Okaloosa County,46878.0,30613.0,16265.0,42322.0,195.0,42127.0,4556.0,150.0,4406.0,21879.0,24999.0,39178.0,3308.0,1601.0,1145.0,45.0,54.0,872.0,3630.0,4796.0,2062.0,42082.0,43922.0,26666.0,0.09718844660608388,0.10230811894705405,4556.0,0.34696446094116645
12093,FL,Okeechobee County,9807.0,4046.0,5761.0,8605.0,30.0,8575.0,1202.0,28.0,1174.0,4811.0,4996.0,8101.0,412.0,1037.0,48.0,29.0,16.0,196.0,990.0,2005.0,726.0,7802.0,9233.0,8066.0,0.12256551442846945,0.20444580401753848,1202.0,0.5874375446109922
12095,FL,Orange County,224954.0,87854.0,137100.0,200679.0,1099.0,199580.0,24275.0,947.0,23328.0,101350.0,123604.0,108244.0,39070.0,56461.0,11618.0,256.0,269.0,5043.0,18963.0,50834.0,20324.0,174120.0,206050.0,183511.0,0.1079109506832508,0.22597508824026247,24275.0,0.609457933621985
12097,FL,Osceola County,74873.0,21590.0,53283.0,64425.0,290.0,64135.0,10448.0,294.0,10154.0,33918.0,40955.0,28631.0,7207.0,33951.0,2422.0,82.0,125.0,1960.0,8363.0,21004.0,7327.0,53869.0,69866.0,63692.0,0.13954295941126976,0.2805283613585672,10448.0,0.7116450522885419
12099,FL,Palm Beach County,367618.0,191677.0,175941.0,349164.0,1404.0,347760.0,18454.0,847.0,17607.0,165265.0,202353.0,261129.0,39521.0,43166.0,7408.0,154.0,267.0,3830.0,14357.0,47448.0,22778.0,320170.0,342148.0,312656.0,0.050198847716923546,0.12906876159491645,18454.0,0.47859734833441236
12101,FL,Pasco County,151245.0,50230.0,101015.0,134242.0,461.0,133781.0,17003.0,360.0,16643.0,68805.0,82440.0,121591.0,6765.0,15074.0,3261.0,110.0,162.0,2729.0,14112.0,23353.0,9434.0,127892.0,142445.0,129002.0,0.1124202452973652,0.15440510430096863,17003.0,0.6678898475982677
12103,FL,Pinellas County,262683.0,104530.0,158153.0,241404.0,984.0,240420.0,21279.0,591.0,20688.0,118932.0,143751.0,215267.0,18777.0,13589.0,6129.0,155.0,247.0,3830.0,17202.0,36127.0,16922.0,226556.0,244789.0,220917.0,0.08100638412078437,0.13753078806013333,21279.0,0.6020678917173932
12105,FL,Polk County,181805.0,58704.0,123101.0,158793.0,791.0,158002.0,23012.0,701.0,22311.0,82824.0,98981.0,122621.0,21502.0,29766.0,2844.0,133.0,262.0,4127.0,18623.0,36149.0,13505.0,145656.0,171921.0,155871.0,0.12657517670031077,0.19883391545887077,23012.0,0.677104590082781
12107,FL,Putnam County,21566.0,9214.0,12352.0,18618.0,93.0,18525.0,2948.0,80.0,2868.0,10372.0,11194.0,17778.0,2366.0,860.0,131.0,15.0,34.0,445.0,2469.0,4503.0,1635.0,17063.0,20274.0,17370.0,0.13669665213762403,0.2088008902902717,2948.0,0.5727534081424465
12113,FL,Santa Rosa County,44268.0,24200.0,20068.0,39410.0,129.0,39281.0,4858.0,97.0,4761.0,20787.0,23481.0,39553.0,1587.0,1172.0,695.0,60.0,52.0,795.0,4011.0,4384.0,1717.0,39884.0,41433.0,29955.0,0.10974067046173308,0.09903316165175748,4858.0,0.4533297189843679
12115,FL,Sarasota County,164849.0,94300.0,70549.0,156979.0,366.0,156613.0,7870.0,180.0,7690.0,75579.0,89270.0,146925.0,3878.0,6007.0,1819.0,72.0,86.0,1359.0,6425.0,11018.0,5042.0,153831.0,156505.0,138836.0,0.047740659633968056,0.06683692348755528,7870.0,0.42796134644432177
12117,FL,Seminole County,89841.0,41600.0,48241.0,82438.0,311.0,82127.0,7403.0,278.0,7125.0,39540.0,50301.0,61533.0,8746.0,12928.0,3141.0,72.0,90.0,1550.0,5763.0,12233.0,5065.0,77608.0,82870.0,72987.0,0.08240113088678888,0.13616277646063601,7403.0,0.5369597399850847
12109,FL,St. Johns County,78545.0,48312.0,30233.0,74032.0,227.0,73805.0,4513.0,98.0,4415.0,36101.0,42444.0,68104.0,2934.0,3355.0,1277.0,27.0,75.0,913.0,3525.0,4783.0,2170.0,73762.0,73159.0,61127.0,0.057457508434655295,0.06089502832771023,4513.0,0.38491310713603666
12111,FL,St. Lucie County,98774.0,43512.0,55262.0,90033.0,430.0,89603.0,8741.0,313.0,8428.0,45992.0,52782.0,68489.0,14551.0,10824.0,1327.0,70.0,116.0,1637.0,6988.0,13038.0,5289.0,85736.0,92745.0,82536.0,0.08849494806325552,0.13199829914754896,8741.0,0.5594792151780833
12119,FL,Sumter County,87682.0,38132.0,49550.0,84425.0,174.0,84251.0,3257.0,57.0,3200.0,40426.0,47256.0,80670.0,1671.0,1859.0,637.0,44.0,25.0,475.0,2757.0,3400.0,1418.0,84282.0,85350.0,75161.0,0.03714559430669921,0.03877648776259666,3257.0,0.5651102848931365
12121,FL,Suwannee County,12443.0,5794.0,6649.0,10866.0,40.0,10826.0,1577.0,26.0,1551.0,5988.0,6455.0,10582.0,983.0,556.0,67.0,,22.0,251.0,1304.0,2479.0,935.0,9964.0,11677.0,9801.0,0.126737924937716,0.19922848187736075,1577.0,0.5343566663987784
12123,FL,Taylor County,5277.0,2424.0,2853.0,4575.0,21.0,4554.0,702.0,17.0,685.0,2600.0,2677.0,4450.0,631.0,67.0,23.0,,,,582.0,975.0,392.0,4302.0,4957.0,4150.0,0.13303013075611142,0.1847640704945992,582.0,0.5406480955088119
12125,FL,Union County,2496.0,1235.0,1261.0,2129.0,,,367.0,14.0,353.0,1173.0,1323.0,2103.0,288.0,58.0,,,,,291.0,485.0,180.0,2011.0,2306.0,1809.0,0.14703525641025642,0.19431089743589744,291.0,0.5052083333333334
12127,FL,Volusia County,171832.0,68189.0,103643.0,156641.0,549.0,156092.0,15191.0,371.0,14820.0,79201.0,92631.0,139503.0,10876.0,14706.0,2082.0,111.0,151.0,2422.0,12618.0,22497.0,8384.0,149335.0,162130.0,144508.0,0.08840611760324038,0.13092439126588762,15191.0,0.6031647190278877
12129,FL,Wakulla County,8002.0,2795.0,5207.0,7153.0,18.0,7135.0,849.0,16.0,833.0,3747.0,4255.0,7007.0,648.0,139.0,25.0,,11.0,121.0,717.0,1004.0,394.0,6998.0,7275.0,6281.0,0.10609847538115472,0.12546863284178955,849.0,0.6507123219195201
12131,FL,Walton County,20173.0,11716.0,8457.0,18432.0,54.0,18378.0,1741.0,47.0,1694.0,9649.0,10524.0,18405.0,544.0,436.0,170.0,14.0,11.0,291.0,1439.0,1879.0,663.0,18294.0,18817.0,15021.0,0.08630347494175383,0.09314430178952064,1741.0,0.4192237148664056
12133,FL,Washington County,6068.0,3090.0,2978.0,5111.0,26.0,5085.0,957.0,22.0,935.0,2922.0,3146.0,5247.0,579.0,78.0,33.0,,,,807.0,1266.0,531.0,4802.0,5770.0,4525.0,0.15771259063941992,0.20863546473302572,807.0,0.490771259063942
12999,FL,Unknown,,,,,,,,,,,,,,,,,,,,,,,,,,,0.0,
13001,GA,Appling County,4162.0,1569.0,2593.0,3566.0,22.0,3544.0,596.0,24.0,572.0,1863.0,2299.0,3199.0,811.0,72.0,12.0,,,,503.0,1079.0,372.0,3083.0,4003.0,3545.0,0.14320038443056224,0.25925036040365207,503.0,0.6230177799135032
13003,GA,Atkinson County,1485.0,474.0,1011.0,1216.0,,,269.0,,,695.0,790.0,1041.0,334.0,94.0,,,,,234.0,515.0,166.0,970.0,1405.0,1248.0,0.18114478114478114,0.3468013468013468,234.0,0.6808080808080809
13005,GA,Bacon County,2149.0,994.0,1155.0,1803.0,,,346.0,,,953.0,1196.0,1772.0,300.0,34.0,,0.0,,,299.0,597.0,241.0,1552.0,2056.0,1830.0,0.1610051186598418,0.27780362959516053,299.0,0.5374592833876222
13007,GA,Baker County,678.0,190.0,488.0,577.0,,,101.0,,,319.0,359.0,354.0,303.0,,,0.0,0.0,19.0,82.0,246.0,89.0,432.0,643.0,598.0,0.14896755162241887,0.36283185840707965,101.0,0.7197640117994101
13009,GA,Baldwin County,9735.0,3393.0,6342.0,8201.0,78.0,8123.0,1534.0,63.0,1471.0,4428.0,5307.0,5640.0,3732.0,85.0,82.0,,19.0,278.0,1237.0,2153.0,1067.0,7582.0,9225.0,8251.0,0.15757575757575756,0.221160760143811,1534.0,0.6514637904468413
13011,GA,Banks County,4424.0,1791.0,2633.0,3845.0,20.0,3825.0,579.0,20.0,559.0,2083.0,2341.0,4030.0,139.0,96.0,67.0,,,,496.0,964.0,290.0,3460.0,4163.0,3700.0,0.130877034358047,0.2179023508137432,496.0,0.5951627486437613
13013,GA,Barrow County,16422.0,6914.0,9508.0,14248.0,63.0,14185.0,2174.0,94.0,2080.0,7370.0,9052.0,12411.0,2175.0,880.0,517.0,,33.0,411.0,1730.0,3127.0,1161.0,13295.0,15247.0,13413.0,0.13238338813786385,0.19041529655340397,2174.0,0.5789794178540981
13015,GA,Bartow County,21956.0,9654.0,12302.0,19139.0,89.0,19050.0,2817.0,102.0,2715.0,10014.0,11942.0,18602.0,2010.0,629.0,204.0,15.0,32.0,477.0,2308.0,3794.0,1281.0,18162.0,20517.0,17921.0,0.1283020586627801,0.17280014574603753,2817.0,0.5603024230278739
13017,GA,Ben Hill County,4035.0,1373.0,2662.0,3370.0,21.0,3349.0,665.0,28.0,637.0,1810.0,2225.0,2515.0,1393.0,67.0,11.0,0.0,,,546.0,1339.0,534.0,2696.0,3840.0,3387.0,0.16480793060718713,0.3318463444857497,546.0,0.659727385377943
13019,GA,Berrien County,4149.0,1723.0,2426.0,3470.0,19.0,3451.0,679.0,17.0,662.0,1907.0,2242.0,3543.0,443.0,87.0,16.0,,,,560.0,1294.0,488.0,2855.0,3924.0,3328.0,0.16365389250421788,0.311882381296698,560.0,0.5847192094480598
13021,GA,Bibb County,34466.0,13806.0,20660.0,29123.0,303.0,28820.0,5343.0,333.0,5010.0,14925.0,19541.0,16280.0,16660.0,421.0,444.0,,50.0,1058.0,4235.0,9643.0,4540.0,24823.0,31988.0,28011.0,0.15502234085765682,0.27978297452561945,5343.0,0.5994313236232809
13023,GA,Bleckley County,2858.0,1458.0,1400.0,2438.0,17.0,2421.0,420.0,11.0,409.0,1293.0,1565.0,2194.0,578.0,22.0,23.0,,,,360.0,658.0,245.0,2200.0,2685.0,2116.0,0.1469559132260322,0.23023093072078377,360.0,0.489853044086774
13025,GA,Brantley County,3752.0,1740.0,2012.0,3099.0,14.0,3085.0,653.0,,,1760.0,1992.0,3471.0,142.0,51.0,,,,,563.0,917.0,273.0,2835.0,3572.0,2999.0,0.17404051172707888,0.24440298507462688,563.0,0.5362473347547975
13027,GA,Brooks County,3890.0,1634.0,2256.0,3279.0,39.0,3240.0,611.0,31.0,580.0,1776.0,2114.0,2387.0,1355.0,69.0,17.0,,,,496.0,1197.0,490.0,2693.0,3690.0,3161.0,0.1570694087403599,0.3077120822622108,496.0,0.579948586118252
13029,GA,Bryan County,8056.0,3949.0,4107.0,7162.0,24.0,7138.0,894.0,28.0,866.0,3683.0,4373.0,6266.0,1227.0,224.0,119.0,,12.0,172.0,710.0,1166.0,383.0,6890.0,7492.0,5953.0,0.11097318768619663,0.14473684210526316,894.0,0.5098063555114201
13031,GA,Bulloch County,12163.0,5412.0,6751.0,10553.0,56.0,10497.0,1610.0,61.0,1549.0,5451.0,6712.0,8600.0,3056.0,173.0,82.0,,33.0,311.0,1266.0,2710.0,1049.0,9453.0,11403.0,9867.0,0.13236865904793224,0.22280687330428348,1610.0,0.5550439858587519
13033,GA,Burke County,5275.0,1583.0,3692.0,4410.0,55.0,4355.0,865.0,40.0,825.0,2387.0,2888.0,2665.0,2449.0,53.0,25.0,0.0,12.0,151.0,702.0,1564.0,583.0,3711.0,4950.0,4354.0,0.16398104265402844,0.29649289099526066,865.0,0.6999052132701422
13035,GA,Butts County,5793.0,2048.0,3745.0,4951.0,34.0,4917.0,842.0,28.0,814.0,2593.0,3200.0,4238.0,1326.0,105.0,23.0,,,,696.0,1274.0,464.0,4519.0,5494.0,4833.0,0.14534783359226652,0.21992059382012774,696.0,0.6464698774382875
13037,GA,Calhoun County,1306.0,455.0,851.0,1114.0,,,192.0,,,585.0,721.0,544.0,733.0,,,0.0,,,166.0,453.0,175.0,853.0,1242.0,1110.0,0.14701378254211334,0.34686064318529863,166.0,0.6516079632465543
13039,GA,Camden County,11583.0,6658.0,4925.0,10281.0,45.0,10236.0,1302.0,48.0,1254.0,5305.0,6278.0,8906.0,1916.0,333.0,130.0,13.0,15.0,240.0,1047.0,1561.0,529.0,10022.0,10789.0,7878.0,0.11240611240611241,0.13476646809980145,1302.0,0.4251920918587585
13043,GA,Candler County,2374.0,849.0,1525.0,2014.0,15.0,1999.0,360.0,,,1131.0,1243.0,1658.0,625.0,44.0,,,,,306.0,710.0,313.0,1664.0,2255.0,1989.0,0.15164279696714406,0.2990732940185341,306.0,0.6423757371524853
13045,GA,Carroll County,25125.0,10308.0,14817.0,21524.0,119.0,21405.0,3601.0,128.0,3473.0,11192.0,13933.0,19317.0,4440.0,528.0,191.0,13.0,26.0,640.0,2935.0,5089.0,1809.0,20036.0,23581.0,20743.0,0.14332338308457712,0.20254726368159204,3601.0,0.5897313432835821
13047,GA,Catoosa County,13911.0,6754.0,7157.0,12349.0,41.0,12308.0,1562.0,40.0,1522.0,6102.0,7809.0,13012.0,323.0,159.0,142.0,,18.0,247.0,1297.0,1959.0,607.0,11952.0,13063.0,11480.0,0.11228524189490331,0.14082380849687298,1562.0,0.5144849399755589
13049,GA,Charlton County,2400.0,1070.0,1330.0,2028.0,15.0,2013.0,372.0,,,1138.0,1262.0,1815.0,511.0,21.0,,0.0,,,317.0,617.0,224.0,1783.0,2251.0,1914.0,0.155,0.25708333333333333,317.0,0.5541666666666667
13051,GA,Chatham County,57067.0,26016.0,31051.0,51302.0,269.0,51033.0,5765.0,330.0,5435.0,25015.0,32052.0,33269.0,19705.0,1217.0,1206.0,25.0,67.0,1223.0,4475.0,9779.0,3973.0,47288.0,52915.0,44502.0,0.10102160618220687,0.17135998037394642,5765.0,0.5441148124134789
13053,GA,Chattahoochee County,681.0,240.0,441.0,560.0,,,121.0,,,316.0,365.0,393.0,253.0,18.0,,0.0,,,106.0,199.0,62.0,482.0,654.0,491.0,0.1776798825256975,0.2922173274596182,106.0,0.6475770925110133
13055,GA,Chattooga County,6280.0,2126.0,4154.0,5095.0,20.0,5075.0,1185.0,25.0,1160.0,2848.0,3432.0,5640.0,476.0,62.0,22.0,,11.0,158.0,1016.0,1719.0,478.0,4561.0,6018.0,5368.0,0.18869426751592358,0.27372611464968155,1185.0,0.6614649681528663
13057,GA,Cherokee County,55942.0,29576.0,26366.0,52722.0,152.0,52570.0,3220.0,127.0,3093.0,25044.0,30898.0,48431.0,2726.0,2011.0,938.0,26.0,36.0,661.0,2523.0,4279.0,1658.0,51663.0,51796.0,45351.0,0.05755961531586286,0.0764899360051482,3220.0,0.4713095706267205
13059,GA,Clarke County,19412.0,9130.0,10282.0,16896.0,90.0,16806.0,2516.0,104.0,2412.0,8268.0,11144.0,12134.0,5784.0,626.0,286.0,,18.0,530.0,1968.0,3944.0,1620.0,15468.0,18128.0,16376.0,0.12961055017514939,0.20317329486915311,2516.0,0.5296723676076653
13061,GA,Clay County,784.0,272.0,512.0,687.0,0.0,687.0,97.0,,,362.0,422.0,411.0,355.0,,,0.0,,,83.0,274.0,89.0,510.0,754.0,677.0,0.12372448979591837,0.3494897959183674,83.0,0.6530612244897959
13063,GA,Clayton County,39178.0,12525.0,26653.0,32559.0,403.0,32156.0,6619.0,521.0,6098.0,16989.0,22189.0,7430.0,26751.0,1672.0,2351.0,13.0,79.0,1412.0,5128.0,10665.0,4474.0,28513.0,35466.0,30941.0,0.16894685793047118,0.2722191025575578,6619.0,0.6803052733677064
13065,GA,Clinch County,1495.0,570.0,925.0,1219.0,11.0,1208.0,276.0,11.0,265.0,703.0,792.0,1058.0,391.0,12.0,,,,,243.0,522.0,214.0,973.0,1424.0,1251.0,0.18461538461538463,0.3491638795986622,243.0,0.6187290969899666
13067,GA,Cobb County,122089.0,62366.0,59723.0,113544.0,605.0,112939.0,8545.0,522.0,8023.0,53566.0,68523.0,80371.0,26677.0,5403.0,4721.0,60.0,87.0,1893.0,6565.0,13524.0,5820.0,108565.0,111006.0,97339.0,0.06998992538230307,0.11077165018961577,8545.0,0.4891759290353758
13069,GA,Coffee County,7684.0,3001.0,4683.0,6356.0,47.0,6309.0,1328.0,45.0,1283.0,3421.0,4263.0,5353.0,1931.0,234.0,43.0,,12.0,219.0,1097.0,2383.0,848.0,5301.0,7283.0,6415.0,0.1728266527850078,0.3101249349297241,1328.0,0.6094482040603852
13071,GA,Colquitt County,8921.0,3284.0,5637.0,7445.0,45.0,7400.0,1476.0,55.0,1421.0,4116.0,4805.0,6286.0,2070.0,385.0,42.0,,13.0,233.0,1230.0,2868.0,1046.0,6053.0,8509.0,7410.0,0.16545230355341328,0.3214886223517543,1476.0,0.6318798340993163
13073,GA,Columbia County,30099.0,16346.0,13753.0,27202.0,135.0,27067.0,2897.0,119.0,2778.0,13593.0,16506.0,21851.0,5237.0,901.0,1227.0,23.0,39.0,602.0,2256.0,2922.0,1275.0,27177.0,27868.0,20949.0,0.09624904481876474,0.09707963719724907,2897.0,0.4569254792518024
13075,GA,Cook County,3699.0,1480.0,2219.0,3099.0,22.0,3077.0,600.0,30.0,570.0,1713.0,1986.0,2622.0,940.0,51.0,19.0,0.0,,,513.0,1180.0,416.0,2519.0,3507.0,3025.0,0.16220600162206,0.3190051365233847,513.0,0.5998918626655853
13077,GA,Coweta County,30014.0,13885.0,16129.0,27070.0,138.0,26932.0,2944.0,110.0,2834.0,13311.0,16703.0,22357.0,5485.0,905.0,367.0,13.0,28.0,593.0,2323.0,3522.0,1314.0,26492.0,27619.0,23559.0,0.09808755913906843,0.1173452388885187,2944.0,0.5373825548077564
13079,GA,Crawford County,2548.0,1118.0,1430.0,2195.0,18.0,2177.0,353.0,14.0,339.0,1185.0,1363.0,1836.0,643.0,20.0,,,,,298.0,542.0,202.0,2006.0,2388.0,2027.0,0.13854003139717425,0.21271585557299844,298.0,0.5612244897959183
13081,GA,Crisp County,4693.0,1712.0,2981.0,4042.0,33.0,4009.0,651.0,31.0,620.0,2126.0,2567.0,2823.0,1739.0,36.0,15.0,,,,541.0,1550.0,560.0,3143.0,4458.0,3994.0,0.13871723844023012,0.33027913914340506,541.0,0.6352013637332197
13083,GA,Dade County,3912.0,1773.0,2139.0,3424.0,12.0,3412.0,488.0,,,1800.0,2112.0,3762.0,26.0,31.0,14.0,,,,414.0,725.0,184.0,3187.0,3692.0,3219.0,0.12474437627811862,0.18532719836400818,414.0,0.5467791411042945
13085,GA,Dawson County,7421.0,3657.0,3764.0,6832.0,17.0,6815.0,589.0,20.0,569.0,3388.0,4033.0,6946.0,57.0,172.0,47.0,,,,510.0,826.0,255.0,6595.0,6984.0,6174.0,0.07936935722948389,0.11130575394151732,510.0,0.5072092709877375
13087,GA,Decatur County,6029.0,2411.0,3618.0,5032.0,34.0,4998.0,997.0,55.0,942.0,2680.0,3349.0,3612.0,2180.0,115.0,24.0,0.0,11.0,162.0,824.0,1722.0,647.0,4307.0,5698.0,4943.0,0.16536739094377176,0.285619505722342,997.0,0.6000995189915409
13089,GA,Dekalb County,119274.0,48863.0,70411.0,106667.0,937.0,105730.0,12607.0,924.0,11683.0,50295.0,68979.0,40840.0,66253.0,3086.0,4806.0,43.0,129.0,2899.0,9579.0,23996.0,10911.0,95278.0,106948.0,95859.0,0.10569780505390948,0.20118382883109479,12607.0,0.5903298287975586
13091,GA,Dodge County,4377.0,1829.0,2548.0,3587.0,33.0,3554.0,790.0,22.0,768.0,1997.0,2380.0,3129.0,1131.0,39.0,11.0,0.0,,,661.0,1296.0,534.0,3081.0,4179.0,3597.0,0.18048891935115377,0.29609321453050036,661.0,0.582133881654101
13093,GA,Dooly County,2309.0,789.0,1520.0,1969.0,22.0,1947.0,340.0,22.0,318.0,1063.0,1246.0,1285.0,949.0,35.0,11.0,,,,282.0,740.0,241.0,1569.0,2184.0,1928.0,0.14724989172802078,0.32048505846686876,282.0,0.6582936336076224
13095,GA,Dougherty County,18495.0,6591.0,11904.0,15519.0,193.0,15326.0,2976.0,195.0,2781.0,8013.0,10482.0,6657.0,11180.0,183.0,100.0,,34.0,607.0,2335.0,6042.0,2615.0,12453.0,17375.0,14959.0,0.16090835360908354,0.32668288726682887,2976.0,0.6436334144363342
13097,GA,Douglas County,24106.0,9632.0,14474.0,20681.0,189.0,20492.0,3425.0,226.0,3199.0,10611.0,13495.0,11934.0,10336.0,861.0,357.0,14.0,42.0,682.0,2701.0,4429.0,1797.0,19677.0,22065.0,18984.0,0.14208080975690698,0.18373019165353024,3425.0,0.6004314278602837
13099,GA,Early County,2431.0,963.0,1468.0,2078.0,22.0,2056.0,353.0,15.0,338.0,1068.0,1363.0,1286.0,1089.0,,11.0,0.0,,,287.0,818.0,346.0,1613.0,2327.0,2103.0,0.14520773344302756,0.3364870423693953,287.0,0.6038667215137803
13101,GA,Echols County,458.0,226.0,232.0,397.0,,,61.0,,,203.0,255.0,388.0,46.0,16.0,0.0,,0.0,11.0,50.0,104.0,38.0,354.0,424.0,363.0,0.1331877729257642,0.22707423580786026,61.0,0.5065502183406113
13103,GA,Effingham County,11722.0,5491.0,6231.0,10317.0,47.0,10270.0,1405.0,51.0,1354.0,5373.0,6349.0,9397.0,1709.0,267.0,84.0,,19.0,260.0,1126.0,1693.0,575.0,10029.0,10867.0,8816.0,0.11986009213444805,0.14442927828015698,1405.0,0.5315645794233066
13105,GA,Elbert County,5451.0,2111.0,3340.0,4588.0,31.0,4557.0,863.0,28.0,835.0,2500.0,2951.0,3804.0,1435.0,72.0,39.0,,,,722.0,1405.0,464.0,4046.0,5203.0,4510.0,0.15831957439002017,0.2577508713997432,722.0,0.6127316088791047
13107,GA,Emanuel County,5120.0,1754.0,3366.0,4318.0,34.0,4284.0,802.0,26.0,776.0,2310.0,2810.0,3467.0,1486.0,54.0,34.0,,,,659.0,1714.0,650.0,3406.0,4863.0,4297.0,0.156640625,0.334765625,659.0,0.657421875
13109,GA,Evans County,2322.0,891.0,1431.0,1986.0,12.0,1974.0,336.0,17.0,319.0,1051.0,1271.0,1570.0,658.0,47.0,,,,,280.0,606.0,222.0,1716.0,2199.0,1889.0,0.14470284237726097,0.26098191214470284,280.0,0.6162790697674418
13111,GA,Fannin County,9184.0,4964.0,4220.0,8377.0,17.0,8360.0,807.0,17.0,790.0,4309.0,4875.0,8770.0,15.0,100.0,24.0,13.0,,,678.0,1296.0,408.0,7888.0,8813.0,7436.0,0.08787020905923346,0.14111498257839722,678.0,0.4594947735191638
13113,GA,Fayette County,28686.0,14815.0,13871.0,26903.0,133.0,26770.0,1783.0,99.0,1684.0,12773.0,15913.0,18886.0,7346.0,811.0,679.0,,24.0,398.0,1361.0,2013.0,972.0,26673.0,26354.0,21831.0,0.062155755420762744,0.07017360384856725,1783.0,0.4835459806177229
13115,GA,Floyd County,21859.0,9743.0,12116.0,18553.0,97.0,18456.0,3306.0,95.0,3211.0,9799.0,12060.0,17890.0,2811.0,564.0,182.0,,37.0,570.0,2699.0,4609.0,1808.0,17250.0,20685.0,18112.0,0.15124205132897206,0.21085136557024567,3306.0,0.5542797017246901
13117,GA,Forsyth County,35526.0,19131.0,16395.0,33870.0,104.0,33766.0,1656.0,61.0,1595.0,15824.0,19702.0,29429.0,1054.0,1406.0,2249.0,20.0,21.0,315.0,1320.0,2654.0,1183.0,32872.0,32677.0,28989.0,0.04661374767775713,0.0747058492371784,1656.0,0.4614929910488093
13119,GA,Franklin County,6209.0,2559.0,3650.0,5304.0,20.0,5284.0,905.0,26.0,879.0,2841.0,3368.0,5544.0,439.0,62.0,56.0,,,,765.0,1445.0,462.0,4764.0,5880.0,5211.0,0.1457561604123047,0.23272668706716057,765.0,0.5878563375744886
13121,GA,Fulton County,162821.0,75460.0,87361.0,147251.0,1134.0,146117.0,15570.0,1098.0,14472.0,70979.0,91842.0,70242.0,75631.0,3849.0,6909.0,64.0,137.0,3534.0,11899.0,33739.0,16200.0,129082.0,146802.0,132706.0,0.09562648552705118,0.20721528549757096,15570.0,0.536546268601716
13123,GA,Gilmer County,9979.0,5497.0,4482.0,9110.0,26.0,9084.0,869.0,17.0,852.0,4858.0,5121.0,9427.0,42.0,237.0,30.0,,,,740.0,1276.0,353.0,8703.0,9523.0,7996.0,0.0870828740354745,0.1278685239001904,740.0,0.4491432007215152
13125,GA,Glascock County,727.0,306.0,421.0,637.0,,,90.0,,,331.0,396.0,624.0,89.0,,0.0,0.0,0.0,14.0,76.0,187.0,72.0,540.0,688.0,611.0,0.12379642365887207,0.25722145804676755,90.0,0.579092159559835
13127,GA,Glynn County,21602.0,11932.0,9670.0,19693.0,87.0,19606.0,1909.0,100.0,1809.0,9494.0,12108.0,16511.0,3831.0,390.0,198.0,,32.0,373.0,1504.0,3053.0,1196.0,18549.0,20183.0,16773.0,0.08837144708823257,0.1413295065271734,1909.0,0.4476437366910471
13129,GA,Gordon County,12142.0,5811.0,6331.0,10273.0,54.0,10219.0,1869.0,55.0,1814.0,5476.0,6666.0,10771.0,480.0,537.0,119.0,,23.0,298.0,1548.0,2640.0,862.0,9502.0,11461.0,9927.0,0.15392851260088947,0.21742711250205896,1869.0,0.5214132762312634
13131,GA,Grady County,5459.0,2171.0,3288.0,4684.0,59.0,4625.0,775.0,29.0,746.0,2467.0,2992.0,3680.0,1554.0,99.0,22.0,,,,655.0,1526.0,524.0,3933.0,5169.0,4432.0,0.14196739329547536,0.2795383769921231,655.0,0.6023081150393845
13133,GA,Greene County,7492.0,4137.0,3355.0,6959.0,38.0,6921.0,533.0,28.0,505.0,3507.0,3985.0,5759.0,1401.0,69.0,36.0,,,,448.0,993.0,380.0,6499.0,7142.0,6300.0,0.0711425520555259,0.1325413774693006,448.0,0.4478109983982915
13135,GA,Gwinnett County,129696.0,55052.0,74644.0,119426.0,766.0,118660.0,10270.0,671.0,9599.0,58112.0,71584.0,64635.0,28663.0,10349.0,20079.0,71.0,177.0,2344.0,7749.0,23049.0,10852.0,106647.0,117185.0,104941.0,0.07918517147791759,0.17771558105107327,10270.0,0.5755304712558599
13137,GA,Habersham County,11293.0,4985.0,6308.0,10171.0,37.0,10134.0,1122.0,34.0,1088.0,5229.0,6064.0,10294.0,203.0,383.0,138.0,,,,931.0,2011.0,602.0,9282.0,10645.0,9289.0,0.09935358186487205,0.17807491366333128,931.0,0.5585761090941291
13139,GA,Hall County,41087.0,20271.0,20816.0,37562.0,192.0,37370.0,3525.0,152.0,3373.0,18790.0,22297.0,33456.0,2616.0,3154.0,827.0,19.0,40.0,632.0,2853.0,5793.0,1992.0,35294.0,38371.0,33858.0,0.0857935600068148,0.1409935015941782,3525.0,0.506632268114002
13141,GA,Hancock County,2485.0,748.0,1737.0,2109.0,30.0,2079.0,376.0,24.0,352.0,1178.0,1307.0,995.0,1428.0,20.0,,,,,312.0,706.0,276.0,1779.0,2381.0,2116.0,0.15130784708249498,0.2841046277665996,312.0,0.6989939637826962
13143,GA,Haralson County,6642.0,2568.0,4074.0,5596.0,20.0,5576.0,1046.0,20.0,1026.0,3035.0,3607.0,6058.0,348.0,37.0,33.0,,11.0,157.0,878.0,1544.0,550.0,5098.0,6323.0,5634.0,0.1574826859379705,0.23246010237880158,1046.0,0.6133694670280037
13145,GA,Harris County,8101.0,4262.0,3839.0,7251.0,30.0,7221.0,850.0,20.0,830.0,3873.0,4228.0,6208.0,1464.0,173.0,69.0,,,,697.0,916.0,334.0,7185.0,7559.0,5817.0,0.10492531786199234,0.11307246019009999,697.0,0.47389211208492776
13147,GA,Hart County,7017.0,3169.0,3848.0,6181.0,26.0,6155.0,836.0,33.0,803.0,3183.0,3834.0,5819.0,932.0,51.0,61.0,,11.0,120.0,705.0,1332.0,437.0,5685.0,6719.0,5962.0,0.11913923329058002,0.18982471141513468,836.0,0.5483824996437224
13149,GA,Heard County,2330.0,849.0,1481.0,1954.0,,,376.0,,,1083.0,1247.0,1987.0,250.0,24.0,,,,,321.0,586.0,182.0,1744.0,2207.0,1950.0,0.16137339055793992,0.2515021459227468,321.0,0.6356223175965665
13151,GA,Henry County,42710.0,16536.0,26174.0,36247.0,295.0,35952.0,6463.0,379.0,6084.0,18542.0,24168.0,17816.0,21084.0,1407.0,1191.0,24.0,82.0,1231.0,5150.0,7279.0,2993.0,35431.0,38917.0,32795.0,0.15132287520487006,0.17042847108405526,6463.0,0.6128307188012175
13153,GA,Houston County,30287.0,16934.0,13353.0,26354.0,184.0,26170.0,3933.0,215.0,3718.0,13474.0,16813.0,18918.0,9129.0,774.0,683.0,14.0,58.0,780.0,3095.0,4997.0,2221.0,25290.0,27983.0,18935.0,0.12985769472050715,0.16498827879948494,3933.0,0.4408822266979232
13155,GA,Irwin County,1892.0,738.0,1154.0,1606.0,,,286.0,11.0,275.0,875.0,1017.0,1366.0,468.0,20.0,,,0.0,40.0,246.0,555.0,204.0,1337.0,1812.0,1607.0,0.1511627906976744,0.29334038054968287,286.0,0.6099365750528541
13157,GA,Jackson County,19062.0,8791.0,10271.0,17220.0,66.0,17154.0,1842.0,51.0,1791.0,8528.0,10534.0,15830.0,1427.0,639.0,611.0,11.0,15.0,333.0,1494.0,2622.0,922.0,16440.0,17862.0,15855.0,0.0966320428076802,0.13755114888259365,1842.0,0.538820690378764
13159,GA,Jasper County,3604.0,1367.0,2237.0,3144.0,19.0,3125.0,460.0,17.0,443.0,1685.0,1919.0,2802.0,684.0,32.0,11.0,,,,387.0,649.0,242.0,2955.0,3392.0,3001.0,0.12763596004439512,0.18007769145394006,387.0,0.6206992230854605
13161,GA,Jeff Davis County,2881.0,1216.0,1665.0,2394.0,,,487.0,24.0,463.0,1363.0,1518.0,2290.0,469.0,64.0,13.0,0.0,,,409.0,814.0,234.0,2067.0,2747.0,2404.0,0.16903852828878863,0.2825407844498438,409.0,0.577924331829226
13163,GA,Jefferson County,4037.0,1372.0,2665.0,3460.0,38.0,3422.0,577.0,35.0,542.0,1805.0,2232.0,1916.0,2024.0,25.0,,0.0,,,471.0,1268.0,450.0,2769.0,3813.0,3379.0,0.14292791676987862,0.3140946247213277,471.0,0.6601436710428537
13165,GA,Jenkins County,1805.0,552.0,1253.0,1532.0,14.0,1518.0,273.0,26.0,247.0,835.0,970.0,1067.0,697.0,,0.0,,,,224.0,602.0,214.0,1203.0,1728.0,1540.0,0.15124653739612187,0.3335180055401662,224.0,0.6941828254847645
13167,GA,Johnson County,2024.0,729.0,1295.0,1695.0,13.0,1682.0,329.0,,,907.0,1117.0,1378.0,607.0,,,0.0,,,265.0,689.0,282.0,1335.0,1920.0,1728.0,0.1625494071146245,0.3404150197628458,265.0,0.6398221343873518
13169,GA,Jones County,5406.0,2415.0,2991.0,4718.0,47.0,4671.0,688.0,24.0,664.0,2455.0,2951.0,3857.0,1427.0,35.0,14.0,,,,580.0,843.0,338.0,4563.0,5061.0,4314.0,0.12726600073991862,0.15593784683684794,580.0,0.553274139844617
13171,GA,Lamar County,4526.0,1674.0,2852.0,3872.0,26.0,3846.0,654.0,18.0,636.0,2079.0,2447.0,3294.0,1113.0,37.0,12.0,,,,548.0,1007.0,330.0,3519.0,4289.0,3743.0,0.1444984533804684,0.22249226690234203,548.0,0.6301369863013698
13173,GA,Lanier County,1627.0,712.0,915.0,1349.0,12.0,1337.0,278.0,11.0,267.0,768.0,859.0,1178.0,382.0,31.0,,0.0,,,239.0,498.0,191.0,1129.0,1550.0,1262.0,0.17086662569145666,0.3060848186846958,239.0,0.5623847572218807
13175,GA,Laurens County,11350.0,4760.0,6590.0,9489.0,64.0,9425.0,1861.0,87.0,1774.0,5067.0,6283.0,7194.0,3759.0,116.0,111.0,,33.0,333.0,1495.0,2941.0,1189.0,8409.0,10529.0,9040.0,0.1639647577092511,0.25911894273127756,1861.0,0.5806167400881057
13177,GA,Lee County,5796.0,2677.0,3119.0,5155.0,15.0,5140.0,641.0,33.0,608.0,2645.0,3151.0,4315.0,1199.0,67.0,78.0,,,,513.0,951.0,363.0,4845.0,5408.0,4376.0,0.11059351276742581,0.16407867494824016,513.0,0.5381297446514838
13179,GA,Liberty County,9757.0,4148.0,5609.0,8058.0,44.0,8014.0,1699.0,69.0,1630.0,4388.0,5369.0,4124.0,4576.0,585.0,196.0,,21.0,310.0,1368.0,2073.0,788.0,7684.0,9180.0,5708.0,0.17413139284616172,0.21246284718663525,1699.0,0.5748693245874756
13181,GA,Lincoln County,2498.0,1074.0,1424.0,2158.0,18.0,2140.0,340.0,18.0,322.0,1175.0,1323.0,1806.0,634.0,,,0.0,,,268.0,534.0,212.0,1964.0,2371.0,1977.0,0.13610888710968774,0.21377101681345076,268.0,0.5700560448358687
13183,GA,Long County,2179.0,1000.0,1179.0,1669.0,11.0,1658.0,510.0,16.0,494.0,1051.0,1128.0,1407.0,590.0,106.0,20.0,,,,388.0,489.0,198.0,1690.0,2028.0,1355.0,0.23405231757687012,0.22441486920605783,388.0,0.5410738871041763
13185,GA,Lowndes County,21768.0,10646.0,11122.0,18511.0,110.0,18401.0,3257.0,140.0,3117.0,9713.0,12055.0,13181.0,7193.0,598.0,289.0,,44.0,628.0,2585.0,5407.0,2280.0,16361.0,20409.0,16241.0,0.14962330025725837,0.24839213524439543,3257.0,0.510933480338111
13187,GA,Lumpkin County,7601.0,3882.0,3719.0,6941.0,14.0,6927.0,660.0,14.0,646.0,3498.0,4103.0,7181.0,55.0,126.0,42.0,,,,537.0,1163.0,357.0,6438.0,7185.0,6172.0,0.08683068017366136,0.15300618339692146,537.0,0.4892777266149191
13193,GA,Macon County,2609.0,853.0,1756.0,2228.0,19.0,2209.0,381.0,23.0,358.0,1162.0,1447.0,1040.0,1490.0,25.0,16.0,0.0,,,307.0,932.0,405.0,1677.0,2484.0,2213.0,0.14603296282100423,0.3572249904177846,307.0,0.6730548102721349
13195,GA,Madison County,7295.0,3057.0,4238.0,6238.0,23.0,6215.0,1057.0,29.0,1028.0,3397.0,3898.0,6285.0,710.0,110.0,51.0,0.0,12.0,171.0,874.0,1470.0,512.0,5825.0,6959.0,6107.0,0.14489376285126798,0.20150788211103496,1057.0,0.5809458533241947
13197,GA,Marion County,1696.0,623.0,1073.0,1429.0,,,267.0,13.0,254.0,808.0,888.0,1099.0,532.0,30.0,,,,,216.0,490.0,165.0,1206.0,1605.0,1341.0,0.15742924528301888,0.28891509433962265,216.0,0.6326650943396226
13189,GA,Mcduffie County,5375.0,1931.0,3444.0,4633.0,35.0,4598.0,742.0,43.0,699.0,2356.0,3019.0,3341.0,1879.0,45.0,25.0,,,,605.0,1419.0,491.0,3956.0,5064.0,4347.0,0.138046511627907,0.264,605.0,0.6407441860465116
13191,GA,Mcintosh County,3695.0,1512.0,2183.0,3319.0,20.0,3299.0,376.0,13.0,363.0,1718.0,1977.0,2626.0,941.0,31.0,,,,,323.0,743.0,216.0,2952.0,3496.0,2973.0,0.10175913396481732,0.20108254397834913,323.0,0.5907983761840325
13199,GA,Meriwether County,5549.0,1847.0,3702.0,4750.0,38.0,4712.0,799.0,32.0,767.0,2539.0,3010.0,3534.0,1852.0,39.0,16.0,0.0,,,645.0,1443.0,539.0,4106.0,5236.0,4673.0,0.14398990809154802,0.2600468552892413,645.0,0.6671472337358082
13201,GA,Miller County,1442.0,641.0,801.0,1239.0,,,203.0,12.0,191.0,664.0,778.0,1008.0,393.0,12.0,,0.0,,,155.0,430.0,190.0,1012.0,1356.0,1195.0,0.1407766990291262,0.29819694868238555,155.0,0.5554785020804438
13205,GA,Mitchell County,4693.0,1612.0,3081.0,3998.0,37.0,3961.0,695.0,46.0,649.0,2085.0,2608.0,2498.0,2036.0,51.0,13.0,,,,590.0,1659.0,582.0,3034.0,4459.0,3958.0,0.1480929043255913,0.3535052205412316,590.0,0.6565096952908587
13207,GA,Monroe County,6568.0,2834.0,3734.0,5825.0,42.0,5783.0,743.0,32.0,711.0,3000.0,3568.0,4826.0,1511.0,54.0,45.0,,,,628.0,1142.0,389.0,5426.0,6163.0,5341.0,0.11312423873325213,0.17387332521315468,628.0,0.5685140073081608
13209,GA,Montgomery County,1897.0,725.0,1172.0,1591.0,,,306.0,,,886.0,1011.0,1391.0,445.0,27.0,,0.0,,,260.0,558.0,180.0,1339.0,1792.0,1554.0,0.16130732735898787,0.294148655772272,260.0,0.6178176067474961
13211,GA,Morgan County,5339.0,2321.0,3018.0,4863.0,18.0,4845.0,476.0,21.0,455.0,2391.0,2948.0,4096.0,1057.0,49.0,17.0,,,,382.0,775.0,269.0,4564.0,5034.0,4474.0,0.08915527252294438,0.1451582693388275,382.0,0.5652743959542985
13213,GA,Murray County,8337.0,4250.0,4087.0,6742.0,31.0,6711.0,1595.0,30.0,1565.0,3883.0,4454.0,7735.0,65.0,376.0,28.0,,12.0,246.0,1337.0,2265.0,586.0,6072.0,7871.0,6817.0,0.19131582103874295,0.2716804605973372,1595.0,0.4902243013074247
13215,GA,Muscogee County,39184.0,17526.0,21658.0,32749.0,325.0,32424.0,6435.0,338.0,6097.0,16886.0,22298.0,17933.0,18444.0,1215.0,737.0,20.0,74.0,1309.0,5052.0,9516.0,3992.0,29668.0,36740.0,27723.0,0.16422519395671703,0.24285422621478153,6435.0,0.5527256022866476
13217,GA,Newton County,22100.0,7823.0,14277.0,18714.0,173.0,18541.0,3386.0,180.0,3206.0,9426.0,12674.0,11329.0,9647.0,466.0,135.0,11.0,31.0,628.0,2727.0,4578.0,1717.0,17522.0,20413.0,18036.0,0.15321266968325792,0.20714932126696833,3386.0,0.6460180995475113
13219,GA,Oconee County,8304.0,4591.0,3713.0,7845.0,23.0,7822.0,459.0,11.0,448.0,3739.0,4565.0,7250.0,470.0,132.0,182.0,,,,355.0,608.0,239.0,7696.0,7736.0,6857.0,0.055274566473988436,0.07321772639691715,355.0,0.4471339113680154
13221,GA,Oglethorpe County,3174.0,1418.0,1756.0,2778.0,17.0,2761.0,396.0,,,1485.0,1689.0,2506.0,542.0,53.0,,,,,320.0,597.0,214.0,2577.0,3028.0,2621.0,0.12476370510396975,0.1880907372400756,320.0,0.5532451165721487
13223,GA,Paulding County,25530.0,11623.0,13907.0,22516.0,136.0,22380.0,3014.0,151.0,2863.0,11124.0,14406.0,18759.0,4908.0,899.0,260.0,,36.0,600.0,2378.0,3409.0,1283.0,22121.0,23515.0,20223.0,0.11805718762240501,0.1335291813552683,3014.0,0.5447316882099491
13225,GA,Peach County,7151.0,3202.0,3949.0,6158.0,50.0,6108.0,993.0,62.0,931.0,3186.0,3965.0,4213.0,2524.0,200.0,56.0,,17.0,173.0,803.0,1607.0,677.0,5544.0,6695.0,5361.0,0.13886169766466228,0.2247238148510698,993.0,0.5522304572787022
13227,GA,Pickens County,10901.0,5739.0,5162.0,10063.0,25.0,10038.0,838.0,19.0,819.0,5145.0,5756.0,10309.0,89.0,132.0,49.0,,,,693.0,1154.0,375.0,9747.0,10308.0,9006.0,0.07687368131364095,0.10586184753692322,693.0,0.4735345381157692
13229,GA,Pierce County,4556.0,2122.0,2434.0,3856.0,15.0,3841.0,700.0,16.0,684.0,2149.0,2407.0,4005.0,408.0,39.0,13.0,,,,602.0,1110.0,390.0,3446.0,4348.0,3677.0,0.15364354697102722,0.24363476733977174,602.0,0.5342405618964003
13231,GA,Pike County,4257.0,1823.0,2434.0,3758.0,12.0,3746.0,499.0,16.0,483.0,1990.0,2267.0,3607.0,499.0,44.0,,,,,424.0,668.0,208.0,3589.0,3980.0,3402.0,0.11721869861404745,0.15691801738313366,424.0,0.571764153159502
13233,GA,Polk County,9702.0,3885.0,5817.0,8124.0,57.0,8067.0,1578.0,50.0,1528.0,4394.0,5308.0,8075.0,1184.0,243.0,19.0,,28.0,225.0,1325.0,2304.0,794.0,7398.0,9242.0,8116.0,0.16264687693259122,0.23747680890538034,1578.0,0.5995670995670995
13235,GA,Pulaski County,2306.0,1058.0,1248.0,2000.0,18.0,1982.0,306.0,11.0,295.0,1024.0,1282.0,1578.0,667.0,15.0,,,0.0,48.0,258.0,565.0,205.0,1741.0,2178.0,1797.0,0.1326973113616652,0.24501300954032956,306.0,0.5411968777103209
13237,GA,Putnam County,6641.0,2970.0,3671.0,6028.0,31.0,5997.0,613.0,31.0,582.0,3127.0,3514.0,5216.0,1141.0,72.0,32.0,,,,511.0,966.0,347.0,5675.0,6318.0,5529.0,0.09230537569643125,0.1454600210811625,511.0,0.552778196054811
13239,GA,Quitman County,859.0,328.0,531.0,735.0,,,124.0,,,406.0,453.0,528.0,312.0,,,0.0,,,102.0,261.0,72.0,598.0,822.0,700.0,0.14435389988358557,0.30384167636786963,102.0,0.6181606519208381
13241,GA,Rabun County,5813.0,3089.0,2724.0,5362.0,16.0,5346.0,451.0,,,2718.0,3095.0,5542.0,25.0,67.0,24.0,,,,355.0,851.0,245.0,4962.0,5564.0,4742.0,0.07758472389471874,0.14639600894546706,355.0,0.4686048511955961
13243,GA,Randolph County,1672.0,555.0,1117.0,1435.0,11.0,1424.0,237.0,19.0,218.0,739.0,933.0,746.0,883.0,12.0,,0.0,,,190.0,665.0,244.0,1007.0,1595.0,1443.0,0.1417464114832536,0.3977272727272727,190.0,0.6680622009569378
13245,GA,Richmond County,39958.0,15904.0,24054.0,33513.0,399.0,33114.0,6445.0,385.0,6060.0,17395.0,22563.0,15217.0,22555.0,850.0,556.0,19.0,76.0,1273.0,5096.0,9887.0,4111.0,30071.0,37038.0,28791.0,0.16129435907703088,0.24743480654687422,6445.0,0.6019820811852445
13247,GA,Rockdale County,18066.0,6426.0,11640.0,15725.0,163.0,15562.0,2341.0,142.0,2199.0,7938.0,10128.0,6941.0,9761.0,582.0,266.0,,28.0,456.0,1857.0,3278.0,1317.0,14788.0,16500.0,14461.0,0.1295804273220414,0.18144580980848002,2341.0,0.644304217867818
13249,GA,Schley County,905.0,295.0,610.0,773.0,,,132.0,,,388.0,517.0,646.0,229.0,,,0.0,,,113.0,243.0,96.0,662.0,858.0,753.0,0.14585635359116023,0.26850828729281767,113.0,0.6740331491712708
13251,GA,Screven County,3657.0,1234.0,2423.0,3175.0,25.0,3150.0,482.0,,,1682.0,1975.0,2168.0,1397.0,21.0,14.0,,,,390.0,1059.0,404.0,2598.0,3448.0,3065.0,0.1318020235165436,0.2895816242821985,390.0,0.6625649439431228
13253,GA,Seminole County,2389.0,986.0,1403.0,2044.0,,,345.0,11.0,334.0,1105.0,1284.0,1727.0,610.0,18.0,,0.0,,,296.0,606.0,209.0,1783.0,2276.0,1956.0,0.1444118878191712,0.25366262034323983,296.0,0.5872750104646296
13255,GA,Spalding County,16517.0,6174.0,10343.0,14096.0,104.0,13992.0,2421.0,102.0,2319.0,7226.0,9291.0,10823.0,4966.0,252.0,115.0,,25.0,455.0,1941.0,3803.0,1569.0,12714.0,15630.0,13789.0,0.14657625476781497,0.23024762366047102,2421.0,0.6262033056850518
13257,GA,Stephens County,7728.0,3381.0,4347.0,6599.0,33.0,6566.0,1129.0,29.0,1100.0,3497.0,4231.0,6714.0,718.0,82.0,26.0,,12.0,199.0,918.0,1988.0,638.0,5740.0,7384.0,6515.0,0.14609213250517597,0.2572463768115942,1129.0,0.5625
13259,GA,Stewart County,1154.0,327.0,827.0,955.0,13.0,942.0,199.0,,,537.0,617.0,479.0,649.0,,,,,,172.0,474.0,178.0,680.0,1113.0,994.0,0.17244367417677642,0.41074523396880414,172.0,0.7166377816291161
13261,GA,Sumter County,6528.0,2245.0,4283.0,5612.0,67.0,5545.0,916.0,55.0,861.0,2903.0,3625.0,3328.0,2943.0,82.0,39.0,,,,743.0,2076.0,823.0,4452.0,6200.0,5528.0,0.1403186274509804,0.3180147058823529,743.0,0.6560968137254902
13263,GA,Talbot County,1827.0,643.0,1184.0,1585.0,13.0,1572.0,242.0,,,851.0,976.0,940.0,820.0,25.0,,,,,206.0,507.0,157.0,1320.0,1724.0,1493.0,0.1324575807334428,0.277504105090312,206.0,0.6480569239189928
13265,GA,Taliaferro County,515.0,171.0,344.0,429.0,,,86.0,,,251.0,264.0,222.0,270.0,,,0.0,0.0,12.0,74.0,179.0,54.0,336.0,494.0,437.0,0.1669902912621359,0.34757281553398056,86.0,0.6679611650485436
13267,GA,Tattnall County,4433.0,1641.0,2792.0,3719.0,14.0,3705.0,714.0,22.0,692.0,2024.0,2409.0,3213.0,980.0,149.0,15.0,,,,624.0,1276.0,467.0,3157.0,4191.0,3492.0,0.161064741709903,0.2878411910669975,624.0,0.6298217911121137
13269,GA,Taylor County,1952.0,682.0,1270.0,1640.0,,,312.0,13.0,299.0,867.0,1085.0,1199.0,712.0,15.0,,,,,274.0,610.0,235.0,1342.0,1847.0,1633.0,0.1598360655737705,0.3125,274.0,0.6506147540983607
13271,GA,Telfair County,2547.0,878.0,1669.0,2092.0,12.0,2080.0,455.0,13.0,442.0,1199.0,1348.0,1653.0,824.0,28.0,,0.0,,,383.0,863.0,330.0,1684.0,2411.0,2166.0,0.17864153906556735,0.3388299960738123,383.0,0.6552807224185316
13273,GA,Terrell County,2340.0,754.0,1586.0,2017.0,14.0,2003.0,323.0,20.0,303.0,1062.0,1278.0,1048.0,1229.0,18.0,,0.0,,,270.0,828.0,300.0,1512.0,2228.0,1966.0,0.13803418803418804,0.35384615384615387,270.0,0.6777777777777778
13275,GA,Thomas County,11482.0,4652.0,6830.0,9886.0,75.0,9811.0,1596.0,70.0,1526.0,5056.0,6426.0,7466.0,3640.0,118.0,63.0,,15.0,279.0,1302.0,3032.0,1135.0,8450.0,10853.0,9478.0,0.13900017418568195,0.2640654938164083,1596.0,0.5948441038146665
13277,GA,Tift County,8550.0,3316.0,5234.0,7318.0,50.0,7268.0,1232.0,62.0,1170.0,3778.0,4772.0,5672.0,2416.0,257.0,71.0,0.0,,,1014.0,2555.0,1040.0,5995.0,8081.0,7135.0,0.144093567251462,0.29883040935672517,1014.0,0.6121637426900585
13279,GA,Toombs County,5975.0,2167.0,3808.0,5078.0,25.0,5053.0,897.0,28.0,869.0,2621.0,3354.0,4260.0,1457.0,152.0,36.0,,,,781.0,1884.0,746.0,4091.0,5656.0,4981.0,0.1501255230125523,0.3153138075313808,781.0,0.6373221757322176
13281,GA,Towns County,5846.0,2898.0,2948.0,5477.0,12.0,5465.0,369.0,,,2686.0,3160.0,5624.0,14.0,58.0,14.0,0.0,,,314.0,607.0,190.0,5239.0,5635.0,4838.0,0.06312008210742388,0.10383167978104688,314.0,0.5042764283270612
13283,GA,Treutlen County,1373.0,415.0,958.0,1161.0,,,212.0,,,593.0,780.0,962.0,382.0,11.0,,0.0,,,178.0,491.0,199.0,882.0,1311.0,1183.0,0.15440640932265112,0.35761107064821557,178.0,0.697742170429716
13285,GA,Troup County,14667.0,5821.0,8846.0,12351.0,96.0,12255.0,2316.0,95.0,2221.0,6518.0,8149.0,9442.0,4558.0,171.0,164.0,,33.0,447.0,1836.0,3428.0,1226.0,11239.0,13666.0,11951.0,0.15790550214767846,0.23372196086452582,2316.0,0.6031226563032658
13287,GA,Turner County,2032.0,636.0,1396.0,1707.0,18.0,1689.0,325.0,11.0,314.0,938.0,1094.0,1253.0,718.0,24.0,,0.0,,,271.0,752.0,265.0,1280.0,1944.0,1739.0,0.15994094488188976,0.3700787401574803,271.0,0.687007874015748
13289,GA,Twiggs County,2230.0,834.0,1396.0,1885.0,22.0,1863.0,345.0,11.0,334.0,999.0,1231.0,1214.0,973.0,14.0,,,0.0,53.0,292.0,580.0,246.0,1650.0,2093.0,1804.0,0.1547085201793722,0.2600896860986547,345.0,0.6260089686098654
13291,GA,Union County,10696.0,5571.0,5125.0,9956.0,16.0,9940.0,740.0,,,5082.0,5614.0,10229.0,23.0,151.0,26.0,,,,611.0,1063.0,313.0,9633.0,10244.0,8598.0,0.06918474195961107,0.0993829468960359,611.0,0.47915108451757665
13293,GA,Upson County,6700.0,2368.0,4332.0,5588.0,43.0,5545.0,1112.0,38.0,1074.0,2943.0,3757.0,4795.0,1685.0,55.0,26.0,,,,951.0,1864.0,600.0,4836.0,6386.0,5620.0,0.16597014925373135,0.2782089552238806,951.0,0.6465671641791044
13295,GA,Walker County,16708.0,7076.0,9632.0,14112.0,56.0,14056.0,2596.0,56.0,2540.0,7462.0,9246.0,15453.0,673.0,149.0,82.0,,28.0,387.0,2181.0,3552.0,991.0,13156.0,15837.0,13965.0,0.15537467081637538,0.2125927699305722,2596.0,0.576490304045966
13297,GA,Walton County,23411.0,9774.0,13637.0,20793.0,122.0,20671.0,2618.0,120.0,2498.0,10354.0,13057.0,17197.0,4598.0,618.0,315.0,21.0,37.0,469.0,2112.0,3742.0,1422.0,19669.0,21796.0,19296.0,0.11182777326897612,0.15983939173892614,2618.0,0.5825039511340823
13299,GA,Ware County,8469.0,3558.0,4911.0,6965.0,49.0,6916.0,1504.0,45.0,1459.0,3758.0,4711.0,6067.0,2063.0,114.0,65.0,,,,1276.0,2461.0,1037.0,6008.0,8042.0,7022.0,0.17758885346558034,0.2905892076986657,1276.0,0.5798795607509741
13301,GA,Warren County,1515.0,449.0,1066.0,1259.0,15.0,1244.0,256.0,20.0,236.0,691.0,824.0,676.0,811.0,,,0.0,,,211.0,544.0,176.0,971.0,1434.0,1301.0,0.16897689768976898,0.3590759075907591,211.0,0.7036303630363037
13303,GA,Washington County,4744.0,1696.0,3048.0,4040.0,38.0,4002.0,704.0,40.0,664.0,2094.0,2650.0,2348.0,2298.0,21.0,,,,,599.0,1365.0,589.0,3379.0,4500.0,4016.0,0.14839797639123103,0.2877318718381113,599.0,0.642495784148398
13305,GA,Wayne County,6367.0,2741.0,3626.0,5417.0,34.0,5383.0,950.0,26.0,924.0,2900.0,3467.0,5052.0,1048.0,121.0,35.0,,,,782.0,1533.0,578.0,4834.0,6048.0,5124.0,0.14920684780901525,0.2407727344118109,782.0,0.5694989791110413
13307,GA,Webster County,552.0,174.0,378.0,482.0,,,70.0,,,266.0,286.0,318.0,220.0,,0.0,,0.0,15.0,55.0,155.0,45.0,397.0,527.0,481.0,0.12681159420289856,0.2807971014492754,70.0,0.6847826086956522
13309,GA,Wheeler County,1139.0,380.0,759.0,958.0,,,181.0,,,536.0,603.0,805.0,314.0,,0.0,0.0,0.0,19.0,162.0,344.0,125.0,795.0,1080.0,935.0,0.15891132572431957,0.30201931518876207,181.0,0.6663740122914837
13311,GA,White County,8372.0,3533.0,4839.0,7570.0,19.0,7551.0,802.0,17.0,785.0,3870.0,4502.0,7958.0,99.0,89.0,30.0,,,,686.0,1398.0,390.0,6974.0,8009.0,7100.0,0.0957955088389871,0.16698518872431917,686.0,0.5779980888676541
13313,GA,Whitfield County,18967.0,10848.0,8119.0,16328.0,84.0,16244.0,2639.0,80.0,2559.0,8768.0,10199.0,15153.0,780.0,2434.0,172.0,,39.0,412.0,2188.0,4454.0,1313.0,14513.0,17706.0,15307.0,0.13913639479095272,0.23482891337586334,2639.0,0.4280592608214267
13315,GA,Wilcox County,1859.0,731.0,1128.0,1557.0,,,302.0,13.0,289.0,862.0,997.0,1307.0,502.0,20.0,,0.0,,,247.0,622.0,253.0,1237.0,1753.0,1515.0,0.16245293168370092,0.3345884884346423,247.0,0.6067778375470683
13317,GA,Wilkes County,2909.0,1118.0,1791.0,2498.0,23.0,2475.0,411.0,18.0,393.0,1349.0,1560.0,1707.0,1133.0,23.0,11.0,,,,342.0,827.0,288.0,2082.0,2740.0,2393.0,0.14128566517703678,0.28429013406668957,342.0,0.6156754898590581
13319,GA,Wilkinson County,2555.0,980.0,1575.0,2109.0,19.0,2090.0,446.0,25.0,421.0,1213.0,1342.0,1609.0,902.0,,,,0.0,74.0,372.0,567.0,197.0,1988.0,2410.0,2112.0,0.17455968688845402,0.2219178082191781,446.0,0.6164383561643836
13321,GA,Worth County,4390.0,1760.0,2630.0,3849.0,26.0,3823.0,541.0,33.0,508.0,1974.0,2416.0,3124.0,1127.0,34.0,15.0,,,,419.0,1141.0,404.0,3249.0,4125.0,3499.0,0.12323462414578587,0.25990888382687927,419.0,0.5990888382687927
13999,GA,Unknown,,,,,,,,,,,,,,,,,,,,,,,,,,,0.0,
15001,HI,Hawaii County,53451.0,27465.0,25986.0,49482.0,241.0,49241.0,3969.0,162.0,3807.0,25897.0,27554.0,27147.0,519.0,3675.0,16011.0,113.0,35.0,843.0,3091.0,9616.0,7809.0,43835.0,47752.0,41462.0,0.07425492507156087,0.17990308881031225,3969.0,0.4861648986922602
15003,HI,Honolulu County,207340.0,94273.0,113067.0,196118.0,1666.0,194452.0,11222.0,1173.0,10049.0,95255.0,112085.0,42370.0,2661.0,15224.0,117101.0,125.0,147.0,2314.0,8761.0,31919.0,26848.0,175421.0,177495.0,153788.0,0.054123661618597475,0.15394521076492718,11222.0,0.5453216938362111
15005,HI,Kalawao County,,,,,,,,,,,,,,,,,,,,,,,,,,,0.0,
15007,HI,Kauai County,17829.0,9094.0,8735.0,16950.0,82.0,16868.0,879.0,58.0,821.0,8543.0,9286.0,7573.0,125.0,1605.0,6273.0,25.0,,,682.0,2610.0,2012.0,15219.0,15692.0,13827.0,0.049301699478377925,0.1463907117617365,682.0,0.48993213304167366
15009,HI,Maui County,35825.0,15584.0,20241.0,33683.0,252.0,33431.0,2142.0,187.0,1955.0,17220.0,18605.0,16290.0,324.0,3214.0,12209.0,33.0,24.0,454.0,1664.0,5143.0,4055.0,30682.0,31428.0,28196.0,0.059790648988136776,0.1435589672016748,2142.0,0.564996510816469
15999,HI,Unknown,,,,,,,,,,,,,,,,,,,,,,,,,,,0.0,
16001,ID,Ada County,104576.0,43788.0,60788.0,96646.0,210.0,96436.0,7930.0,157.0,7773.0,47905.0,56671.0,94499.0,512.0,3641.0,1723.0,215.0,192.0,2180.0,5558.0,10120.0,6091.0,94456.0,97165.0,84422.0,0.07583001835985312,0.0967717258261934,7930.0,0.581280599755202
16003,ID,Adams County,1595.0,931.0,664.0,1479.0,,,116.0,,,830.0,765.0,1521.0,,18.0,,,,,100.0,142.0,63.0,1453.0,1493.0,1211.0,0.07272727272727272,0.0890282131661442,100.0,0.41630094043887145
16005,ID,Bannock County,17750.0,8230.0,9520.0,15290.0,38.0,15252.0,2460.0,40.0,2420.0,8453.0,9297.0,15679.0,93.0,812.0,193.0,314.0,56.0,646.0,1758.0,3045.0,1823.0,14705.0,16667.0,14246.0,0.13859154929577464,0.1715492957746479,2460.0,0.5363380281690141
16007,ID,Bear Lake County,1634.0,1421.0,213.0,1494.0,,,140.0,,,854.0,780.0,1522.0,,32.0,,,0.0,27.0,113.0,179.0,97.0,1455.0,1541.0,1245.0,0.08567931456548347,0.10954712362301101,140.0,0.1303549571603427
16009,ID,Benewah County,3229.0,2740.0,489.0,2821.0,,,408.0,,,1637.0,1592.0,2985.0,,48.0,,103.0,,,342.0,543.0,272.0,2686.0,3006.0,2280.0,0.12635490864044596,0.16816351811706412,342.0,0.15144007432641685
16011,ID,Bingham County,9364.0,4580.0,4784.0,8282.0,32.0,8250.0,1082.0,30.0,1052.0,4479.0,4885.0,7817.0,24.0,823.0,76.0,305.0,21.0,266.0,795.0,1443.0,793.0,7921.0,8713.0,7460.0,0.11554891072191371,0.15410081161896624,1082.0,0.5108927808628791
16013,ID,Blaine County,6290.0,4547.0,1743.0,6144.0,11.0,6133.0,146.0,0.0,146.0,3116.0,3174.0,5617.0,,303.0,46.0,,,,101.0,327.0,178.0,5963.0,5937.0,5133.0,0.023211446740858507,0.051987281399046105,101.0,0.2771065182829889
16015,ID,Boise County,2527.0,1114.0,1413.0,2352.0,,,175.0,,,1345.0,1182.0,2376.0,,59.0,12.0,,,,149.0,215.0,95.0,2312.0,2342.0,1927.0,0.06925207756232687,0.08508112386228729,149.0,0.5591610605461022
16017,ID,Bonner County,15621.0,8966.0,6655.0,14398.0,34.0,14364.0,1223.0,19.0,1204.0,7754.0,7867.0,14791.0,24.0,233.0,64.0,48.0,19.0,233.0,971.0,1549.0,708.0,14072.0,14599.0,11724.0,0.07829204276294731,0.09916138531464055,1223.0,0.4260290634402407
16019,ID,Bonneville County,22402.0,11557.0,10845.0,19609.0,74.0,19535.0,2793.0,57.0,2736.0,10537.0,11865.0,20183.0,106.0,1182.0,203.0,69.0,59.0,843.0,1891.0,3484.0,2197.0,18918.0,21004.0,18216.0,0.12467636818141237,0.15552182840817785,2793.0,0.48410856173555933
16021,ID,Boundary County,4098.0,2346.0,1752.0,3716.0,,,382.0,,,2050.0,2048.0,3824.0,,85.0,28.0,29.0,,,304.0,465.0,217.0,3633.0,3761.0,2884.0,0.09321620302586628,0.11346998535871157,304.0,0.42752562225475843
16023,ID,Butte County,753.0,720.0,33.0,687.0,,,66.0,0.0,66.0,379.0,374.0,719.0,,16.0,,,0.0,16.0,50.0,113.0,52.0,640.0,693.0,536.0,0.08764940239043825,0.150066401062417,66.0,0.043824701195219126
16025,ID,Camas County,319.0,198.0,121.0,299.0,0.0,299.0,20.0,0.0,20.0,164.0,155.0,301.0,,,,0.0,0.0,,,19.0,,300.0,302.0,245.0,0.06269592476489028,0.05956112852664577,0.0,0.3793103448275862
16027,ID,Canyon County,48527.0,17538.0,30989.0,43250.0,148.0,43102.0,5277.0,123.0,5154.0,22513.0,26014.0,41242.0,190.0,5027.0,517.0,155.0,132.0,1250.0,3895.0,7625.0,4096.0,40902.0,45307.0,39672.0,0.10874358604488223,0.15712902095740516,5277.0,0.6385929482556103
16029,ID,Caribou County,1522.0,1214.0,308.0,1394.0,,,128.0,,,759.0,763.0,1437.0,0.0,24.0,,,,,98.0,115.0,70.0,1407.0,1449.0,1163.0,0.08409986859395532,0.07555847568988174,98.0,0.202365308804205
16031,ID,Cassia County,4596.0,2621.0,1975.0,4164.0,19.0,4145.0,432.0,16.0,416.0,2237.0,2359.0,3850.0,,570.0,29.0,19.0,,,331.0,774.0,433.0,3822.0,4296.0,3690.0,0.09399477806788512,0.16840731070496084,331.0,0.4297214969538729
16033,ID,Clark County,140.0,76.0,64.0,,,,,,,79.0,61.0,117.0,0.0,20.0,0.0,0.0,,,,14.0,,126.0,125.0,110.0,,0.1,0.0,0.45714285714285713
16035,ID,Clearwater County,3066.0,2633.0,433.0,2758.0,,,308.0,,,1620.0,1446.0,2894.0,,48.0,,30.0,,,237.0,392.0,188.0,2674.0,2847.0,2062.0,0.1004566210045662,0.1278538812785388,237.0,0.14122635355512067
16037,ID,Custer County,1514.0,1279.0,235.0,1420.0,,,94.0,0.0,94.0,798.0,716.0,1432.0,0.0,25.0,,,,,76.0,147.0,75.0,1367.0,1414.0,1073.0,0.062087186261558784,0.09709379128137384,76.0,0.15521796565389695
16039,ID,Elmore County,5565.0,2951.0,2614.0,4810.0,14.0,4796.0,755.0,13.0,742.0,2753.0,2812.0,4803.0,81.0,403.0,81.0,20.0,11.0,165.0,579.0,948.0,521.0,4617.0,5243.0,3457.0,0.13566936208445643,0.17035040431266846,755.0,0.4697214734950584
16041,ID,Franklin County,2756.0,1616.0,1140.0,2528.0,,,228.0,,,1379.0,1377.0,2603.0,,55.0,,,,,166.0,254.0,148.0,2502.0,2591.0,2191.0,0.08272859216255443,0.09216255442670537,166.0,0.41364296081277213
16043,ID,Fremont County,2887.0,1751.0,1136.0,2632.0,,,255.0,,,1472.0,1415.0,2654.0,,124.0,12.0,,,,194.0,348.0,176.0,2539.0,2730.0,2300.0,0.08832698302736404,0.12054035330793211,194.0,0.3934880498787669
16045,ID,Gem County,5781.0,2146.0,3635.0,5253.0,14.0,5239.0,528.0,,,2813.0,2968.0,5392.0,,195.0,31.0,13.0,,,406.0,736.0,392.0,5045.0,5421.0,4615.0,0.09133367929423974,0.12731361356166754,406.0,0.6287839474139423
16047,ID,Gooding County,3478.0,1698.0,1780.0,3147.0,15.0,3132.0,331.0,,,1714.0,1764.0,3080.0,,270.0,,,,,257.0,610.0,312.0,2868.0,3293.0,2805.0,0.09516963772282921,0.17538815411155836,257.0,0.5117883841288097
16049,ID,Idaho County,5588.0,4680.0,908.0,5113.0,,,475.0,,,2869.0,2719.0,5288.0,,65.0,18.0,45.0,,,378.0,695.0,350.0,4893.0,5197.0,3952.0,0.08500357909806729,0.12437365783822477,378.0,0.1624910522548318
16051,ID,Jefferson County,5236.0,2639.0,2597.0,4766.0,14.0,4752.0,470.0,12.0,458.0,2597.0,2639.0,4816.0,,220.0,24.0,15.0,,,354.0,569.0,295.0,4667.0,4934.0,4188.0,0.08976317799847211,0.1086707410236822,354.0,0.4959893048128342
16053,ID,Jerome County,4190.0,1890.0,2300.0,3763.0,12.0,3751.0,427.0,13.0,414.0,2094.0,2096.0,3541.0,,534.0,14.0,,,,330.0,685.0,327.0,3505.0,3932.0,3384.0,0.10190930787589499,0.16348448687350836,330.0,0.548926014319809
16055,ID,Kootenai County,47790.0,26095.0,21695.0,43583.0,112.0,43471.0,4207.0,69.0,4138.0,22373.0,25417.0,44661.0,80.0,1042.0,334.0,215.0,74.0,974.0,3159.0,5015.0,2618.0,42775.0,44471.0,36780.0,0.08803096882192928,0.10493827160493827,4207.0,0.453965264699728
16057,ID,Latah County,7577.0,5222.0,2355.0,6824.0,19.0,6805.0,753.0,,,3640.0,3937.0,7087.0,22.0,92.0,61.0,32.0,17.0,199.0,537.0,844.0,460.0,6733.0,6981.0,5852.0,0.09937970172891646,0.11138973208393824,753.0,0.3108090273195196
16059,ID,Lemhi County,2978.0,2686.0,292.0,2773.0,,,205.0,,,1498.0,1480.0,2821.0,,49.0,17.0,,,,174.0,346.0,174.0,2632.0,2793.0,2139.0,0.06883814640698456,0.11618535930154467,174.0,0.09805238415043653
16061,ID,Lewis County,1829.0,1600.0,229.0,1599.0,,,230.0,,,916.0,913.0,1672.0,,25.0,13.0,62.0,,,173.0,396.0,253.0,1433.0,1694.0,1296.0,0.12575177692728268,0.2165117550574084,173.0,0.12520503007107708
16063,ID,Lincoln County,966.0,507.0,459.0,875.0,,,91.0,,,500.0,466.0,829.0,,107.0,,,,,71.0,153.0,78.0,813.0,907.0,731.0,0.09420289855072464,0.15838509316770186,71.0,0.4751552795031056
16065,ID,Madison County,3998.0,2161.0,1837.0,3611.0,,,387.0,,,1864.0,2134.0,3696.0,,135.0,26.0,,16.0,137.0,234.0,474.0,307.0,3524.0,3730.0,3320.0,0.0967983991995998,0.11855927963981991,387.0,0.45947973986993496
16067,ID,Minidoka County,4512.0,2354.0,2158.0,4075.0,17.0,4058.0,437.0,11.0,426.0,2160.0,2352.0,3527.0,12.0,816.0,26.0,20.0,,,321.0,725.0,365.0,3787.0,4249.0,3633.0,0.09685283687943262,0.16068262411347517,321.0,0.4782801418439716
16069,ID,Nez Perce County,11039.0,6835.0,4204.0,9711.0,28.0,9683.0,1328.0,25.0,1303.0,5257.0,5782.0,10174.0,25.0,154.0,67.0,321.0,20.0,287.0,1021.0,1668.0,956.0,9371.0,10377.0,8704.0,0.12030075187969924,0.15110064317420055,1328.0,0.3808315970649515
16071,ID,Oneida County,1156.0,892.0,264.0,1050.0,,,106.0,,,576.0,580.0,1095.0,,22.0,,,,,81.0,122.0,54.0,1034.0,1080.0,863.0,0.09169550173010381,0.10553633217993079,81.0,0.22837370242214533
16073,ID,Owyhee County,2669.0,1109.0,1560.0,2404.0,,,265.0,,,1346.0,1323.0,2266.0,,296.0,15.0,16.0,,,207.0,486.0,229.0,2183.0,2454.0,2054.0,0.09928812289246909,0.18209067066316972,207.0,0.5844885724990633
16075,ID,Payette County,6557.0,2820.0,3737.0,5901.0,21.0,5880.0,656.0,12.0,644.0,3143.0,3414.0,5867.0,16.0,408.0,64.0,22.0,,,512.0,1012.0,480.0,5545.0,6197.0,5233.0,0.10004575263077627,0.1543388744852829,512.0,0.5699252707030654
16077,ID,Power County,1546.0,890.0,656.0,1390.0,0.0,1390.0,156.0,,,780.0,766.0,1298.0,,190.0,,,,,115.0,231.0,133.0,1315.0,1456.0,1193.0,0.10090556274256145,0.14941785252263906,115.0,0.4243208279430789
16079,ID,Shoshone County,4021.0,2627.0,1394.0,3481.0,24.0,3457.0,540.0,,,2017.0,2004.0,3814.0,,69.0,15.0,33.0,,,444.0,766.0,401.0,3255.0,3794.0,2989.0,0.13429495150460086,0.19049987565282267,444.0,0.3466799303655807
16081,ID,Teton County,2090.0,1810.0,280.0,2009.0,,,81.0,,,1060.0,1030.0,1900.0,0.0,69.0,15.0,,,,62.0,112.0,56.0,1978.0,1975.0,1679.0,0.038755980861244016,0.053588516746411484,62.0,0.1339712918660287
16083,ID,Twin Falls County,19238.0,8062.0,11176.0,17196.0,39.0,17157.0,2042.0,37.0,2005.0,8938.0,10300.0,17120.0,33.0,1369.0,176.0,39.0,50.0,476.0,1516.0,3089.0,1639.0,16149.0,18169.0,15765.0,0.10614408982222684,0.16056762657240878,2042.0,0.5809335689780643
16085,ID,Valley County,3586.0,1915.0,1671.0,3433.0,,,153.0,,,1878.0,1708.0,3366.0,,50.0,25.0,,,,114.0,230.0,121.0,3356.0,3368.0,2826.0,0.04266592303402119,0.06413831567205801,114.0,0.465978806469604
16087,ID,Washington County,3426.0,1704.0,1722.0,3119.0,,,307.0,,,1679.0,1747.0,3074.0,,218.0,29.0,13.0,,,241.0,502.0,238.0,2924.0,3231.0,2693.0,0.08960887332165791,0.14652656158785757,241.0,0.5026269702276708
16999,ID,Unknown,,,,,,,,,,,,,,,,,,,,,,,,,,,0.0,
17001,IL,Adams County,15770.0,9859.0,5911.0,14164.0,62.0,14102.0,1606.0,31.0,1575.0,7181.0,8589.0,14829.0,435.0,102.0,48.0,,24.0,367.0,1215.0,2326.0,1960.0,13444.0,14825.0,13176.0,0.10183893468611287,0.14749524413443246,1606.0,0.37482561826252375
17003,IL,Alexander County,1524.0,824.0,700.0,1260.0,,,264.0,,,717.0,807.0,1061.0,425.0,,0.0,,,,222.0,450.0,376.0,1074.0,1437.0,1219.0,0.1732283464566929,0.2952755905511811,222.0,0.45931758530183725
17005,IL,Bond County,3858.0,2116.0,1742.0,3443.0,,,415.0,,,1814.0,2044.0,3683.0,67.0,18.0,,0.0,,,338.0,552.0,463.0,3306.0,3714.0,3345.0,0.10756868843960601,0.14307931570762053,338.0,0.45152928978745466
17007,IL,Boone County,10913.0,5246.0,5667.0,9826.0,45.0,9781.0,1087.0,34.0,1053.0,5044.0,5869.0,9145.0,191.0,1075.0,103.0,,16.0,207.0,864.0,1370.0,1087.0,9543.0,10214.0,9166.0,0.09960597452579492,0.1255383487583616,1087.0,0.5192889214698067
17009,IL,Brown County,1134.0,735.0,399.0,1014.0,,,120.0,,,544.0,590.0,1105.0,,,,0.0,0.0,19.0,101.0,161.0,135.0,973.0,1078.0,955.0,0.10582010582010581,0.1419753086419753,120.0,0.35185185185185186
17011,IL,Bureau County,8745.0,6016.0,2729.0,7950.0,26.0,7924.0,795.0,27.0,768.0,4026.0,4719.0,8011.0,39.0,359.0,45.0,,16.0,126.0,653.0,1079.0,855.0,7666.0,8332.0,7400.0,0.09090909090909091,0.1233847913093196,795.0,0.3120640365923385
17013,IL,Calhoun County,1267.0,773.0,494.0,1155.0,,,112.0,,,636.0,631.0,1241.0,,,,0.0,0.0,18.0,94.0,148.0,118.0,1119.0,1213.0,1084.0,0.08839779005524862,0.11681136543014996,112.0,0.3898973954222573
17015,IL,Carroll County,4497.0,2710.0,1787.0,4098.0,11.0,4087.0,399.0,,,2172.0,2325.0,4239.0,15.0,90.0,12.0,,,,299.0,613.0,478.0,3884.0,4267.0,3783.0,0.08872581721147432,0.13631309762063598,299.0,0.3973760284634201
17017,IL,Cass County,2710.0,1621.0,1089.0,2406.0,12.0,2394.0,304.0,,,1306.0,1404.0,2465.0,16.0,149.0,,0.0,,,230.0,555.0,462.0,2155.0,2556.0,2274.0,0.1121771217712177,0.2047970479704797,230.0,0.4018450184501845
17019,IL,Champaign County,33148.0,13429.0,19719.0,29936.0,99.0,29837.0,3212.0,113.0,3099.0,14943.0,18205.0,26709.0,3860.0,568.0,874.0,15.0,52.0,825.0,2335.0,4798.0,3959.0,28350.0,30628.0,28016.0,0.09689875708941716,0.14474478098226137,3212.0,0.5948775190056715
17021,IL,Christian County,8285.0,4414.0,3871.0,7405.0,22.0,7383.0,880.0,20.0,860.0,3806.0,4479.0,7884.0,27.0,43.0,32.0,,,,715.0,1331.0,1082.0,6954.0,7879.0,6741.0,0.10621605310802655,0.16065178032589017,715.0,0.4672299336149668
17023,IL,Clark County,3931.0,2268.0,1663.0,3496.0,12.0,3484.0,435.0,,,1828.0,2103.0,3842.0,,22.0,,0.0,,,373.0,565.0,435.0,3366.0,3746.0,3336.0,0.11065886542864412,0.1437293309590435,373.0,0.4230475705927245
17025,IL,Clay County,3349.0,2525.0,824.0,2972.0,12.0,2960.0,377.0,,,1598.0,1751.0,3283.0,,12.0,,0.0,,,306.0,605.0,512.0,2744.0,3201.0,2769.0,0.11257091669154971,0.18065094057927739,306.0,0.24604359510301582
17027,IL,Clinton County,8310.0,5014.0,3296.0,7498.0,23.0,7475.0,812.0,12.0,800.0,3981.0,4329.0,7885.0,93.0,76.0,23.0,,,,631.0,971.0,811.0,7339.0,7860.0,6713.0,0.0977135980746089,0.11684717208182913,631.0,0.3966305655836342
17029,IL,Coles County,10571.0,5631.0,4940.0,9312.0,22.0,9290.0,1259.0,17.0,1242.0,4776.0,5795.0,9951.0,164.0,109.0,54.0,,19.0,276.0,964.0,2058.0,1713.0,8513.0,10053.0,9168.0,0.11909942294957904,0.194683568252767,1259.0,0.4673162425503737
17031,IL,Cook County,882901.0,490311.0,392590.0,801128.0,5836.0,795292.0,81773.0,4038.0,77735.0,389440.0,493461.0,445749.0,220854.0,132871.0,50938.0,303.0,995.0,19026.0,61752.0,189460.0,157458.0,693441.0,780665.0,723523.0,0.09261853820530275,0.2145880455453103,81773.0,0.4446591407190614
17033,IL,Crawford County,4593.0,3479.0,1114.0,4139.0,17.0,4122.0,454.0,,,2149.0,2444.0,4440.0,24.0,24.0,14.0,,,,354.0,632.0,522.0,3961.0,4414.0,3914.0,0.09884607010668409,0.13760069671238842,354.0,0.24254300021772263
17035,IL,Cumberland County,2599.0,1500.0,1099.0,2343.0,11.0,2332.0,256.0,,,1227.0,1372.0,2538.0,,,,,,,198.0,353.0,293.0,2246.0,2481.0,2213.0,0.09849942285494422,0.1358214697960754,198.0,0.4228549442093113
17039,IL,De Witt County,3862.0,2233.0,1629.0,3487.0,15.0,3472.0,375.0,,,1795.0,2067.0,3701.0,,41.0,18.0,,,,304.0,520.0,411.0,3342.0,3649.0,3215.0,0.09709994821336096,0.13464526152252718,304.0,0.42180217503884
17037,IL,Dekalb County,18842.0,11045.0,7797.0,17042.0,69.0,16973.0,1800.0,55.0,1745.0,8622.0,10220.0,16507.0,683.0,864.0,151.0,,29.0,426.0,1345.0,2281.0,1937.0,16561.0,17429.0,15550.0,0.09553125995117291,0.12105933552701412,1800.0,0.413809574355164
17041,IL,Douglas County,4337.0,2139.0,2198.0,3993.0,11.0,3982.0,344.0,,,2024.0,2313.0,4072.0,20.0,116.0,19.0,,,,261.0,536.0,411.0,3801.0,4085.0,3649.0,0.07931750057643533,0.1235877334563062,261.0,0.5068019368226885
17043,IL,Dupage County,184954.0,115015.0,69939.0,175031.0,674.0,174357.0,9923.0,401.0,9522.0,83412.0,101542.0,140693.0,6945.0,12526.0,15704.0,49.0,139.0,2509.0,7275.0,17808.0,15137.0,167146.0,163614.0,150018.0,0.053651178130778465,0.09628340019680569,9923.0,0.37814267331336443
17045,IL,Edgar County,4477.0,2899.0,1578.0,3938.0,29.0,3909.0,539.0,,,2013.0,2464.0,4287.0,15.0,33.0,12.0,,,,431.0,813.0,627.0,3664.0,4259.0,3754.0,0.12039312039312039,0.18159481795845434,431.0,0.3524681706499888
17047,IL,Edwards County,1562.0,1237.0,325.0,1417.0,,,145.0,,,742.0,820.0,1491.0,,,,,,,127.0,191.0,152.0,1371.0,1491.0,1263.0,0.09282970550576185,0.12227912932138284,127.0,0.20806658130601793
17049,IL,Effingham County,8410.0,6187.0,2223.0,7630.0,32.0,7598.0,780.0,24.0,756.0,3882.0,4528.0,8153.0,14.0,40.0,36.0,0.0,15.0,173.0,592.0,998.0,825.0,7412.0,8035.0,7089.0,0.09274673008323424,0.11866825208085613,780.0,0.2643281807372176
17051,IL,Fayette County,4574.0,2902.0,1672.0,4024.0,14.0,4010.0,550.0,12.0,538.0,2137.0,2437.0,4457.0,,15.0,,,,,441.0,804.0,669.0,3770.0,4380.0,3835.0,0.12024486226497595,0.17577612592916483,441.0,0.3655443812855269
17053,IL,Ford County,3319.0,2102.0,1217.0,3036.0,,,283.0,,,1521.0,1798.0,3153.0,17.0,49.0,17.0,,,,233.0,447.0,347.0,2872.0,3107.0,2745.0,0.08526664658029527,0.13467912021693282,233.0,0.36667670985236517
17055,IL,Franklin County,9820.0,5854.0,3966.0,8418.0,38.0,8380.0,1402.0,28.0,1374.0,4603.0,5217.0,9499.0,39.0,78.0,29.0,,20.0,232.0,1150.0,2171.0,1782.0,7649.0,9203.0,7239.0,0.14276985743380854,0.22107942973523423,1402.0,0.40386965376782075
17057,IL,Fulton County,8413.0,4613.0,3800.0,7563.0,30.0,7533.0,850.0,19.0,831.0,3888.0,4525.0,8138.0,23.0,46.0,14.0,,,,678.0,1291.0,1044.0,7122.0,8100.0,6703.0,0.10103411387138951,0.15345298942113397,678.0,0.4516819208368002
17059,IL,Gallatin County,1358.0,905.0,453.0,1180.0,,,178.0,,,627.0,731.0,1325.0,,,,,,,155.0,251.0,205.0,1107.0,1288.0,1039.0,0.13107511045655376,0.18483063328424154,155.0,0.3335787923416789
17061,IL,Greene County,3100.0,1947.0,1153.0,2704.0,,,396.0,,,1493.0,1607.0,3013.0,,,,0.0,,,325.0,587.0,465.0,2513.0,2929.0,2633.0,0.12774193548387097,0.18935483870967743,325.0,0.37193548387096775
17063,IL,Grundy County,10126.0,6595.0,3531.0,9211.0,38.0,9173.0,915.0,23.0,892.0,4683.0,5443.0,9267.0,93.0,460.0,46.0,,13.0,174.0,728.0,1017.0,840.0,9109.0,9478.0,8091.0,0.09036144578313253,0.10043452498518665,915.0,0.3487063006122852
17065,IL,Hamilton County,1978.0,1373.0,605.0,1749.0,,,229.0,,,934.0,1044.0,1929.0,,,,,,,187.0,361.0,301.0,1617.0,1891.0,1604.0,0.11577350859453994,0.18250758341759352,187.0,0.3058645096056623
17067,IL,Hancock County,4937.0,3556.0,1381.0,4501.0,23.0,4478.0,436.0,,,2338.0,2599.0,4748.0,16.0,13.0,14.0,,,,347.0,588.0,464.0,4349.0,4696.0,4094.0,0.08831274053068665,0.1191006684221187,347.0,0.2797245290662346
17069,IL,Hardin County,1015.0,703.0,312.0,876.0,,,139.0,,,475.0,540.0,989.0,,,,0.0,0.0,24.0,115.0,220.0,171.0,795.0,963.0,821.0,0.13694581280788176,0.21674876847290642,139.0,0.30738916256157633
17071,IL,Henderson County,1760.0,1158.0,602.0,1602.0,,,158.0,,,841.0,919.0,1690.0,,18.0,,,,,137.0,204.0,156.0,1556.0,1671.0,1468.0,0.08977272727272727,0.1159090909090909,137.0,0.34204545454545454
17073,IL,Henry County,12308.0,6428.0,5880.0,11350.0,38.0,11312.0,958.0,16.0,942.0,5760.0,6548.0,11425.0,124.0,307.0,34.0,,14.0,198.0,746.0,1403.0,1116.0,10905.0,11687.0,10440.0,0.07783555411114722,0.11399090022749431,958.0,0.4777380565485863
17075,IL,Iroquois County,7270.0,4816.0,2454.0,6473.0,16.0,6457.0,797.0,19.0,778.0,3383.0,3887.0,6766.0,55.0,202.0,25.0,,14.0,136.0,647.0,1179.0,944.0,6091.0,6884.0,6111.0,0.10962861072902338,0.16217331499312243,797.0,0.3375515818431912
17077,IL,Jackson County,11114.0,5592.0,5522.0,9611.0,43.0,9568.0,1503.0,43.0,1460.0,5185.0,5929.0,9434.0,1116.0,181.0,107.0,,20.0,328.0,1155.0,2178.0,1766.0,8936.0,10415.0,9061.0,0.1352348389418751,0.19596904804750764,1503.0,0.49685081878711534
17079,IL,Jasper County,2358.0,1693.0,665.0,2134.0,,,224.0,,,1098.0,1260.0,2298.0,,,,,,,179.0,294.0,250.0,2064.0,2274.0,2039.0,0.09499575911789652,0.12468193384223919,179.0,0.2820186598812553
17081,IL,Jefferson County,8731.0,6019.0,2712.0,7624.0,33.0,7591.0,1107.0,31.0,1076.0,4077.0,4654.0,8020.0,430.0,72.0,51.0,,13.0,203.0,891.0,1678.0,1421.0,7053.0,8194.0,6995.0,0.1267896002748826,0.19218875272019242,1107.0,0.3106173405108235
17083,IL,Jersey County,5471.0,2972.0,2499.0,4903.0,18.0,4885.0,568.0,11.0,557.0,2571.0,2900.0,5248.0,16.0,33.0,15.0,0.0,,,476.0,759.0,608.0,4712.0,5218.0,4680.0,0.10382014256991409,0.13873149332845916,476.0,0.45677207091939315
17085,IL,Jo Daviess County,6932.0,2930.0,4002.0,6551.0,11.0,6540.0,381.0,,,3306.0,3626.0,6589.0,14.0,76.0,31.0,,,,308.0,450.0,345.0,6482.0,6596.0,5801.0,0.054962492787074435,0.06491633006347375,308.0,0.5773225620311598
17087,IL,Johnson County,3211.0,1875.0,1336.0,2813.0,,,398.0,,,1513.0,1698.0,3101.0,23.0,16.0,15.0,,,,329.0,514.0,407.0,2697.0,3035.0,2581.0,0.12394892556835876,0.1600747430706945,329.0,0.41606976019931485
17089,IL,Kane County,92949.0,55321.0,37628.0,86381.0,464.0,85917.0,6568.0,313.0,6255.0,42261.0,50688.0,69094.0,4433.0,13356.0,2908.0,39.0,89.0,1479.0,5000.0,10921.0,9149.0,82028.0,84207.0,76225.0,0.07066240626580167,0.11749454001656823,6568.0,0.4048241508784387
17091,IL,Kankakee County,23414.0,14178.0,9236.0,20283.0,108.0,20175.0,3131.0,66.0,3065.0,10900.0,12514.0,18692.0,2982.0,1019.0,139.0,,63.0,695.0,2373.0,4284.0,3602.0,19130.0,21808.0,19552.0,0.1337234133424447,0.1829674553685829,3131.0,0.39446485008968996
17093,IL,Kendall County,19129.0,11358.0,7771.0,17510.0,97.0,17413.0,1619.0,78.0,1541.0,8609.0,10520.0,14778.0,1192.0,2156.0,456.0,,28.0,376.0,1215.0,1878.0,1561.0,17251.0,17341.0,15243.0,0.08463589314653144,0.09817554498405562,1619.0,0.4062418317737467
17095,IL,Knox County,12643.0,6927.0,5716.0,11153.0,45.0,11108.0,1490.0,41.0,1449.0,5850.0,6793.0,11444.0,491.0,314.0,64.0,,30.0,340.0,1120.0,2261.0,1873.0,10382.0,12096.0,10812.0,0.11785177568615043,0.17883413746737326,1490.0,0.45210788578660127
17097,IL,Lake County,134724.0,89018.0,45706.0,126038.0,627.0,125411.0,8686.0,362.0,8324.0,61845.0,72879.0,101443.0,7916.0,13164.0,6267.0,48.0,133.0,2037.0,6516.0,14793.0,12153.0,119931.0,120151.0,108100.0,0.06447255129004484,0.1098022624031353,8686.0,0.3392565541403165
17099,IL,Lasalle County,26440.0,17187.0,9253.0,23784.0,86.0,23698.0,2656.0,66.0,2590.0,12351.0,14089.0,24103.0,246.0,1245.0,114.0,11.0,35.0,535.0,2086.0,3483.0,2840.0,22957.0,24966.0,21586.0,0.10045385779122541,0.13173222390317701,2656.0,0.34996217851739786
17101,IL,Lawrence County,3330.0,2536.0,794.0,2930.0,12.0,2918.0,400.0,,,1537.0,1793.0,3206.0,35.0,22.0,,,,,337.0,635.0,525.0,2695.0,3187.0,2704.0,0.12012012012012012,0.1906906906906907,337.0,0.23843843843843843
17103,IL,Lee County,8571.0,5129.0,3442.0,7552.0,31.0,7521.0,1019.0,18.0,1001.0,4045.0,4526.0,7936.0,115.0,260.0,37.0,,,,781.0,1247.0,1017.0,7324.0,8028.0,7157.0,0.11888927779722319,0.14549060786372653,781.0,0.4015867460039669
17105,IL,Livingston County,8385.0,4985.0,3400.0,7450.0,31.0,7419.0,935.0,17.0,918.0,3941.0,4444.0,7855.0,64.0,152.0,31.0,,16.0,208.0,711.0,1187.0,971.0,7198.0,8004.0,7208.0,0.11150864639236732,0.14156231365533692,935.0,0.4054859868813357
17107,IL,Logan County,6267.0,3355.0,2912.0,5660.0,21.0,5639.0,607.0,14.0,593.0,2821.0,3446.0,5879.0,68.0,43.0,17.0,,,,494.0,871.0,735.0,5396.0,5995.0,5405.0,0.09685655018350088,0.13898196904419977,494.0,0.4646561353119515
17115,IL,Macon County,24480.0,15510.0,8970.0,21525.0,88.0,21437.0,2955.0,76.0,2879.0,11036.0,13444.0,20266.0,3281.0,180.0,114.0,14.0,44.0,655.0,2256.0,4522.0,3853.0,19958.0,23172.0,20230.0,0.12071078431372549,0.18472222222222223,2955.0,0.36642156862745096
17117,IL,Macoupin County,11989.0,6874.0,5115.0,10558.0,43.0,10515.0,1431.0,31.0,1400.0,5645.0,6344.0,11502.0,86.0,69.0,24.0,,24.0,244.0,1163.0,1761.0,1453.0,10228.0,11470.0,10066.0,0.11935941279506214,0.1468846442572358,1431.0,0.42664108766369174
17119,IL,Madison County,59843.0,27065.0,32778.0,52922.0,208.0,52714.0,6921.0,153.0,6768.0,26985.0,32858.0,52546.0,4352.0,872.0,329.0,23.0,74.0,1385.0,5462.0,8413.0,6913.0,51430.0,56076.0,51086.0,0.11565262436709389,0.14058452951890782,6921.0,0.5477332352990325
17121,IL,Marion County,10001.0,6946.0,3055.0,8494.0,42.0,8452.0,1507.0,25.0,1482.0,4680.0,5321.0,9302.0,359.0,74.0,36.0,,30.0,345.0,1132.0,2353.0,2035.0,7648.0,9443.0,8143.0,0.1506849315068493,0.23527647235276472,1507.0,0.30546945305469453
17123,IL,Marshall County,3273.0,2018.0,1255.0,3018.0,,,255.0,,,1542.0,1731.0,3152.0,,29.0,,0.0,,,213.0,351.0,275.0,2922.0,3134.0,2652.0,0.07791017415215398,0.10724106324472961,213.0,0.38344026886648336
17125,IL,Mason County,3592.0,2114.0,1478.0,3191.0,,,401.0,12.0,389.0,1738.0,1854.0,3432.0,,22.0,,,,,330.0,527.0,424.0,3065.0,3468.0,2836.0,0.1116369710467706,0.14671492204899778,330.0,0.41146993318485525
17127,IL,Massac County,3721.0,2633.0,1088.0,3184.0,17.0,3167.0,537.0,14.0,523.0,1710.0,2011.0,3358.0,258.0,23.0,,,,,444.0,775.0,628.0,2946.0,3533.0,2872.0,0.14431604407417362,0.208277344799785,444.0,0.29239451760279495
17109,IL,Mcdonough County,6032.0,3267.0,2765.0,5428.0,22.0,5406.0,604.0,12.0,592.0,2791.0,3241.0,5616.0,115.0,31.0,30.0,,13.0,142.0,449.0,907.0,724.0,5125.0,5720.0,5051.0,0.10013262599469495,0.15036472148541113,604.0,0.4583885941644562
17111,IL,Mchenry County,66384.0,42363.0,24021.0,61651.0,234.0,61417.0,4733.0,117.0,4616.0,30426.0,35958.0,58650.0,609.0,3534.0,1287.0,13.0,72.0,1064.0,3597.0,5344.0,4366.0,61040.0,60052.0,53531.0,0.07129730055435045,0.08050132562063148,4733.0,0.3618492407809111
17113,IL,Mclean County,30545.0,16983.0,13562.0,27799.0,85.0,27714.0,2746.0,100.0,2646.0,13750.0,16795.0,26626.0,1929.0,566.0,409.0,,44.0,713.0,1989.0,3429.0,2805.0,27116.0,28657.0,26358.0,0.0899001473236209,0.11226059911605828,2746.0,0.4440006547716484
17129,IL,Menard County,3057.0,1442.0,1615.0,2786.0,,,271.0,,,1426.0,1631.0,2906.0,14.0,16.0,,,,,214.0,334.0,277.0,2723.0,2908.0,2602.0,0.08864900228982663,0.1092574419365391,214.0,0.5282957147530258
17131,IL,Mercer County,4028.0,2020.0,2008.0,3718.0,,,310.0,,,1944.0,2084.0,3859.0,,34.0,17.0,0.0,,,247.0,389.0,310.0,3639.0,3808.0,3449.0,0.07696127110228401,0.09657398212512414,247.0,0.4985104270109235
17133,IL,Monroe County,8583.0,3893.0,4690.0,8045.0,17.0,8028.0,538.0,15.0,523.0,4016.0,4567.0,8233.0,18.0,64.0,21.0,,,,442.0,473.0,368.0,8110.0,8087.0,7336.0,0.06268204590469532,0.055108936269369684,442.0,0.5464289875334964
17135,IL,Montgomery County,7178.0,4367.0,2811.0,6371.0,22.0,6349.0,807.0,14.0,793.0,3326.0,3852.0,6855.0,41.0,49.0,18.0,,,,660.0,1199.0,998.0,5979.0,6930.0,6094.0,0.11242685984954026,0.16703817219281136,660.0,0.39161326274728336
17137,IL,Morgan County,8119.0,4590.0,3529.0,7150.0,30.0,7120.0,969.0,24.0,945.0,3673.0,4446.0,7512.0,229.0,72.0,14.0,,18.0,243.0,708.0,1549.0,1335.0,6570.0,7745.0,6957.0,0.11934967360512379,0.1907870427392536,969.0,0.4346594408178347
17139,IL,Moultrie County,3243.0,2151.0,1092.0,2932.0,,,311.0,,,1502.0,1741.0,3140.0,18.0,,,,,,232.0,436.0,355.0,2807.0,3098.0,2696.0,0.09589885908109774,0.13444341658957756,232.0,0.3367252543940796
17141,IL,Ogle County,11976.0,6312.0,5664.0,10857.0,36.0,10821.0,1119.0,29.0,1090.0,5587.0,6389.0,10988.0,69.0,523.0,49.0,,15.0,237.0,867.0,1408.0,1128.0,10568.0,11308.0,10150.0,0.09343687374749499,0.11756847027388109,1119.0,0.4729458917835671
17143,IL,Peoria County,38038.0,18839.0,19199.0,33792.0,144.0,33648.0,4246.0,163.0,4083.0,17273.0,20765.0,30240.0,5391.0,776.0,434.0,13.0,64.0,1013.0,3169.0,6494.0,5420.0,31544.0,35814.0,31602.0,0.11162521688837479,0.170724012829276,4246.0,0.5047321099952679
17145,IL,Perry County,4744.0,2695.0,2049.0,4154.0,24.0,4130.0,590.0,12.0,578.0,2220.0,2524.0,4539.0,88.0,18.0,14.0,,,,463.0,787.0,640.0,3957.0,4462.0,3347.0,0.12436762225969646,0.165893760539629,463.0,0.4319139966273187
17147,IL,Piatt County,4130.0,1817.0,2313.0,3860.0,,,270.0,,,1890.0,2240.0,3971.0,14.0,20.0,13.0,,,,207.0,380.0,297.0,3750.0,3898.0,3512.0,0.06537530266343826,0.09200968523002422,207.0,0.5600484261501211
17149,IL,Pike County,3809.0,2644.0,1165.0,3444.0,12.0,3432.0,365.0,,,1787.0,2022.0,3707.0,,13.0,,,,,305.0,682.0,567.0,3127.0,3652.0,3202.0,0.0958256760304542,0.17904961932265687,305.0,0.3058545550013127
17151,IL,Pope County,1156.0,743.0,413.0,1014.0,,,142.0,,,561.0,595.0,1105.0,,,,,,,122.0,176.0,131.0,980.0,1111.0,896.0,0.12283737024221453,0.1522491349480969,122.0,0.35726643598615915
17153,IL,Pulaski County,1397.0,830.0,567.0,1185.0,,,212.0,,,662.0,735.0,934.0,431.0,,,0.0,,,172.0,327.0,253.0,1070.0,1319.0,1126.0,0.15175375805297064,0.23407301360057264,172.0,0.4058697208303508
17155,IL,Putnam County,1618.0,1109.0,509.0,1506.0,,,112.0,,,799.0,819.0,1499.0,,45.0,,0.0,,,91.0,99.0,80.0,1519.0,1528.0,1321.0,0.069221260815822,0.06118665018541409,91.0,0.3145859085290482
17157,IL,Randolph County,7414.0,3665.0,3749.0,6565.0,15.0,6550.0,849.0,17.0,832.0,3409.0,4005.0,6980.0,176.0,46.0,17.0,,,,710.0,972.0,784.0,6442.0,7053.0,5989.0,0.11451308335581332,0.13110331804693823,710.0,0.5056649581872134
17159,IL,Richland County,3845.0,2809.0,1036.0,3431.0,11.0,3420.0,414.0,,,1768.0,2077.0,3707.0,12.0,17.0,,0.0,,,333.0,719.0,619.0,3126.0,3672.0,3249.0,0.10767230169050715,0.1869960988296489,333.0,0.2694408322496749
17161,IL,Rock Island County,32828.0,13558.0,19270.0,29812.0,113.0,29699.0,3016.0,85.0,2931.0,14888.0,17940.0,27298.0,2164.0,1964.0,230.0,,45.0,626.0,2345.0,4724.0,3771.0,28104.0,30845.0,27997.0,0.09187279151943463,0.1439015474594858,3016.0,0.5869989033751676
17165,IL,Saline County,6176.0,3944.0,2232.0,5260.0,21.0,5239.0,916.0,20.0,896.0,2843.0,3333.0,5848.0,172.0,39.0,19.0,,14.0,167.0,735.0,1380.0,1174.0,4796.0,5820.0,4795.0,0.1483160621761658,0.22344559585492227,916.0,0.36139896373056996
17167,IL,Sangamon County,45128.0,18725.0,26403.0,40320.0,164.0,40156.0,4808.0,149.0,4659.0,19915.0,25213.0,38598.0,3996.0,389.0,450.0,19.0,110.0,1162.0,3536.0,6277.0,5315.0,38851.0,42564.0,38742.0,0.10654139336996986,0.13909324587839036,4808.0,0.585069136677894
17169,IL,Schuyler County,1768.0,1144.0,624.0,1602.0,,,166.0,,,855.0,913.0,1714.0,,,,0.0,,,130.0,234.0,192.0,1534.0,1676.0,1439.0,0.09389140271493213,0.1323529411764706,130.0,0.35294117647058826
17171,IL,Scott County,1172.0,733.0,439.0,1072.0,,,100.0,,,561.0,611.0,1143.0,0.0,,0.0,0.0,,,82.0,156.0,136.0,1016.0,1122.0,982.0,0.08532423208191127,0.13310580204778158,82.0,0.37457337883959047
17173,IL,Shelby County,5350.0,3720.0,1630.0,4866.0,19.0,4847.0,484.0,,,2505.0,2845.0,5158.0,12.0,26.0,,,,,397.0,629.0,520.0,4721.0,5127.0,4398.0,0.09046728971962617,0.11757009345794392,397.0,0.30467289719626167
17163,IL,St. Clair County,53881.0,24001.0,29880.0,47140.0,305.0,46835.0,6741.0,273.0,6468.0,24262.0,29619.0,36508.0,14405.0,889.0,522.0,24.0,87.0,1464.0,5190.0,9227.0,7419.0,44654.0,49916.0,41574.0,0.12510903658061284,0.17124774967057033,6741.0,0.5545554091423693
17175,IL,Stark County,1380.0,843.0,537.0,1258.0,,,122.0,,,657.0,723.0,1324.0,,,,0.0,,,93.0,170.0,133.0,1210.0,1332.0,1105.0,0.08840579710144927,0.12318840579710146,93.0,0.38913043478260867
17177,IL,Stephenson County,12201.0,4777.0,7424.0,10990.0,26.0,10964.0,1211.0,33.0,1178.0,5559.0,6642.0,10766.0,796.0,163.0,53.0,,19.0,246.0,946.0,1634.0,1271.0,10567.0,11591.0,10637.0,0.09925415949512335,0.13392344889763133,1211.0,0.6084747151872797
17179,IL,Tazewell County,31047.0,17184.0,13863.0,28303.0,75.0,28228.0,2744.0,62.0,2682.0,13965.0,17082.0,29490.0,124.0,271.0,137.0,12.0,37.0,608.0,2099.0,3627.0,2927.0,27420.0,29537.0,25048.0,0.0883821303185493,0.11682288143782008,2744.0,0.4465165716494347
17181,IL,Union County,4502.0,2548.0,1954.0,3874.0,12.0,3862.0,628.0,,,2149.0,2353.0,4260.0,62.0,77.0,14.0,0.0,,,469.0,1048.0,912.0,3454.0,4287.0,3761.0,0.13949355841848068,0.23278542869835628,469.0,0.43402932030208796
17183,IL,Vermilion County,17850.0,7883.0,9967.0,15237.0,75.0,15162.0,2613.0,68.0,2545.0,8242.0,9608.0,15521.0,1527.0,331.0,90.0,,29.0,532.0,2052.0,3594.0,2988.0,14256.0,16622.0,14947.0,0.14638655462184874,0.20134453781512604,2613.0,0.558375350140056
17185,IL,Wabash County,2830.0,2217.0,613.0,2536.0,,,294.0,,,1324.0,1506.0,2749.0,,16.0,,0.0,,,229.0,414.0,347.0,2416.0,2699.0,2266.0,0.103886925795053,0.14628975265017669,229.0,0.2166077738515901
17187,IL,Warren County,3986.0,2532.0,1454.0,3586.0,12.0,3574.0,400.0,,,1843.0,2143.0,3657.0,48.0,102.0,26.0,0.0,,,310.0,569.0,462.0,3417.0,3773.0,3400.0,0.10035122930255895,0.14274962368289013,310.0,0.3647767185148018
17189,IL,Washington County,3437.0,2395.0,1042.0,3161.0,,,276.0,,,1644.0,1793.0,3299.0,,22.0,,,,,234.0,269.0,216.0,3168.0,3255.0,2789.0,0.08030258946755892,0.0782659295897585,234.0,0.30317137038114633
17191,IL,Wayne County,3936.0,3008.0,928.0,3533.0,11.0,3522.0,403.0,12.0,391.0,1851.0,2085.0,3794.0,12.0,19.0,,0.0,,,332.0,651.0,523.0,3285.0,3741.0,3243.0,0.10238821138211382,0.16539634146341464,332.0,0.23577235772357724
17193,IL,White County,3680.0,2658.0,1022.0,3266.0,,,414.0,,,1696.0,1984.0,3592.0,,19.0,,0.0,,,341.0,647.0,522.0,3033.0,3517.0,3042.0,0.1125,0.17581521739130435,341.0,0.2777173913043478
17195,IL,Whiteside County,14683.0,8879.0,5804.0,13148.0,51.0,13097.0,1535.0,22.0,1513.0,6875.0,7808.0,12991.0,147.0,1063.0,48.0,,26.0,332.0,1177.0,2113.0,1691.0,12570.0,13875.0,12419.0,0.10454266839201798,0.14390792072464756,1535.0,0.3952870666757475
17197,IL,Will County,122813.0,71764.0,51049.0,112266.0,598.0,111668.0,10547.0,397.0,10150.0,56224.0,66589.0,89692.0,13496.0,10976.0,4485.0,41.0,162.0,2351.0,8034.0,13903.0,11484.0,108910.0,110557.0,98635.0,0.08587853077442942,0.11320462817454179,10547.0,0.4156644654881812
17199,IL,Williamson County,16051.0,9993.0,6058.0,14072.0,67.0,14005.0,1979.0,48.0,1931.0,7238.0,8813.0,15163.0,397.0,130.0,79.0,,28.0,361.0,1590.0,2905.0,2387.0,13146.0,14980.0,12340.0,0.12329449878512243,0.18098560837331007,1979.0,0.37742196747866175
17201,IL,Winnebago County,63214.0,26579.0,36635.0,55210.0,272.0,54938.0,8004.0,227.0,7777.0,28847.0,34367.0,50816.0,6230.0,3391.0,955.0,40.0,96.0,1720.0,6188.0,10749.0,8699.0,52465.0,59046.0,53919.0,0.12661752143512514,0.1700414465150125,8004.0,0.5795393425507008
17203,IL,Woodford County,8337.0,5265.0,3072.0,7790.0,29.0,7761.0,547.0,,,3948.0,4389.0,7846.0,35.0,64.0,32.0,,12.0,109.0,426.0,588.0,489.0,7749.0,7899.0,6809.0,0.06561113110231498,0.07052896725440806,547.0,0.36847786973731556
17999,IL,Unknown,,,,,,,,,,,,,,,,,,,,,,,,,,,0.0,
18001,IN,Adams County,6747.0,3701.0,3046.0,6076.0,14.0,6062.0,671.0,,,3026.0,3721.0,6165.0,22.0,193.0,14.0,,,,534.0,870.0,555.0,5877.0,6366.0,5947.0,0.09945160812212836,0.12894619831036017,534.0,0.45145990810730696
18003,IN,Allen County,75487.0,27026.0,48461.0,66433.0,323.0,66110.0,9054.0,263.0,8791.0,34169.0,41318.0,61192.0,7936.0,2169.0,1178.0,45.0,142.0,2030.0,6882.0,12446.0,9200.0,63041.0,70702.0,65620.0,0.11994118192536463,0.1648760713765284,9054.0,0.6419780889424669
18005,IN,Bartholomew County,17194.0,9506.0,7688.0,15154.0,48.0,15106.0,2040.0,37.0,2003.0,7686.0,9508.0,15999.0,301.0,221.0,159.0,,24.0,392.0,1624.0,2531.0,1745.0,14663.0,16085.0,14505.0,0.11864603931604048,0.14720251250436198,2040.0,0.44713272071652904
18007,IN,Benton County,1989.0,1085.0,904.0,1740.0,,,249.0,,,911.0,1078.0,1854.0,19.0,50.0,,0.0,,,201.0,291.0,164.0,1698.0,1877.0,1669.0,0.12518853695324283,0.14630467571644043,201.0,0.45449974861739567
18009,IN,Blackford County,3135.0,1483.0,1652.0,2726.0,,,409.0,,,1442.0,1693.0,3026.0,11.0,22.0,,,,,339.0,585.0,340.0,2550.0,2978.0,2660.0,0.13046251993620414,0.18660287081339713,339.0,0.5269537480063796
18011,IN,Boone County,14090.0,7701.0,6389.0,13061.0,33.0,13028.0,1029.0,29.0,1000.0,6319.0,7771.0,12845.0,283.0,160.0,234.0,,16.0,219.0,794.0,1308.0,875.0,12782.0,13071.0,11945.0,0.0730305180979418,0.0928317955997161,1029.0,0.45344215755855216
18013,IN,Brown County,4170.0,2073.0,2097.0,3850.0,11.0,3839.0,320.0,,,1994.0,2176.0,3998.0,,35.0,,,,,264.0,400.0,274.0,3770.0,3901.0,3455.0,0.07673860911270983,0.09592326139088729,264.0,0.5028776978417266
18015,IN,Carroll County,4496.0,2526.0,1970.0,4052.0,,,444.0,,,2131.0,2365.0,4295.0,,43.0,,0.0,,,377.0,524.0,293.0,3972.0,4246.0,3781.0,0.09875444839857651,0.11654804270462633,377.0,0.43816725978647686
18017,IN,Cass County,8406.0,4356.0,4050.0,7307.0,29.0,7278.0,1099.0,19.0,1080.0,3892.0,4514.0,7634.0,74.0,346.0,37.0,,17.0,204.0,878.0,1406.0,903.0,7000.0,7896.0,7025.0,0.13073994765643587,0.16726147989531287,1099.0,0.4817987152034261
18019,IN,Clark County,26812.0,14443.0,12369.0,23145.0,117.0,23028.0,3667.0,92.0,3575.0,11804.0,15008.0,23529.0,1901.0,402.0,177.0,12.0,42.0,650.0,2975.0,4364.0,3039.0,22448.0,24632.0,21500.0,0.13676711920035806,0.16276294196628374,3667.0,0.4613232880799642
18021,IN,Clay County,6690.0,3578.0,3112.0,5826.0,13.0,5813.0,864.0,18.0,846.0,3078.0,3612.0,6477.0,30.0,45.0,,,,,725.0,1019.0,654.0,5671.0,6348.0,5310.0,0.12914798206278028,0.1523168908819133,725.0,0.46517189835575484
18023,IN,Clinton County,6992.0,3035.0,3957.0,6202.0,20.0,6182.0,790.0,14.0,776.0,3141.0,3851.0,6572.0,16.0,247.0,13.0,,15.0,123.0,652.0,1082.0,689.0,5910.0,6623.0,6073.0,0.11298627002288329,0.1547482837528604,790.0,0.5659324942791762
18025,IN,Crawford County,2971.0,1443.0,1528.0,2485.0,,,486.0,,,1537.0,1434.0,2888.0,,12.0,,,,,421.0,532.0,329.0,2439.0,2805.0,2407.0,0.16358128576236958,0.17906428811847863,421.0,0.5143049478290138
18027,IN,Daviess County,5821.0,4098.0,1723.0,5156.0,20.0,5136.0,665.0,12.0,653.0,2729.0,3092.0,5561.0,45.0,57.0,11.0,,11.0,105.0,549.0,914.0,597.0,4907.0,5415.0,4509.0,0.11424153925442364,0.1570176945542003,665.0,0.2959972513313864
18029,IN,Dearborn County,12404.0,6358.0,6046.0,11131.0,45.0,11086.0,1273.0,24.0,1249.0,5810.0,6594.0,11572.0,73.0,72.0,46.0,,19.0,206.0,1048.0,1499.0,999.0,10905.0,11610.0,10029.0,0.1026281844566269,0.1208481135117704,1273.0,0.4874234118026443
18031,IN,Decatur County,6260.0,3324.0,2936.0,5501.0,18.0,5483.0,759.0,,,2834.0,3426.0,5971.0,13.0,42.0,24.0,,,,609.0,1058.0,650.0,5202.0,5907.0,5296.0,0.12124600638977635,0.16900958466453675,609.0,0.46900958466453674
18033,IN,Dekalb County,9773.0,3220.0,6553.0,8516.0,39.0,8477.0,1257.0,29.0,1228.0,4519.0,5254.0,9305.0,27.0,115.0,23.0,,15.0,241.0,1001.0,1346.0,842.0,8427.0,9260.0,8470.0,0.12861966642791364,0.1377263890310038,1257.0,0.670520822674716
18035,IN,Delaware County,24646.0,11580.0,13066.0,21025.0,94.0,20931.0,3621.0,72.0,3549.0,11097.0,13549.0,22219.0,1413.0,172.0,144.0,12.0,40.0,639.0,2942.0,4781.0,3315.0,19865.0,23325.0,21210.0,0.14692039276150287,0.19398685385052342,3621.0,0.5301468798182261
18037,IN,Dubois County,10453.0,7956.0,2497.0,9582.0,20.0,9562.0,871.0,12.0,859.0,4861.0,5592.0,9855.0,36.0,136.0,20.0,,,,715.0,1046.0,732.0,9407.0,9769.0,8714.0,0.08332536114034249,0.10006696642112312,715.0,0.23887879077776714
18039,IN,Elkhart County,37461.0,17800.0,19661.0,33463.0,102.0,33361.0,3998.0,115.0,3883.0,16969.0,20492.0,32682.0,1795.0,1714.0,310.0,16.0,54.0,925.0,3019.0,5424.0,3489.0,32037.0,34854.0,31219.0,0.10672432663303169,0.1447905822054937,3998.0,0.524839166066042
18041,IN,Fayette County,6424.0,3391.0,3033.0,5158.0,35.0,5123.0,1266.0,19.0,1247.0,3030.0,3394.0,6159.0,74.0,24.0,14.0,,17.0,266.0,983.0,1689.0,1136.0,4735.0,6173.0,5529.0,0.19707347447073476,0.262920298879203,1266.0,0.4721357409713574
18043,IN,Floyd County,17987.0,10468.0,7519.0,15747.0,60.0,15687.0,2240.0,44.0,2196.0,8068.0,9919.0,16336.0,814.0,178.0,111.0,11.0,30.0,490.0,1720.0,2650.0,1957.0,15337.0,16623.0,14664.0,0.12453438594540502,0.14732862623005505,2240.0,0.41802412853727694
18045,IN,Fountain County,4452.0,2447.0,2005.0,3942.0,,,510.0,11.0,499.0,2065.0,2387.0,4314.0,,36.0,,,,,422.0,595.0,364.0,3857.0,4155.0,3641.0,0.11455525606469003,0.13364779874213836,422.0,0.4503593890386343
18047,IN,Franklin County,5340.0,2832.0,2508.0,4712.0,20.0,4692.0,628.0,,,2556.0,2784.0,5107.0,,15.0,12.0,0.0,,,520.0,730.0,437.0,4610.0,5041.0,4504.0,0.11760299625468165,0.13670411985018727,520.0,0.4696629213483146
18049,IN,Fulton County,5059.0,2295.0,2764.0,4457.0,15.0,4442.0,602.0,19.0,583.0,2387.0,2672.0,4799.0,42.0,84.0,20.0,0.0,,,506.0,715.0,395.0,4344.0,4797.0,4377.0,0.11899584898201225,0.1413322791065428,506.0,0.5463530341964815
18051,IN,Gibson County,7829.0,4550.0,3279.0,6920.0,26.0,6894.0,909.0,,,3695.0,4134.0,7387.0,128.0,45.0,31.0,,13.0,161.0,735.0,1168.0,705.0,6661.0,7391.0,6316.0,0.11610678247541192,0.14918891301571083,909.0,0.4188274364542087
18053,IN,Grant County,16290.0,7946.0,8344.0,13682.0,56.0,13626.0,2608.0,59.0,2549.0,7333.0,8957.0,14403.0,1156.0,319.0,47.0,11.0,30.0,445.0,2133.0,3468.0,2311.0,12822.0,15244.0,13449.0,0.16009821976672806,0.2128913443830571,2608.0,0.5122160834868017
18055,IN,Greene County,8019.0,4548.0,3471.0,6913.0,21.0,6892.0,1106.0,18.0,1088.0,3803.0,4216.0,7801.0,,37.0,16.0,,,,929.0,1316.0,843.0,6703.0,7511.0,6192.0,0.13792243421873052,0.16411023818431225,929.0,0.43284698840254393
18057,IN,Hamilton County,62311.0,35471.0,26840.0,58668.0,147.0,58521.0,3643.0,98.0,3545.0,27660.0,34651.0,54473.0,2093.0,918.0,1901.0,22.0,99.0,912.0,2632.0,4411.0,3375.0,57900.0,57326.0,52226.0,0.0584647975477845,0.07079006916916757,3643.0,0.43074256551812684
18059,IN,Hancock County,18962.0,9376.0,9586.0,17292.0,72.0,17220.0,1670.0,49.0,1621.0,8519.0,10443.0,17420.0,591.0,202.0,193.0,,17.0,325.0,1328.0,1931.0,1298.0,17031.0,17582.0,15773.0,0.08807087859930388,0.10183524944626095,1670.0,0.5055373905706149
18061,IN,Harrison County,9951.0,5645.0,4306.0,8662.0,43.0,8619.0,1289.0,17.0,1272.0,4736.0,5215.0,9381.0,42.0,52.0,31.0,,16.0,219.0,1054.0,1362.0,849.0,8589.0,9274.0,8055.0,0.1295347201286303,0.13687066626469702,1289.0,0.4327203296151141
18063,IN,Hendricks County,32985.0,16108.0,16877.0,30440.0,112.0,30328.0,2545.0,85.0,2460.0,14603.0,18382.0,29313.0,1498.0,491.0,601.0,,43.0,523.0,1979.0,2856.0,2042.0,30129.0,30491.0,27668.0,0.07715628315901167,0.08658481127785357,2545.0,0.5116568137031984
18065,IN,Henry County,11784.0,5337.0,6447.0,10186.0,33.0,10153.0,1598.0,29.0,1569.0,5297.0,6487.0,11291.0,97.0,62.0,35.0,,12.0,247.0,1339.0,2125.0,1390.0,9659.0,11160.0,10055.0,0.13560760353021045,0.18032926001357774,1598.0,0.5470977596741344
18067,IN,Howard County,20628.0,10064.0,10564.0,17828.0,82.0,17746.0,2800.0,49.0,2751.0,9196.0,11432.0,18497.0,1185.0,282.0,125.0,,33.0,546.0,2221.0,3238.0,2163.0,17390.0,19555.0,17883.0,0.1357378320729106,0.15697110723288735,2800.0,0.5121194492922242
18069,IN,Huntington County,9423.0,3531.0,5892.0,8292.0,25.0,8267.0,1131.0,25.0,1106.0,4265.0,5158.0,8929.0,46.0,115.0,20.0,,,,920.0,1432.0,912.0,7991.0,8934.0,8275.0,0.12002546959567018,0.15196858749867345,920.0,0.6252785737026425
18071,IN,Jackson County,9769.0,4134.0,5635.0,8493.0,34.0,8459.0,1276.0,24.0,1252.0,4453.0,5316.0,9288.0,42.0,123.0,40.0,,16.0,192.0,1068.0,1650.0,1031.0,8119.0,9182.0,8404.0,0.13061725867540178,0.1689016275975023,1276.0,0.576824649401167
18073,IN,Jasper County,8018.0,4892.0,3126.0,7086.0,17.0,7069.0,932.0,13.0,919.0,3789.0,4229.0,7574.0,20.0,181.0,25.0,0.0,,,750.0,886.0,547.0,7132.0,7595.0,6823.0,0.11623846345722125,0.11050137191319531,750.0,0.3898727862309803
18075,IN,Jay County,4699.0,2377.0,2322.0,4049.0,14.0,4035.0,650.0,15.0,635.0,2200.0,2499.0,4511.0,,48.0,,,,,543.0,845.0,535.0,3854.0,4476.0,3969.0,0.1383273036816344,0.1798254947861247,543.0,0.4941476909980847
18077,IN,Jefferson County,7925.0,4417.0,3508.0,6837.0,24.0,6813.0,1088.0,20.0,1068.0,3624.0,4301.0,7581.0,106.0,48.0,14.0,0.0,13.0,175.0,900.0,1310.0,795.0,6615.0,7475.0,6637.0,0.13728706624605677,0.16529968454258676,1088.0,0.4426498422712934
18079,IN,Jennings County,6411.0,2860.0,3551.0,5207.0,17.0,5190.0,1204.0,11.0,1193.0,3072.0,3339.0,6173.0,45.0,35.0,17.0,,19.0,208.0,977.0,1356.0,898.0,5055.0,6036.0,5484.0,0.1878022149430666,0.21151146467009826,1204.0,0.5538917485571674
18081,IN,Johnson County,33186.0,16439.0,16747.0,30028.0,100.0,29928.0,3158.0,70.0,3088.0,14795.0,18391.0,30615.0,436.0,417.0,609.0,13.0,49.0,654.0,2455.0,4049.0,2773.0,29137.0,30885.0,27821.0,0.09516060989573917,0.12200928102211776,3158.0,0.5046405110588803
18083,IN,Knox County,8440.0,5628.0,2812.0,7317.0,27.0,7290.0,1123.0,18.0,1105.0,3877.0,4563.0,8094.0,93.0,61.0,35.0,,,,900.0,1660.0,1099.0,6780.0,7942.0,6726.0,0.1330568720379147,0.1966824644549763,900.0,0.33317535545023697
18085,IN,Kosciusko County,17772.0,6960.0,10812.0,16041.0,45.0,15996.0,1731.0,43.0,1688.0,8429.0,9343.0,16599.0,103.0,502.0,90.0,,30.0,326.0,1375.0,2109.0,1288.0,15663.0,16764.0,15263.0,0.0974004051316678,0.1186698176907495,1731.0,0.6083727211343687
18087,IN,Lagrange County,6258.0,2776.0,3482.0,5666.0,13.0,5653.0,592.0,13.0,579.0,2953.0,3305.0,5905.0,,132.0,23.0,,,,493.0,726.0,455.0,5532.0,5736.0,5126.0,0.0945989133908597,0.11601150527325024,493.0,0.5564077980185362
18089,IN,Lake County,104463.0,56575.0,47888.0,91940.0,702.0,91238.0,12523.0,593.0,11930.0,46519.0,57944.0,66408.0,22936.0,11494.0,1109.0,23.0,146.0,2507.0,9870.0,16987.0,11416.0,87476.0,96698.0,87358.0,0.11987976604156496,0.16261259967644046,12523.0,0.4584206848357792
18091,IN,Laporte County,25499.0,14391.0,11108.0,22356.0,112.0,22244.0,3143.0,102.0,3041.0,11799.0,13700.0,22306.0,1757.0,677.0,125.0,11.0,29.0,614.0,2500.0,3930.0,2574.0,21569.0,23948.0,21304.0,0.12325973567590887,0.15412369112514215,3143.0,0.4356249264677046
18093,IN,Lawrence County,11678.0,5899.0,5779.0,10130.0,39.0,10091.0,1548.0,37.0,1511.0,5448.0,6230.0,11280.0,45.0,71.0,31.0,12.0,20.0,259.0,1269.0,1948.0,1311.0,9730.0,10936.0,9519.0,0.1325569446823086,0.16680938516869326,1548.0,0.4948621339270423
18095,IN,Madison County,31172.0,12408.0,18764.0,26788.0,105.0,26683.0,4384.0,84.0,4300.0,13988.0,17184.0,27714.0,2133.0,362.0,142.0,15.0,59.0,745.0,3580.0,5842.0,3950.0,25330.0,29347.0,27004.0,0.14063903503143846,0.18741177980238677,4384.0,0.6019504683690492
18097,IN,Marion County,158179.0,67745.0,90434.0,134598.0,793.0,133805.0,23581.0,978.0,22603.0,69792.0,88387.0,103163.0,43106.0,4243.0,2268.0,69.0,390.0,5252.0,17939.0,35294.0,26105.0,122885.0,144631.0,131874.0,0.14907794334266875,0.22312696375625082,23581.0,0.5717193812073663
18099,IN,Marshall County,10458.0,4468.0,5990.0,9408.0,31.0,9377.0,1050.0,22.0,1028.0,4774.0,5684.0,9725.0,41.0,355.0,46.0,,13.0,196.0,841.0,1381.0,847.0,9077.0,9871.0,9021.0,0.10040160642570281,0.13205201759418628,1050.0,0.5727672595142475
18101,IN,Martin County,2601.0,1759.0,842.0,2300.0,,,301.0,,,1271.0,1330.0,2531.0,,15.0,,0.0,,,253.0,403.0,246.0,2198.0,2409.0,1964.0,0.11572472126105345,0.15494040753556323,253.0,0.3237216455209535
18103,IN,Miami County,7950.0,4059.0,3891.0,6806.0,23.0,6783.0,1144.0,20.0,1124.0,3717.0,4233.0,7484.0,116.0,62.0,25.0,,16.0,193.0,935.0,1302.0,791.0,6648.0,7560.0,6413.0,0.14389937106918238,0.16377358490566038,1144.0,0.4894339622641509
18105,IN,Monroe County,23541.0,13810.0,9731.0,21311.0,75.0,21236.0,2230.0,42.0,2188.0,10604.0,12937.0,21628.0,519.0,237.0,320.0,16.0,37.0,509.0,1684.0,3146.0,2267.0,20395.0,21683.0,19349.0,0.09472834628945244,0.133639182702519,2230.0,0.4133639182702519
18107,IN,Montgomery County,8991.0,4508.0,4483.0,7796.0,31.0,7765.0,1195.0,19.0,1176.0,4091.0,4900.0,8543.0,83.0,94.0,43.0,,15.0,238.0,942.0,1397.0,977.0,7594.0,8481.0,7620.0,0.13291068846624401,0.15537759982204427,1195.0,0.49860972083194305
18109,IN,Morgan County,18218.0,8241.0,9977.0,16166.0,46.0,16120.0,2052.0,36.0,2016.0,8506.0,9712.0,17420.0,108.0,140.0,61.0,,15.0,362.0,1675.0,2343.0,1537.0,15875.0,16970.0,15234.0,0.112635854649248,0.12860906795477,2052.0,0.5476451860797014
18111,IN,Newton County,3340.0,1995.0,1345.0,2948.0,,,392.0,,,1621.0,1719.0,3163.0,16.0,65.0,,,,,325.0,445.0,265.0,2895.0,3140.0,2807.0,0.11736526946107785,0.13323353293413173,325.0,0.4026946107784431
18113,IN,Noble County,10223.0,3682.0,6541.0,8913.0,39.0,8874.0,1310.0,27.0,1283.0,4826.0,5397.0,9505.0,26.0,337.0,43.0,,,,1085.0,1446.0,883.0,8777.0,9659.0,8765.0,0.1281424239460041,0.14144575956177247,1085.0,0.6398317519319182
18115,IN,Ohio County,1638.0,741.0,897.0,1435.0,,,203.0,,,782.0,856.0,1567.0,,,,0.0,,,170.0,260.0,139.0,1378.0,1536.0,1307.0,0.12393162393162394,0.15873015873015872,170.0,0.5476190476190477
18117,IN,Orange County,4944.0,2627.0,2317.0,4256.0,27.0,4229.0,688.0,11.0,677.0,2328.0,2616.0,4765.0,23.0,36.0,19.0,,,,570.0,1030.0,628.0,3914.0,4619.0,4047.0,0.13915857605177995,0.20833333333333334,570.0,0.46864886731391586
18119,IN,Owen County,5595.0,2564.0,3031.0,4888.0,22.0,4866.0,707.0,14.0,693.0,2742.0,2853.0,5419.0,16.0,34.0,11.0,,,,591.0,877.0,505.0,4718.0,5214.0,4557.0,0.12636282394995532,0.15674709562109027,591.0,0.5417336907953529
18121,IN,Parke County,3899.0,1998.0,1901.0,3432.0,,,467.0,,,1921.0,1978.0,3792.0,,23.0,,,,,393.0,593.0,351.0,3306.0,3710.0,3264.0,0.11977430110284688,0.15209027955886126,393.0,0.4875609130546294
18123,IN,Perry County,4621.0,2629.0,1992.0,4050.0,16.0,4034.0,571.0,,,2159.0,2462.0,4466.0,,17.0,,,,,474.0,704.0,399.0,3917.0,4391.0,3829.0,0.1235663276347111,0.1523479766284354,474.0,0.43107552477818656
18125,IN,Pike County,2972.0,1593.0,1379.0,2564.0,,,408.0,,,1458.0,1514.0,2895.0,,,,,,,338.0,491.0,313.0,2481.0,2802.0,2308.0,0.13728129205921938,0.1652086137281292,338.0,0.4639973082099596
18127,IN,Porter County,38712.0,22948.0,15764.0,34891.0,158.0,34733.0,3821.0,105.0,3716.0,17609.0,21103.0,33998.0,1057.0,2180.0,370.0,12.0,45.0,729.0,3047.0,3935.0,2635.0,34777.0,35884.0,32379.0,0.09870324447199835,0.10164806778259972,3821.0,0.40721223393263073
18129,IN,Posey County,6146.0,3697.0,2449.0,5571.0,24.0,5547.0,575.0,,,2974.0,3172.0,5893.0,52.0,15.0,11.0,,,,483.0,643.0,417.0,5503.0,5807.0,5309.0,0.09355678490074845,0.10462089163683697,483.0,0.39847054995118775
18131,IN,Pulaski County,3292.0,1858.0,1434.0,2854.0,11.0,2843.0,438.0,,,1603.0,1689.0,3136.0,19.0,38.0,13.0,0.0,,,355.0,480.0,279.0,2812.0,3154.0,2756.0,0.1330498177399757,0.14580801944106925,355.0,0.4356014580801944
18133,IN,Putnam County,8464.0,3978.0,4486.0,7447.0,22.0,7425.0,1017.0,14.0,1003.0,3935.0,4529.0,8126.0,50.0,50.0,35.0,,,,826.0,1321.0,831.0,7143.0,7932.0,7070.0,0.12015595463137996,0.15607277882797732,826.0,0.5300094517958412
18135,IN,Randolph County,6138.0,3521.0,2617.0,5384.0,21.0,5363.0,754.0,,,2853.0,3285.0,5889.0,25.0,55.0,14.0,,12.0,113.0,629.0,998.0,610.0,5140.0,5829.0,4977.0,0.12284131638970348,0.162593678722711,754.0,0.4263603779732812
18137,IN,Ripley County,7364.0,3845.0,3519.0,6486.0,22.0,6464.0,878.0,,,3435.0,3929.0,7038.0,,39.0,21.0,,11.0,145.0,722.0,1013.0,633.0,6351.0,6913.0,6099.0,0.11922868006518196,0.13756110809342748,878.0,0.4778652906029332
18139,IN,Rush County,3975.0,2123.0,1852.0,3432.0,,,543.0,,,1849.0,2126.0,3735.0,31.0,16.0,,,,,446.0,672.0,422.0,3303.0,3748.0,3312.0,0.13660377358490566,0.16905660377358492,446.0,0.46591194968553457
18143,IN,Scott County,5953.0,2737.0,3216.0,4773.0,23.0,4750.0,1180.0,17.0,1163.0,2763.0,3190.0,5704.0,,56.0,18.0,,13.0,167.0,1000.0,1426.0,854.0,4527.0,5620.0,5031.0,0.19821938518394086,0.23954308751889802,1180.0,0.5402318158911473
18145,IN,Shelby County,10375.0,4408.0,5967.0,9060.0,37.0,9023.0,1315.0,21.0,1294.0,4769.0,5606.0,9868.0,91.0,92.0,33.0,,11.0,269.0,1035.0,1777.0,1060.0,8598.0,9760.0,8895.0,0.12674698795180722,0.17127710843373495,1315.0,0.5751325301204819
18147,IN,Spencer County,5156.0,2892.0,2264.0,4603.0,13.0,4590.0,553.0,,,2486.0,2670.0,4957.0,27.0,40.0,,,,,469.0,663.0,415.0,4493.0,4865.0,4290.0,0.10725368502715284,0.12858805275407292,469.0,0.439100077579519
18141,IN,St. Joseph County,54505.0,24977.0,29528.0,48552.0,198.0,48354.0,5953.0,210.0,5743.0,24503.0,30002.0,44717.0,5719.0,1638.0,647.0,47.0,92.0,1286.0,4575.0,8680.0,6149.0,45825.0,50645.0,46224.0,0.10921933767544262,0.159251444821576,5953.0,0.5417484634437207
18149,IN,Starke County,6038.0,3039.0,2999.0,5069.0,12.0,5057.0,969.0,,,2927.0,3111.0,5740.0,14.0,129.0,18.0,,,,810.0,1049.0,588.0,4989.0,5747.0,5084.0,0.1604836038423319,0.17373302418019212,810.0,0.49668764491553496
18151,IN,Steuben County,9132.0,3286.0,5846.0,8236.0,22.0,8214.0,896.0,16.0,880.0,4305.0,4827.0,8658.0,23.0,110.0,25.0,,,,732.0,1021.0,619.0,8111.0,8693.0,7937.0,0.09811651335961455,0.11180464301357862,732.0,0.6401664476565923
18153,IN,Sullivan County,4756.0,2704.0,2052.0,4058.0,13.0,4045.0,698.0,12.0,686.0,2250.0,2506.0,4633.0,,23.0,11.0,,,,586.0,806.0,482.0,3950.0,4490.0,3798.0,0.14676198486122793,0.16947014297729185,586.0,0.4314550042052145
18155,IN,Switzerland County,2225.0,1072.0,1153.0,1858.0,,,367.0,,,1104.0,1121.0,2153.0,,,,,,,308.0,451.0,274.0,1774.0,2090.0,1789.0,0.1649438202247191,0.20269662921348314,308.0,0.5182022471910113
18157,IN,Tippecanoe County,28134.0,15696.0,12438.0,25045.0,101.0,24944.0,3089.0,82.0,3007.0,12481.0,15653.0,24890.0,898.0,785.0,445.0,15.0,40.0,706.0,2343.0,3979.0,2841.0,24155.0,26120.0,23830.0,0.10979597639866354,0.14143029786024028,3089.0,0.4420985284708893
18159,IN,Tipton County,3825.0,2080.0,1745.0,3492.0,,,333.0,,,1755.0,2070.0,3633.0,,25.0,15.0,0.0,,,276.0,364.0,208.0,3461.0,3598.0,3262.0,0.08705882352941176,0.09516339869281046,276.0,0.4562091503267974
18161,IN,Union County,1839.0,1003.0,836.0,1606.0,,,233.0,,,869.0,970.0,1773.0,,,,,,,188.0,322.0,202.0,1517.0,1751.0,1526.0,0.12669929309407288,0.17509516041326809,188.0,0.45459488852637303
18163,IN,Vanderburgh County,40425.0,21499.0,18926.0,35053.0,153.0,34900.0,5372.0,131.0,5241.0,18345.0,22080.0,35555.0,3134.0,335.0,287.0,,62.0,1030.0,4280.0,7012.0,4828.0,33413.0,37863.0,34210.0,0.13288806431663575,0.17345701917130488,5372.0,0.4681756338899196
18165,IN,Vermillion County,3947.0,2142.0,1805.0,3381.0,17.0,3364.0,566.0,,,1842.0,2105.0,3814.0,,20.0,20.0,,,,468.0,727.0,425.0,3220.0,3743.0,3316.0,0.143400050671396,0.18419052444894857,468.0,0.4573093488725614
18167,IN,Vigo County,23162.0,12375.0,10787.0,19597.0,94.0,19503.0,3565.0,72.0,3493.0,10313.0,12849.0,21126.0,1028.0,230.0,233.0,12.0,44.0,752.0,2769.0,5096.0,3549.0,18066.0,21856.0,19091.0,0.15391589672739833,0.22001554269924878,3565.0,0.46571971332354717
18169,IN,Wabash County,8368.0,3717.0,4651.0,7389.0,21.0,7368.0,979.0,12.0,967.0,3813.0,4555.0,8028.0,21.0,82.0,25.0,,16.0,144.0,819.0,1196.0,735.0,7172.0,7947.0,7217.0,0.11699330783938815,0.14292543021032506,979.0,0.5558078393881453
18171,IN,Warren County,1892.0,1149.0,743.0,1713.0,,,179.0,0.0,179.0,915.0,977.0,1851.0,,,,,0.0,26.0,153.0,197.0,130.0,1695.0,1768.0,1552.0,0.09460887949260043,0.10412262156448203,179.0,0.3927061310782241
18173,IN,Warrick County,15048.0,8376.0,6672.0,13691.0,35.0,13656.0,1357.0,27.0,1330.0,6933.0,8115.0,14130.0,219.0,95.0,134.0,,25.0,255.0,1077.0,1598.0,1091.0,13450.0,14178.0,12451.0,0.09017809675704412,0.10619351408825094,1357.0,0.4433811802232855
18175,IN,Washington County,6582.0,3299.0,3283.0,5535.0,23.0,5512.0,1047.0,15.0,1032.0,3094.0,3488.0,6355.0,11.0,25.0,14.0,,,,888.0,1244.0,718.0,5338.0,6177.0,5429.0,0.15907019143117593,0.18900030385900943,888.0,0.49878456396232146
18177,IN,Wayne County,16493.0,9879.0,6614.0,13718.0,87.0,13631.0,2775.0,44.0,2731.0,7399.0,9094.0,15074.0,769.0,130.0,58.0,,39.0,503.0,2233.0,3689.0,2500.0,12804.0,15543.0,13194.0,0.1682531983265628,0.2236706481537622,2775.0,0.4010186139574365
18179,IN,Wells County,6694.0,3003.0,3691.0,5962.0,21.0,5941.0,732.0,13.0,719.0,3059.0,3635.0,6342.0,22.0,68.0,16.0,,12.0,160.0,560.0,952.0,614.0,5742.0,6368.0,5918.0,0.10935165820137437,0.1422169106662683,732.0,0.5513893038541978
18181,IN,White County,6677.0,3903.0,2774.0,6002.0,17.0,5985.0,675.0,,,3144.0,3533.0,6303.0,15.0,129.0,26.0,,,,555.0,857.0,490.0,5820.0,6282.0,5578.0,0.10109330537666616,0.12835105586341172,555.0,0.4154560431331436
18183,IN,Whitley County,8593.0,2712.0,5881.0,7835.0,27.0,7808.0,758.0,14.0,744.0,4029.0,4564.0,8191.0,26.0,71.0,29.0,,,,611.0,848.0,511.0,7745.0,8119.0,7461.0,0.08821133480740137,0.09868497614337252,611.0,0.684394274409403
18999,IN,Unknown,,,,,,,,,,,,,,,,,,,,,,,,,,,0.0,
19001,IA,Adair County,1880.0,1356.0,524.0,1717.0,,,163.0,0.0,163.0,875.0,1005.0,1827.0,,,,0.0,,,126.0,185.0,124.0,1695.0,1758.0,1584.0,0.08670212765957447,0.09840425531914894,126.0,0.27872340425531916
19003,IA,Adams County,1093.0,917.0,176.0,966.0,,,127.0,,,520.0,573.0,1059.0,,,,0.0,,,85.0,154.0,125.0,939.0,1028.0,928.0,0.1161939615736505,0.14089661482159194,85.0,0.16102470265324795
19005,IA,Allamakee County,3768.0,2717.0,1051.0,3546.0,,,222.0,,,1861.0,1907.0,3621.0,,34.0,12.0,,,,171.0,333.0,212.0,3435.0,3581.0,3156.0,0.0589171974522293,0.08837579617834394,171.0,0.278927813163482
19007,IA,Appanoose County,3472.0,1972.0,1500.0,3054.0,,,418.0,,,1634.0,1838.0,3329.0,19.0,38.0,,,,,330.0,596.0,415.0,2876.0,3323.0,2985.0,0.12039170506912443,0.1716589861751152,330.0,0.43202764976958524
19009,IA,Audubon County,1596.0,1276.0,320.0,1471.0,,,125.0,,,785.0,811.0,1540.0,,,,0.0,,,95.0,172.0,117.0,1424.0,1513.0,1381.0,0.07832080200501253,0.10776942355889724,95.0,0.20050125313283207
19011,IA,Benton County,6100.0,3713.0,2387.0,5540.0,16.0,5524.0,560.0,,,2907.0,3193.0,5905.0,19.0,19.0,12.0,,,,448.0,579.0,401.0,5521.0,5703.0,5232.0,0.09180327868852459,0.09491803278688525,448.0,0.3913114754098361
19013,IA,Black Hawk County,28723.0,14297.0,14426.0,25026.0,89.0,24937.0,3697.0,81.0,3616.0,13112.0,15611.0,24859.0,2242.0,397.0,207.0,19.0,57.0,916.0,2724.0,4479.0,3183.0,24244.0,27184.0,25167.0,0.12871218187515232,0.1559377502350033,3697.0,0.5022455871601156
19015,IA,Boone County,6361.0,4115.0,2246.0,5796.0,,,565.0,,,2963.0,3398.0,6085.0,24.0,38.0,20.0,,,,448.0,600.0,415.0,5761.0,5953.0,5343.0,0.08882251218361893,0.09432479169941833,448.0,0.35308913692815597
19017,IA,Bremer County,5936.0,3887.0,2049.0,5555.0,14.0,5541.0,381.0,,,2722.0,3214.0,5667.0,13.0,24.0,,,,,285.0,378.0,266.0,5558.0,5642.0,5198.0,0.06418463611859838,0.06367924528301887,285.0,0.3451819407008086
19019,IA,Buchanan County,4884.0,2859.0,2025.0,4433.0,,,451.0,,,2301.0,2583.0,4745.0,12.0,14.0,,,,,335.0,516.0,362.0,4368.0,4587.0,4217.0,0.09234234234234234,0.10565110565110565,335.0,0.4146191646191646
19021,IA,Buena Vista County,4008.0,3141.0,867.0,3701.0,15.0,3686.0,307.0,11.0,296.0,1893.0,2115.0,3321.0,28.0,403.0,137.0,,,,231.0,509.0,352.0,3499.0,3700.0,3323.0,0.07659680638722555,0.12699600798403193,231.0,0.21631736526946108
19023,IA,Butler County,3978.0,2687.0,1291.0,3672.0,12.0,3660.0,306.0,,,1906.0,2072.0,3851.0,,21.0,,,,,243.0,333.0,250.0,3645.0,3791.0,3448.0,0.07692307692307693,0.083710407239819,243.0,0.324534942182001
19025,IA,Calhoun County,2745.0,2036.0,709.0,2507.0,,,238.0,0.0,238.0,1291.0,1454.0,2642.0,,12.0,,,,,167.0,325.0,230.0,2420.0,2604.0,2343.0,0.08670309653916211,0.11839708561020036,167.0,0.258287795992714
19027,IA,Carroll County,5471.0,4286.0,1185.0,4930.0,18.0,4912.0,541.0,12.0,529.0,2526.0,2945.0,5272.0,21.0,31.0,13.0,,20.0,168.0,353.0,624.0,516.0,4847.0,5142.0,4665.0,0.0988850301590203,0.11405593127399014,541.0,0.21659660025589472
19029,IA,Cass County,3735.0,2798.0,937.0,3311.0,,,424.0,,,1688.0,2047.0,3583.0,,25.0,,,,,304.0,560.0,400.0,3175.0,3535.0,3173.0,0.11352074966532798,0.1499330655957162,304.0,0.2508701472556894
19031,IA,Cedar County,4439.0,2799.0,1640.0,4142.0,12.0,4130.0,297.0,,,2105.0,2334.0,4238.0,,30.0,,,,,226.0,334.0,233.0,4105.0,4121.0,3696.0,0.06690696102725839,0.07524217166028385,226.0,0.369452579409777
19033,IA,Cerro Gordo County,12092.0,8633.0,3459.0,10921.0,25.0,10896.0,1171.0,20.0,1151.0,5506.0,6586.0,11307.0,93.0,245.0,69.0,,13.0,276.0,882.0,1593.0,1125.0,10499.0,11393.0,10076.0,0.0968408865365531,0.13173999338405556,1171.0,0.28605689712206417
19035,IA,Cherokee County,3205.0,2518.0,687.0,2964.0,,,241.0,,,1517.0,1688.0,3083.0,13.0,30.0,,,,,187.0,311.0,214.0,2894.0,2976.0,2671.0,0.07519500780031202,0.0970358814352574,187.0,0.21435257410296413
19037,IA,Chickasaw County,3031.0,2206.0,825.0,2824.0,,,207.0,,,1436.0,1595.0,2943.0,,12.0,,0.0,,,156.0,231.0,182.0,2800.0,2866.0,2584.0,0.06829429231276807,0.07621247113163972,156.0,0.2721873968987133
19039,IA,Clarke County,2163.0,1211.0,952.0,1964.0,,,199.0,,,1025.0,1138.0,2008.0,,95.0,12.0,,,,158.0,302.0,209.0,1861.0,2025.0,1777.0,0.09200184928340269,0.1396208969024503,158.0,0.4401294498381877
19041,IA,Clay County,4299.0,3496.0,803.0,3925.0,,,374.0,12.0,362.0,1982.0,2317.0,4106.0,,24.0,19.0,0.0,,,269.0,509.0,343.0,3790.0,4099.0,3670.0,0.08699697604093976,0.11839962782042335,269.0,0.18678762502907653
19043,IA,Clayton County,5116.0,3272.0,1844.0,4711.0,14.0,4697.0,405.0,,,2487.0,2629.0,4926.0,,31.0,11.0,,,,316.0,527.0,373.0,4589.0,4835.0,4331.0,0.07916340891321345,0.10301016419077404,316.0,0.3604378420641126
19045,IA,Clinton County,11584.0,6611.0,4973.0,10254.0,30.0,10224.0,1330.0,31.0,1299.0,5451.0,6133.0,10956.0,201.0,110.0,48.0,,28.0,290.0,1012.0,1631.0,1150.0,9953.0,10954.0,9926.0,0.1148135359116022,0.14079765193370167,1330.0,0.4292990331491713
19047,IA,Crawford County,3537.0,2673.0,864.0,3192.0,,,345.0,,,1727.0,1810.0,3166.0,12.0,241.0,21.0,,12.0,77.0,256.0,461.0,302.0,3076.0,3320.0,2960.0,0.09754028837998303,0.13033644331354255,345.0,0.24427480916030533
19049,IA,Dallas County,15459.0,9553.0,5906.0,14369.0,35.0,14334.0,1090.0,33.0,1057.0,6908.0,8551.0,14202.0,173.0,377.0,210.0,,24.0,267.0,799.0,1294.0,950.0,14165.0,14399.0,13083.0,0.07050908855682773,0.0837052849472799,1090.0,0.38204282295103176
19051,IA,Davis County,1892.0,1261.0,631.0,1743.0,,,149.0,,,908.0,984.0,1838.0,,15.0,,,,,110.0,196.0,133.0,1696.0,1806.0,1598.0,0.07875264270613108,0.10359408033826638,110.0,0.3335095137420719
19053,IA,Decatur County,1914.0,1241.0,673.0,1687.0,,,227.0,,,910.0,1004.0,1859.0,,,,,,,175.0,329.0,220.0,1585.0,1823.0,1605.0,0.11859979101358412,0.17189132706374086,175.0,0.351619644723093
19055,IA,Delaware County,4375.0,2791.0,1584.0,4052.0,14.0,4038.0,323.0,,,2156.0,2219.0,4217.0,12.0,22.0,,,,,243.0,373.0,271.0,4002.0,4144.0,3823.0,0.07382857142857142,0.08525714285714285,243.0,0.36205714285714286
19057,IA,Des Moines County,10074.0,6876.0,3198.0,8888.0,31.0,8857.0,1186.0,19.0,1167.0,4661.0,5413.0,9295.0,365.0,124.0,45.0,,21.0,266.0,899.0,1434.0,968.0,8640.0,9561.0,8590.0,0.11772880682946198,0.14234663490172722,1186.0,0.31745086360929126
19059,IA,Dickinson County,5835.0,4673.0,1162.0,5526.0,,,309.0,,,2716.0,3119.0,5593.0,,21.0,22.0,,12.0,76.0,221.0,407.0,283.0,5428.0,5578.0,5047.0,0.05295629820051414,0.06975149957155098,309.0,0.19914310197086546
19061,IA,Dubuque County,23146.0,9164.0,13982.0,21027.0,53.0,20974.0,2119.0,34.0,2085.0,10605.0,12541.0,22095.0,263.0,165.0,108.0,,40.0,557.0,1522.0,2520.0,1906.0,20626.0,21805.0,19698.0,0.09154929577464789,0.10887410351680636,2119.0,0.604078458480947
19063,IA,Emmet County,2472.0,2017.0,455.0,2292.0,,,180.0,,,1161.0,1311.0,2364.0,,51.0,,0.0,,,139.0,231.0,149.0,2241.0,2317.0,2031.0,0.07281553398058252,0.09344660194174757,139.0,0.18406148867313915
19065,IA,Fayette County,5339.0,3610.0,1729.0,4769.0,16.0,4753.0,570.0,,,2542.0,2797.0,5100.0,22.0,46.0,12.0,,12.0,148.0,410.0,748.0,529.0,4591.0,5041.0,4599.0,0.10676156583629894,0.14010114253605543,570.0,0.3238434163701068
19067,IA,Floyd County,4062.0,2892.0,1170.0,3577.0,12.0,3565.0,485.0,,,1887.0,2175.0,3832.0,33.0,51.0,30.0,,,,342.0,569.0,400.0,3493.0,3849.0,3445.0,0.11939931068439193,0.14007877892663712,342.0,0.2880354505169867
19069,IA,Franklin County,2406.0,1925.0,481.0,2192.0,,,214.0,,,1119.0,1287.0,2308.0,,56.0,,,,,168.0,226.0,153.0,2180.0,2275.0,2055.0,0.0889443059019119,0.09393183707398171,168.0,0.1999168744804655
19071,IA,Fremont County,1891.0,1378.0,513.0,1715.0,,,176.0,,,907.0,984.0,1818.0,,14.0,,,,,136.0,193.0,128.0,1698.0,1773.0,1563.0,0.09307244843997885,0.10206240084611316,136.0,0.27128503437334744
19073,IA,Greene County,2475.0,1588.0,887.0,2259.0,,,216.0,,,1159.0,1316.0,2344.0,,37.0,,,,,163.0,262.0,164.0,2213.0,2317.0,2087.0,0.08727272727272728,0.10585858585858586,163.0,0.35838383838383836
19075,IA,Grundy County,3047.0,1894.0,1153.0,2845.0,,,202.0,,,1396.0,1651.0,2926.0,,,,,,,153.0,234.0,159.0,2813.0,2908.0,2668.0,0.0662947161142107,0.07679684936002626,153.0,0.37840498851329174
19077,IA,Guthrie County,3133.0,1975.0,1158.0,2892.0,,,241.0,,,1489.0,1644.0,3010.0,,29.0,,,,,182.0,311.0,215.0,2822.0,2945.0,2669.0,0.07692307692307693,0.0992658793488669,182.0,0.36961378870092565
19079,IA,Hamilton County,3585.0,2663.0,922.0,3294.0,12.0,3282.0,291.0,,,1705.0,1880.0,3394.0,,41.0,34.0,,,,229.0,364.0,239.0,3221.0,3348.0,2982.0,0.08117154811715481,0.10153417015341702,229.0,0.25718270571827057
19081,IA,Hancock County,2721.0,2194.0,527.0,2545.0,,,176.0,,,1297.0,1424.0,2627.0,,23.0,,,,,138.0,211.0,149.0,2510.0,2561.0,2278.0,0.06468210216832047,0.07754502021315693,138.0,0.19367879456082324
19083,IA,Hardin County,4549.0,3156.0,1393.0,4151.0,13.0,4138.0,398.0,,,2123.0,2426.0,4345.0,,57.0,14.0,,,,302.0,503.0,341.0,4046.0,4282.0,3888.0,0.08749175642998461,0.11057375247307101,302.0,0.30622114750494617
19085,IA,Harrison County,3724.0,2573.0,1151.0,3346.0,,,378.0,,,1768.0,1956.0,3594.0,,22.0,,,,,284.0,477.0,358.0,3247.0,3500.0,3052.0,0.10150375939849623,0.12808807733619765,284.0,0.30907626208378086
19087,IA,Henry County,4823.0,3499.0,1324.0,4324.0,20.0,4304.0,499.0,,,2213.0,2610.0,4559.0,33.0,56.0,56.0,,,,422.0,592.0,390.0,4231.0,4580.0,4090.0,0.10346257516068837,0.12274517934895293,422.0,0.27451793489529336
19089,IA,Howard County,2481.0,1980.0,501.0,2288.0,,,193.0,,,1196.0,1285.0,2412.0,,14.0,,,,,141.0,226.0,152.0,2255.0,2362.0,2064.0,0.07779121322047561,0.09109230149133414,141.0,0.20193470374848851
19091,IA,Humboldt County,2442.0,1918.0,524.0,2254.0,,,188.0,,,1141.0,1301.0,2364.0,,20.0,,0.0,,,142.0,229.0,154.0,2213.0,2279.0,2039.0,0.07698607698607698,0.09377559377559377,142.0,0.21457821457821458
19093,IA,Ida County,1754.0,1362.0,392.0,1618.0,,,136.0,,,827.0,927.0,1691.0,,14.0,,0.0,,,100.0,171.0,115.0,1583.0,1645.0,1490.0,0.07753705815279362,0.0974914481185861,100.0,0.2234891676168757
19095,IA,Iowa County,4133.0,2697.0,1436.0,3813.0,13.0,3800.0,320.0,,,1971.0,2162.0,3968.0,12.0,23.0,14.0,0.0,,,236.0,324.0,225.0,3809.0,3836.0,3458.0,0.07742559883861602,0.07839341882409871,236.0,0.34744737478828935
19097,IA,Jackson County,5316.0,2818.0,2498.0,4762.0,17.0,4745.0,554.0,,,2553.0,2763.0,5104.0,16.0,26.0,19.0,0.0,,,410.0,671.0,486.0,4645.0,5004.0,4481.0,0.10421369450714824,0.1262227238525207,410.0,0.46990218209179835
19099,IA,Jasper County,8975.0,5215.0,3760.0,7902.0,22.0,7880.0,1073.0,14.0,1059.0,4177.0,4798.0,8435.0,50.0,68.0,60.0,,15.0,256.0,802.0,1174.0,858.0,7801.0,8464.0,7689.0,0.11955431754874651,0.13080779944289694,1073.0,0.41894150417827297
19101,IA,Jefferson County,4870.0,2650.0,2220.0,4500.0,13.0,4487.0,370.0,,,2381.0,2489.0,4567.0,27.0,43.0,55.0,,,,268.0,668.0,430.0,4202.0,4631.0,3948.0,0.07597535934291581,0.1371663244353183,268.0,0.45585215605749485
19103,IA,Johnson County,25485.0,16679.0,8806.0,23239.0,58.0,23181.0,2246.0,55.0,2191.0,11730.0,13755.0,22498.0,837.0,511.0,526.0,15.0,39.0,716.0,1491.0,2834.0,2244.0,22651.0,22862.0,19706.0,0.08813027270943692,0.11120266823621738,2246.0,0.34553659015106925
19105,IA,Jones County,4979.0,2666.0,2313.0,4555.0,,,424.0,,,2384.0,2595.0,4776.0,20.0,25.0,,,,,320.0,478.0,343.0,4501.0,4686.0,4275.0,0.08515766218116087,0.09600321349668609,320.0,0.464551114681663
19107,IA,Keokuk County,2589.0,1702.0,887.0,2363.0,,,226.0,,,1257.0,1332.0,2516.0,,18.0,,,,,180.0,275.0,167.0,2314.0,2397.0,2113.0,0.08729239088451139,0.10621861722672847,180.0,0.34260332174584784
19109,IA,Kossuth County,4063.0,3293.0,770.0,3748.0,12.0,3736.0,315.0,,,1959.0,2104.0,3919.0,,24.0,,,,,243.0,405.0,276.0,3658.0,3842.0,3377.0,0.07752891951759783,0.09968003937976865,243.0,0.18951513659857247
19111,IA,Lee County,8777.0,6613.0,2164.0,7726.0,45.0,7681.0,1051.0,21.0,1030.0,4089.0,4688.0,8220.0,147.0,180.0,25.0,,17.0,215.0,819.0,1314.0,897.0,7463.0,8338.0,7350.0,0.11974478751281759,0.1497094679275379,1051.0,0.24655349208157684
19113,IA,Linn County,47936.0,24766.0,23170.0,42924.0,119.0,42805.0,5012.0,97.0,4915.0,21768.0,26168.0,44082.0,1387.0,561.0,418.0,40.0,104.0,1312.0,3596.0,6000.0,4450.0,41936.0,45094.0,41575.0,0.10455607476635514,0.12516688918558078,5012.0,0.48335280373831774
19115,IA,Louisa County,2570.0,1620.0,950.0,2317.0,,,253.0,,,1252.0,1318.0,2348.0,,166.0,,,,,207.0,297.0,197.0,2273.0,2399.0,2160.0,0.09844357976653696,0.11556420233463036,207.0,0.36964980544747084
19117,IA,Lucas County,2258.0,1459.0,799.0,2009.0,,,249.0,,,1091.0,1167.0,2182.0,,14.0,,0.0,0.0,46.0,203.0,322.0,210.0,1936.0,2089.0,1860.0,0.11027457927369354,0.14260407440212577,249.0,0.3538529672276351
19119,IA,Lyon County,2553.0,1963.0,590.0,2421.0,,,132.0,,,1218.0,1335.0,2495.0,,12.0,,,,,103.0,158.0,107.0,2395.0,2391.0,2149.0,0.05170387779083431,0.06188797493145319,103.0,0.23110066588327458
19121,IA,Madison County,3720.0,2157.0,1563.0,3437.0,,,283.0,,,1757.0,1963.0,3590.0,,20.0,,,,,227.0,309.0,218.0,3411.0,3495.0,3121.0,0.0760752688172043,0.08306451612903226,227.0,0.42016129032258065
19123,IA,Mahaska County,4967.0,3040.0,1927.0,4437.0,19.0,4418.0,530.0,,,2336.0,2631.0,4758.0,18.0,34.0,49.0,0.0,11.0,110.0,409.0,713.0,489.0,4254.0,4602.0,4154.0,0.1067042480370445,0.14354741292530704,530.0,0.38796053956110327
19125,IA,Marion County,7954.0,5218.0,2736.0,7214.0,23.0,7191.0,740.0,12.0,728.0,3722.0,4232.0,7573.0,45.0,52.0,48.0,,14.0,155.0,571.0,789.0,578.0,7165.0,7485.0,6706.0,0.09303495096806638,0.09919537339703294,740.0,0.3439778727684184
19127,IA,Marshall County,8952.0,5252.0,3700.0,8044.0,36.0,8008.0,908.0,19.0,889.0,4242.0,4710.0,7900.0,81.0,614.0,74.0,,18.0,215.0,675.0,1393.0,990.0,7559.0,8377.0,7651.0,0.10142984807864164,0.1556076854334227,908.0,0.41331546023235033
19129,IA,Mills County,3530.0,2325.0,1205.0,3214.0,,,316.0,,,1695.0,1835.0,3352.0,12.0,44.0,,,,,248.0,301.0,212.0,3229.0,3279.0,2752.0,0.08951841359773371,0.08526912181303116,248.0,0.3413597733711048
19131,IA,Mitchell County,2637.0,2130.0,507.0,2474.0,,,163.0,,,1246.0,1391.0,2540.0,,,,0.0,,,119.0,227.0,164.0,2410.0,2518.0,2219.0,0.06181266590822905,0.08608266970041714,119.0,0.19226393629124006
19133,IA,Monona County,2406.0,1479.0,927.0,2178.0,,,228.0,12.0,216.0,1115.0,1291.0,2330.0,,14.0,,,,,160.0,331.0,228.0,2075.0,2295.0,2071.0,0.09476309226932668,0.13757273482959267,160.0,0.385286783042394
19135,IA,Monroe County,1929.0,1243.0,686.0,1730.0,,,199.0,,,918.0,1011.0,1862.0,,16.0,,0.0,,,159.0,239.0,161.0,1690.0,1823.0,1651.0,0.10316226023846553,0.12389839294971487,159.0,0.3556246759979264
19137,IA,Montgomery County,2827.0,1958.0,869.0,2518.0,,,309.0,,,1337.0,1490.0,2721.0,,34.0,,,,,234.0,406.0,287.0,2421.0,2681.0,2355.0,0.10930314821365406,0.14361513972408915,234.0,0.30739299610894943
19139,IA,Muscatine County,9572.0,5605.0,3967.0,8566.0,30.0,8536.0,1006.0,24.0,982.0,4493.0,5079.0,8449.0,89.0,741.0,45.0,,21.0,224.0,761.0,1357.0,983.0,8215.0,8940.0,8066.0,0.1050982030923527,0.14176765566234853,1006.0,0.4144379440033431
19141,IA,O'Brien County,3531.0,2888.0,643.0,3220.0,13.0,3207.0,311.0,,,1643.0,1888.0,3356.0,,39.0,21.0,0.0,,,220.0,358.0,278.0,3173.0,3328.0,3001.0,0.08807703200226565,0.10138770886434438,220.0,0.18210138770886433
19143,IA,Osceola County,1516.0,1239.0,277.0,1406.0,,,110.0,,,707.0,809.0,1464.0,,14.0,,,,,87.0,127.0,83.0,1389.0,1418.0,1232.0,0.07255936675461741,0.08377308707124011,87.0,0.18271767810026385
19145,IA,Page County,4106.0,3032.0,1074.0,3638.0,18.0,3620.0,468.0,,,1900.0,2206.0,3938.0,16.0,27.0,15.0,,,,348.0,666.0,479.0,3440.0,3917.0,3493.0,0.11397954213346323,0.16220165611300535,348.0,0.26156843643448613
19147,IA,Palo Alto County,2452.0,2040.0,412.0,2258.0,,,194.0,,,1153.0,1299.0,2362.0,,19.0,,,,,150.0,310.0,218.0,2142.0,2332.0,2028.0,0.07911908646003263,0.1264274061990212,150.0,0.16802610114192496
19149,IA,Plymouth County,5813.0,4116.0,1697.0,5400.0,24.0,5376.0,413.0,16.0,397.0,2736.0,3077.0,5532.0,13.0,87.0,24.0,,,,313.0,480.0,349.0,5333.0,5433.0,4935.0,0.07104765181489764,0.08257354206089798,313.0,0.29193187682779975
19151,IA,Pocahontas County,1949.0,1475.0,474.0,1777.0,,,172.0,,,929.0,1020.0,1869.0,11.0,18.0,,,,,121.0,227.0,151.0,1722.0,1863.0,1629.0,0.08825038481272447,0.11646998460749101,121.0,0.2432016418676244
19153,IA,Polk County,90868.0,50938.0,39930.0,81446.0,274.0,81172.0,9422.0,263.0,9159.0,40601.0,50267.0,78908.0,4117.0,2531.0,2025.0,63.0,209.0,2308.0,6905.0,12303.0,8881.0,78565.0,83773.0,75917.0,0.10368886736805036,0.13539419817757625,9422.0,0.4394286217370251
19155,IA,Pottawattamie County,21806.0,11930.0,9876.0,18893.0,59.0,18834.0,2913.0,52.0,2861.0,10163.0,11643.0,20120.0,205.0,604.0,100.0,35.0,69.0,685.0,2159.0,3431.0,2255.0,18375.0,20235.0,17814.0,0.1335870861230854,0.1573420159589104,2913.0,0.45290287076951297
19157,IA,Poweshiek County,4571.0,3145.0,1426.0,4216.0,11.0,4205.0,355.0,,,2089.0,2482.0,4362.0,17.0,38.0,26.0,,,,269.0,425.0,288.0,4146.0,4287.0,3883.0,0.07766353095602713,0.09297746663749727,269.0,0.31196674688252024
19159,IA,Ringgold County,1359.0,1067.0,292.0,1247.0,,,112.0,,,652.0,707.0,1315.0,,,,,,,81.0,171.0,129.0,1188.0,1287.0,1179.0,0.08241353936718175,0.12582781456953643,81.0,0.21486387049300956
19161,IA,Sac County,2693.0,2270.0,423.0,2509.0,,,184.0,,,1277.0,1416.0,2592.0,,,11.0,,,,132.0,242.0,173.0,2451.0,2545.0,2281.0,0.06832528778314148,0.08986260675826216,132.0,0.15707389528406981
19163,IA,Scott County,37482.0,19548.0,17934.0,33840.0,147.0,33693.0,3642.0,94.0,3548.0,17251.0,20231.0,32640.0,2140.0,1082.0,507.0,20.0,62.0,818.0,2762.0,4911.0,3491.0,32571.0,34822.0,31274.0,0.09716663998719385,0.13102289098767408,3642.0,0.47846966543941094
19165,IA,Shelby County,3297.0,2495.0,802.0,2957.0,,,340.0,,,1548.0,1749.0,3136.0,,24.0,12.0,,,,252.0,370.0,267.0,2927.0,3115.0,2820.0,0.10312405216863815,0.11222323324234153,252.0,0.24325144070367
19167,IA,Sioux County,6751.0,5530.0,1221.0,6278.0,14.0,6264.0,473.0,,,3123.0,3628.0,6351.0,,130.0,69.0,,18.0,129.0,326.0,527.0,430.0,6224.0,6326.0,5817.0,0.07006369426751592,0.07806250925788773,473.0,0.18086209450451785
19169,IA,Story County,16044.0,11599.0,4445.0,14843.0,32.0,14811.0,1201.0,16.0,1185.0,7363.0,8681.0,14850.0,197.0,151.0,282.0,,30.0,335.0,836.0,1446.0,1119.0,14598.0,14660.0,13561.0,0.07485664422837197,0.09012715033657442,1201.0,0.27705061082024435
19171,IA,Tama County,4121.0,2512.0,1609.0,3773.0,20.0,3753.0,348.0,13.0,335.0,1944.0,2177.0,3740.0,,99.0,,137.0,,,273.0,367.0,235.0,3754.0,3874.0,3506.0,0.08444552293132734,0.08905605435573889,273.0,0.39043921378306234
19173,IA,Taylor County,1618.0,1340.0,278.0,1462.0,,,156.0,,,774.0,844.0,1554.0,,30.0,,,,,119.0,189.0,122.0,1429.0,1536.0,1312.0,0.09641532756489493,0.11681087762669963,119.0,0.17181705809641531
19175,IA,Union County,3089.0,2150.0,939.0,2709.0,,,380.0,,,1465.0,1624.0,2994.0,,23.0,,,,,293.0,481.0,331.0,2608.0,2928.0,2637.0,0.12301715765619942,0.1557138232437682,293.0,0.30398187115571385
19177,IA,Van Buren County,1974.0,1273.0,701.0,1755.0,,,219.0,,,968.0,1006.0,1914.0,,,,,,,169.0,281.0,149.0,1693.0,1885.0,1660.0,0.11094224924012158,0.14235055724417425,169.0,0.35511651469098277
19179,IA,Wapello County,7835.0,4310.0,3525.0,6741.0,25.0,6716.0,1094.0,26.0,1068.0,3673.0,4162.0,7238.0,94.0,250.0,55.0,,18.0,255.0,821.0,1505.0,1042.0,6330.0,7423.0,6619.0,0.13962986598596044,0.19208679004467136,1094.0,0.44990427568602426
19181,IA,Warren County,11351.0,6511.0,4840.0,10447.0,28.0,10419.0,904.0,19.0,885.0,5177.0,6174.0,10915.0,46.0,84.0,35.0,,17.0,196.0,691.0,937.0,689.0,10414.0,10532.0,9408.0,0.079640560303057,0.08254779314597833,904.0,0.42639415029512817
19183,IA,Washington County,5560.0,3673.0,1887.0,5103.0,17.0,5086.0,457.0,,,2577.0,2983.0,5239.0,30.0,105.0,23.0,0.0,,,346.0,613.0,411.0,4947.0,5154.0,4578.0,0.08219424460431654,0.11025179856115108,346.0,0.33938848920863307
19185,IA,Wayne County,1645.0,1058.0,587.0,1502.0,,,143.0,,,776.0,869.0,1599.0,,,,0.0,,,112.0,232.0,161.0,1413.0,1560.0,1415.0,0.08693009118541034,0.14103343465045592,112.0,0.356838905775076
19187,IA,Webster County,8428.0,5536.0,2892.0,7440.0,26.0,7414.0,988.0,20.0,968.0,3904.0,4524.0,7896.0,171.0,134.0,43.0,12.0,12.0,218.0,758.0,1224.0,826.0,7204.0,7884.0,6977.0,0.11722828666350261,0.14523018509729474,988.0,0.3431419079259611
19189,IA,Winnebago County,2828.0,2160.0,668.0,2620.0,,,208.0,,,1318.0,1510.0,2713.0,,38.0,,0.0,,,150.0,268.0,169.0,2560.0,2684.0,2396.0,0.07355021216407355,0.09476661951909476,150.0,0.2362093352192362
19191,IA,Winneshiek County,5417.0,4325.0,1092.0,5129.0,,,288.0,,,2585.0,2832.0,5234.0,,11.0,14.0,,,,196.0,384.0,293.0,5033.0,5136.0,4683.0,0.05316595901790659,0.07088794535720878,196.0,0.2015875946095625
19193,IA,Woodbury County,20297.0,11035.0,9262.0,17764.0,65.0,17699.0,2533.0,90.0,2443.0,9432.0,10865.0,17550.0,350.0,1201.0,429.0,210.0,56.0,615.0,1862.0,3406.0,2295.0,16891.0,18712.0,16639.0,0.12479676799527023,0.16780805045080555,2533.0,0.4563235946198946
19195,IA,Worth County,1897.0,1385.0,512.0,1747.0,,,150.0,,,902.0,995.0,1811.0,,17.0,,,,,114.0,170.0,104.0,1727.0,1790.0,1548.0,0.0790722192936215,0.08961518186610437,114.0,0.26989984185556143
19197,IA,Wright County,3106.0,2364.0,742.0,2837.0,,,269.0,,,1453.0,1653.0,2931.0,,95.0,,0.0,,,203.0,307.0,210.0,2799.0,2959.0,2605.0,0.08660656793303284,0.09884095299420477,203.0,0.23889246619446233
19999,IA,Unknown,,,,,,,,,,,,,,,,,,,,,,,,,,,0.0,
20001,KS,Allen County,3176.0,2268.0,908.0,2797.0,16.0,2781.0,379.0,,,1437.0,1739.0,3000.0,37.0,51.0,,,11.0,82.0,286.0,525.0,324.0,2651.0,2987.0,2611.0,0.11933249370277078,0.1653022670025189,379.0,0.2858942065491184
20003,KS,Anderson County,2026.0,1435.0,591.0,1842.0,,,184.0,,,968.0,1058.0,1922.0,,18.0,,,,,152.0,224.0,123.0,1802.0,1900.0,1634.0,0.09081934846989141,0.11056268509378085,152.0,0.2917077986179664
20005,KS,Atchison County,3601.0,2480.0,1121.0,3178.0,,,423.0,,,1636.0,1965.0,3267.0,165.0,39.0,,12.0,,,339.0,494.0,299.0,3107.0,3343.0,2914.0,0.1174673701749514,0.1371841155234657,339.0,0.3113024159955568
20007,KS,Barber County,1260.0,1093.0,167.0,1168.0,,,92.0,,,616.0,644.0,1149.0,,29.0,,,,,66.0,132.0,81.0,1128.0,1182.0,1020.0,0.07301587301587302,0.10476190476190476,66.0,0.13253968253968254
20009,KS,Barton County,6049.0,5203.0,846.0,5381.0,20.0,5361.0,668.0,17.0,651.0,2780.0,3269.0,5524.0,48.0,266.0,22.0,,14.0,183.0,471.0,799.0,516.0,5250.0,5696.0,5047.0,0.11043147627707059,0.13208794842122665,668.0,0.13985782774012234
20011,KS,Bourbon County,3432.0,1922.0,1510.0,3039.0,,,393.0,,,1599.0,1833.0,3228.0,73.0,21.0,11.0,11.0,,,321.0,549.0,296.0,2883.0,3242.0,2853.0,0.1145104895104895,0.15996503496503497,321.0,0.43997668997669
20013,KS,Brown County,2512.0,1988.0,524.0,2227.0,,,285.0,,,1178.0,1334.0,2249.0,34.0,38.0,,109.0,,,224.0,378.0,238.0,2134.0,2367.0,2007.0,0.11345541401273886,0.15047770700636942,224.0,0.2085987261146497
20015,KS,Butler County,14076.0,8436.0,5640.0,12732.0,48.0,12684.0,1344.0,31.0,1313.0,6555.0,7521.0,13174.0,116.0,279.0,82.0,49.0,24.0,316.0,1004.0,1314.0,808.0,12762.0,13038.0,11218.0,0.09548167092924126,0.09335038363171355,1344.0,0.40068201193520886
20017,KS,Chase County,690.0,551.0,139.0,636.0,,,54.0,0.0,54.0,345.0,345.0,652.0,,,,,,,40.0,76.0,44.0,614.0,660.0,554.0,0.0782608695652174,0.11014492753623188,40.0,0.20144927536231885
20019,KS,Chautauqua County,968.0,778.0,190.0,852.0,,,116.0,,,485.0,483.0,911.0,,,0.0,17.0,,,85.0,157.0,95.0,811.0,911.0,770.0,0.11983471074380166,0.1621900826446281,85.0,0.1962809917355372
20021,KS,Cherokee County,4770.0,2741.0,2029.0,4059.0,19.0,4040.0,711.0,13.0,698.0,2233.0,2537.0,4483.0,28.0,41.0,13.0,108.0,,,564.0,845.0,470.0,3925.0,4478.0,3743.0,0.1490566037735849,0.17714884696016772,564.0,0.42536687631027253
20023,KS,Cheyenne County,797.0,724.0,73.0,740.0,,,57.0,,,373.0,424.0,760.0,,18.0,,,,,46.0,69.0,31.0,728.0,754.0,614.0,0.07151819322459223,0.08657465495608532,46.0,0.09159347553324969
20025,KS,Clark County,475.0,,,446.0,0.0,446.0,29.0,0.0,29.0,203.0,272.0,445.0,0.0,13.0,0.0,,,,23.0,53.0,35.0,422.0,439.0,367.0,0.061052631578947365,0.11157894736842106,23.0,
20027,KS,Clay County,2203.0,1993.0,210.0,2021.0,12.0,2009.0,182.0,,,1053.0,1150.0,2093.0,18.0,19.0,,,,,144.0,211.0,137.0,1992.0,2072.0,1689.0,0.082614616432138,0.09577848388561053,144.0,0.09532455742169768
20029,KS,Cloud County,2275.0,1973.0,302.0,2041.0,,,234.0,,,1043.0,1232.0,2180.0,,31.0,,,,,182.0,284.0,181.0,1991.0,2129.0,1855.0,0.10285714285714286,0.12483516483516484,182.0,0.13274725274725274
20031,KS,Coffey County,2242.0,1714.0,528.0,2026.0,,,216.0,,,1060.0,1182.0,2139.0,13.0,27.0,,,,,169.0,222.0,136.0,2020.0,2102.0,1813.0,0.09634255129348795,0.09901873327386262,169.0,0.23550401427297057
20033,KS,Comanche County,505.0,,,462.0,0.0,462.0,43.0,0.0,43.0,222.0,283.0,477.0,,,,,0.0,13.0,30.0,81.0,58.0,424.0,476.0,396.0,0.08514851485148515,0.1603960396039604,43.0,
20035,KS,Cowley County,7879.0,5507.0,2372.0,6904.0,28.0,6876.0,975.0,22.0,953.0,3677.0,4202.0,7051.0,168.0,287.0,70.0,63.0,20.0,215.0,740.0,1130.0,650.0,6749.0,7403.0,6386.0,0.1237466683589288,0.1434192156365021,975.0,0.3010534331767991
20037,KS,Crawford County,7875.0,4961.0,2914.0,6847.0,29.0,6818.0,1028.0,22.0,1006.0,3594.0,4281.0,7442.0,110.0,105.0,32.0,23.0,14.0,204.0,810.0,1406.0,862.0,6469.0,7342.0,6422.0,0.13053968253968254,0.17853968253968253,1028.0,0.37003174603174604
20039,KS,Decatur County,865.0,796.0,69.0,789.0,,,76.0,,,412.0,453.0,825.0,,,,,,,62.0,84.0,45.0,781.0,820.0,706.0,0.08786127167630058,0.09710982658959537,62.0,0.07976878612716763
20041,KS,Dickinson County,4751.0,3874.0,877.0,4278.0,20.0,4258.0,473.0,,,2267.0,2484.0,4489.0,27.0,106.0,,,,,372.0,516.0,289.0,4235.0,4364.0,3457.0,0.09955798779204378,0.10860871395495685,372.0,0.1845927173226689
20043,KS,Doniphan County,1803.0,1411.0,392.0,1628.0,,,175.0,,,872.0,931.0,1703.0,35.0,,,11.0,,,144.0,202.0,121.0,1601.0,1689.0,1422.0,0.09706045479755962,0.11203549639489739,144.0,0.21741541874653356
20045,KS,Douglas County,21144.0,14915.0,6229.0,19364.0,45.0,19319.0,1780.0,43.0,1737.0,9437.0,11707.0,18663.0,755.0,457.0,304.0,211.0,36.0,469.0,1275.0,2027.0,1286.0,19117.0,19326.0,17121.0,0.0841846386681801,0.0958664396519107,1780.0,0.2945989405978055
20047,KS,Edwards County,762.0,687.0,75.0,698.0,,,64.0,,,356.0,406.0,675.0,,62.0,,,,,49.0,81.0,45.0,681.0,712.0,596.0,0.08398950131233596,0.1062992125984252,49.0,0.0984251968503937
20049,KS,Elk County,754.0,562.0,192.0,692.0,,,62.0,,,365.0,389.0,725.0,,11.0,,,,,53.0,97.0,50.0,657.0,704.0,598.0,0.08222811671087533,0.1286472148541114,53.0,0.2546419098143236
20051,KS,Ellis County,6081.0,5764.0,317.0,5464.0,17.0,5447.0,617.0,11.0,606.0,2800.0,3281.0,5788.0,21.0,80.0,28.0,,12.0,170.0,435.0,717.0,513.0,5364.0,5601.0,4941.0,0.10146357506988982,0.11790823877651702,617.0,0.052129583950008225
20053,KS,Ellsworth County,1541.0,1304.0,237.0,1409.0,,,132.0,,,733.0,808.0,1450.0,,38.0,,,,,107.0,144.0,90.0,1397.0,1446.0,1228.0,0.08565866320571058,0.09344581440622972,107.0,0.1537962362102531
20055,KS,Finney County,5311.0,5203.0,108.0,4741.0,30.0,4711.0,570.0,35.0,535.0,2519.0,2792.0,3258.0,69.0,1710.0,153.0,,12.0,154.0,404.0,828.0,504.0,4483.0,4644.0,3787.0,0.1073244210129919,0.15590284315571457,570.0,0.020335153455093204
20057,KS,Ford County,4549.0,4477.0,72.0,4095.0,24.0,4071.0,454.0,20.0,434.0,2208.0,2341.0,3084.0,77.0,1229.0,75.0,,,,324.0,711.0,416.0,3838.0,4053.0,3312.0,0.09980215431963069,0.15629808749175644,324.0,0.015827654429544955
20059,KS,Franklin County,6055.0,4113.0,1942.0,5391.0,16.0,5375.0,664.0,17.0,647.0,2797.0,3258.0,5702.0,60.0,95.0,25.0,19.0,,,518.0,697.0,422.0,5358.0,5642.0,4930.0,0.10966143682906689,0.11511147811725847,518.0,0.3207266721717589
20061,KS,Geary County,4548.0,3258.0,1290.0,3831.0,24.0,3807.0,717.0,26.0,691.0,2093.0,2455.0,3037.0,825.0,311.0,195.0,12.0,17.0,169.0,531.0,634.0,371.0,3914.0,4156.0,2546.0,0.15765171503957784,0.13940193491644678,717.0,0.2836411609498681
20063,KS,Gove County,721.0,708.0,13.0,681.0,0.0,681.0,40.0,0.0,40.0,343.0,378.0,689.0,,,,0.0,0.0,,,43.0,24.0,678.0,667.0,566.0,0.05547850208044383,0.059639389736477116,0.0,0.018030513176144243
20065,KS,Graham County,742.0,731.0,11.0,674.0,0.0,674.0,68.0,0.0,68.0,370.0,372.0,697.0,27.0,,,0.0,0.0,12.0,56.0,87.0,57.0,655.0,697.0,591.0,0.09164420485175202,0.11725067385444744,68.0,0.014824797843665768
20067,KS,Grant County,1217.0,1132.0,85.0,1118.0,,,99.0,,,603.0,614.0,856.0,,337.0,,,,,74.0,128.0,76.0,1089.0,1121.0,923.0,0.08134757600657354,0.10517666392769104,74.0,0.06984387838948233
20069,KS,Gray County,1184.0,1168.0,16.0,1127.0,,,57.0,,,580.0,604.0,1096.0,,53.0,,,,,42.0,82.0,64.0,1102.0,1066.0,911.0,0.04814189189189189,0.06925675675675676,42.0,0.013513513513513514
20071,KS,Greeley County,299.0,,,288.0,0.0,288.0,11.0,0.0,11.0,143.0,156.0,273.0,0.0,17.0,,0.0,0.0,,,38.0,19.0,261.0,278.0,243.0,0.03678929765886288,0.12709030100334448,0.0,
20073,KS,Greenwood County,1839.0,1329.0,510.0,1659.0,,,180.0,,,903.0,936.0,1762.0,,19.0,,,,,148.0,242.0,134.0,1597.0,1715.0,1454.0,0.09787928221859707,0.13159325720500273,148.0,0.27732463295269166
20075,KS,Hamilton County,418.0,,,373.0,,,45.0,,,195.0,223.0,360.0,0.0,43.0,,,,,36.0,47.0,31.0,371.0,389.0,326.0,0.1076555023923445,0.11244019138755981,36.0,
20077,KS,Harper County,1471.0,1127.0,344.0,1324.0,,,147.0,,,668.0,803.0,1383.0,,34.0,,,,,125.0,161.0,89.0,1310.0,1401.0,1201.0,0.09993201903467029,0.10944935418082936,125.0,0.23385452073419444
20079,KS,Harvey County,8570.0,5714.0,2856.0,7726.0,29.0,7697.0,844.0,24.0,820.0,3912.0,4658.0,7697.0,126.0,448.0,41.0,17.0,13.0,211.0,620.0,1001.0,647.0,7569.0,7992.0,7142.0,0.0984830805134189,0.11680280046674446,844.0,0.3332555425904317
20081,KS,Haskell County,640.0,616.0,24.0,611.0,,,29.0,,,307.0,333.0,513.0,0.0,111.0,,0.0,0.0,,,57.0,32.0,583.0,591.0,504.0,0.0453125,0.0890625,0.0,0.0375
20083,KS,Hodgeman County,427.0,,,400.0,0.0,400.0,27.0,0.0,27.0,215.0,212.0,404.0,,12.0,,0.0,,,19.0,31.0,,396.0,390.0,316.0,0.06323185011709602,0.07259953161592506,19.0,
20085,KS,Jackson County,3121.0,2148.0,973.0,2808.0,,,313.0,,,1460.0,1661.0,2772.0,24.0,39.0,,169.0,,,236.0,321.0,204.0,2800.0,2893.0,2369.0,0.10028836911246396,0.10285165011214355,236.0,0.3117590515860301
20087,KS,Jefferson County,4747.0,3207.0,1540.0,4278.0,15.0,4263.0,469.0,13.0,456.0,2293.0,2454.0,4522.0,38.0,50.0,11.0,21.0,11.0,79.0,379.0,449.0,276.0,4298.0,4389.0,3741.0,0.0987992416262903,0.09458605435011586,469.0,0.3244154202654308
20089,KS,Jewell County,899.0,784.0,115.0,819.0,,,80.0,,,443.0,456.0,872.0,,,,0.0,,,66.0,92.0,63.0,807.0,851.0,748.0,0.08898776418242492,0.10233592880978866,66.0,0.12791991101223582
20091,KS,Johnson County,118641.0,70697.0,47944.0,111809.0,332.0,111477.0,6832.0,200.0,6632.0,52665.0,65976.0,103860.0,3822.0,3337.0,2994.0,133.0,140.0,1873.0,4819.0,7245.0,5261.0,111396.0,108369.0,98148.0,0.057585488996215475,0.06106657900725719,6832.0,0.4041098776982662
20093,KS,Kearny County,673.0,660.0,13.0,617.0,,,56.0,,,335.0,338.0,550.0,,105.0,,,,,41.0,68.0,47.0,605.0,610.0,515.0,0.08320950965824665,0.10104011887072809,41.0,0.019316493313521546
20095,KS,Kingman County,2034.0,1611.0,423.0,1859.0,,,175.0,,,1002.0,1032.0,1934.0,,24.0,,,,,129.0,204.0,124.0,1830.0,1899.0,1670.0,0.08603736479842675,0.10029498525073746,129.0,0.2079646017699115
20097,KS,Kiowa County,599.0,537.0,62.0,537.0,,,62.0,,,297.0,302.0,574.0,,,0.0,,,,50.0,88.0,52.0,511.0,557.0,493.0,0.10350584307178631,0.14691151919866444,50.0,0.10350584307178631
20099,KS,Labette County,4984.0,3206.0,1778.0,4105.0,13.0,4092.0,879.0,17.0,862.0,2356.0,2628.0,4445.0,209.0,106.0,22.0,66.0,15.0,200.0,664.0,1028.0,704.0,3956.0,4635.0,3998.0,0.17636436597110755,0.20626003210272872,879.0,0.35674157303370785
20101,KS,Lane County,424.0,400.0,24.0,406.0,,,18.0,0.0,18.0,195.0,229.0,407.0,,,,,0.0,,,38.0,25.0,386.0,404.0,340.0,0.04245283018867924,0.08962264150943396,0.0,0.05660377358490566
20103,KS,Leavenworth County,16010.0,10035.0,5975.0,14496.0,60.0,14436.0,1514.0,41.0,1473.0,7446.0,8564.0,14102.0,966.0,350.0,149.0,30.0,24.0,308.0,1182.0,1257.0,747.0,14753.0,14648.0,10659.0,0.09456589631480325,0.07851342910680824,1514.0,0.37320424734540913
20105,KS,Lincoln County,874.0,754.0,120.0,800.0,,,74.0,,,429.0,445.0,827.0,0.0,14.0,,0.0,,,57.0,108.0,53.0,766.0,822.0,689.0,0.08466819221967964,0.12356979405034325,57.0,0.13729977116704806
20107,KS,Linn County,2645.0,1348.0,1297.0,2356.0,,,289.0,,,1293.0,1352.0,2516.0,11.0,35.0,,,,,243.0,292.0,151.0,2353.0,2496.0,2155.0,0.10926275992438564,0.1103969754253308,243.0,0.49035916824196596
20109,KS,Logan County,670.0,633.0,37.0,627.0,,,43.0,0.0,43.0,312.0,358.0,638.0,,,,0.0,0.0,11.0,32.0,58.0,29.0,612.0,614.0,527.0,0.06417910447761194,0.08656716417910448,43.0,0.05522388059701493
20111,KS,Lyon County,6689.0,5050.0,1639.0,5945.0,15.0,5930.0,744.0,21.0,723.0,3169.0,3520.0,5661.0,109.0,697.0,61.0,,23.0,184.0,537.0,918.0,611.0,5771.0,6189.0,5376.0,0.11122738824936462,0.13724024517865152,744.0,0.24502915233966213
20115,KS,Marion County,3268.0,2660.0,608.0,2993.0,13.0,2980.0,275.0,,,1543.0,1725.0,3125.0,13.0,38.0,11.0,,,,215.0,337.0,211.0,2931.0,3017.0,2643.0,0.08414932680538556,0.10312117503059975,215.0,0.18604651162790697
20117,KS,Marshall County,2753.0,2286.0,467.0,2553.0,14.0,2539.0,200.0,,,1339.0,1414.0,2633.0,,18.0,,,,,149.0,253.0,161.0,2500.0,2589.0,2280.0,0.0726480203414457,0.0918997457319288,149.0,0.1696331274972757
20113,KS,Mcpherson County,7325.0,5934.0,1391.0,6799.0,16.0,6783.0,526.0,,,3389.0,3936.0,6909.0,41.0,92.0,24.0,,,,387.0,643.0,417.0,6682.0,6838.0,6092.0,0.07180887372013652,0.0877815699658703,387.0,0.1898976109215017
20119,KS,Meade County,871.0,850.0,21.0,817.0,,,54.0,,,423.0,448.0,801.0,,45.0,,,,,48.0,68.0,40.0,803.0,797.0,673.0,0.06199770378874857,0.07807118254879448,48.0,0.024110218140068886
20121,KS,Miami County,7621.0,4320.0,3301.0,6864.0,22.0,6842.0,757.0,12.0,745.0,3590.0,4031.0,7154.0,102.0,107.0,42.0,14.0,,,584.0,729.0,474.0,6892.0,7164.0,6328.0,0.09933079648340112,0.09565673796089752,584.0,0.4331452565280147
20123,KS,Mitchell County,1656.0,1553.0,103.0,1544.0,,,112.0,,,777.0,879.0,1596.0,,,,,,,89.0,150.0,113.0,1506.0,1546.0,1381.0,0.06763285024154589,0.09057971014492754,89.0,0.06219806763285024
20125,KS,Montgomery County,7828.0,4831.0,2997.0,6668.0,13.0,6655.0,1160.0,22.0,1138.0,3668.0,4160.0,6999.0,339.0,196.0,33.0,122.0,24.0,247.0,889.0,1461.0,900.0,6367.0,7333.0,6224.0,0.1481859989780276,0.18663771078180888,1160.0,0.38285641287685235
20127,KS,Morris County,1506.0,1220.0,286.0,1390.0,,,116.0,,,701.0,805.0,1446.0,,14.0,,,,,85.0,142.0,77.0,1364.0,1407.0,1145.0,0.07702523240371846,0.09428950863213811,85.0,0.1899070385126162
20129,KS,Morton County,604.0,574.0,30.0,553.0,,,51.0,,,289.0,315.0,512.0,,81.0,,0.0,0.0,,,59.0,38.0,545.0,566.0,445.0,0.08443708609271523,0.09768211920529801,0.0,0.04966887417218543
20131,KS,Nemaha County,2469.0,2264.0,205.0,2297.0,,,172.0,,,1165.0,1304.0,2385.0,11.0,,,,,,130.0,218.0,155.0,2251.0,2331.0,2052.0,0.06966383151073309,0.08829485621709195,130.0,0.08302956662616444
20133,KS,Neosho County,3790.0,2726.0,1064.0,3360.0,13.0,3347.0,430.0,,,1758.0,2032.0,3567.0,35.0,82.0,18.0,,,,336.0,589.0,354.0,3201.0,3563.0,3104.0,0.11345646437994723,0.1554089709762533,336.0,0.28073878627968335
20135,KS,Ness County,830.0,816.0,14.0,780.0,,,50.0,,,401.0,429.0,798.0,0.0,,0.0,,0.0,,,64.0,40.0,766.0,777.0,679.0,0.060240963855421686,0.07710843373493977,0.0,0.016867469879518072
20137,KS,Norton County,1201.0,1049.0,152.0,1074.0,,,127.0,0.0,127.0,571.0,630.0,1156.0,,13.0,,,,,95.0,124.0,71.0,1077.0,1114.0,947.0,0.10574521232306411,0.10324729392173189,95.0,0.12656119900083265
20139,KS,Osage County,4376.0,3021.0,1355.0,3891.0,,,485.0,,,2129.0,2247.0,4189.0,,52.0,15.0,11.0,13.0,96.0,376.0,525.0,314.0,3851.0,4075.0,3375.0,0.11083180987202924,0.11997257769652651,485.0,0.3096435100548446
20141,KS,Osborne County,1012.0,906.0,106.0,934.0,,,78.0,0.0,78.0,487.0,525.0,980.0,0.0,,,,0.0,12.0,66.0,112.0,71.0,900.0,936.0,804.0,0.07707509881422925,0.11067193675889328,78.0,0.10474308300395258
20143,KS,Ottawa County,1460.0,1247.0,213.0,1317.0,,,143.0,,,704.0,756.0,1394.0,,17.0,,,,,108.0,130.0,74.0,1330.0,1354.0,1137.0,0.09794520547945205,0.08904109589041095,108.0,0.14589041095890412
20145,KS,Pawnee County,1493.0,1288.0,205.0,1334.0,,,159.0,,,713.0,780.0,1366.0,28.0,54.0,,,,,120.0,166.0,99.0,1327.0,1361.0,1190.0,0.10649698593436034,0.11118553248492967,120.0,0.13730743469524448
20147,KS,Phillips County,1473.0,1300.0,173.0,1346.0,,,127.0,,,719.0,754.0,1413.0,,,12.0,,,,109.0,111.0,69.0,1362.0,1374.0,1171.0,0.08621860149355058,0.07535641547861507,109.0,0.11744738628649015
20149,KS,Pottawatomie County,4816.0,3819.0,997.0,4433.0,14.0,4419.0,383.0,,,2282.0,2534.0,4515.0,31.0,88.0,28.0,19.0,,,289.0,359.0,246.0,4457.0,4438.0,3629.0,0.0795265780730897,0.07454318936877076,289.0,0.20701827242524917
20151,KS,Pratt County,2200.0,1903.0,297.0,2011.0,,,189.0,,,997.0,1203.0,2039.0,17.0,62.0,,,,,153.0,243.0,145.0,1957.0,2054.0,1799.0,0.08590909090909091,0.11045454545454546,153.0,0.135
20153,KS,Rawlins County,703.0,664.0,39.0,659.0,,,44.0,,,352.0,351.0,659.0,,,,0.0,,,34.0,60.0,37.0,643.0,666.0,567.0,0.06258890469416785,0.08534850640113797,34.0,0.05547652916073969
20155,KS,Reno County,15040.0,10834.0,4206.0,13290.0,46.0,13244.0,1750.0,50.0,1700.0,6955.0,8085.0,13685.0,259.0,656.0,55.0,29.0,23.0,411.0,1316.0,1939.0,1186.0,13101.0,14070.0,12223.0,0.1163563829787234,0.12892287234042554,1750.0,0.27965425531914895
20157,KS,Republic County,1454.0,1303.0,151.0,1329.0,,,125.0,,,692.0,762.0,1404.0,,,,0.0,0.0,32.0,93.0,166.0,105.0,1288.0,1372.0,1199.0,0.0859697386519945,0.11416781292984869,125.0,0.10385144429160935
20159,KS,Rice County,2290.0,1916.0,374.0,2069.0,,,221.0,,,1087.0,1203.0,2113.0,17.0,80.0,11.0,,,,173.0,262.0,171.0,2028.0,2150.0,1846.0,0.0965065502183406,0.11441048034934498,173.0,0.1633187772925764
20161,KS,Riley County,9490.0,7690.0,1800.0,8609.0,20.0,8589.0,881.0,22.0,859.0,4278.0,5212.0,8352.0,435.0,221.0,158.0,25.0,15.0,246.0,620.0,916.0,627.0,8574.0,8646.0,6925.0,0.0928345626975764,0.09652265542676501,881.0,0.18967334035827185
20163,KS,Rooks County,1354.0,1210.0,144.0,1235.0,,,119.0,0.0,119.0,635.0,719.0,1307.0,,12.0,,0.0,,,93.0,136.0,83.0,1218.0,1266.0,1071.0,0.0878877400295421,0.10044313146233383,93.0,0.10635155096011817
20165,KS,Rush County,943.0,844.0,99.0,845.0,,,98.0,,,464.0,479.0,909.0,,12.0,,0.0,0.0,18.0,80.0,102.0,56.0,841.0,882.0,754.0,0.10392364793213149,0.10816542948038176,98.0,0.10498409331919406
20167,KS,Russell County,1910.0,1657.0,253.0,1709.0,,,201.0,,,931.0,979.0,1807.0,14.0,22.0,15.0,,,,145.0,250.0,178.0,1660.0,1799.0,1468.0,0.10523560209424083,0.13089005235602094,145.0,0.1324607329842932
20169,KS,Saline County,12586.0,9933.0,2653.0,11105.0,40.0,11065.0,1481.0,33.0,1448.0,5803.0,6783.0,11175.0,369.0,484.0,187.0,23.0,25.0,342.0,1114.0,1660.0,1034.0,10926.0,11585.0,9982.0,0.11767042745908152,0.13189257905609408,1481.0,0.21078976640711902
20171,KS,Scott County,1052.0,989.0,63.0,983.0,,,69.0,,,495.0,557.0,976.0,0.0,53.0,,0.0,,,54.0,92.0,59.0,960.0,986.0,876.0,0.0655893536121673,0.08745247148288973,54.0,0.05988593155893536
20173,KS,Sedgwick County,102266.0,57447.0,44819.0,90751.0,385.0,90366.0,11515.0,354.0,11161.0,46891.0,55375.0,81471.0,8641.0,5790.0,3122.0,406.0,220.0,2861.0,8434.0,13409.0,8317.0,88857.0,93703.0,81728.0,0.11259851759137934,0.13111884692859796,11515.0,0.43825904992861753
20175,KS,Seward County,2617.0,2537.0,80.0,2330.0,11.0,2319.0,287.0,,,1273.0,1344.0,1473.0,111.0,898.0,73.0,,,,222.0,462.0,241.0,2155.0,2312.0,1773.0,0.10966755827283149,0.1765380206343141,222.0,0.030569354222392053
20177,KS,Shawnee County,41990.0,28649.0,13341.0,36780.0,127.0,36653.0,5210.0,108.0,5102.0,19079.0,22911.0,34850.0,3087.0,2309.0,317.0,277.0,104.0,1256.0,3850.0,5736.0,3755.0,36254.0,38603.0,33000.0,0.12407716122886402,0.13660395332221958,5210.0,0.3177185044058109
20179,KS,Sheridan County,647.0,636.0,11.0,606.0,,,41.0,0.0,41.0,309.0,338.0,618.0,,,,,,,29.0,45.0,32.0,602.0,612.0,522.0,0.0633693972179289,0.0695517774343122,29.0,0.017001545595054096
20181,KS,Sherman County,1413.0,1377.0,36.0,1289.0,,,124.0,,,667.0,746.0,1296.0,,63.0,,,,,90.0,194.0,124.0,1219.0,1297.0,1113.0,0.08775654635527247,0.1372965322009908,90.0,0.025477707006369428
20183,KS,Smith County,1196.0,1066.0,130.0,1092.0,,,104.0,0.0,104.0,556.0,640.0,1147.0,0.0,,,0.0,0.0,24.0,80.0,136.0,84.0,1060.0,1120.0,967.0,0.08695652173913043,0.11371237458193979,104.0,0.10869565217391304
20185,KS,Stafford County,1065.0,893.0,172.0,987.0,,,78.0,,,524.0,541.0,997.0,,32.0,,,,,64.0,96.0,60.0,969.0,989.0,839.0,0.07323943661971831,0.09014084507042254,64.0,0.16150234741784036
20187,KS,Stanton County,366.0,,,341.0,0.0,341.0,25.0,,,166.0,200.0,291.0,,61.0,,0.0,0.0,,,46.0,32.0,320.0,344.0,288.0,0.06830601092896176,0.12568306010928962,0.0,
20189,KS,Stevens County,901.0,873.0,28.0,831.0,,,70.0,,,419.0,482.0,747.0,,125.0,,,,,56.0,83.0,48.0,818.0,841.0,655.0,0.07769145394006659,0.09211986681465038,56.0,0.03107658157602664
20191,KS,Sumner County,5445.0,3402.0,2043.0,4843.0,12.0,4831.0,602.0,12.0,590.0,2608.0,2837.0,5046.0,47.0,170.0,20.0,18.0,12.0,111.0,479.0,611.0,367.0,4834.0,5090.0,4400.0,0.11056014692378328,0.11221303948576676,602.0,0.3752066115702479
20193,KS,Thomas County,1681.0,1572.0,109.0,1554.0,,,127.0,,,774.0,907.0,1570.0,,32.0,,,,,97.0,163.0,108.0,1518.0,1565.0,1351.0,0.07555026769779893,0.09696609161213564,97.0,0.06484235574063058
20195,KS,Trego County,845.0,825.0,20.0,776.0,,,69.0,,,396.0,449.0,816.0,,,,,0.0,11.0,58.0,76.0,52.0,769.0,798.0,693.0,0.08165680473372781,0.08994082840236686,69.0,0.023668639053254437
20197,KS,Wabaunsee County,1779.0,1373.0,406.0,1645.0,,,134.0,,,886.0,893.0,1670.0,,34.0,,,,,105.0,135.0,67.0,1644.0,1658.0,1369.0,0.07532321528948847,0.07588532883642496,105.0,0.22821810005621135
20199,KS,Wallace County,391.0,,,375.0,,,16.0,,,186.0,205.0,359.0,,,,,,,,34.0,,357.0,360.0,297.0,0.04092071611253197,0.08695652173913043,0.0,
20201,KS,Washington County,1502.0,1357.0,145.0,1390.0,,,112.0,,,735.0,767.0,1447.0,,,,,,,89.0,137.0,98.0,1365.0,1403.0,1206.0,0.07456724367509987,0.09121171770972038,89.0,0.09653794940079893
20203,KS,Wichita County,456.0,,,435.0,,,21.0,,,236.0,220.0,394.0,,50.0,0.0,,,,16.0,42.0,23.0,414.0,416.0,364.0,0.046052631578947366,0.09210526315789473,16.0,
20205,KS,Wilson County,2346.0,1671.0,675.0,2070.0,,,276.0,,,1129.0,1217.0,2236.0,11.0,25.0,,,,,207.0,397.0,254.0,1949.0,2222.0,1911.0,0.11764705882352941,0.16922421142369992,207.0,0.2877237851662404
20207,KS,Woodson County,879.0,643.0,236.0,781.0,,,98.0,,,418.0,461.0,845.0,0.0,,0.0,,,,87.0,107.0,52.0,772.0,833.0,706.0,0.11149032992036405,0.1217292377701934,87.0,0.2684869169510808
20209,KS,Wyandotte County,25987.0,10617.0,15370.0,22176.0,191.0,21985.0,3811.0,197.0,3614.0,12000.0,13987.0,14179.0,7829.0,3034.0,345.0,58.0,61.0,866.0,2884.0,5140.0,3055.0,20847.0,23617.0,20871.0,0.1466502482010236,0.19779120329395466,3811.0,0.5914495709393158
20999,KS,Unknown,,,,,,,,,,,,,,,,,,,,,,,,,,,0.0,
21001,KY,Adair County,4653.0,2296.0,2357.0,3826.0,13.0,3813.0,827.0,15.0,812.0,2214.0,2439.0,4429.0,89.0,42.0,16.0,,,,691.0,1150.0,548.0,3503.0,4330.0,3801.0,0.17773479475607135,0.2471523748119493,691.0,0.50655491081023
21003,KY,Allen County,4868.0,2299.0,2569.0,3911.0,,,957.0,,,2330.0,2538.0,4704.0,51.0,49.0,,,,,803.0,988.0,428.0,3880.0,4580.0,4105.0,0.1965899753492194,0.2029580936729663,803.0,0.5277321281840591
21005,KY,Anderson County,5348.0,2065.0,3283.0,4642.0,14.0,4628.0,706.0,13.0,693.0,2489.0,2859.0,5090.0,124.0,26.0,13.0,,,,603.0,604.0,260.0,4744.0,4982.0,4382.0,0.13201196709050111,0.11293941660433807,603.0,0.6138743455497382
21007,KY,Ballard County,1994.0,1084.0,910.0,1718.0,,,276.0,,,918.0,1076.0,1899.0,63.0,,,0.0,,,228.0,270.0,119.0,1724.0,1900.0,1636.0,0.13841524573721165,0.1354062186559679,228.0,0.4563691073219659
21009,KY,Barren County,10779.0,5238.0,5541.0,8926.0,19.0,8907.0,1853.0,19.0,1834.0,4927.0,5852.0,10065.0,404.0,77.0,29.0,11.0,28.0,321.0,1504.0,2177.0,964.0,8602.0,10159.0,9172.0,0.17190834029130717,0.20196678727154652,1853.0,0.5140551071527971
21011,KY,Bath County,3076.0,1117.0,1959.0,2449.0,,,627.0,,,1436.0,1640.0,2947.0,61.0,,,,,,542.0,852.0,393.0,2224.0,2823.0,2612.0,0.20383615084525358,0.27698309492847856,542.0,0.6368660598179454
21013,KY,Bell County,6354.0,2610.0,3744.0,4840.0,11.0,4829.0,1514.0,15.0,1499.0,3029.0,3325.0,6136.0,116.0,,13.0,,15.0,182.0,1317.0,2196.0,1107.0,4158.0,5831.0,5493.0,0.2382751022977652,0.34560906515580736,1514.0,0.5892351274787535
21015,KY,Boone County,25868.0,11533.0,14335.0,23295.0,86.0,23209.0,2573.0,62.0,2511.0,11625.0,14243.0,23936.0,531.0,349.0,302.0,,33.0,501.0,2039.0,2230.0,1156.0,23638.0,23449.0,20967.0,0.09946652234420907,0.08620689655172414,2573.0,0.5541595794031235
21017,KY,Bourbon County,4773.0,2037.0,2736.0,4118.0,13.0,4105.0,655.0,12.0,643.0,2164.0,2609.0,4238.0,339.0,67.0,12.0,,,,545.0,784.0,323.0,3989.0,4400.0,3975.0,0.13723025350932327,0.1642572805363503,545.0,0.5732243871778756
21019,KY,Boyd County,11945.0,5124.0,6821.0,9791.0,40.0,9751.0,2154.0,38.0,2116.0,5439.0,6506.0,11493.0,158.0,51.0,33.0,,23.0,341.0,1790.0,2188.0,1102.0,9757.0,11069.0,9833.0,0.18032649644202595,0.1831728756802009,2154.0,0.5710339053997489
21021,KY,Boyle County,7474.0,3429.0,4045.0,6448.0,18.0,6430.0,1026.0,24.0,1002.0,3290.0,4184.0,6752.0,486.0,69.0,21.0,,12.0,180.0,834.0,1092.0,506.0,6382.0,6986.0,6219.0,0.13727588975113728,0.1461065025421461,1026.0,0.5412095263580412
21023,KY,Bracken County,2244.0,887.0,1357.0,1878.0,,,366.0,,,1105.0,1139.0,2185.0,,,,,,,295.0,398.0,180.0,1846.0,2118.0,1854.0,0.16310160427807488,0.17736185383244207,295.0,0.6047237076648841
21025,KY,Breathitt County,3206.0,932.0,2274.0,2366.0,11.0,2355.0,840.0,,,1566.0,1640.0,3146.0,,,,0.0,11.0,117.0,712.0,1141.0,674.0,2065.0,2910.0,2888.0,0.26200873362445415,0.3558951965065502,840.0,0.7092950717404866
21027,KY,Breckinridge County,5261.0,2643.0,2618.0,4408.0,20.0,4388.0,853.0,12.0,841.0,2534.0,2727.0,5009.0,120.0,19.0,,,12.0,124.0,717.0,1009.0,407.0,4252.0,4924.0,4324.0,0.1621364759551416,0.19178863333966925,853.0,0.49762402585059873
21029,KY,Bullitt County,17396.0,8306.0,9090.0,14908.0,66.0,14842.0,2488.0,34.0,2454.0,7964.0,9432.0,16649.0,169.0,111.0,69.0,,35.0,366.0,2087.0,1855.0,814.0,15541.0,16146.0,14408.0,0.1430213842262589,0.10663370889859738,2488.0,0.5225339158427225
21031,KY,Butler County,2963.0,1126.0,1837.0,2433.0,11.0,2422.0,530.0,,,1425.0,1538.0,2902.0,,,,,,,445.0,649.0,256.0,2314.0,2796.0,2512.0,0.17887276409044886,0.21903476206547418,445.0,0.6199797502531218
21033,KY,Caldwell County,3357.0,1712.0,1645.0,2846.0,13.0,2833.0,511.0,,,1546.0,1811.0,3140.0,133.0,14.0,,,0.0,101.0,410.0,582.0,270.0,2775.0,3180.0,2752.0,0.1522192433720584,0.17336907953529937,511.0,0.49002085195114686
21035,KY,Calloway County,8601.0,4369.0,4232.0,7488.0,25.0,7463.0,1113.0,20.0,1093.0,3874.0,4727.0,8097.0,203.0,73.0,53.0,,11.0,212.0,890.0,1229.0,590.0,7372.0,8135.0,7190.0,0.12940355772584583,0.1428903615858621,1113.0,0.49203580978955935
21037,KY,Campbell County,19482.0,8710.0,10772.0,17591.0,53.0,17538.0,1891.0,41.0,1850.0,8762.0,10720.0,18304.0,297.0,116.0,79.0,,25.0,352.0,1514.0,1917.0,964.0,17565.0,17861.0,16210.0,0.09706395647264142,0.09839852171234986,1891.0,0.5529206446976697
21039,KY,Carlisle County,1233.0,568.0,665.0,1015.0,,,218.0,,,600.0,633.0,1190.0,12.0,,,,,,180.0,219.0,99.0,1014.0,1179.0,1065.0,0.17680454176804541,0.17761557177615572,180.0,0.5393349553933495
21041,KY,Carroll County,2428.0,969.0,1459.0,2005.0,,,423.0,,,1148.0,1280.0,2303.0,47.0,23.0,,,,,340.0,470.0,227.0,1958.0,2231.0,2015.0,0.1742174629324547,0.19357495881383854,340.0,0.6009060955518946
21043,KY,Carter County,7073.0,2640.0,4433.0,5685.0,12.0,5673.0,1388.0,20.0,1368.0,3352.0,3721.0,6920.0,,18.0,,,11.0,183.0,1194.0,1683.0,762.0,5390.0,6621.0,6004.0,0.19623921956736887,0.2379471228615863,1388.0,0.6267496111975117
21045,KY,Casey County,3901.0,1877.0,2024.0,3203.0,,,698.0,,,1831.0,2070.0,3793.0,19.0,21.0,,,,,574.0,1044.0,487.0,2857.0,3626.0,3268.0,0.17892847987695462,0.2676236862342989,574.0,0.5188413227377595
21047,KY,Christian County,11996.0,5931.0,6065.0,9744.0,87.0,9657.0,2252.0,58.0,2194.0,5435.0,6561.0,8798.0,2640.0,212.0,99.0,,24.0,427.0,1801.0,2366.0,1207.0,9630.0,11033.0,9118.0,0.187729243081027,0.1972324108036012,2252.0,0.5055851950650216
21049,KY,Clark County,8685.0,3486.0,5199.0,7366.0,33.0,7333.0,1319.0,25.0,1294.0,3912.0,4773.0,7993.0,392.0,90.0,23.0,,20.0,204.0,1095.0,1453.0,601.0,7232.0,7980.0,7189.0,0.15187104202648244,0.1672999424294761,1319.0,0.5986183074265976
21051,KY,Clay County,4753.0,1414.0,3339.0,3449.0,12.0,3437.0,1304.0,,,2376.0,2377.0,4582.0,69.0,,,0.0,12.0,185.0,1107.0,1800.0,995.0,2953.0,4279.0,4257.0,0.2743530401851462,0.3787081843046497,1304.0,0.7025036818851251
21053,KY,Clinton County,2580.0,1267.0,1313.0,2086.0,14.0,2072.0,494.0,,,1237.0,1343.0,2522.0,,17.0,,,,,438.0,866.0,394.0,1714.0,2422.0,2144.0,0.19147286821705425,0.33565891472868215,438.0,0.5089147286821706
21055,KY,Crittenden County,2221.0,1136.0,1085.0,1882.0,,,339.0,,,1048.0,1173.0,2159.0,15.0,,,,,,290.0,337.0,172.0,1884.0,2106.0,1778.0,0.15263394867176946,0.15173345339936967,290.0,0.4885186852769023
21057,KY,Cumberland County,1934.0,943.0,991.0,1612.0,,,322.0,,,945.0,989.0,1833.0,59.0,16.0,,0.0,,,264.0,576.0,275.0,1358.0,1812.0,1624.0,0.16649431230610134,0.29782833505687695,264.0,0.5124095139607032
21059,KY,Daviess County,23824.0,11949.0,11875.0,20229.0,54.0,20175.0,3595.0,51.0,3544.0,10710.0,13114.0,22005.0,974.0,171.0,148.0,,51.0,713.0,2831.0,3746.0,1980.0,20078.0,22373.0,20032.0,0.15089825386165212,0.15723640026863667,3595.0,0.4984469442578912
21061,KY,Edmonson County,2791.0,1274.0,1517.0,2312.0,,,479.0,,,1344.0,1447.0,2726.0,11.0,,,0.0,,,418.0,551.0,219.0,2240.0,2647.0,2397.0,0.17162307416696523,0.19742027946972412,418.0,0.5435327839484055
21063,KY,Elliott County,1339.0,374.0,965.0,1044.0,,,295.0,,,709.0,630.0,1305.0,,,,,,,247.0,400.0,216.0,939.0,1258.0,1214.0,0.22031366691560866,0.29873039581777444,247.0,0.7206870799103808
21065,KY,Estill County,3704.0,1390.0,2314.0,2950.0,11.0,2939.0,754.0,,,1737.0,1967.0,3616.0,,,,,,,654.0,1103.0,556.0,2601.0,3422.0,3152.0,0.20356371490280778,0.29778617710583155,654.0,0.6247300215982722
21067,KY,Fayette County,55499.0,25764.0,29735.0,49945.0,223.0,49722.0,5554.0,172.0,5382.0,24176.0,31323.0,43954.0,7721.0,954.0,1009.0,16.0,87.0,1099.0,4368.0,7231.0,3797.0,48268.0,49678.0,45524.0,0.10007387520495865,0.13029063586731293,5554.0,0.5357754193769257
21069,KY,Fleming County,3707.0,1351.0,2356.0,3069.0,12.0,3057.0,638.0,,,1767.0,1940.0,3590.0,47.0,11.0,,,,,541.0,821.0,350.0,2886.0,3463.0,3148.0,0.17210682492581603,0.22147288912867547,541.0,0.6355543566226058
21071,KY,Floyd County,9850.0,3215.0,6635.0,7153.0,38.0,7115.0,2697.0,25.0,2672.0,4915.0,4935.0,9611.0,34.0,21.0,,,48.0,384.0,2265.0,2716.0,1455.0,7134.0,9155.0,8447.0,0.2738071065989848,0.27573604060913703,2697.0,0.6736040609137056
21073,KY,Franklin County,14843.0,6045.0,8798.0,11820.0,54.0,11766.0,3023.0,41.0,2982.0,6763.0,8080.0,13124.0,1183.0,131.0,66.0,,69.0,911.0,2043.0,4291.0,3340.0,10552.0,13815.0,12969.0,0.20366502728558916,0.2890925015158661,3023.0,0.5927373172539244
21075,KY,Fulton County,1784.0,790.0,994.0,1443.0,,,341.0,,,777.0,1007.0,1389.0,345.0,14.0,,,,,281.0,477.0,245.0,1307.0,1676.0,1502.0,0.19114349775784753,0.2673766816143498,281.0,0.5571748878923767
21077,KY,Gallatin County,1697.0,645.0,1052.0,1378.0,,,319.0,,,841.0,856.0,1629.0,27.0,,,,,,270.0,323.0,146.0,1374.0,1565.0,1396.0,0.18797878609310548,0.19033588685916322,270.0,0.619917501473188
21079,KY,Garrard County,4380.0,1902.0,2478.0,3683.0,15.0,3668.0,697.0,12.0,685.0,2081.0,2299.0,4164.0,95.0,40.0,,0.0,,,586.0,735.0,321.0,3645.0,4057.0,3579.0,0.1591324200913242,0.1678082191780822,586.0,0.5657534246575342
21081,KY,Grant County,5591.0,1945.0,3646.0,4577.0,21.0,4556.0,1014.0,18.0,996.0,2646.0,2945.0,5391.0,18.0,42.0,21.0,,11.0,153.0,850.0,926.0,379.0,4665.0,5167.0,4698.0,0.18136290466821678,0.16562332319799677,1014.0,0.6521194777320694
21083,KY,Graves County,8973.0,4108.0,4865.0,7569.0,22.0,7547.0,1404.0,18.0,1386.0,4136.0,4837.0,8348.0,334.0,142.0,16.0,,16.0,239.0,1149.0,1582.0,759.0,7391.0,8462.0,7568.0,0.15646940822467403,0.17630669787139194,1404.0,0.542182101861139
21085,KY,Grayson County,7115.0,3324.0,3791.0,5792.0,16.0,5776.0,1323.0,,,3396.0,3719.0,6910.0,40.0,27.0,15.0,,14.0,211.0,1098.0,1556.0,641.0,5559.0,6695.0,5941.0,0.1859451862262825,0.21869290231904429,1323.0,0.5328179901616303
21087,KY,Green County,2917.0,1363.0,1554.0,2439.0,,,478.0,,,1373.0,1544.0,2787.0,67.0,16.0,,0.0,,,411.0,680.0,324.0,2237.0,2714.0,2410.0,0.1638669866300994,0.23311621528968118,411.0,0.5327391155296538
21089,KY,Greenup County,9347.0,4013.0,5334.0,7852.0,35.0,7817.0,1495.0,19.0,1476.0,4336.0,5011.0,9049.0,48.0,29.0,21.0,,,,1291.0,1527.0,765.0,7820.0,8757.0,7700.0,0.1599443671766342,0.16336792553760565,1291.0,0.570664384294426
21091,KY,Hancock County,2206.0,1258.0,948.0,1865.0,14.0,1851.0,341.0,,,1073.0,1133.0,2121.0,32.0,11.0,,0.0,,,298.0,319.0,154.0,1887.0,2079.0,1717.0,0.15457842248413417,0.14460562103354488,298.0,0.42973708068902994
21093,KY,Hardin County,23831.0,13331.0,10500.0,20090.0,64.0,20026.0,3741.0,90.0,3651.0,10812.0,13019.0,19885.0,2343.0,564.0,409.0,,52.0,710.0,2979.0,3385.0,1608.0,20446.0,22133.0,15631.0,0.15698040367588434,0.1420418782258403,3741.0,0.44060257647601864
21095,KY,Harlan County,6989.0,2617.0,4372.0,5198.0,13.0,5185.0,1791.0,16.0,1775.0,3489.0,3500.0,6707.0,162.0,17.0,,,22.0,216.0,1553.0,1958.0,1077.0,5031.0,6504.0,5721.0,0.256259836886536,0.28015452854485623,1791.0,0.6255544426956646
21097,KY,Harrison County,4754.0,2257.0,2497.0,3986.0,11.0,3975.0,768.0,11.0,757.0,2214.0,2540.0,4546.0,88.0,34.0,,,14.0,117.0,637.0,849.0,424.0,3905.0,4445.0,3872.0,0.16154816996213714,0.1785864535128313,768.0,0.5252419015565839
21099,KY,Hart County,4457.0,2019.0,2438.0,3613.0,18.0,3595.0,844.0,,,2108.0,2349.0,4101.0,251.0,21.0,11.0,,,,713.0,1100.0,467.0,3357.0,4141.0,3750.0,0.18936504375140228,0.24680278214045323,713.0,0.5470047116894772
21101,KY,Henderson County,10785.0,4842.0,5943.0,9123.0,30.0,9093.0,1662.0,26.0,1636.0,4862.0,5923.0,9642.0,784.0,94.0,43.0,,19.0,307.0,1336.0,1697.0,868.0,9088.0,10054.0,9135.0,0.1541029207232267,0.15734816875289753,1662.0,0.5510431154381085
21103,KY,Henry County,4173.0,1731.0,2442.0,3599.0,16.0,3583.0,574.0,13.0,561.0,1945.0,2228.0,3888.0,126.0,51.0,11.0,,,,475.0,611.0,256.0,3562.0,3901.0,3521.0,0.13755092259765156,0.14641744548286603,475.0,0.5851905104241553
21105,KY,Hickman County,1132.0,564.0,568.0,954.0,,,178.0,,,509.0,623.0,1000.0,106.0,,,0.0,,,149.0,238.0,120.0,894.0,1082.0,978.0,0.15724381625441697,0.21024734982332155,149.0,0.5017667844522968
21107,KY,Hopkins County,11162.0,5355.0,5807.0,9288.0,49.0,9239.0,1874.0,41.0,1833.0,5140.0,6022.0,10194.0,675.0,78.0,40.0,,19.0,311.0,1544.0,1953.0,967.0,9209.0,10473.0,8866.0,0.16789105895000897,0.17496864361225586,1874.0,0.5202472675147823
21109,KY,Jackson County,3326.0,1103.0,2223.0,2607.0,11.0,2596.0,719.0,,,1599.0,1727.0,3266.0,,,,0.0,,,613.0,1083.0,511.0,2243.0,3097.0,2895.0,0.21617558628983763,0.32561635598316296,613.0,0.6683704149128081
21111,KY,Jefferson County,161811.0,81056.0,80755.0,142078.0,759.0,141319.0,19733.0,616.0,19117.0,71448.0,90363.0,120421.0,30183.0,3217.0,2431.0,51.0,278.0,3926.0,15529.0,23763.0,12909.0,138048.0,146210.0,134502.0,0.12195091804636274,0.14685651778927267,19733.0,0.4990699025406184
21113,KY,Jessamine County,11386.0,5065.0,6321.0,10074.0,31.0,10043.0,1312.0,18.0,1294.0,5094.0,6292.0,10453.0,374.0,156.0,93.0,,13.0,214.0,1085.0,1468.0,695.0,9918.0,10374.0,9479.0,0.11522922887756895,0.1289302652380116,1312.0,0.5551554540663973
21115,KY,Johnson County,5993.0,2187.0,3806.0,4534.0,26.0,4508.0,1459.0,23.0,1436.0,2913.0,3080.0,5852.0,11.0,14.0,15.0,,22.0,188.0,1249.0,1497.0,760.0,4496.0,5584.0,5072.0,0.24345069247455364,0.24979142332721507,1459.0,0.6350742532955115
21117,KY,Kenton County,32490.0,14258.0,18232.0,28753.0,81.0,28672.0,3737.0,97.0,3640.0,14914.0,17576.0,29887.0,1139.0,279.0,211.0,,52.0,721.0,2964.0,3845.0,1947.0,28645.0,29566.0,26882.0,0.11502000615574023,0.11834410587873191,3737.0,0.5611572791628193
21119,KY,Knott County,3613.0,1319.0,2294.0,2745.0,16.0,2729.0,868.0,,,1872.0,1741.0,3537.0,23.0,,,,11.0,108.0,749.0,948.0,513.0,2665.0,3327.0,3144.0,0.2402435649045115,0.26238582895101026,868.0,0.6349294215333517
21121,KY,Knox County,7156.0,2680.0,4476.0,5338.0,11.0,5327.0,1818.0,15.0,1803.0,3355.0,3801.0,6954.0,57.0,20.0,,,23.0,258.0,1537.0,2606.0,1360.0,4550.0,6563.0,6232.0,0.25405254332029065,0.36416992733370596,1818.0,0.6254891000558972
21123,KY,Larue County,3634.0,1750.0,1884.0,3044.0,,,590.0,,,1659.0,1975.0,3449.0,100.0,28.0,,,,,502.0,687.0,305.0,2947.0,3408.0,3013.0,0.1623555310952119,0.18904788112272977,502.0,0.5184369840396258
21125,KY,Laurel County,14202.0,5676.0,8526.0,11273.0,39.0,11234.0,2929.0,36.0,2893.0,6655.0,7547.0,13773.0,98.0,60.0,32.0,,30.0,445.0,2454.0,3328.0,1507.0,10874.0,13153.0,11922.0,0.20623855794958457,0.23433319250809745,2929.0,0.6003379805661174
21127,KY,Lawrence County,4054.0,1551.0,2503.0,3130.0,19.0,3111.0,924.0,,,2015.0,2039.0,3955.0,,13.0,,0.0,,,803.0,1000.0,499.0,3054.0,3787.0,3394.0,0.227923038973853,0.246669955599408,803.0,0.6174148988653182
21129,KY,Lee County,1736.0,545.0,1191.0,1336.0,0.0,1336.0,400.0,,,851.0,885.0,1700.0,,,0.0,0.0,,,346.0,625.0,304.0,1111.0,1602.0,1496.0,0.2304147465437788,0.36002304147465436,346.0,0.6860599078341014
21131,KY,Leslie County,2782.0,802.0,1980.0,2059.0,12.0,2047.0,723.0,,,1436.0,1346.0,2732.0,,,,0.0,,,649.0,807.0,419.0,1975.0,2589.0,2467.0,0.25988497483824585,0.29007907979870595,649.0,0.7117181883537024
21133,KY,Letcher County,5812.0,1879.0,3933.0,4355.0,21.0,4334.0,1457.0,18.0,1439.0,2919.0,2893.0,5668.0,26.0,13.0,,,20.0,186.0,1251.0,1468.0,740.0,4344.0,5434.0,4947.0,0.25068823124569856,0.25258086717136957,1457.0,0.676703372333104
21135,KY,Lewis County,3307.0,1149.0,2158.0,2637.0,11.0,2626.0,670.0,11.0,659.0,1595.0,1712.0,3232.0,,,,,,,560.0,1002.0,464.0,2305.0,3087.0,2819.0,0.20260054429996976,0.3029936498336861,560.0,0.6525551859691563
21137,KY,Lincoln County,6444.0,2711.0,3733.0,5207.0,29.0,5178.0,1237.0,18.0,1219.0,3049.0,3395.0,6144.0,138.0,40.0,,,14.0,182.0,1041.0,1535.0,696.0,4909.0,6020.0,5387.0,0.19196151458721292,0.23820608317815023,1237.0,0.5792985723153321
21139,KY,Livingston County,2711.0,1450.0,1261.0,2283.0,,,428.0,,,1278.0,1433.0,2641.0,,13.0,,,,,368.0,377.0,163.0,2334.0,2568.0,2246.0,0.15787532275912947,0.13906307635558834,368.0,0.4651420140169679
21141,KY,Logan County,6708.0,3295.0,3413.0,5682.0,15.0,5667.0,1026.0,20.0,1006.0,3092.0,3616.0,6053.0,497.0,45.0,14.0,,17.0,148.0,861.0,1193.0,514.0,5515.0,6334.0,5747.0,0.15295169946332737,0.17784734645199762,1026.0,0.5087954680977936
21143,KY,Lyon County,2478.0,1261.0,1217.0,2158.0,,,320.0,,,1173.0,1305.0,2376.0,31.0,17.0,,,0.0,41.0,279.0,297.0,134.0,2181.0,2350.0,2009.0,0.129136400322841,0.1198547215496368,320.0,0.4911218724778047
21151,KY,Madison County,19203.0,7915.0,11288.0,16098.0,66.0,16032.0,3105.0,65.0,3040.0,8691.0,10512.0,17702.0,737.0,230.0,101.0,16.0,38.0,534.0,2533.0,3339.0,1587.0,15864.0,17731.0,15843.0,0.16169348539290737,0.17387908139353225,3105.0,0.5878248190386919
21153,KY,Magoffin County,3213.0,981.0,2232.0,2346.0,,,867.0,,,1640.0,1573.0,3141.0,,,,,,,751.0,983.0,545.0,2230.0,2961.0,2880.0,0.2698412698412698,0.3059446000622471,751.0,0.6946778711484594
21155,KY,Marion County,4615.0,2415.0,2200.0,3862.0,,,753.0,17.0,736.0,2148.0,2467.0,4190.0,296.0,23.0,,,16.0,117.0,620.0,939.0,470.0,3676.0,4301.0,3971.0,0.16316359696641386,0.20346695557963163,753.0,0.47670639219934996
21157,KY,Marshall County,9137.0,5031.0,4106.0,7921.0,28.0,7893.0,1216.0,13.0,1203.0,4297.0,4840.0,8891.0,19.0,37.0,17.0,,12.0,192.0,1012.0,1171.0,546.0,7966.0,8700.0,7563.0,0.13308525774324176,0.12816022764583562,1216.0,0.44938163510999235
21159,KY,Martin County,2609.0,846.0,1763.0,1862.0,,,747.0,,,1377.0,1232.0,2567.0,,,,0.0,,,649.0,684.0,392.0,1925.0,2447.0,2240.0,0.286316596397087,0.262169413568417,649.0,0.6757378305864316
21161,KY,Mason County,4248.0,1718.0,2530.0,3602.0,21.0,3581.0,646.0,16.0,630.0,1928.0,2320.0,3887.0,252.0,19.0,11.0,,,,547.0,856.0,414.0,3392.0,3982.0,3584.0,0.15207156308851225,0.2015065913370998,547.0,0.5955743879472694
21145,KY,Mccracken County,17213.0,9231.0,7982.0,14857.0,62.0,14795.0,2356.0,38.0,2318.0,7623.0,9590.0,15027.0,1636.0,142.0,76.0,,27.0,442.0,1887.0,2556.0,1267.0,14657.0,16055.0,14153.0,0.13687329344100388,0.14849241852088538,2356.0,0.46371928193807005
21147,KY,Mccreary County,3895.0,1489.0,2406.0,2922.0,,,973.0,11.0,962.0,1915.0,1980.0,3813.0,,,,,,,833.0,1483.0,719.0,2412.0,3569.0,3339.0,0.24980744544287548,0.3807445442875481,833.0,0.6177150192554557
21149,KY,Mclean County,2441.0,1102.0,1339.0,2066.0,,,375.0,,,1165.0,1276.0,2382.0,,,,,,,310.0,412.0,177.0,2029.0,2337.0,2051.0,0.1536255632937321,0.16878328553871363,310.0,0.5485456780008193
21163,KY,Meade County,5814.0,2947.0,2867.0,4809.0,,,1005.0,,,2829.0,2985.0,5456.0,148.0,51.0,16.0,,,,837.0,744.0,315.0,5070.0,5454.0,4223.0,0.17285861713106296,0.12796697626418987,837.0,0.4931200550395597
21165,KY,Menifee County,1806.0,577.0,1229.0,1433.0,,,373.0,,,898.0,908.0,1760.0,0.0,,,,,,324.0,502.0,224.0,1304.0,1690.0,1556.0,0.20653377630121816,0.2779623477297896,324.0,0.6805094130675526
21167,KY,Mercer County,5845.0,2502.0,3343.0,5053.0,24.0,5029.0,792.0,,,2660.0,3185.0,5458.0,213.0,40.0,11.0,,,,668.0,825.0,349.0,5020.0,5408.0,4809.0,0.13550042771599657,0.14114627887082976,668.0,0.5719418306244654
21169,KY,Metcalfe County,2730.0,1130.0,1600.0,2194.0,,,536.0,,,1286.0,1444.0,2618.0,39.0,23.0,,,,,460.0,759.0,367.0,1971.0,2572.0,2350.0,0.19633699633699633,0.27802197802197803,460.0,0.5860805860805861
21171,KY,Monroe County,2742.0,1371.0,1371.0,2251.0,,,491.0,,,1273.0,1469.0,2644.0,58.0,,,,,,414.0,721.0,301.0,2021.0,2550.0,2307.0,0.17906637490882568,0.262946754194019,414.0,0.5
21173,KY,Montgomery County,6357.0,2428.0,3929.0,5181.0,23.0,5158.0,1176.0,14.0,1162.0,2855.0,3502.0,5982.0,207.0,37.0,,,,,1022.0,1316.0,541.0,5041.0,5918.0,5408.0,0.1849929211892402,0.20701588799748308,1022.0,0.6180588327827592
21175,KY,Morgan County,3151.0,973.0,2178.0,2446.0,11.0,2435.0,705.0,,,1582.0,1569.0,3094.0,,,0.0,,,,599.0,862.0,405.0,2289.0,2918.0,2788.0,0.22373849571564583,0.2735639479530308,599.0,0.6912091399555697
21177,KY,Muhlenberg County,7733.0,3250.0,4483.0,6314.0,17.0,6297.0,1419.0,18.0,1401.0,3581.0,4152.0,7329.0,234.0,29.0,,,11.0,184.0,1224.0,1478.0,631.0,6255.0,7312.0,6175.0,0.18349928876244664,0.19112892797103323,1419.0,0.5797232639337903
21179,KY,Nelson County,11470.0,6335.0,5135.0,9806.0,39.0,9767.0,1664.0,29.0,1635.0,5248.0,6222.0,10619.0,511.0,102.0,33.0,,20.0,274.0,1370.0,1603.0,714.0,9867.0,10664.0,9478.0,0.14507410636442894,0.13975588491717525,1664.0,0.44768962510897997
21181,KY,Nicholas County,1806.0,733.0,1073.0,1481.0,,,325.0,,,842.0,964.0,1753.0,17.0,,,,,,267.0,412.0,177.0,1394.0,1679.0,1542.0,0.17995570321151716,0.22812846068660023,267.0,0.5941306755260244
21183,KY,Ohio County,5688.0,2369.0,3319.0,4657.0,18.0,4639.0,1031.0,,,2750.0,2938.0,5530.0,39.0,29.0,,,,,866.0,1108.0,522.0,4580.0,5371.0,4503.0,0.18125879043600562,0.19479606188466947,866.0,0.5835091420534458
21185,KY,Oldham County,12021.0,6986.0,5035.0,11159.0,36.0,11123.0,862.0,17.0,845.0,5505.0,6516.0,10999.0,322.0,145.0,100.0,,11.0,178.0,673.0,701.0,354.0,11320.0,10940.0,9697.0,0.0717078446052741,0.058314616088511774,862.0,0.41885034522918224
21187,KY,Owen County,2343.0,896.0,1447.0,1965.0,,,378.0,,,1186.0,1157.0,2259.0,29.0,,,0.0,,,318.0,406.0,195.0,1937.0,2175.0,1950.0,0.1613316261203585,0.17328211694408877,318.0,0.6175842936406317
21189,KY,Owsley County,1161.0,399.0,762.0,914.0,,,247.0,,,562.0,599.0,1138.0,,,,0.0,,,206.0,509.0,325.0,652.0,1033.0,1040.0,0.2127476313522825,0.4384151593453919,206.0,0.6563307493540051
21191,KY,Pendleton County,3522.0,1310.0,2212.0,2924.0,,,598.0,,,1675.0,1847.0,3426.0,16.0,21.0,,,,,506.0,548.0,233.0,2974.0,3249.0,2949.0,0.16978989210675752,0.15559341283361727,506.0,0.6280522430437252
21193,KY,Perry County,6840.0,2574.0,4266.0,5233.0,29.0,5204.0,1607.0,14.0,1593.0,3358.0,3482.0,6595.0,98.0,16.0,20.0,,19.0,209.0,1379.0,1944.0,1066.0,4896.0,6311.0,5887.0,0.23494152046783626,0.28421052631578947,1607.0,0.6236842105263158
21195,KY,Pike County,15646.0,5554.0,10092.0,11363.0,51.0,11312.0,4283.0,27.0,4256.0,7755.0,7891.0,15289.0,54.0,33.0,25.0,,41.0,524.0,3718.0,3648.0,1809.0,11998.0,14681.0,12999.0,0.27374408794580085,0.23315863479483573,4283.0,0.6450210916528186
21197,KY,Powell County,3201.0,1080.0,2121.0,2441.0,,,760.0,,,1544.0,1657.0,3108.0,23.0,11.0,,,,,637.0,840.0,423.0,2361.0,2983.0,2734.0,0.23742580443611372,0.2624179943767573,637.0,0.662605435801312
21199,KY,Pulaski County,18117.0,7621.0,10496.0,14697.0,44.0,14653.0,3420.0,41.0,3379.0,8452.0,9665.0,17407.0,214.0,140.0,57.0,,35.0,537.0,2848.0,3951.0,1974.0,14166.0,16985.0,15173.0,0.18877297565822157,0.21808246398410333,3420.0,0.5793453662306122
21201,KY,Robertson County,586.0,261.0,325.0,477.0,,,109.0,0.0,109.0,281.0,305.0,565.0,,,,0.0,0.0,15.0,94.0,134.0,58.0,452.0,544.0,476.0,0.18600682593856654,0.22866894197952217,109.0,0.5546075085324232
21203,KY,Rockcastle County,4134.0,1655.0,2479.0,3275.0,,,859.0,,,1954.0,2180.0,4052.0,,15.0,,,,,738.0,1188.0,517.0,2946.0,3809.0,3454.0,0.2077890662796323,0.28737300435413643,738.0,0.5996613449443638
21205,KY,Rowan County,5075.0,1682.0,3393.0,4094.0,17.0,4077.0,981.0,,,2312.0,2763.0,4921.0,22.0,25.0,19.0,,,,799.0,1184.0,570.0,3891.0,4746.0,4366.0,0.19330049261083743,0.23330049261083743,799.0,0.6685714285714286
21207,KY,Russell County,4871.0,2265.0,2606.0,4032.0,11.0,4021.0,839.0,16.0,823.0,2302.0,2569.0,4733.0,23.0,38.0,,,11.0,111.0,717.0,1232.0,567.0,3639.0,4518.0,4058.0,0.17224389242455349,0.25292547731471976,839.0,0.535003079449805
21209,KY,Scott County,10411.0,4654.0,5757.0,9107.0,32.0,9075.0,1304.0,21.0,1283.0,4687.0,5724.0,9393.0,541.0,155.0,72.0,,12.0,240.0,1052.0,1182.0,551.0,9229.0,9572.0,8509.0,0.12525213716261646,0.1135337623667275,1304.0,0.5529728172125636
21211,KY,Shelby County,10021.0,5001.0,5020.0,9039.0,33.0,9006.0,982.0,30.0,952.0,4510.0,5511.0,8936.0,659.0,174.0,34.0,,12.0,162.0,808.0,953.0,439.0,9068.0,9241.0,8217.0,0.0979942121544756,0.09510028939227622,982.0,0.5009480091807205
21213,KY,Simpson County,4488.0,2227.0,2261.0,3798.0,20.0,3778.0,690.0,25.0,665.0,1988.0,2500.0,3936.0,412.0,37.0,11.0,,,,584.0,698.0,284.0,3790.0,4181.0,3719.0,0.1537433155080214,0.15552584670231728,584.0,0.5037878787878788
21215,KY,Spencer County,4271.0,2149.0,2122.0,3758.0,12.0,3746.0,513.0,,,2047.0,2224.0,4055.0,71.0,23.0,12.0,,,,433.0,411.0,183.0,3860.0,3937.0,3499.0,0.12011238585811286,0.09623039100913135,433.0,0.49683914774057597
21217,KY,Taylor County,6488.0,3336.0,3152.0,5418.0,22.0,5396.0,1070.0,19.0,1051.0,2969.0,3519.0,6009.0,328.0,42.0,16.0,,12.0,181.0,877.0,1325.0,657.0,5163.0,6061.0,5401.0,0.16491985203452528,0.20422318125770653,1070.0,0.48581997533908755
21219,KY,Todd County,2563.0,1312.0,1251.0,2139.0,,,424.0,,,1189.0,1374.0,2230.0,246.0,29.0,,0.0,,,342.0,508.0,229.0,2055.0,2399.0,2093.0,0.16543113538821694,0.1982052282481467,342.0,0.4880998829496684
21221,KY,Trigg County,4164.0,2186.0,1978.0,3614.0,17.0,3597.0,550.0,,,2002.0,2162.0,3762.0,255.0,41.0,,0.0,,,462.0,554.0,235.0,3610.0,3965.0,3303.0,0.13208453410182516,0.13304514889529298,462.0,0.4750240153698367
21223,KY,Trimble County,2077.0,880.0,1197.0,1737.0,,,340.0,,,975.0,1102.0,2014.0,,11.0,,,,,284.0,315.0,141.0,1762.0,1900.0,1716.0,0.16369764082811747,0.1516610495907559,284.0,0.5763119884448724
21225,KY,Union County,3275.0,1441.0,1834.0,2768.0,11.0,2757.0,507.0,,,1536.0,1739.0,2991.0,210.0,18.0,,,,,436.0,468.0,207.0,2807.0,3087.0,2466.0,0.1548091603053435,0.14290076335877863,436.0,0.56
21227,KY,Warren County,24358.0,11807.0,12551.0,20879.0,73.0,20806.0,3479.0,54.0,3425.0,10942.0,13416.0,21080.0,1901.0,394.0,341.0,,41.0,689.0,2749.0,4108.0,2094.0,20250.0,22538.0,20388.0,0.14282781837589292,0.16865095656457837,3479.0,0.5152721898349618
21229,KY,Washington County,2983.0,1564.0,1419.0,2495.0,,,488.0,,,1371.0,1612.0,2724.0,166.0,24.0,,0.0,,,408.0,541.0,263.0,2442.0,2764.0,2527.0,0.1635936976198458,0.1813610459269192,408.0,0.4756956084478713
21231,KY,Wayne County,5218.0,2038.0,3180.0,4229.0,,,989.0,11.0,978.0,2502.0,2716.0,4990.0,89.0,42.0,,,,,831.0,1562.0,768.0,3656.0,4869.0,4406.0,0.189536220774243,0.2993484093522422,831.0,0.6094288999616712
21233,KY,Webster County,3237.0,1470.0,1767.0,2657.0,11.0,2646.0,580.0,13.0,567.0,1548.0,1689.0,3017.0,140.0,23.0,,,,,493.0,502.0,253.0,2735.0,3048.0,2655.0,0.1791782514674081,0.15508186592523943,493.0,0.5458758109360519
21235,KY,Whitley County,9898.0,3973.0,5925.0,7578.0,28.0,7550.0,2320.0,27.0,2293.0,4663.0,5235.0,9628.0,37.0,40.0,31.0,,29.0,335.0,1956.0,3008.0,1481.0,6890.0,9114.0,8389.0,0.23439078601737726,0.30389977773287535,2320.0,0.5986057789452415
21237,KY,Wolfe County,1948.0,586.0,1362.0,1476.0,,,472.0,,,965.0,983.0,1906.0,,,,,,,386.0,732.0,405.0,1216.0,1810.0,1731.0,0.24229979466119098,0.3757700205338809,386.0,0.6991786447638604
21239,KY,Woodford County,6766.0,3069.0,3697.0,6264.0,,,502.0,,,3050.0,3716.0,6155.0,315.0,97.0,13.0,,,,395.0,552.0,261.0,6214.0,6277.0,5641.0,0.07419450192137156,0.08158439255099025,395.0,0.5464085131540053
21999,KY,Unknown,,,,,,,,,,,,,,,,,,,,,,,,,,,0.0,
22001,LA,Acadia Parish,13128.0,7137.0,5991.0,10958.0,55.0,10903.0,2170.0,56.0,2114.0,6139.0,6989.0,10453.0,2196.0,179.0,39.0,,22.0,367.0,1781.0,3693.0,1813.0,9435.0,12367.0,11079.0,0.16529555149299208,0.2813071297989031,2170.0,0.4563528336380256
22003,LA,Allen Parish,4765.0,2672.0,2093.0,3922.0,30.0,3892.0,843.0,23.0,820.0,2271.0,2494.0,3712.0,840.0,78.0,24.0,18.0,13.0,142.0,688.0,1308.0,629.0,3457.0,4429.0,3793.0,0.1769150052465897,0.274501573976915,843.0,0.4392444910807975
22005,LA,Ascension Parish,21732.0,6866.0,14866.0,19242.0,75.0,19167.0,2490.0,101.0,2389.0,9943.0,11789.0,15501.0,4713.0,762.0,189.0,12.0,27.0,489.0,1974.0,3260.0,1627.0,18472.0,20213.0,18707.0,0.11457758144671452,0.1500092030185901,2490.0,0.684060371801951
22007,LA,Assumption Parish,5130.0,1958.0,3172.0,4320.0,33.0,4287.0,810.0,28.0,782.0,2508.0,2622.0,3313.0,1497.0,161.0,,,,,656.0,1290.0,652.0,3840.0,4894.0,4585.0,0.15789473684210525,0.25146198830409355,656.0,0.6183235867446394
22009,LA,Avoyelles Parish,9211.0,4785.0,4426.0,7475.0,53.0,7422.0,1736.0,38.0,1698.0,4348.0,4863.0,6486.0,2324.0,110.0,14.0,73.0,18.0,317.0,1401.0,3148.0,1659.0,6063.0,8689.0,7742.0,0.18847030724134187,0.3417652806427098,1736.0,0.4805124307892737
22011,LA,Beauregard Parish,8060.0,4986.0,3074.0,6787.0,40.0,6747.0,1273.0,27.0,1246.0,3857.0,4203.0,6784.0,938.0,135.0,35.0,,18.0,216.0,1039.0,1564.0,737.0,6496.0,7514.0,5976.0,0.15794044665012408,0.19404466501240694,1273.0,0.3813895781637717
22013,LA,Bienville Parish,3535.0,1711.0,1824.0,2916.0,33.0,2883.0,619.0,28.0,591.0,1655.0,1880.0,2041.0,1421.0,15.0,,,,,516.0,1082.0,607.0,2453.0,3322.0,2918.0,0.1751060820367751,0.3060820367751061,516.0,0.515983026874116
22015,LA,Bossier Parish,23691.0,13787.0,9904.0,20745.0,133.0,20612.0,2946.0,122.0,2824.0,10549.0,13142.0,17217.0,4985.0,533.0,269.0,23.0,40.0,635.0,2271.0,4188.0,2155.0,19503.0,21829.0,16839.0,0.124351019374446,0.17677599088261364,2946.0,0.4180490481617492
22017,LA,Caddo Parish,52822.0,25955.0,26867.0,44995.0,469.0,44526.0,7827.0,426.0,7401.0,23258.0,29564.0,27615.0,22799.0,629.0,369.0,20.0,86.0,1825.0,5916.0,13912.0,7672.0,38910.0,48098.0,40344.0,0.14817689599030706,0.26337510885615845,7827.0,0.5086327666502594
22019,LA,Calcasieu Parish,39999.0,22280.0,17719.0,34455.0,234.0,34221.0,5544.0,175.0,5369.0,18100.0,21899.0,28794.0,9240.0,737.0,325.0,32.0,82.0,1125.0,4337.0,7981.0,3872.0,32018.0,37312.0,32245.0,0.13860346508662716,0.19952998824970625,5544.0,0.4429860746518663
22021,LA,Caldwell Parish,2354.0,1192.0,1162.0,1991.0,,,363.0,,,1127.0,1227.0,1944.0,317.0,36.0,,,,,308.0,671.0,328.0,1683.0,2219.0,1985.0,0.1542056074766355,0.2850467289719626,308.0,0.49362786745964315
22023,LA,Cameron Parish,993.0,651.0,342.0,908.0,,,85.0,,,496.0,497.0,903.0,22.0,40.0,,0.0,,,64.0,129.0,55.0,864.0,910.0,764.0,0.08559919436052367,0.1299093655589124,64.0,0.34441087613293053
22025,LA,Catahoula Parish,2446.0,1299.0,1147.0,2098.0,11.0,2087.0,348.0,,,1184.0,1262.0,1823.0,579.0,,0.0,,,,297.0,704.0,340.0,1742.0,2294.0,1998.0,0.14227309893704007,0.2878168438266558,297.0,0.4689288634505315
22027,LA,Claiborne Parish,3429.0,1908.0,1521.0,2926.0,24.0,2902.0,503.0,18.0,485.0,1601.0,1828.0,2007.0,1318.0,15.0,,,,,390.0,921.0,513.0,2508.0,3224.0,2801.0,0.14668999708369787,0.268591426071741,390.0,0.4435695538057743
22029,LA,Concordia Parish,4274.0,2346.0,1928.0,3623.0,32.0,3591.0,651.0,15.0,636.0,1947.0,2327.0,2649.0,1515.0,33.0,,,,,535.0,1349.0,698.0,2925.0,4019.0,3569.0,0.15231633130556854,0.31562938699110904,535.0,0.4510996724379972
22031,LA,De Soto Parish,6597.0,3351.0,3246.0,5604.0,57.0,5547.0,993.0,60.0,933.0,3008.0,3589.0,3978.0,2392.0,91.0,22.0,,,,817.0,1654.0,805.0,4943.0,6196.0,4983.0,0.15052296498408368,0.2507200242534485,817.0,0.4920418371987267
22033,LA,East Baton Rouge Parish,83563.0,30627.0,52936.0,73629.0,533.0,73096.0,9934.0,545.0,9389.0,36483.0,47080.0,43983.0,33992.0,1654.0,1577.0,30.0,138.0,2262.0,7534.0,17979.0,9995.0,65584.0,76991.0,71506.0,0.11888036571209747,0.2151550327297967,9934.0,0.6334861122745713
22035,LA,East Carroll Parish,1355.0,600.0,755.0,1111.0,13.0,1098.0,244.0,15.0,229.0,633.0,722.0,475.0,845.0,11.0,,0.0,,,195.0,581.0,342.0,774.0,1276.0,1180.0,0.18007380073800738,0.42878228782287825,195.0,0.5571955719557196
22037,LA,East Feliciana Parish,4848.0,1851.0,2997.0,4322.0,45.0,4277.0,526.0,26.0,500.0,2358.0,2490.0,2987.0,1713.0,28.0,,,,,440.0,1071.0,621.0,3777.0,4553.0,4226.0,0.10849834983498349,0.22091584158415842,440.0,0.6181930693069307
22039,LA,Evangeline Parish,7149.0,4047.0,3102.0,5683.0,30.0,5653.0,1466.0,33.0,1433.0,3484.0,3665.0,5165.0,1753.0,74.0,20.0,,14.0,239.0,1213.0,2461.0,1386.0,4688.0,6794.0,6144.0,0.20506364526507204,0.34424395020282555,1466.0,0.43390684011749897
22041,LA,Franklin Parish,4617.0,2494.0,2123.0,3924.0,29.0,3895.0,693.0,20.0,673.0,2174.0,2443.0,3202.0,1295.0,27.0,,,,,557.0,1611.0,881.0,3006.0,4355.0,3956.0,0.15009746588693956,0.3489278752436647,557.0,0.4598223954949101
22043,LA,Grant Parish,4559.0,2543.0,2016.0,3774.0,,,785.0,,,2208.0,2351.0,3954.0,457.0,53.0,,,,,668.0,1108.0,523.0,3451.0,4248.0,3556.0,0.17218688308839658,0.243035753454705,668.0,0.4422022373327484
22045,LA,Iberia Parish,16088.0,7531.0,8557.0,13250.0,90.0,13160.0,2838.0,98.0,2740.0,7532.0,8556.0,9807.0,4791.0,730.0,243.0,23.0,36.0,540.0,2262.0,4424.0,2358.0,11664.0,15172.0,13780.0,0.17640477374440577,0.27498756837394334,2838.0,0.5318871208354052
22047,LA,Iberville Parish,6807.0,1894.0,4913.0,5913.0,52.0,5861.0,894.0,35.0,859.0,3136.0,3671.0,3665.0,2775.0,185.0,21.0,0.0,,,737.0,1735.0,882.0,5072.0,6439.0,6106.0,0.13133539003966505,0.25488467753782873,737.0,0.7217570148376671
22049,LA,Jackson Parish,3631.0,2030.0,1601.0,3154.0,14.0,3140.0,477.0,,,1687.0,1944.0,2608.0,935.0,17.0,,,,,396.0,810.0,441.0,2821.0,3437.0,3032.0,0.1313687689341779,0.22307904158633984,396.0,0.440925364913247
22053,LA,Jefferson Davis Parish,6985.0,4394.0,2591.0,5891.0,35.0,5856.0,1094.0,35.0,1059.0,3265.0,3720.0,5548.0,1148.0,104.0,20.0,22.0,16.0,193.0,885.0,1691.0,849.0,5294.0,6603.0,5877.0,0.15662133142448104,0.24209019327129563,1094.0,0.3709377236936292
22051,LA,Jefferson Parish,94185.0,27484.0,66701.0,83700.0,502.0,83198.0,10485.0,400.0,10085.0,42079.0,52106.0,58115.0,21561.0,7930.0,3213.0,39.0,107.0,2082.0,8296.0,19381.0,9399.0,74804.0,86830.0,81084.0,0.11132345914954611,0.20577586664543188,10485.0,0.70819132558263
22055,LA,Lafayette Parish,47517.0,28410.0,19107.0,41598.0,201.0,41397.0,5919.0,199.0,5720.0,21360.0,26157.0,33988.0,10197.0,1258.0,577.0,33.0,73.0,1376.0,4470.0,9223.0,4857.0,38294.0,43850.0,39247.0,0.12456594481974873,0.19409895405854746,5919.0,0.4021087189847844
22057,LA,Lafourche Parish,20202.0,8161.0,12041.0,17211.0,72.0,17139.0,2991.0,65.0,2926.0,9537.0,10665.0,16447.0,2544.0,633.0,138.0,48.0,34.0,515.0,2442.0,4195.0,1965.0,16007.0,19048.0,17767.0,0.14805464805464805,0.20765270765270766,2991.0,0.596030096030096
22059,LA,Lasalle Parish,3118.0,2062.0,1056.0,2659.0,11.0,2648.0,459.0,11.0,448.0,1467.0,1651.0,2793.0,230.0,12.0,,12.0,,,373.0,698.0,352.0,2420.0,2952.0,2532.0,0.1472097498396408,0.22386144964720975,373.0,0.33867864015394483
22061,LA,Lincoln Parish,8133.0,4461.0,3672.0,7165.0,43.0,7122.0,968.0,34.0,934.0,3632.0,4501.0,5137.0,2686.0,79.0,43.0,,11.0,214.0,743.0,1816.0,1066.0,6317.0,7512.0,6639.0,0.11902127136358047,0.22328783966556007,968.0,0.4514939136849871
22063,LA,Livingston Parish,25325.0,8064.0,17261.0,22002.0,73.0,21929.0,3323.0,78.0,3245.0,11596.0,13729.0,22531.0,1531.0,594.0,125.0,,26.0,571.0,2726.0,4608.0,2118.0,20717.0,23813.0,22116.0,0.1312142152023692,0.18195459032576505,3323.0,0.6815794669299111
22065,LA,Madison Parish,2006.0,1033.0,973.0,1679.0,22.0,1657.0,327.0,25.0,302.0,909.0,1097.0,816.0,1143.0,17.0,,0.0,,,265.0,745.0,401.0,1261.0,1854.0,1680.0,0.16301096709870389,0.3713858424725823,265.0,0.48504486540378866
22067,LA,Morehouse Parish,6612.0,2956.0,3656.0,5474.0,54.0,5420.0,1138.0,41.0,1097.0,3095.0,3517.0,3658.0,2786.0,36.0,15.0,,,,928.0,2206.0,1213.0,4406.0,6279.0,5749.0,0.1721113127646703,0.3336358136721113,928.0,0.5529340592861464
22069,LA,Natchitoches Parish,8032.0,4378.0,3654.0,6809.0,91.0,6718.0,1223.0,48.0,1175.0,3677.0,4355.0,4771.0,2867.0,114.0,26.0,,21.0,279.0,923.0,2193.0,1201.0,5839.0,7461.0,6562.0,0.15226593625498008,0.2730328685258964,1223.0,0.45493027888446214
22071,LA,Orleans Parish,69219.0,22140.0,47079.0,59459.0,574.0,58885.0,9760.0,464.0,9296.0,31141.0,38078.0,20184.0,43269.0,2150.0,1552.0,22.0,74.0,2237.0,7449.0,22614.0,12153.0,46605.0,62784.0,58414.0,0.14100174807495053,0.32670220604169375,9760.0,0.6801456247562085
22073,LA,Ouachita Parish,31150.0,15832.0,15318.0,26551.0,191.0,26360.0,4599.0,198.0,4401.0,13823.0,17327.0,20288.0,9693.0,275.0,168.0,15.0,55.0,1022.0,3522.0,8201.0,4377.0,22949.0,28939.0,26355.0,0.14764044943820226,0.2632744783306581,4599.0,0.49174959871589086
22075,LA,Plaquemines Parish,4147.0,1277.0,2870.0,3643.0,19.0,3624.0,504.0,,,1979.0,2168.0,2733.0,935.0,131.0,189.0,15.0,,,401.0,870.0,424.0,3277.0,3804.0,3421.0,0.12153363877501809,0.2097902097902098,401.0,0.6920665541355197
22077,LA,Pointe Coupee Parish,5359.0,1876.0,3483.0,4723.0,32.0,4691.0,636.0,22.0,614.0,2452.0,2907.0,3372.0,1723.0,94.0,,,,,522.0,1266.0,692.0,4093.0,5057.0,4766.0,0.11867885799589475,0.23623810412390372,522.0,0.6499346893077067
22079,LA,Rapides Parish,29112.0,16963.0,12149.0,23871.0,143.0,23728.0,5241.0,131.0,5110.0,13282.0,15830.0,19495.0,8247.0,394.0,246.0,27.0,75.0,1180.0,3986.0,7779.0,4400.0,21333.0,26799.0,22479.0,0.18002885408079142,0.2672093981863149,5241.0,0.41731931849409176
22081,LA,Red River Parish,1858.0,931.0,927.0,1574.0,16.0,1558.0,284.0,13.0,271.0,840.0,1018.0,1204.0,608.0,14.0,,0.0,,,234.0,547.0,284.0,1311.0,1749.0,1531.0,0.15285252960172227,0.29440258342303555,234.0,0.49892357373519913
22083,LA,Richland Parish,4787.0,2277.0,2510.0,4041.0,39.0,4002.0,746.0,29.0,717.0,2282.0,2505.0,3077.0,1598.0,30.0,,,,,595.0,1571.0,876.0,3216.0,4522.0,4169.0,0.15583872989346145,0.32818048882389805,595.0,0.524336745351995
22085,LA,Sabine Parish,5599.0,3146.0,2453.0,4756.0,33.0,4723.0,843.0,29.0,814.0,2766.0,2833.0,4575.0,782.0,100.0,,,,,714.0,1262.0,637.0,4337.0,5293.0,4534.0,0.15056260046436865,0.22539739239149847,714.0,0.4381139489194499
22087,LA,St. Bernard Parish,7543.0,2192.0,5351.0,6211.0,36.0,6175.0,1332.0,41.0,1291.0,3524.0,4019.0,5069.0,1499.0,698.0,105.0,,,,1100.0,2192.0,1004.0,5351.0,6960.0,6370.0,0.17658756462945777,0.29060055680763625,1100.0,0.7093994431923638
22089,LA,St. Charles Parish,10548.0,2726.0,7822.0,9327.0,48.0,9279.0,1221.0,44.0,1177.0,4884.0,5664.0,7193.0,2556.0,454.0,61.0,,14.0,221.0,986.0,1600.0,734.0,8948.0,9769.0,9137.0,0.11575654152445962,0.15168752370117558,1221.0,0.7415623814941221
22091,LA,St. Helena Parish,2338.0,727.0,1611.0,1943.0,31.0,1912.0,395.0,13.0,382.0,1143.0,1195.0,1146.0,1133.0,21.0,,,,,338.0,777.0,434.0,1561.0,2219.0,2084.0,0.16894781864841746,0.3323353293413174,338.0,0.6890504704875963
22093,LA,St. James Parish,4963.0,1484.0,3479.0,4325.0,26.0,4299.0,638.0,26.0,612.0,2290.0,2673.0,2467.0,2334.0,65.0,,,,,524.0,1047.0,508.0,3916.0,4695.0,4436.0,0.12855127946806366,0.21096111223050573,524.0,0.7009873060648801
22095,LA,St. John The Baptist Parish,9034.0,2213.0,6821.0,7524.0,63.0,7461.0,1510.0,72.0,1438.0,4142.0,4892.0,3689.0,4697.0,402.0,59.0,,22.0,315.0,1173.0,2223.0,1054.0,6811.0,8357.0,7823.0,0.16714633606375914,0.2460704007084348,1510.0,0.7550365286694709
22097,LA,St. Landry Parish,20068.0,10196.0,9872.0,16461.0,104.0,16357.0,3607.0,116.0,3491.0,9521.0,10547.0,11832.0,7529.0,199.0,67.0,,53.0,693.0,2861.0,6268.0,3462.0,13800.0,18844.0,17132.0,0.17973888778154276,0.31233805062786524,3607.0,0.49192744668128363
22099,LA,St. Martin Parish,11611.0,5507.0,6104.0,9742.0,55.0,9687.0,1869.0,49.0,1820.0,5547.0,6064.0,7908.0,3153.0,207.0,89.0,,17.0,368.0,1484.0,2950.0,1434.0,8661.0,10951.0,9716.0,0.1609680475411248,0.25406941693221946,1869.0,0.5257083799844975
22101,LA,St. Mary Parish,11451.0,4298.0,7153.0,9566.0,53.0,9513.0,1885.0,55.0,1830.0,5459.0,5992.0,7144.0,3482.0,385.0,160.0,33.0,25.0,345.0,1515.0,3154.0,1546.0,8297.0,10763.0,9955.0,0.16461444415334905,0.2754344598725002,1885.0,0.6246616016068466
22103,LA,St. Tammany Parish,62165.0,24034.0,38131.0,56135.0,210.0,55925.0,6030.0,141.0,5889.0,28188.0,33977.0,50702.0,6618.0,2229.0,496.0,45.0,72.0,1236.0,4722.0,8581.0,3949.0,53584.0,57503.0,51514.0,0.09699991956888925,0.13803587227539613,6030.0,0.6133837368294056
22105,LA,Tangipahoa Parish,27879.0,10258.0,17621.0,23628.0,178.0,23450.0,4251.0,142.0,4109.0,12714.0,15165.0,19839.0,6731.0,619.0,120.0,13.0,39.0,770.0,3442.0,7480.0,3809.0,20399.0,26112.0,23836.0,0.15248036156246636,0.2683023063954948,4251.0,0.6320527995982639
22107,LA,Tensas Parish,1199.0,569.0,630.0,1052.0,12.0,1040.0,147.0,,,570.0,629.0,559.0,604.0,13.0,,0.0,,,119.0,437.0,239.0,762.0,1123.0,1042.0,0.12260216847372811,0.36447039199332776,119.0,0.5254378648874062
22109,LA,Terrebonne Parish,22697.0,9366.0,13331.0,18886.0,91.0,18795.0,3811.0,87.0,3724.0,10801.0,11896.0,17225.0,4005.0,464.0,198.0,184.0,31.0,732.0,3048.0,5521.0,2582.0,17176.0,21102.0,19393.0,0.16790765299378774,0.24324800634445082,3811.0,0.5873463453319822
22111,LA,Union Parish,5748.0,3219.0,2529.0,5043.0,30.0,5013.0,705.0,35.0,670.0,2773.0,2975.0,4406.0,1147.0,83.0,,,,,576.0,1332.0,637.0,4416.0,5443.0,4839.0,0.12265135699373696,0.23173277661795408,576.0,0.43997912317327764
22113,LA,Vermilion Parish,12517.0,6435.0,6082.0,10681.0,44.0,10637.0,1836.0,46.0,1790.0,5827.0,6690.0,10161.0,1519.0,338.0,212.0,,18.0,319.0,1499.0,3023.0,1443.0,9494.0,11863.0,10686.0,0.1466805145002796,0.24151154429975233,1836.0,0.485899177119118
22115,LA,Vernon Parish,8125.0,5223.0,2902.0,6708.0,37.0,6671.0,1417.0,22.0,1395.0,3865.0,4260.0,6545.0,989.0,241.0,130.0,17.0,22.0,273.0,1122.0,1657.0,811.0,6468.0,7548.0,5244.0,0.1744,0.20393846153846154,1417.0,0.3571692307692308
22117,LA,Washington Parish,10918.0,4249.0,6669.0,8880.0,68.0,8812.0,2038.0,49.0,1989.0,5057.0,5861.0,7642.0,2928.0,144.0,24.0,,21.0,362.0,1655.0,3539.0,1728.0,7379.0,10361.0,9386.0,0.18666422421688955,0.324143616046895,2038.0,0.610826158637113
22119,LA,Webster Parish,9811.0,5046.0,4765.0,8278.0,70.0,8208.0,1533.0,50.0,1483.0,4466.0,5345.0,6557.0,2965.0,80.0,27.0,,17.0,285.0,1231.0,2530.0,1303.0,7281.0,9222.0,8052.0,0.1562531852002854,0.25787381510549384,1533.0,0.4856793395168688
22121,LA,West Baton Rouge Parish,5306.0,1619.0,3687.0,4634.0,30.0,4604.0,672.0,34.0,638.0,2446.0,2860.0,3048.0,2012.0,93.0,23.0,,,,531.0,1114.0,591.0,4192.0,4954.0,4655.0,0.1266490765171504,0.20995099886920468,531.0,0.6948737278552582
22123,LA,West Carroll Parish,2756.0,1471.0,1285.0,2369.0,13.0,2356.0,387.0,,,1308.0,1448.0,2276.0,410.0,28.0,,,,,317.0,805.0,387.0,1951.0,2637.0,2349.0,0.1404208998548621,0.2920899854862119,317.0,0.46625544267053703
22125,LA,West Feliciana Parish,2477.0,1162.0,1315.0,2246.0,11.0,2235.0,231.0,,,1134.0,1343.0,1731.0,643.0,19.0,,,0.0,49.0,182.0,428.0,243.0,2049.0,2301.0,2086.0,0.09325797335486476,0.1727896649172386,231.0,0.5308841340331045
22127,LA,Winn Parish,2905.0,1630.0,1275.0,2473.0,15.0,2458.0,432.0,,,1360.0,1545.0,2128.0,701.0,19.0,,,,,353.0,767.0,420.0,2138.0,2747.0,2362.0,0.1487091222030981,0.2640275387263339,353.0,0.4388984509466437
22999,LA,Unknown,,,,,,,,,,,,,,,,,,,,,,,,,,,0.0,
23001,ME,Androscoggin County,26896.0,9062.0,17834.0,22462.0,67.0,22395.0,4434.0,64.0,4370.0,12560.0,14336.0,25229.0,292.0,241.0,152.0,26.0,70.0,1027.0,3337.0,9101.0,4737.0,17795.0,24962.0,22478.0,0.16485722784057108,0.3383774538964902,4434.0,0.6630725758477097
23003,ME,Aroostook County,21301.0,9963.0,11338.0,18202.0,49.0,18153.0,3099.0,37.0,3062.0,10284.0,11017.0,20356.0,93.0,98.0,51.0,127.0,61.0,552.0,2486.0,8568.0,3981.0,12733.0,19837.0,17442.0,0.1454861274118586,0.4022346368715084,3099.0,0.532275480024412
23005,ME,Cumberland County,76589.0,29919.0,46670.0,69590.0,131.0,69459.0,6999.0,108.0,6891.0,34551.0,42038.0,70268.0,659.0,655.0,1029.0,52.0,122.0,1752.0,5125.0,14973.0,8450.0,61616.0,70830.0,64885.0,0.09138388019167243,0.195498048022562,6999.0,0.6093564349971928
23007,ME,Franklin County,9019.0,2912.0,6107.0,7897.0,12.0,7885.0,1122.0,12.0,1110.0,4384.0,4635.0,8492.0,12.0,38.0,22.0,12.0,25.0,232.0,865.0,3078.0,1305.0,5941.0,8467.0,7602.0,0.1244040359241601,0.34127952101119857,1122.0,0.6771260671914846
23009,ME,Hancock County,17426.0,8188.0,9238.0,16020.0,34.0,15986.0,1406.0,16.0,1390.0,8075.0,9351.0,16435.0,53.0,100.0,72.0,14.0,19.0,323.0,1064.0,3508.0,1813.0,13918.0,16294.0,14275.0,0.0806840353494778,0.20130838976242396,1406.0,0.5301273958452887
23011,ME,Kennebec County,34998.0,12696.0,22302.0,29715.0,88.0,29627.0,5283.0,67.0,5216.0,16335.0,18663.0,33182.0,144.0,250.0,150.0,38.0,101.0,1276.0,3906.0,10557.0,5557.0,24441.0,32159.0,28881.0,0.1509514829418824,0.3016458083319047,5283.0,0.6372364135093433
23013,ME,Knox County,13517.0,5927.0,7590.0,12517.0,21.0,12496.0,1000.0,17.0,983.0,6188.0,7329.0,12643.0,32.0,99.0,47.0,,23.0,225.0,752.0,2852.0,1368.0,10665.0,12631.0,11122.0,0.07398091292446549,0.21099356366057556,1000.0,0.5615151290966931
23015,ME,Lincoln County,12624.0,5098.0,7526.0,11713.0,23.0,11690.0,911.0,,,5870.0,6754.0,11895.0,30.0,64.0,49.0,,11.0,210.0,690.0,2305.0,1113.0,10319.0,11792.0,10388.0,0.07216413181242079,0.18258871989860584,911.0,0.5961660329531052
23017,ME,Oxford County,18161.0,6970.0,11191.0,15444.0,31.0,15413.0,2717.0,27.0,2690.0,8822.0,9339.0,17190.0,63.0,104.0,56.0,,47.0,596.0,2074.0,6640.0,3059.0,11521.0,17047.0,15305.0,0.14960629921259844,0.36561863333516875,2717.0,0.6162105610924509
23019,ME,Penobscot County,40945.0,16959.0,23986.0,34360.0,90.0,34270.0,6585.0,68.0,6517.0,19335.0,21610.0,38811.0,176.0,268.0,205.0,243.0,120.0,1581.0,4884.0,13653.0,7252.0,27292.0,38020.0,33185.0,0.16082549761875686,0.33344730736353645,6585.0,0.5858102332397118
23021,ME,Piscataquis County,5962.0,2506.0,3456.0,5162.0,20.0,5142.0,800.0,,,2985.0,2977.0,5699.0,,35.0,20.0,,13.0,153.0,634.0,2036.0,970.0,3926.0,5597.0,4828.0,0.13418316001341832,0.3414961422341496,800.0,0.5796712512579671
23023,ME,Sagadahoc County,11282.0,4622.0,6660.0,10330.0,17.0,10313.0,952.0,21.0,931.0,5209.0,6073.0,10571.0,57.0,83.0,52.0,,11.0,229.0,712.0,1929.0,1020.0,9353.0,10512.0,8951.0,0.08438220173728063,0.17098032263783017,952.0,0.5903208650948414
23025,ME,Somerset County,15421.0,5952.0,9469.0,12719.0,34.0,12685.0,2702.0,24.0,2678.0,7505.0,7916.0,14777.0,37.0,85.0,40.0,16.0,29.0,536.0,2137.0,6391.0,2910.0,9030.0,14318.0,12789.0,0.1752156150703586,0.4144348615524285,2702.0,0.6140328123986771
23027,ME,Waldo County,12752.0,5246.0,7506.0,11341.0,21.0,11320.0,1411.0,16.0,1395.0,6110.0,6642.0,12005.0,28.0,70.0,45.0,,24.0,317.0,1070.0,3708.0,1828.0,9044.0,11856.0,10472.0,0.11064930991217065,0.2907779171894605,1411.0,0.5886135508155583
23029,ME,Washington County,10347.0,5529.0,4818.0,9009.0,24.0,8985.0,1338.0,15.0,1323.0,4953.0,5394.0,9633.0,32.0,78.0,39.0,213.0,16.0,255.0,1067.0,3520.0,1833.0,6827.0,9588.0,8182.0,0.12931284430269643,0.3401952256692761,1338.0,0.4656422151348217
23031,ME,York County,60340.0,28120.0,32220.0,54606.0,107.0,54499.0,5734.0,84.0,5650.0,27604.0,32736.0,56702.0,234.0,429.0,437.0,37.0,127.0,1309.0,4298.0,12063.0,5612.0,48277.0,55762.0,49570.0,0.09502817368246602,0.1999171362280411,5734.0,0.5339741465031488
23999,ME,Unknown,,,,,,,,,,,,,,,,,,,,,,,,,,,0.0,
24001,MD,Allegany County,17366.0,14175.0,3191.0,15052.0,69.0,14983.0,2314.0,35.0,2279.0,7910.0,9456.0,16330.0,438.0,111.0,113.0,,28.0,460.0,1826.0,3298.0,1730.0,14068.0,16365.0,13833.0,0.1332488771162041,0.18991132097201427,2314.0,0.18374985604053898
24003,MD,Anne Arundel County,108729.0,86367.0,22362.0,100374.0,433.0,99941.0,8355.0,286.0,8069.0,48459.0,60270.0,81598.0,16583.0,2853.0,3279.0,61.0,110.0,1966.0,6279.0,8826.0,4878.0,99903.0,94056.0,74780.0,0.07684242474408852,0.08117429572607124,8355.0,0.20566730127196975
24510,MD,Baltimore City,102892.0,64526.0,38366.0,85924.0,1140.0,84784.0,16968.0,795.0,16173.0,44083.0,58809.0,28275.0,69005.0,1640.0,1167.0,67.0,182.0,4096.0,12690.0,30442.0,17099.0,72450.0,91143.0,79743.0,0.16491078023558683,0.2958636239940909,16968.0,0.37287641410410916
24005,MD,Baltimore County,173203.0,128037.0,45166.0,156971.0,904.0,156067.0,16232.0,615.0,15617.0,74781.0,98422.0,112319.0,44628.0,3216.0,5868.0,92.0,243.0,3934.0,12055.0,22177.0,13115.0,151026.0,152352.0,131645.0,0.09371662153657846,0.12804050738151188,16232.0,0.26076915526867317
24009,MD,Calvert County,19175.0,16130.0,3045.0,17642.0,66.0,17576.0,1533.0,56.0,1477.0,8797.0,10378.0,14942.0,3083.0,323.0,207.0,11.0,17.0,306.0,1210.0,1563.0,853.0,17612.0,16856.0,12333.0,0.07994784876140808,0.08151238591916558,1533.0,0.1588005215123859
24011,MD,Caroline County,7486.0,5746.0,1740.0,6578.0,28.0,6550.0,908.0,30.0,878.0,3459.0,4027.0,6006.0,1071.0,95.0,47.0,,13.0,187.0,708.0,1189.0,591.0,6297.0,6807.0,5795.0,0.12129308041677798,0.158829815655891,908.0,0.23243387656959658
24013,MD,Carroll County,38006.0,30266.0,7740.0,35272.0,82.0,35190.0,2734.0,55.0,2679.0,17229.0,20777.0,34296.0,1241.0,467.0,519.0,,32.0,647.0,2055.0,2767.0,1536.0,35239.0,33536.0,28064.0,0.07193601010366785,0.07280429405883282,2734.0,0.2036520549386939
24015,MD,Cecil County,21894.0,17159.0,4735.0,19294.0,78.0,19216.0,2600.0,47.0,2553.0,10087.0,11807.0,19272.0,1420.0,358.0,212.0,,51.0,450.0,2099.0,2600.0,1318.0,19294.0,19580.0,16147.0,0.11875399652872934,0.11875399652872934,2600.0,0.2162692975244359
24017,MD,Charles County,29092.0,21583.0,7509.0,26028.0,211.0,25817.0,3064.0,186.0,2878.0,12754.0,16338.0,13326.0,13417.0,754.0,713.0,27.0,28.0,622.0,2414.0,3160.0,1821.0,25932.0,24886.0,18244.0,0.10532105046060773,0.10862092671524817,3064.0,0.25811219579265776
24019,MD,Dorchester County,8964.0,6645.0,2319.0,7929.0,47.0,7882.0,1035.0,36.0,999.0,4053.0,4911.0,6275.0,2262.0,134.0,57.0,,20.0,228.0,787.0,1640.0,789.0,7324.0,8146.0,6931.0,0.11546184738955824,0.18295403837572513,1035.0,0.25870147255689424
24021,MD,Frederick County,52870.0,41910.0,10960.0,48815.0,159.0,48656.0,4055.0,118.0,3937.0,23847.0,29023.0,42703.0,4224.0,1997.0,1700.0,30.0,66.0,1052.0,2937.0,4594.0,2591.0,48276.0,45773.0,38084.0,0.07669756005296009,0.08689237752979005,4055.0,0.2073009268015888
24023,MD,Garrett County,7774.0,5966.0,1808.0,7041.0,24.0,7017.0,733.0,15.0,718.0,3696.0,4078.0,7467.0,24.0,22.0,22.0,,,,588.0,1115.0,533.0,6659.0,7371.0,6263.0,0.09428865448932339,0.14342680730640597,588.0,0.23257010547980447
24025,MD,Harford County,56345.0,42365.0,13980.0,51372.0,240.0,51132.0,4973.0,130.0,4843.0,25203.0,31142.0,45626.0,6500.0,1063.0,1134.0,23.0,63.0,1183.0,3727.0,4996.0,2787.0,51349.0,49623.0,40864.0,0.08825982784630403,0.08866802733161772,4973.0,0.24811429585588785
24027,MD,Howard County,58204.0,46372.0,11832.0,54953.0,197.0,54756.0,3251.0,138.0,3113.0,26288.0,31916.0,35354.0,9838.0,1545.0,7883.0,23.0,45.0,960.0,2246.0,5785.0,3854.0,52419.0,48473.0,39492.0,0.0558552676791973,0.09939179437839324,3251.0,0.20328499759466703
24029,MD,Kent County,6437.0,5315.0,1122.0,5991.0,15.0,5976.0,446.0,,,2877.0,3560.0,5311.0,784.0,58.0,24.0,,,,351.0,670.0,315.0,5767.0,6014.0,5254.0,0.06928693490756564,0.10408575423333852,351.0,0.1743048003728445
24031,MD,Montgomery County,196357.0,150598.0,45759.0,187522.0,749.0,186773.0,8835.0,429.0,8406.0,86828.0,109529.0,106855.0,29360.0,18452.0,27420.0,110.0,156.0,2574.0,6105.0,22530.0,13998.0,173827.0,159341.0,135305.0,0.044994576205584724,0.11473998889777294,8835.0,0.23303982032726106
24033,MD,Prince George'S County,153418.0,103826.0,49592.0,140268.0,1605.0,138663.0,13150.0,1057.0,12093.0,64887.0,88531.0,25173.0,107912.0,9638.0,5229.0,81.0,193.0,3113.0,9844.0,19188.0,10949.0,134230.0,125054.0,99953.0,0.08571354078400188,0.12507007000482342,13150.0,0.32324759806541603
24035,MD,Queen Anne'S County,12958.0,10714.0,2244.0,12193.0,37.0,12156.0,765.0,23.0,742.0,6017.0,6941.0,11402.0,891.0,111.0,104.0,,13.0,152.0,600.0,862.0,401.0,12096.0,11588.0,9799.0,0.059036888408705045,0.06652261151412255,765.0,0.1731748726655348
24039,MD,Somerset County,5482.0,3866.0,1616.0,4741.0,38.0,4703.0,741.0,33.0,708.0,2600.0,2882.0,3976.0,1304.0,53.0,39.0,,11.0,153.0,577.0,1133.0,537.0,4349.0,5070.0,4271.0,0.13516964611455673,0.2066763954761036,741.0,0.29478292593943817
24037,MD,St. Mary'S County,20062.0,16426.0,3636.0,18143.0,95.0,18048.0,1919.0,62.0,1857.0,9336.0,10726.0,15295.0,3346.0,397.0,396.0,12.0,12.0,419.0,1488.0,2257.0,1165.0,17805.0,17605.0,12050.0,0.09565347422988735,0.11250124613697537,1919.0,0.1812381616987339
24041,MD,Talbot County,12341.0,10401.0,1940.0,11707.0,38.0,11669.0,634.0,17.0,617.0,5448.0,6893.0,10275.0,1285.0,133.0,84.0,,13.0,148.0,473.0,1067.0,488.0,11274.0,11373.0,9618.0,0.05137347054533668,0.08645976825216757,634.0,0.15719957864030468
24043,MD,Washington County,33997.0,25518.0,8479.0,29543.0,89.0,29454.0,4454.0,109.0,4345.0,15487.0,18510.0,29524.0,2205.0,754.0,415.0,12.0,65.0,1008.0,3381.0,5131.0,2700.0,28866.0,30903.0,26638.0,0.13101155984351562,0.15092508162484924,4454.0,0.24940435920816542
24045,MD,Wicomico County,22007.0,16130.0,5877.0,19512.0,117.0,19395.0,2495.0,78.0,2417.0,9790.0,12217.0,15567.0,5031.0,343.0,442.0,,33.0,567.0,1895.0,3677.0,1826.0,18330.0,19916.0,17035.0,0.11337301767619394,0.16708320079974553,2495.0,0.26705139273867406
24047,MD,Worcester County,17093.0,12781.0,4312.0,15978.0,65.0,15913.0,1115.0,35.0,1080.0,7817.0,9276.0,14541.0,1750.0,159.0,116.0,,13.0,222.0,880.0,1580.0,759.0,15513.0,15862.0,13536.0,0.0652313812671854,0.09243549991224478,1115.0,0.2522670098870883
24999,MD,Unknown,,,,,,,,,,,,,,,,,,,,,,,,,,,0.0,
25001,MA,Barnstable County,87445.0,65306.0,22139.0,82939.0,136.0,82803.0,4506.0,56.0,4450.0,39141.0,48304.0,79643.0,1058.0,1361.0,550.0,167.0,57.0,1122.0,3327.0,10721.0,7123.0,76724.0,81321.0,72796.0,0.05152953284921951,0.12260277888958775,4506.0,0.2531762822345474
25003,MA,Berkshire County,38327.0,31979.0,6348.0,33828.0,98.0,33730.0,4499.0,45.0,4454.0,17722.0,20605.0,34680.0,738.0,677.0,271.0,11.0,52.0,1099.0,3348.0,10184.0,6839.0,28143.0,35669.0,32459.0,0.11738461137057427,0.2657134657030292,4499.0,0.16562736452109478
25005,MA,Bristol County,133949.0,81175.0,52774.0,114639.0,407.0,114232.0,19310.0,228.0,19082.0,60360.0,73589.0,111503.0,4112.0,10122.0,1825.0,77.0,285.0,4306.0,14719.0,40968.0,30326.0,92981.0,123188.0,114416.0,0.1441593442280271,0.3058477480235015,19310.0,0.39398577070377533
25007,MA,Dukes County,5703.0,5187.0,516.0,5486.0,16.0,5470.0,217.0,,,2640.0,3063.0,4846.0,265.0,89.0,30.0,36.0,,,158.0,693.0,383.0,5010.0,5311.0,4746.0,0.038050149044362616,0.1215149921094161,158.0,0.09047869542346133
25009,MA,Essex County,180136.0,116295.0,63841.0,162128.0,591.0,161537.0,18008.0,336.0,17672.0,80133.0,100003.0,143389.0,3302.0,21225.0,4216.0,55.0,299.0,4214.0,13495.0,45233.0,36135.0,134903.0,162517.0,149859.0,0.09996891237731492,0.2511047208775592,18008.0,0.3544044499711329
25011,MA,Franklin County,21253.0,14288.0,6965.0,18788.0,44.0,18744.0,2465.0,26.0,2439.0,9816.0,11437.0,19630.0,190.0,332.0,138.0,11.0,22.0,618.0,1825.0,5207.0,3615.0,16046.0,19679.0,17916.0,0.11598362584105773,0.24500070578271302,2465.0,0.3277184397496824
25013,MA,Hampden County,109769.0,60009.0,49760.0,91614.0,329.0,91285.0,18155.0,299.0,17856.0,49755.0,60014.0,78953.0,7557.0,17770.0,1575.0,40.0,238.0,4404.0,13513.0,37794.0,31255.0,71975.0,101241.0,94559.0,0.16539277938215707,0.3443048583844255,18155.0,0.45331559912179215
25015,MA,Hampshire County,39277.0,27078.0,12199.0,35190.0,55.0,35135.0,4087.0,31.0,4056.0,17589.0,21688.0,34782.0,646.0,1141.0,694.0,19.0,50.0,1145.0,2892.0,7695.0,5673.0,31582.0,35869.0,32958.0,0.10405580874303028,0.19591618504468264,4087.0,0.3105888942638185
25017,MA,Middlesex County,305504.0,199992.0,105512.0,281100.0,902.0,280198.0,24404.0,423.0,23981.0,137024.0,168480.0,239668.0,10443.0,14166.0,21762.0,80.0,339.0,6149.0,17916.0,60907.0,47678.0,244597.0,269560.0,247992.0,0.07988111448622603,0.19936563842044622,24404.0,0.3453702733843092
25019,MA,Nantucket County,2346.0,2186.0,160.0,2284.0,,,62.0,,,1111.0,1235.0,2022.0,61.0,58.0,21.0,0.0,,,54.0,200.0,118.0,2146.0,2148.0,1892.0,0.026427962489343565,0.08525149190110827,54.0,0.06820119352088662
25021,MA,Norfolk County,150662.0,101329.0,49333.0,138866.0,429.0,138437.0,11796.0,213.0,11583.0,66927.0,83735.0,117933.0,8057.0,4127.0,11647.0,47.0,184.0,2967.0,8645.0,30386.0,23891.0,120276.0,133198.0,122326.0,0.07829446044788999,0.2016832379763975,11796.0,0.32744155792436047
25023,MA,Plymouth County,130689.0,88738.0,41951.0,118200.0,383.0,117817.0,12489.0,213.0,12276.0,58558.0,72131.0,111365.0,6366.0,4053.0,1286.0,58.0,187.0,2840.0,9462.0,25593.0,19122.0,105096.0,118062.0,107207.0,0.0955627482037509,0.19583132474806603,12489.0,0.32099870685367554
25025,MA,Suffolk County,114263.0,65498.0,48765.0,99587.0,646.0,98941.0,14676.0,378.0,14298.0,50757.0,63506.0,52012.0,25504.0,18734.0,10302.0,77.0,168.0,3390.0,11118.0,50068.0,41772.0,64195.0,102603.0,95598.0,0.12844052755485152,0.43818208869012715,14676.0,0.42677857224123295
25027,MA,Worcester County,180658.0,100526.0,80132.0,158816.0,458.0,158358.0,21842.0,325.0,21517.0,83333.0,97325.0,150117.0,4433.0,11949.0,4708.0,64.0,285.0,5096.0,16461.0,45920.0,34814.0,134738.0,163432.0,151682.0,0.1209024787166912,0.2541819349267677,21842.0,0.44355633296062175
25999,MA,Unknown,,,,,,,,,,,,,,,,,,,,,,,,,,,0.0,
26001,MI,Alcona County,4586.0,1878.0,2708.0,4059.0,,,527.0,,,2359.0,2227.0,4430.0,,37.0,12.0,12.0,,,428.0,507.0,374.0,4079.0,4399.0,3839.0,0.11491495856955952,0.1105538595726123,428.0,0.5904928041866551
26003,MI,Alger County,2854.0,1292.0,1562.0,2610.0,,,244.0,,,1445.0,1409.0,2700.0,,11.0,,61.0,,,211.0,281.0,214.0,2573.0,2729.0,2322.0,0.08549404344779257,0.09845830413454801,211.0,0.547302032235459
26005,MI,Allegan County,26813.0,7173.0,19640.0,24036.0,67.0,23969.0,2777.0,61.0,2716.0,12798.0,14015.0,24673.0,262.0,745.0,120.0,66.0,44.0,568.0,2165.0,2502.0,1918.0,24311.0,25404.0,23691.0,0.10356916421139,0.09331294521314287,2777.0,0.7324805131839033
26007,MI,Alpena County,9587.0,4151.0,5436.0,8168.0,31.0,8137.0,1419.0,11.0,1408.0,4568.0,5019.0,9239.0,24.0,58.0,35.0,28.0,25.0,287.0,1107.0,1591.0,1286.0,7996.0,9231.0,8210.0,0.1480129341817044,0.16595389590069887,1419.0,0.567017836653802
26009,MI,Antrim County,8333.0,3339.0,4994.0,7622.0,20.0,7602.0,711.0,,,4111.0,4222.0,7933.0,13.0,71.0,19.0,30.0,,,546.0,812.0,638.0,7521.0,7960.0,7090.0,0.08532341293651746,0.09744389775591024,546.0,0.5993039721588863
26011,MI,Arenac County,5574.0,2119.0,3455.0,4778.0,20.0,4758.0,796.0,11.0,785.0,2796.0,2778.0,5336.0,13.0,50.0,14.0,18.0,,,662.0,867.0,674.0,4707.0,5337.0,4825.0,0.14280588446358092,0.15554359526372444,662.0,0.6198421241478292
26013,MI,Baraga County,2292.0,1052.0,1240.0,1981.0,,,311.0,,,1125.0,1167.0,2020.0,,,,186.0,,,256.0,310.0,253.0,1982.0,2164.0,1842.0,0.13568935427574172,0.13525305410122165,256.0,0.5410122164048866
26015,MI,Barry County,14723.0,4708.0,10015.0,13262.0,36.0,13226.0,1461.0,19.0,1442.0,7057.0,7666.0,14038.0,42.0,152.0,30.0,,20.0,295.0,1146.0,1396.0,1095.0,13327.0,13962.0,12558.0,0.09923249337770834,0.0948176322760307,1461.0,0.6802282143584867
26017,MI,Bay County,28661.0,10591.0,18070.0,24585.0,93.0,24492.0,4076.0,64.0,4012.0,13229.0,15432.0,26410.0,368.0,847.0,97.0,47.0,51.0,787.0,3238.0,4256.0,3457.0,24405.0,27299.0,25119.0,0.14221415861274903,0.14849446983706083,4076.0,0.6304734656850772
26019,MI,Benzie County,6108.0,2417.0,3691.0,5622.0,11.0,5611.0,486.0,11.0,475.0,2919.0,3189.0,5784.0,14.0,47.0,16.0,41.0,,,394.0,555.0,429.0,5553.0,5845.0,5196.0,0.07956777996070727,0.09086444007858546,394.0,0.6042894564505567
26021,MI,Berrien County,40401.0,17590.0,22811.0,36194.0,142.0,36052.0,4207.0,98.0,4109.0,18508.0,21893.0,33638.0,4358.0,681.0,345.0,66.0,52.0,855.0,3300.0,5757.0,4685.0,34644.0,37914.0,33755.0,0.10413108586421128,0.1424964728595827,4207.0,0.5646147372589787
26023,MI,Branch County,10526.0,4301.0,6225.0,9166.0,30.0,9136.0,1360.0,28.0,1332.0,5019.0,5507.0,9942.0,44.0,130.0,51.0,,21.0,247.0,1092.0,1458.0,1107.0,9068.0,9995.0,8951.0,0.12920387611628348,0.13851415542466275,1360.0,0.5913927417822534
26025,MI,Calhoun County,31842.0,13868.0,17974.0,26625.0,149.0,26476.0,5217.0,134.0,5083.0,14716.0,17126.0,26657.0,3278.0,644.0,250.0,47.0,92.0,1142.0,3983.0,5962.0,4833.0,25880.0,29881.0,26374.0,0.16384021104201998,0.18723698260159538,5217.0,0.5644745933044407
26027,MI,Cass County,13055.0,5698.0,7357.0,11505.0,49.0,11456.0,1550.0,24.0,1526.0,6304.0,6751.0,11718.0,694.0,172.0,60.0,58.0,12.0,329.0,1209.0,1924.0,1532.0,11131.0,12375.0,10923.0,0.11872845653006511,0.1473764841057066,1550.0,0.5635388739946381
26029,MI,Charlevoix County,8665.0,3824.0,4841.0,8003.0,12.0,7991.0,662.0,,,4144.0,4521.0,8225.0,11.0,52.0,23.0,74.0,,,517.0,783.0,625.0,7882.0,8316.0,7421.0,0.07639930755914599,0.09036353144835545,517.0,0.5586843623773803
26031,MI,Cheboygan County,8677.0,3674.0,5003.0,7745.0,19.0,7726.0,932.0,,,4278.0,4399.0,8188.0,24.0,46.0,16.0,110.0,15.0,188.0,729.0,1159.0,902.0,7518.0,8330.0,7283.0,0.10741039529791403,0.1335715108908609,932.0,0.5765817678921286
26033,MI,Chippewa County,8829.0,3661.0,5168.0,7671.0,26.0,7645.0,1158.0,14.0,1144.0,4322.0,4507.0,7727.0,36.0,54.0,24.0,692.0,20.0,216.0,922.0,1293.0,1014.0,7536.0,8278.0,6890.0,0.13115868161739722,0.14644920149507307,1158.0,0.5853437535394722
26035,MI,Clare County,10600.0,3703.0,6897.0,8932.0,33.0,8899.0,1668.0,17.0,1651.0,5235.0,5365.0,10177.0,28.0,105.0,17.0,26.0,21.0,248.0,1399.0,1939.0,1490.0,8661.0,10152.0,9097.0,0.15735849056603773,0.1829245283018868,1668.0,0.6506603773584906
26037,MI,Clinton County,17276.0,5097.0,12179.0,15887.0,54.0,15833.0,1389.0,22.0,1367.0,8093.0,9183.0,16049.0,167.0,424.0,101.0,25.0,11.0,279.0,1099.0,1226.0,975.0,16050.0,16457.0,15374.0,0.08040055568418615,0.07096550127344292,1389.0,0.7049664274137531
26039,MI,Crawford County,4349.0,1721.0,2628.0,3767.0,12.0,3755.0,582.0,,,2209.0,2140.0,4161.0,12.0,38.0,14.0,,,,495.0,636.0,480.0,3713.0,4144.0,3590.0,0.13382386755575995,0.14624051506093355,495.0,0.604276845251782
26041,MI,Delta County,11694.0,5003.0,6691.0,10413.0,21.0,10392.0,1281.0,,,5611.0,6083.0,11190.0,23.0,53.0,26.0,154.0,15.0,269.0,997.0,1566.0,1195.0,10128.0,11224.0,9677.0,0.10954335556695742,0.13391482811698308,1281.0,0.5721737643235848
26043,MI,Dickinson County,7731.0,3709.0,4022.0,6842.0,13.0,6829.0,889.0,14.0,875.0,3715.0,4016.0,7417.0,15.0,42.0,26.0,19.0,12.0,188.0,689.0,946.0,764.0,6785.0,7291.0,6173.0,0.11499159229077739,0.12236450653214331,889.0,0.5202431768205924
26045,MI,Eaton County,27010.0,8038.0,18972.0,24280.0,106.0,24174.0,2730.0,63.0,2667.0,12267.0,14743.0,23825.0,1395.0,766.0,214.0,27.0,37.0,600.0,2093.0,2547.0,2049.0,24463.0,25529.0,23578.0,0.10107367641614216,0.09429840799703813,2730.0,0.7024065161051463
26047,MI,Emmet County,10614.0,4946.0,5668.0,9868.0,20.0,9848.0,746.0,14.0,732.0,4951.0,5663.0,9934.0,28.0,68.0,27.0,164.0,11.0,165.0,570.0,883.0,716.0,9731.0,10120.0,8973.0,0.07028452986621443,0.083192010552101,746.0,0.5340116826832485
26049,MI,Genesee County,97111.0,31271.0,65840.0,82297.0,500.0,81797.0,14814.0,445.0,14369.0,43416.0,53695.0,74902.0,16924.0,1845.0,681.0,98.0,163.0,2884.0,11767.0,16230.0,13207.0,80881.0,92591.0,86626.0,0.15254708529414793,0.16712833767544358,14814.0,0.6779870457517686
26051,MI,Gladwin County,8964.0,3085.0,5879.0,7793.0,22.0,7771.0,1171.0,,,4414.0,4550.0,8625.0,21.0,73.0,24.0,14.0,,,999.0,1300.0,1011.0,7664.0,8676.0,7770.0,0.13063364569388666,0.14502454261490405,999.0,0.6558456046407853
26053,MI,Gogebic County,4724.0,2290.0,2434.0,4149.0,,,575.0,,,2406.0,2318.0,4493.0,16.0,34.0,,55.0,,,457.0,832.0,671.0,3892.0,4517.0,3839.0,0.12171888230313294,0.17612193056731584,457.0,0.5152413209144793
26055,MI,Grand Traverse County,26747.0,9658.0,17089.0,24738.0,49.0,24689.0,2009.0,32.0,1977.0,12200.0,14547.0,25216.0,100.0,263.0,101.0,135.0,36.0,507.0,1466.0,2351.0,1892.0,24396.0,25348.0,23076.0,0.07511122742737503,0.08789770815418552,2009.0,0.6389127752645156
26057,MI,Gratiot County,9507.0,3394.0,6113.0,8121.0,29.0,8092.0,1386.0,28.0,1358.0,4357.0,5150.0,8873.0,20.0,299.0,19.0,16.0,19.0,259.0,1108.0,1498.0,1182.0,8009.0,9098.0,8279.0,0.14578731461028716,0.15756810771010835,1386.0,0.6429998948143473
26059,MI,Hillsdale County,11593.0,4227.0,7366.0,10136.0,57.0,10079.0,1457.0,19.0,1438.0,5559.0,6034.0,11015.0,47.0,125.0,17.0,,25.0,293.0,1139.0,1698.0,1327.0,9895.0,11006.0,9961.0,0.12567928922625723,0.14646769602346243,1457.0,0.6353834210299318
26061,MI,Houghton County,8070.0,3730.0,4340.0,7281.0,18.0,7263.0,789.0,,,3930.0,4140.0,7721.0,15.0,50.0,33.0,40.0,11.0,180.0,598.0,1146.0,951.0,6924.0,7666.0,6538.0,0.09776951672862454,0.14200743494423793,789.0,0.5377942998760843
26063,MI,Huron County,10204.0,4775.0,5429.0,9128.0,27.0,9101.0,1076.0,21.0,1055.0,4954.0,5250.0,9794.0,17.0,90.0,24.0,,12.0,196.0,868.0,1217.0,1012.0,8987.0,9771.0,8787.0,0.10544884359074873,0.11926695413563308,1076.0,0.532046256370051
26065,MI,Ingham County,53261.0,17789.0,35472.0,46197.0,228.0,45969.0,7064.0,202.0,6862.0,23863.0,29398.0,41912.0,5709.0,2402.0,1139.0,65.0,99.0,1757.0,5208.0,8890.0,7346.0,44371.0,49651.0,46294.0,0.13262987927376504,0.16691387694560747,7064.0,0.6660032669307748
26067,MI,Ionia County,13485.0,3693.0,9792.0,11751.0,35.0,11716.0,1734.0,31.0,1703.0,6420.0,7065.0,12798.0,62.0,234.0,34.0,19.0,15.0,352.0,1367.0,1681.0,1313.0,11804.0,12858.0,11838.0,0.128587319243604,0.1246570263255469,1734.0,0.7261401557285874
26069,MI,Iosco County,9636.0,4017.0,5619.0,8422.0,18.0,8404.0,1214.0,17.0,1197.0,4680.0,4956.0,9231.0,47.0,85.0,31.0,18.0,15.0,188.0,1011.0,1267.0,982.0,8369.0,9223.0,7911.0,0.12598588625985888,0.13148609381486093,1214.0,0.5831257783312578
26071,MI,Iron County,4356.0,1893.0,2463.0,3863.0,,,493.0,,,2195.0,2161.0,4151.0,,31.0,14.0,20.0,,,397.0,663.0,529.0,3693.0,4135.0,3556.0,0.11317722681359045,0.1522038567493113,397.0,0.5654269972451791
26073,MI,Isabella County,12302.0,5056.0,7246.0,10567.0,37.0,10530.0,1735.0,26.0,1709.0,5763.0,6539.0,11260.0,147.0,187.0,85.0,223.0,20.0,369.0,1346.0,1991.0,1653.0,10311.0,11582.0,10295.0,0.14103397821492442,0.16184360266623313,1735.0,0.5890099170866526
26075,MI,Jackson County,38439.0,15306.0,23133.0,33264.0,139.0,33125.0,5175.0,87.0,5088.0,17983.0,20456.0,34637.0,1804.0,564.0,152.0,27.0,86.0,1127.0,3962.0,5474.0,4429.0,32965.0,36310.0,32257.0,0.13462889253102317,0.14240745076614897,5175.0,0.6018106610473738
26077,MI,Kalamazoo County,54411.0,18456.0,35955.0,47905.0,189.0,47716.0,6506.0,139.0,6367.0,24219.0,30192.0,45377.0,5002.0,984.0,675.0,71.0,128.0,1626.0,4752.0,7632.0,6260.0,46779.0,51270.0,46884.0,0.1195714101927919,0.1402657550862877,6506.0,0.6608038815680652
26079,MI,Kalkaska County,5324.0,1979.0,3345.0,4586.0,11.0,4575.0,738.0,11.0,727.0,2646.0,2678.0,5117.0,,36.0,17.0,11.0,12.0,129.0,597.0,793.0,594.0,4531.0,5049.0,4477.0,0.1386175807663411,0.14894815927873778,738.0,0.6282870022539444
26081,MI,Kent County,124925.0,34202.0,90723.0,111168.0,418.0,110750.0,13757.0,329.0,13428.0,56369.0,68556.0,102635.0,10273.0,4942.0,2130.0,182.0,215.0,3317.0,10225.0,16930.0,13694.0,107995.0,117439.0,110380.0,0.11012207324394636,0.1355213127876726,13757.0,0.7262197318391035
26083,MI,Keweenaw County,836.0,430.0,406.0,776.0,,,60.0,0.0,60.0,426.0,410.0,807.0,0.0,,,0.0,0.0,11.0,49.0,78.0,58.0,758.0,798.0,652.0,0.07177033492822966,0.09330143540669857,60.0,0.48564593301435405
26085,MI,Lake County,4308.0,1272.0,3036.0,3579.0,,,729.0,,,2263.0,2045.0,3840.0,279.0,33.0,11.0,25.0,,,612.0,857.0,674.0,3451.0,4131.0,3763.0,0.1692200557103064,0.1989322191272052,612.0,0.7047353760445683
26087,MI,Lapeer County,22446.0,8383.0,14063.0,20032.0,80.0,19952.0,2414.0,37.0,2377.0,10669.0,11777.0,21210.0,67.0,480.0,56.0,14.0,24.0,428.0,1962.0,2052.0,1588.0,20394.0,21218.0,19269.0,0.10754700169295198,0.09141940657578188,2414.0,0.6265258843446494
26089,MI,Leelanau County,8135.0,3265.0,4870.0,7873.0,,,262.0,,,3921.0,4214.0,7543.0,,96.0,35.0,87.0,,,194.0,346.0,264.0,7789.0,7775.0,7040.0,0.03220651505838967,0.042532267977873385,194.0,0.5986478180700676
26091,MI,Lenawee County,25373.0,10235.0,15138.0,22388.0,77.0,22311.0,2985.0,51.0,2934.0,11536.0,13837.0,23149.0,235.0,1120.0,86.0,18.0,37.0,564.0,2384.0,2794.0,2126.0,22579.0,24005.0,21389.0,0.11764474047215544,0.11011705356087179,2985.0,0.596618452685926
26093,MI,Livingston County,44728.0,19086.0,25642.0,41572.0,95.0,41477.0,3156.0,65.0,3091.0,21014.0,23714.0,42511.0,187.0,456.0,267.0,28.0,44.0,665.0,2447.0,2244.0,1801.0,42484.0,41591.0,36523.0,0.07055982829547487,0.05016991593632624,3156.0,0.5732874262207118
26095,MI,Luce County,1700.0,577.0,1123.0,1451.0,,,249.0,,,857.0,843.0,1585.0,,,,60.0,,,213.0,286.0,237.0,1414.0,1642.0,1415.0,0.14647058823529413,0.16823529411764707,213.0,0.6605882352941177
26097,MI,Mackinac County,3889.0,1612.0,2277.0,3494.0,,,395.0,,,1887.0,2002.0,3403.0,13.0,21.0,,325.0,,,315.0,429.0,323.0,3460.0,3689.0,3076.0,0.10156852661352533,0.11031113396760092,315.0,0.5854975572126511
26099,MI,Macomb County,197469.0,80480.0,116989.0,174591.0,738.0,173853.0,22878.0,642.0,22236.0,87247.0,110222.0,161755.0,18552.0,2757.0,5353.0,116.0,327.0,4668.0,17883.0,30568.0,25709.0,166901.0,183547.0,166538.0,0.11585615970101636,0.1547989811058951,22878.0,0.592442358041009
26101,MI,Manistee County,8569.0,3242.0,5327.0,7676.0,22.0,7654.0,893.0,,,4129.0,4440.0,8091.0,26.0,125.0,16.0,88.0,12.0,163.0,718.0,1042.0,800.0,7527.0,8158.0,7283.0,0.10421286031042129,0.12160112031742328,893.0,0.6216594701832185
26103,MI,Marquette County,16895.0,6815.0,10080.0,15180.0,30.0,15150.0,1715.0,21.0,1694.0,8130.0,8765.0,16097.0,48.0,90.0,55.0,139.0,19.0,369.0,1327.0,1983.0,1606.0,14912.0,16159.0,14122.0,0.10150932228469961,0.11737200355134655,1715.0,0.5966262207753773
26105,MI,Mason County,9315.0,3138.0,6177.0,8334.0,34.0,8300.0,981.0,12.0,969.0,4448.0,4867.0,8831.0,45.0,133.0,18.0,42.0,,,781.0,1193.0,913.0,8122.0,8915.0,8151.0,0.10531400966183575,0.12807300053676865,781.0,0.6631239935587762
26107,MI,Mecosta County,10887.0,3671.0,7216.0,9458.0,35.0,9423.0,1429.0,18.0,1411.0,5305.0,5582.0,10281.0,139.0,118.0,36.0,23.0,17.0,307.0,1105.0,1498.0,1165.0,9389.0,10409.0,9407.0,0.131257463029301,0.137595297143382,1429.0,0.662808854597226
26109,MI,Menominee County,7005.0,3069.0,3936.0,6331.0,15.0,6316.0,674.0,13.0,661.0,3462.0,3543.0,6691.0,,39.0,21.0,84.0,,,554.0,803.0,596.0,6202.0,6702.0,5739.0,0.09621698786581014,0.11463240542469665,554.0,0.5618843683083512
26111,MI,Midland County,20525.0,7239.0,13286.0,18313.0,53.0,18260.0,2212.0,31.0,2181.0,9396.0,11129.0,19212.0,191.0,263.0,165.0,25.0,35.0,476.0,1701.0,2510.0,2077.0,18015.0,19610.0,18154.0,0.10777101096224118,0.1222898903775883,2212.0,0.6473081607795371
26113,MI,Missaukee County,4144.0,1491.0,2653.0,3622.0,11.0,3611.0,522.0,,,2033.0,2111.0,4003.0,,33.0,,,,,430.0,568.0,453.0,3576.0,3956.0,3576.0,0.12596525096525096,0.13706563706563707,430.0,0.6402027027027027
26115,MI,Monroe County,38412.0,15263.0,23149.0,33499.0,117.0,33382.0,4913.0,91.0,4822.0,17806.0,20606.0,35407.0,808.0,667.0,146.0,21.0,74.0,933.0,3906.0,3937.0,3099.0,34475.0,36252.0,32969.0,0.127902738727481,0.10249401228782672,4913.0,0.6026502134749557
26117,MI,Montcalm County,16189.0,4964.0,11225.0,13763.0,32.0,13731.0,2426.0,26.0,2400.0,7750.0,8439.0,15367.0,92.0,253.0,36.0,28.0,31.0,502.0,1893.0,2399.0,1900.0,13790.0,15485.0,13768.0,0.1498548397059732,0.148187040583112,2426.0,0.6933720427450738
26119,MI,Montmorency County,4354.0,1724.0,2630.0,3758.0,,,596.0,,,2269.0,2085.0,4196.0,14.0,36.0,,,,,499.0,562.0,429.0,3792.0,4183.0,3633.0,0.13688562241616903,0.1290767110702802,499.0,0.6040422599908131
26121,MI,Muskegon County,43190.0,11230.0,31960.0,36652.0,147.0,36505.0,6538.0,118.0,6420.0,19813.0,23377.0,36281.0,4559.0,923.0,160.0,137.0,84.0,1154.0,5300.0,7327.0,5802.0,35863.0,41258.0,38393.0,0.15137763371150728,0.1696457513313267,6538.0,0.7399861078953461
26123,MI,Newaygo County,13097.0,3118.0,9979.0,11136.0,39.0,11097.0,1961.0,36.0,1925.0,6431.0,6666.0,12253.0,114.0,286.0,24.0,28.0,17.0,340.0,1604.0,1957.0,1491.0,11140.0,12563.0,11629.0,0.14972894556005192,0.1494235321065893,1961.0,0.7619302130258838
26125,MI,Oakland County,276279.0,125136.0,151143.0,253614.0,1152.0,252462.0,22665.0,717.0,21948.0,123050.0,153229.0,210161.0,39866.0,4818.0,9495.0,135.0,298.0,5019.0,17348.0,30662.0,25852.0,245617.0,254715.0,231901.0,0.0820366368779386,0.11098201455774778,22665.0,0.5470665522895334
26127,MI,Oceana County,7858.0,2481.0,5377.0,6848.0,25.0,6823.0,1010.0,17.0,993.0,3853.0,4005.0,7226.0,23.0,354.0,21.0,29.0,11.0,179.0,820.0,1105.0,872.0,6753.0,7579.0,6977.0,0.12853143293458896,0.1406210231611097,1010.0,0.6842708068210741
26129,MI,Ogemaw County,7300.0,2995.0,4305.0,6237.0,,,1063.0,18.0,1045.0,3650.0,3650.0,7038.0,25.0,71.0,16.0,15.0,11.0,171.0,881.0,1199.0,923.0,6101.0,7032.0,6254.0,0.1456164383561644,0.16424657534246576,1063.0,0.5897260273972603
26131,MI,Ontonagon County,2511.0,1324.0,1187.0,2259.0,,,252.0,,,1309.0,1202.0,2410.0,,17.0,,19.0,,,204.0,315.0,242.0,2196.0,2394.0,1973.0,0.1003584229390681,0.12544802867383512,204.0,0.4727200318598168
26133,MI,Osceola County,6921.0,2426.0,4495.0,5952.0,16.0,5936.0,969.0,,,3395.0,3526.0,6645.0,18.0,46.0,,,22.0,144.0,803.0,1012.0,783.0,5909.0,6589.0,5866.0,0.1400086692674469,0.1462216442710591,969.0,0.6494726195636469
26135,MI,Oscoda County,3094.0,1248.0,1846.0,2642.0,,,452.0,,,1593.0,1501.0,2998.0,,16.0,,,,,374.0,487.0,367.0,2607.0,2950.0,2567.0,0.14608920491273433,0.15740142210730446,374.0,0.5966386554621849
26137,MI,Otsego County,7414.0,3358.0,4056.0,6540.0,28.0,6512.0,874.0,19.0,855.0,3651.0,3763.0,7092.0,14.0,41.0,18.0,18.0,,,700.0,924.0,712.0,6490.0,7058.0,6317.0,0.11788508227677368,0.12462908011869436,700.0,0.5470731049366064
26139,MI,Ottawa County,62684.0,14736.0,47948.0,57773.0,154.0,57619.0,4911.0,108.0,4803.0,28651.0,34033.0,56194.0,559.0,2516.0,864.0,73.0,74.0,1165.0,3672.0,4730.0,3798.0,57954.0,59654.0,56458.0,0.07834535128581456,0.07545785208346628,4911.0,0.764916087039755
26141,MI,Presque Isle County,5373.0,2370.0,3003.0,4848.0,,,525.0,,,2699.0,2674.0,5154.0,,20.0,,17.0,,,430.0,610.0,444.0,4763.0,5187.0,4623.0,0.0977107761027359,0.11353061604317886,430.0,0.5589056393076494
26143,MI,Roscommon County,10528.0,3784.0,6744.0,9206.0,30.0,9176.0,1322.0,,,5299.0,5229.0,10114.0,29.0,79.0,19.0,20.0,13.0,226.0,1083.0,1409.0,1082.0,9119.0,10159.0,9184.0,0.12556990881458965,0.1338335866261398,1322.0,0.6405775075987842
26145,MI,Saginaw County,48158.0,15637.0,32521.0,40996.0,270.0,40726.0,7162.0,205.0,6957.0,21714.0,26444.0,35922.0,7751.0,2536.0,265.0,63.0,114.0,1428.0,5620.0,8530.0,7175.0,39628.0,45821.0,42702.0,0.14871880061464346,0.17712529590099257,7162.0,0.6752979774907596
26151,MI,Sanilac County,11612.0,4905.0,6707.0,10171.0,33.0,10138.0,1441.0,21.0,1420.0,5571.0,6041.0,11029.0,20.0,242.0,22.0,,,,1194.0,1573.0,1236.0,10039.0,11057.0,9856.0,0.12409576300378919,0.1354633138132966,1194.0,0.5775921460558043
26153,MI,Schoolcraft County,3040.0,1426.0,1614.0,2680.0,,,360.0,,,1516.0,1524.0,2824.0,,13.0,,110.0,,,310.0,425.0,333.0,2615.0,2915.0,2473.0,0.11842105263157894,0.13980263157894737,310.0,0.530921052631579
26155,MI,Shiawassee County,17422.0,5787.0,11635.0,15074.0,68.0,15006.0,2348.0,45.0,2303.0,8117.0,9305.0,16556.0,65.0,243.0,54.0,16.0,29.0,476.0,1843.0,2238.0,1726.0,15184.0,16541.0,15224.0,0.13477212719549994,0.12845827115141775,2348.0,0.6678337733899667
26147,MI,St. Clair County,42223.0,15987.0,26236.0,36706.0,109.0,36597.0,5517.0,89.0,5428.0,19706.0,22517.0,39354.0,809.0,657.0,144.0,46.0,85.0,1004.0,4428.0,5422.0,4340.0,36801.0,39857.0,35732.0,0.13066338251663784,0.1284134239632428,5517.0,0.6213675011249793
26149,MI,St. Joseph County,14190.0,6103.0,8087.0,12399.0,35.0,12364.0,1791.0,38.0,1753.0,6626.0,7564.0,13171.0,245.0,284.0,67.0,13.0,26.0,344.0,1421.0,1887.0,1421.0,12303.0,13510.0,11978.0,0.12621564482029599,0.13298097251585625,1791.0,0.569908386187456
26157,MI,Tuscola County,14667.0,4885.0,9782.0,12583.0,42.0,12541.0,2084.0,24.0,2060.0,7075.0,7592.0,13731.0,86.0,255.0,34.0,13.0,25.0,368.0,1691.0,2010.0,1531.0,12657.0,14021.0,12856.0,0.1420876798254585,0.13704233994681939,2084.0,0.6669393877411877
26159,MI,Van Buren County,19788.0,7069.0,12719.0,17403.0,83.0,17320.0,2385.0,58.0,2327.0,9394.0,10394.0,17490.0,736.0,735.0,95.0,73.0,39.0,472.0,1874.0,3113.0,2496.0,16675.0,18758.0,16911.0,0.12052759248029109,0.15731756620173842,2385.0,0.6427632908833637
26161,MI,Washtenaw County,68105.0,27713.0,40392.0,61874.0,249.0,61625.0,6231.0,165.0,6066.0,30861.0,37244.0,52601.0,7812.0,1185.0,2748.0,37.0,111.0,1664.0,4456.0,7626.0,6418.0,60479.0,62470.0,49298.0,0.09149107995007709,0.11197415755084061,6231.0,0.5930842082079143
26163,MI,Wayne County,350812.0,126015.0,224797.0,295675.0,2330.0,293345.0,55137.0,2211.0,52926.0,155123.0,195689.0,191971.0,128664.0,9989.0,7453.0,257.0,811.0,11787.0,42539.0,83161.0,69255.0,267651.0,326074.0,300615.0,0.15716965212136416,0.23705289442778468,55137.0,0.6407905088765493
26165,MI,Wexford County,9488.0,3433.0,6055.0,8101.0,21.0,8080.0,1387.0,17.0,1370.0,4556.0,4932.0,9111.0,30.0,77.0,27.0,21.0,22.0,272.0,1093.0,1672.0,1304.0,7816.0,9080.0,8145.0,0.14618465430016864,0.17622259696458684,1387.0,0.6381745362563238
26999,MI,Unknown,,,,,,,,,,,,,,,,,,,,,,,,,,,0.0,
27001,MN,Aitkin County,6209.0,1824.0,4385.0,5697.0,15.0,5682.0,512.0,,,3137.0,3072.0,5997.0,13.0,22.0,,34.0,,,415.0,599.0,500.0,5610.0,5992.0,5098.0,0.08246094379127074,0.09647286197455307,415.0,0.706232887743598
27003,MN,Anoka County,69286.0,23523.0,45763.0,62323.0,216.0,62107.0,6963.0,164.0,6799.0,32043.0,37243.0,61369.0,2366.0,993.0,1815.0,206.0,97.0,1838.0,5028.0,7772.0,7120.0,61514.0,64131.0,58373.0,0.10049649279796784,0.11217273330831626,6963.0,0.6604941835291401
27005,MN,Becker County,9707.0,4311.0,5396.0,8919.0,29.0,8890.0,788.0,16.0,772.0,4690.0,5017.0,8797.0,21.0,45.0,26.0,449.0,21.0,177.0,590.0,1086.0,928.0,8621.0,9131.0,7751.0,0.0811785309570413,0.11187802616668384,788.0,0.5558875038631915
27007,MN,Beltrami County,10362.0,5279.0,5083.0,9261.0,41.0,9220.0,1101.0,49.0,1052.0,4929.0,5433.0,9055.0,36.0,52.0,29.0,802.0,19.0,296.0,786.0,1515.0,1353.0,8847.0,9545.0,8132.0,0.1062536189924725,0.14620729588882456,1101.0,0.4905423663385447
27009,MN,Benton County,8791.0,3615.0,5176.0,7180.0,26.0,7154.0,1611.0,19.0,1592.0,4228.0,4563.0,8175.0,170.0,76.0,68.0,40.0,33.0,504.0,1074.0,1888.0,1768.0,6903.0,8205.0,7232.0,0.1832556023205551,0.21476510067114093,1611.0,0.5887839836196109
27011,MN,Big Stone County,1569.0,864.0,705.0,1467.0,0.0,1467.0,102.0,,,756.0,813.0,1516.0,,,0.0,,,,77.0,195.0,174.0,1374.0,1508.0,1312.0,0.06500956022944551,0.124282982791587,77.0,0.44933078393881454
27013,MN,Blue Earth County,13190.0,7077.0,6113.0,11652.0,35.0,11617.0,1538.0,28.0,1510.0,6089.0,7101.0,12225.0,193.0,197.0,130.0,20.0,31.0,449.0,1058.0,1963.0,1810.0,11227.0,12433.0,11206.0,0.11660348749052313,0.1488248673237301,1538.0,0.46345716451857466
27015,MN,Brown County,7065.0,3840.0,3225.0,6478.0,11.0,6467.0,587.0,14.0,573.0,3273.0,3792.0,6722.0,16.0,74.0,20.0,,11.0,158.0,418.0,659.0,568.0,6406.0,6722.0,6069.0,0.08308563340410474,0.09327671620665251,587.0,0.4564755838641189
27017,MN,Carlton County,8905.0,3041.0,5864.0,7896.0,32.0,7864.0,1009.0,18.0,991.0,4310.0,4595.0,8246.0,22.0,36.0,25.0,267.0,17.0,232.0,760.0,1237.0,1084.0,7668.0,8462.0,7335.0,0.11330713082537901,0.13891072431218415,1009.0,0.658506457046603
27019,MN,Carver County,19624.0,7198.0,12426.0,18317.0,32.0,18285.0,1307.0,28.0,1279.0,9065.0,10559.0,18084.0,212.0,233.0,324.0,20.0,26.0,382.0,899.0,1608.0,1492.0,18016.0,18195.0,16827.0,0.06660211985324092,0.08194048104362006,1307.0,0.6332042397064819
27021,MN,Cass County,9899.0,4238.0,5661.0,9122.0,30.0,9092.0,777.0,20.0,757.0,4978.0,4921.0,8989.0,18.0,57.0,29.0,444.0,19.0,184.0,574.0,1074.0,915.0,8825.0,9315.0,7965.0,0.07849277704818669,0.10849580765733913,777.0,0.5718759470653602
27023,MN,Chippewa County,2935.0,1657.0,1278.0,2688.0,,,247.0,,,1398.0,1537.0,2790.0,,36.0,,,,,182.0,310.0,269.0,2625.0,2796.0,2479.0,0.08415672913117547,0.10562180579216354,182.0,0.4354344122657581
27025,MN,Chisago County,13319.0,4507.0,8812.0,12151.0,32.0,12119.0,1168.0,23.0,1145.0,6401.0,6918.0,12729.0,43.0,118.0,95.0,28.0,16.0,254.0,898.0,1176.0,1021.0,12143.0,12465.0,11132.0,0.08769427134169232,0.0882949170358135,1168.0,0.66161123207448
27027,MN,Clay County,11524.0,5879.0,5645.0,10171.0,29.0,10142.0,1353.0,37.0,1316.0,5289.0,6235.0,10520.0,132.0,234.0,108.0,106.0,24.0,385.0,944.0,1711.0,1524.0,9813.0,10624.0,9224.0,0.11740715029503644,0.14847275251648734,1353.0,0.48984727525164873
27029,MN,Clearwater County,2284.0,1024.0,1260.0,2037.0,,,247.0,,,1106.0,1178.0,2114.0,,,,85.0,,,196.0,333.0,278.0,1951.0,2139.0,1800.0,0.10814360770577934,0.14579684763572678,196.0,0.5516637478108581
27031,MN,Cook County,1909.0,644.0,1265.0,1821.0,,,88.0,,,966.0,943.0,1709.0,,14.0,,83.0,,,70.0,133.0,112.0,1776.0,1811.0,1579.0,0.04609743321110529,0.06966998428496594,70.0,0.6626506024096386
27033,MN,Cottonwood County,3092.0,1704.0,1388.0,2764.0,,,328.0,,,1464.0,1628.0,2791.0,13.0,71.0,76.0,,,,221.0,543.0,481.0,2549.0,2950.0,2621.0,0.10608020698576973,0.175614489003881,221.0,0.4489003880983182
27035,MN,Crow Wing County,20545.0,7915.0,12630.0,18756.0,36.0,18720.0,1789.0,31.0,1758.0,9863.0,10682.0,19726.0,55.0,93.0,54.0,72.0,32.0,406.0,1351.0,1954.0,1650.0,18591.0,19608.0,16970.0,0.08707714772450718,0.09510829885616938,1789.0,0.6147481138963251
27037,MN,Dakota County,86175.0,33450.0,52725.0,79385.0,251.0,79134.0,6790.0,175.0,6615.0,38766.0,47409.0,75098.0,2934.0,2116.0,2365.0,165.0,126.0,1891.0,4773.0,8282.0,7652.0,77893.0,78943.0,72022.0,0.07879315346678271,0.09610675950101538,6790.0,0.6118363794604004
27039,MN,Dodge County,4122.0,2173.0,1949.0,3787.0,,,335.0,,,1950.0,2172.0,3960.0,11.0,49.0,,,,,249.0,364.0,316.0,3758.0,3792.0,2999.0,0.08127122755943716,0.08830664725861233,249.0,0.47282872392042696
27041,MN,Douglas County,11910.0,5007.0,6903.0,10759.0,36.0,10723.0,1151.0,19.0,1132.0,5658.0,6252.0,11439.0,33.0,73.0,35.0,25.0,18.0,341.0,792.0,1468.0,1301.0,10442.0,11475.0,10088.0,0.0966414777497901,0.12325776658270361,1151.0,0.5795969773299748
27043,MN,Faribault County,3923.0,2045.0,1878.0,3544.0,11.0,3533.0,379.0,,,1882.0,2041.0,3676.0,13.0,109.0,12.0,,,,280.0,490.0,392.0,3433.0,3732.0,3263.0,0.09660973744583227,0.12490440989039,280.0,0.4787152689268417
27045,MN,Fillmore County,5659.0,2799.0,2860.0,5334.0,,,325.0,,,2713.0,2946.0,5492.0,20.0,18.0,12.0,0.0,,,249.0,621.0,537.0,5038.0,5308.0,4440.0,0.05743064145608765,0.10973670259763209,249.0,0.5053896448135713
27047,MN,Freeborn County,8207.0,3395.0,4812.0,7460.0,15.0,7445.0,747.0,16.0,731.0,3841.0,4366.0,7599.0,37.0,276.0,58.0,11.0,15.0,165.0,567.0,928.0,721.0,7279.0,7824.0,6735.0,0.09101986109418789,0.11307420494699646,747.0,0.5863287437553308
27049,MN,Goodhue County,12312.0,3883.0,8429.0,11375.0,35.0,11340.0,937.0,16.0,921.0,5714.0,6598.0,11704.0,73.0,81.0,65.0,31.0,18.0,231.0,688.0,1018.0,896.0,11294.0,11615.0,10048.0,0.07610461338531514,0.08268356075373619,937.0,0.6846166341780376
27051,MN,Grant County,1706.0,825.0,881.0,1564.0,,,142.0,,,851.0,855.0,1652.0,,,,,,,105.0,159.0,141.0,1547.0,1635.0,1427.0,0.08323563892145369,0.09320046893317702,105.0,0.5164126611957796
27053,MN,Hennepin County,227382.0,88014.0,139368.0,209334.0,687.0,208647.0,18048.0,584.0,17464.0,103092.0,124290.0,185198.0,18805.0,3960.0,7821.0,662.0,299.0,5054.0,12695.0,28999.0,27318.0,198383.0,208414.0,194489.0,0.07937303744359712,0.12753428151744642,18048.0,0.6129245058975644
27055,MN,Houston County,5287.0,2326.0,2961.0,4948.0,12.0,4936.0,339.0,,,2549.0,2738.0,5097.0,,24.0,17.0,,,,250.0,436.0,383.0,4851.0,5012.0,4377.0,0.06411953849063741,0.08246642708530358,250.0,0.5600529600907888
27057,MN,Hubbard County,6698.0,3345.0,3353.0,6141.0,25.0,6116.0,557.0,,,3295.0,3403.0,6378.0,,45.0,17.0,66.0,12.0,144.0,401.0,703.0,609.0,5995.0,6341.0,5410.0,0.08315915198566737,0.10495670349358018,557.0,0.5005971931919976
27059,MN,Isanti County,9115.0,3187.0,5928.0,8213.0,25.0,8188.0,902.0,20.0,882.0,4327.0,4788.0,8710.0,53.0,64.0,57.0,17.0,,,718.0,836.0,701.0,8279.0,8572.0,7546.0,0.09895776193088315,0.09171695008228195,718.0,0.6503565551289084
27061,MN,Itasca County,13913.0,4903.0,9010.0,12441.0,32.0,12409.0,1472.0,23.0,1449.0,6870.0,7043.0,13150.0,30.0,58.0,28.0,215.0,16.0,327.0,1129.0,1758.0,1504.0,12155.0,13286.0,11279.0,0.10580033062603321,0.1263566448645152,1472.0,0.6475957737367929
27063,MN,Jackson County,2484.0,1516.0,968.0,2325.0,,,159.0,,,1160.0,1324.0,2366.0,,23.0,14.0,0.0,,,111.0,230.0,195.0,2254.0,2355.0,2112.0,0.0640096618357488,0.09259259259259259,111.0,0.3896940418679549
27065,MN,Kanabec County,4170.0,1418.0,2752.0,3758.0,11.0,3747.0,412.0,,,2041.0,2129.0,4048.0,,17.0,,,,,326.0,547.0,404.0,3623.0,3931.0,3328.0,0.09880095923261391,0.13117505995203838,326.0,0.6599520383693046
27067,MN,Kandiyohi County,10823.0,4590.0,6233.0,9696.0,27.0,9669.0,1127.0,17.0,1110.0,5143.0,5680.0,9907.0,78.0,389.0,36.0,17.0,18.0,351.0,758.0,1669.0,1557.0,9154.0,10335.0,9246.0,0.10413009331978194,0.1542086297699344,1127.0,0.5759031691767532
27069,MN,Kittson County,1225.0,734.0,491.0,1142.0,,,83.0,,,619.0,606.0,1174.0,,,0.0,,0.0,18.0,65.0,144.0,130.0,1081.0,1136.0,977.0,0.06775510204081632,0.11755102040816326,83.0,0.4008163265306122
27071,MN,Koochiching County,3922.0,1318.0,2604.0,3437.0,,,485.0,,,1983.0,1939.0,3738.0,,12.0,14.0,45.0,,,374.0,579.0,470.0,3343.0,3761.0,3283.0,0.1236613972463029,0.147628760836308,374.0,0.6639469658337583
27073,MN,Lac Qui Parle County,1915.0,948.0,967.0,1779.0,,,136.0,,,955.0,960.0,1824.0,,13.0,,,,,107.0,220.0,186.0,1695.0,1847.0,1636.0,0.07101827676240209,0.11488250652741515,107.0,0.5049608355091384
27075,MN,Lake County,3430.0,1108.0,2322.0,3203.0,,,227.0,,,1668.0,1762.0,3266.0,,18.0,,12.0,,,171.0,280.0,228.0,3150.0,3291.0,2882.0,0.06618075801749271,0.08163265306122448,171.0,0.6769679300291546
27077,MN,Lake Of The Woods County,1276.0,524.0,752.0,1169.0,,,107.0,,,652.0,624.0,1224.0,,,,,,,80.0,143.0,120.0,1133.0,1194.0,1004.0,0.08385579937304075,0.11206896551724138,80.0,0.5893416927899686
27079,MN,Le Sueur County,6361.0,1885.0,4476.0,5884.0,17.0,5867.0,477.0,,,3090.0,3271.0,6003.0,21.0,99.0,20.0,,,,351.0,500.0,421.0,5861.0,6004.0,5352.0,0.07498820940103758,0.07860399308284861,351.0,0.7036629460776608
27081,MN,Lincoln County,1574.0,954.0,620.0,1476.0,,,98.0,,,749.0,825.0,1512.0,,17.0,,,,,86.0,162.0,125.0,1412.0,1502.0,1310.0,0.062261753494282084,0.10292249047013977,86.0,0.39390088945362134
27083,MN,Lyon County,5465.0,3386.0,2079.0,4956.0,14.0,4942.0,509.0,,,2545.0,2920.0,5126.0,38.0,84.0,49.0,15.0,,,369.0,747.0,657.0,4718.0,5179.0,4627.0,0.09313815187557183,0.13668801463860933,369.0,0.3804208600182983
27087,MN,Mahnomen County,1139.0,628.0,511.0,1017.0,,,122.0,,,570.0,569.0,781.0,,11.0,,263.0,,,91.0,224.0,198.0,915.0,994.0,815.0,0.10711150131694469,0.19666374012291485,91.0,0.4486391571553995
27089,MN,Marshall County,2368.0,1075.0,1293.0,2165.0,,,203.0,,,1199.0,1169.0,2258.0,,35.0,,,,,155.0,255.0,209.0,2113.0,2206.0,1888.0,0.08572635135135136,0.10768581081081081,155.0,0.5460304054054054
27091,MN,Martin County,5684.0,3202.0,2482.0,5104.0,15.0,5089.0,580.0,,,2699.0,2985.0,5384.0,22.0,80.0,20.0,,,,425.0,810.0,716.0,4874.0,5405.0,4723.0,0.10204081632653061,0.14250527797325827,425.0,0.4366643209007741
27085,MN,Mcleod County,8884.0,2379.0,6505.0,8172.0,30.0,8142.0,712.0,19.0,693.0,4075.0,4809.0,8399.0,23.0,140.0,37.0,11.0,,,548.0,806.0,680.0,8078.0,8412.0,7523.0,0.08014407924358397,0.09072489869428185,548.0,0.7322152183701035
27093,MN,Meeker County,5770.0,1592.0,4178.0,5304.0,11.0,5293.0,466.0,,,2827.0,2943.0,5491.0,15.0,74.0,12.0,,,,362.0,563.0,473.0,5207.0,5443.0,4757.0,0.0807625649913345,0.0975736568457539,362.0,0.7240901213171577
27095,MN,Mille Lacs County,7235.0,2389.0,4846.0,6437.0,17.0,6420.0,798.0,16.0,782.0,3469.0,3766.0,6850.0,13.0,39.0,26.0,117.0,17.0,158.0,623.0,909.0,773.0,6326.0,6767.0,5722.0,0.11029716655148583,0.12563925362819628,798.0,0.669799585348998
27097,MN,Morrison County,9081.0,3450.0,5631.0,8168.0,27.0,8141.0,913.0,14.0,899.0,4398.0,4683.0,8735.0,18.0,38.0,,22.0,14.0,182.0,717.0,1012.0,867.0,8069.0,8600.0,7155.0,0.10053958815108469,0.11144147120361193,913.0,0.6200858936240502
27099,MN,Mower County,8848.0,4127.0,4721.0,7849.0,20.0,7829.0,999.0,27.0,972.0,4211.0,4637.0,8222.0,65.0,200.0,96.0,,21.0,269.0,709.0,1368.0,1222.0,7480.0,8367.0,6999.0,0.11290687160940326,0.1546112115732369,999.0,0.5335669077757685
27101,MN,Murray County,2399.0,1546.0,853.0,2259.0,0.0,2259.0,140.0,0.0,140.0,1145.0,1254.0,2301.0,,16.0,,,0.0,29.0,111.0,206.0,180.0,2193.0,2268.0,2003.0,0.05835764902042518,0.08586911213005419,140.0,0.35556481867444767
27103,MN,Nicollet County,6886.0,3643.0,3243.0,6277.0,19.0,6258.0,609.0,17.0,592.0,3173.0,3713.0,6442.0,71.0,91.0,41.0,,13.0,173.0,423.0,765.0,708.0,6121.0,6449.0,5783.0,0.0884403136799303,0.11109497531222771,609.0,0.4709555620098751
27105,MN,Nobles County,4128.0,2518.0,1610.0,3762.0,15.0,3747.0,366.0,,,2029.0,2099.0,3521.0,45.0,296.0,117.0,,,,268.0,540.0,483.0,3588.0,3847.0,3418.0,0.08866279069767442,0.1308139534883721,268.0,0.39001937984496127
27107,MN,Norman County,1700.0,948.0,752.0,1522.0,,,178.0,,,814.0,886.0,1572.0,,20.0,,32.0,,,136.0,242.0,208.0,1458.0,1591.0,1385.0,0.10470588235294118,0.1423529411764706,136.0,0.4423529411764706
27109,MN,Olmsted County,32187.0,18734.0,13453.0,29665.0,115.0,29550.0,2522.0,82.0,2440.0,14453.0,17734.0,28482.0,740.0,506.0,1036.0,24.0,40.0,693.0,1789.0,3380.0,2970.0,28807.0,29378.0,22561.0,0.07835461521732376,0.1050113399819803,2522.0,0.4179637741945506
27111,MN,Otter Tail County,18015.0,7765.0,10250.0,16553.0,43.0,16510.0,1462.0,21.0,1441.0,8776.0,9239.0,17221.0,63.0,170.0,42.0,58.0,24.0,368.0,1070.0,1758.0,1505.0,16257.0,17089.0,14968.0,0.08115459339439356,0.09758534554537886,1462.0,0.568970302525673
27113,MN,Pennington County,3158.0,1389.0,1769.0,2859.0,,,299.0,,,1460.0,1698.0,2975.0,,42.0,17.0,30.0,,,221.0,405.0,348.0,2753.0,2890.0,2557.0,0.09468017732742241,0.12824572514249524,221.0,0.5601646611779607
27115,MN,Pine County,8318.0,2746.0,5572.0,7350.0,27.0,7323.0,968.0,17.0,951.0,4110.0,4208.0,7911.0,29.0,61.0,20.0,87.0,16.0,172.0,780.0,1077.0,883.0,7241.0,7856.0,6749.0,0.1163741283962491,0.1294782399615292,968.0,0.6698725655205578
27117,MN,Pipestone County,2318.0,989.0,1329.0,2151.0,11.0,2140.0,167.0,,,1099.0,1219.0,2173.0,,22.0,11.0,15.0,0.0,30.0,137.0,260.0,223.0,2058.0,2195.0,1932.0,0.07204486626402071,0.11216566005176877,167.0,0.5733390854184642
27119,MN,Polk County,7113.0,3956.0,3157.0,6260.0,18.0,6242.0,853.0,11.0,842.0,3384.0,3729.0,6562.0,39.0,189.0,23.0,79.0,12.0,244.0,597.0,1148.0,999.0,5965.0,6665.0,5782.0,0.11992127091241389,0.16139462955152536,853.0,0.4438352312666948
27121,MN,Pope County,3328.0,1828.0,1500.0,3081.0,,,247.0,,,1614.0,1714.0,3209.0,,,11.0,,,,188.0,346.0,305.0,2982.0,3160.0,2802.0,0.07421875,0.10396634615384616,188.0,0.45072115384615385
27123,MN,Ramsey County,100221.0,36407.0,63814.0,89615.0,367.0,89248.0,10606.0,350.0,10256.0,44865.0,55356.0,79489.0,7506.0,2592.0,5782.0,284.0,159.0,2769.0,7678.0,15764.0,14509.0,84457.0,92622.0,86602.0,0.10582612426537352,0.15729238383173189,10606.0,0.6367328204667685
27125,MN,Red Lake County,1013.0,394.0,619.0,945.0,,,68.0,,,506.0,507.0,987.0,,,,,0.0,11.0,57.0,107.0,95.0,906.0,951.0,826.0,0.06712734452122408,0.10562685093780849,68.0,0.6110562685093781
27127,MN,Redwood County,3838.0,2004.0,1834.0,3490.0,,,348.0,,,1822.0,2016.0,3595.0,15.0,32.0,41.0,50.0,13.0,73.0,262.0,420.0,364.0,3418.0,3660.0,3260.0,0.09067222511724857,0.10943199583116206,348.0,0.477853048462741
27129,MN,Renville County,3764.0,1901.0,1863.0,3446.0,12.0,3434.0,318.0,,,1869.0,1895.0,3468.0,13.0,81.0,17.0,29.0,,,259.0,426.0,367.0,3338.0,3578.0,3177.0,0.0844845908607864,0.11317747077577045,259.0,0.494952178533475
27131,MN,Rice County,13577.0,4233.0,9344.0,12539.0,41.0,12498.0,1038.0,21.0,1017.0,6242.0,7335.0,12540.0,114.0,256.0,124.0,14.0,13.0,240.0,785.0,1229.0,1056.0,12348.0,12757.0,11444.0,0.07645282462988878,0.09052073359357737,1038.0,0.6882227296162629
27133,MN,Rock County,2383.0,895.0,1488.0,2182.0,,,201.0,,,1106.0,1277.0,2262.0,,18.0,11.0,,,,152.0,254.0,221.0,2129.0,2261.0,2052.0,0.0843474611833823,0.10658833403273185,152.0,0.624422996223248
27135,MN,Roseau County,3748.0,1782.0,1966.0,3401.0,15.0,3386.0,347.0,,,1807.0,1941.0,3562.0,,28.0,52.0,21.0,,,270.0,384.0,321.0,3364.0,3467.0,2981.0,0.09258271077908217,0.10245464247598719,270.0,0.5245464247598719
27139,MN,Scott County,24457.0,9318.0,15139.0,22737.0,45.0,22692.0,1720.0,56.0,1664.0,11331.0,13126.0,21433.0,450.0,431.0,1068.0,91.0,46.0,429.0,1245.0,2286.0,2075.0,22171.0,22304.0,20147.0,0.07032751359528969,0.09347017213885594,1720.0,0.6190047839064481
27141,MN,Sherburne County,17378.0,6394.0,10984.0,15721.0,45.0,15676.0,1657.0,34.0,1623.0,8153.0,9225.0,16309.0,204.0,169.0,129.0,38.0,42.0,421.0,1194.0,1560.0,1418.0,15818.0,16196.0,14186.0,0.09535044308896305,0.08976867303487168,1657.0,0.6320635285993785
27143,MN,Sibley County,3364.0,1027.0,2337.0,3087.0,,,277.0,,,1641.0,1723.0,3170.0,17.0,75.0,,,,,207.0,332.0,291.0,3032.0,3164.0,2841.0,0.08234244946492271,0.09869203329369798,207.0,0.6947086801426873
27137,MN,St. Louis County,51448.0,15708.0,35740.0,45992.0,115.0,45877.0,5456.0,76.0,5380.0,24594.0,26854.0,48452.0,373.0,275.0,217.0,562.0,91.0,1318.0,4047.0,6454.0,5768.0,44994.0,48797.0,43135.0,0.10604882599906702,0.12544705333540662,5456.0,0.6946820090188152
27145,MN,Stearns County,32472.0,13720.0,18752.0,29551.0,89.0,29462.0,2921.0,50.0,2871.0,15231.0,17241.0,30453.0,511.0,279.0,269.0,46.0,42.0,718.0,2161.0,2948.0,2604.0,29524.0,30336.0,26404.0,0.08995442227149544,0.09078590785907859,2921.0,0.5774821384577482
27147,MN,Steele County,8706.0,4025.0,4681.0,7734.0,21.0,7713.0,972.0,21.0,951.0,4038.0,4668.0,8080.0,85.0,210.0,44.0,,15.0,266.0,691.0,1244.0,1134.0,7462.0,8256.0,7486.0,0.11164713990351481,0.1428899609464737,972.0,0.5376751665518034
27149,MN,Stevens County,1962.0,1061.0,901.0,1831.0,,,131.0,,,903.0,1059.0,1888.0,,17.0,,,,,96.0,201.0,181.0,1761.0,1833.0,1628.0,0.06676860346585117,0.10244648318042814,96.0,0.45922528032619775
27151,MN,Swift County,2478.0,1325.0,1153.0,2225.0,,,253.0,,,1207.0,1271.0,2365.0,,26.0,,,,,184.0,321.0,286.0,2157.0,2379.0,2099.0,0.10209846650524616,0.12953995157384987,184.0,0.4652945924132365
27153,MN,Todd County,6073.0,2104.0,3969.0,5526.0,14.0,5512.0,547.0,11.0,536.0,3022.0,3051.0,5824.0,11.0,95.0,11.0,12.0,,,413.0,735.0,609.0,5338.0,5806.0,5015.0,0.09007080520335912,0.12102749876502553,413.0,0.6535484933311378
27155,MN,Traverse County,1026.0,446.0,580.0,947.0,,,79.0,,,507.0,519.0,956.0,,,,28.0,,,59.0,139.0,116.0,887.0,958.0,830.0,0.0769980506822612,0.1354775828460039,59.0,0.5653021442495126
27157,MN,Wabasha County,6553.0,2984.0,3569.0,5892.0,17.0,5875.0,661.0,,,3205.0,3348.0,6306.0,25.0,42.0,30.0,,11.0,179.0,471.0,797.0,725.0,5756.0,6219.0,5111.0,0.10086983061193347,0.12162368380894246,661.0,0.5446360445597437
27159,MN,Wadena County,4163.0,1811.0,2352.0,3659.0,14.0,3645.0,504.0,,,1986.0,2177.0,4001.0,17.0,34.0,11.0,,12.0,113.0,379.0,638.0,552.0,3525.0,3961.0,3359.0,0.12106653855392746,0.1532548642805669,504.0,0.5649771799183281
27161,MN,Waseca County,4457.0,2037.0,2420.0,4038.0,15.0,4023.0,419.0,,,2124.0,2333.0,4210.0,11.0,74.0,16.0,,,,300.0,529.0,464.0,3928.0,4222.0,3799.0,0.09400942337895446,0.11868970159299977,300.0,0.5429661207089971
27163,MN,Washington County,57526.0,20825.0,36701.0,53397.0,149.0,53248.0,4129.0,101.0,4028.0,26420.0,31106.0,51607.0,1264.0,864.0,1574.0,72.0,62.0,1169.0,2898.0,4321.0,3996.0,53205.0,53739.0,49683.0,0.07177624030872996,0.07511386155825192,4129.0,0.6379897785349233
27165,MN,Watonwan County,2449.0,1424.0,1025.0,2253.0,,,196.0,,,1169.0,1280.0,2185.0,,170.0,22.0,,,,145.0,302.0,256.0,2147.0,2300.0,1991.0,0.08003266639444671,0.12331563903634137,145.0,0.4185381788485096
27167,MN,Wilkin County,1614.0,745.0,869.0,1437.0,,,177.0,,,795.0,819.0,1516.0,,21.0,,14.0,,,124.0,208.0,182.0,1406.0,1514.0,1320.0,0.10966542750929369,0.1288723667905824,124.0,0.5384138785625775
27169,MN,Winona County,11297.0,5328.0,5969.0,10316.0,40.0,10276.0,981.0,22.0,959.0,5329.0,5968.0,10673.0,77.0,97.0,82.0,,11.0,248.0,722.0,1293.0,1123.0,10004.0,10593.0,9281.0,0.0868372134194919,0.11445516508807647,981.0,0.5283703638134017
27171,MN,Wright County,25970.0,9345.0,16625.0,23913.0,75.0,23838.0,2057.0,43.0,2014.0,12086.0,13884.0,24583.0,204.0,255.0,186.0,29.0,32.0,482.0,1543.0,2136.0,1875.0,23834.0,24258.0,21785.0,0.07920677705044282,0.08224874855602618,2057.0,0.6401617250673854
27173,MN,Yellow Medicine County,2578.0,1091.0,1487.0,2379.0,,,199.0,,,1292.0,1286.0,2404.0,,38.0,,38.0,,,145.0,313.0,256.0,2265.0,2419.0,2121.0,0.07719162141194724,0.12141194724592708,145.0,0.5768037238169124
27999,MN,Unknown,,,,,,,,,,,,,,,,,,,,,,,,,,,0.0,
28001,MS,Adams County,7644.0,4328.0,3316.0,6638.0,61.0,6577.0,1006.0,60.0,946.0,3445.0,4199.0,3499.0,3974.0,40.0,18.0,,11.0,187.0,808.0,2202.0,1052.0,5442.0,7142.0,6145.0,0.13160648874934588,0.2880690737833595,1006.0,0.43380429094714806
28003,MS,Alcorn County,8862.0,6785.0,2077.0,6983.0,25.0,6958.0,1879.0,27.0,1852.0,3945.0,4917.0,7714.0,923.0,56.0,32.0,,25.0,294.0,1560.0,2440.0,1093.0,6422.0,8405.0,7326.0,0.21202888738433762,0.2753328819679531,1879.0,0.2343714737079666
28005,MS,Amite County,3339.0,1867.0,1472.0,2935.0,22.0,2913.0,404.0,18.0,386.0,1570.0,1769.0,2080.0,1188.0,,,,,,346.0,807.0,400.0,2532.0,3166.0,2731.0,0.12099430967355496,0.2416891284815813,346.0,0.44085055405810125
28007,MS,Attala County,4415.0,2303.0,2112.0,3645.0,32.0,3613.0,770.0,38.0,732.0,1988.0,2427.0,2590.0,1739.0,21.0,,,,,635.0,1449.0,615.0,2966.0,4164.0,3624.0,0.17440543601359004,0.32819932049830125,635.0,0.4783691959229898
28009,MS,Benton County,1936.0,1083.0,853.0,1525.0,14.0,1511.0,411.0,,,895.0,1041.0,1329.0,561.0,16.0,,,,,349.0,601.0,263.0,1335.0,1828.0,1597.0,0.21229338842975207,0.31043388429752067,349.0,0.440599173553719
28011,MS,Bolivar County,7360.0,3620.0,3740.0,5923.0,61.0,5862.0,1437.0,83.0,1354.0,3268.0,4092.0,2470.0,4711.0,50.0,34.0,,18.0,258.0,1161.0,2776.0,1578.0,4584.0,6973.0,6261.0,0.1952445652173913,0.37717391304347825,1437.0,0.5081521739130435
28013,MS,Calhoun County,3602.0,2268.0,1334.0,2927.0,18.0,2909.0,675.0,21.0,654.0,1656.0,1946.0,2556.0,965.0,29.0,,,,,574.0,1097.0,472.0,2505.0,3444.0,2965.0,0.18739589117157135,0.304553026096613,574.0,0.37034980566352027
28015,MS,Carroll County,2605.0,1711.0,894.0,2235.0,16.0,2219.0,370.0,12.0,358.0,1221.0,1384.0,1795.0,769.0,,,,,,306.0,638.0,292.0,1967.0,2447.0,2065.0,0.1420345489443378,0.24491362763915547,306.0,0.3431861804222649
28017,MS,Chickasaw County,4403.0,2220.0,2183.0,3462.0,20.0,3442.0,941.0,29.0,912.0,1973.0,2430.0,2470.0,1845.0,28.0,,,11.0,135.0,795.0,1473.0,529.0,2930.0,4228.0,3671.0,0.21371791960027253,0.33454462866227574,941.0,0.4957983193277311
28019,MS,Choctaw County,2068.0,1357.0,711.0,1739.0,11.0,1728.0,329.0,,,921.0,1147.0,1445.0,595.0,,,0.0,,,281.0,582.0,233.0,1486.0,1975.0,1659.0,0.1590909090909091,0.281431334622824,281.0,0.34381044487427465
28021,MS,Claiborne County,1965.0,787.0,1178.0,1583.0,22.0,1561.0,382.0,19.0,363.0,934.0,1031.0,437.0,1482.0,,,0.0,,,288.0,733.0,391.0,1232.0,1863.0,1693.0,0.19440203562340966,0.37302798982188295,288.0,0.5994910941475827
28023,MS,Clarke County,4378.0,2351.0,2027.0,3735.0,23.0,3712.0,643.0,32.0,611.0,1977.0,2401.0,2820.0,1482.0,14.0,,,,,525.0,1111.0,444.0,3267.0,4160.0,3530.0,0.14687071722247602,0.2537688442211055,525.0,0.4629968021927821
28025,MS,Clay County,4750.0,2515.0,2235.0,3898.0,38.0,3860.0,852.0,47.0,805.0,2084.0,2666.0,2224.0,2439.0,13.0,,,15.0,157.0,680.0,1335.0,580.0,3415.0,4502.0,3936.0,0.17936842105263157,0.2810526315789474,852.0,0.4705263157894737
28027,MS,Coahoma County,5009.0,2397.0,2612.0,3924.0,46.0,3878.0,1085.0,70.0,1015.0,2271.0,2738.0,1377.0,3500.0,30.0,37.0,0.0,23.0,218.0,844.0,2241.0,1137.0,2768.0,4701.0,4205.0,0.21661010181672988,0.4473946895587942,1085.0,0.5214613695348372
28029,MS,Copiah County,6698.0,3135.0,3563.0,5559.0,55.0,5504.0,1139.0,44.0,1095.0,3055.0,3643.0,3516.0,3030.0,39.0,23.0,,13.0,208.0,918.0,2007.0,819.0,4691.0,6232.0,5448.0,0.1700507614213198,0.2996416840848014,1139.0,0.5319498357718722
28031,MS,Covington County,4680.0,2131.0,2549.0,3927.0,22.0,3905.0,753.0,35.0,718.0,2170.0,2510.0,3137.0,1434.0,22.0,,,,,624.0,1313.0,588.0,3367.0,4448.0,3842.0,0.1608974358974359,0.28055555555555556,624.0,0.5446581196581196
28033,MS,Desoto County,32802.0,20607.0,12195.0,28570.0,167.0,28403.0,4232.0,220.0,4012.0,14365.0,18437.0,22983.0,8275.0,496.0,420.0,16.0,61.0,837.0,3334.0,4106.0,1780.0,28696.0,29557.0,24553.0,0.12901652338272057,0.1251752941893787,4232.0,0.3717761112127309
28035,MS,Forrest County,16269.0,8260.0,8009.0,13736.0,82.0,13654.0,2533.0,105.0,2428.0,7243.0,9026.0,10867.0,4819.0,176.0,79.0,,47.0,484.0,2002.0,3898.0,1829.0,12371.0,15247.0,12862.0,0.15569487983281086,0.23959677915053168,2533.0,0.49228594259020225
28037,MS,Franklin County,2051.0,1310.0,741.0,1759.0,,,292.0,13.0,279.0,983.0,1068.0,1392.0,626.0,,,,,,243.0,507.0,241.0,1544.0,1949.0,1611.0,0.14236957581667478,0.24719648951730863,243.0,0.3612871769868357
28039,MS,George County,5723.0,2816.0,2907.0,4790.0,14.0,4776.0,933.0,20.0,913.0,2786.0,2937.0,5179.0,395.0,36.0,14.0,,,,785.0,1154.0,411.0,4569.0,5399.0,4578.0,0.16302638476323605,0.20164249519482788,785.0,0.5079503756770924
28041,MS,Greene County,2430.0,1197.0,1233.0,2053.0,,,377.0,,,1194.0,1236.0,1926.0,460.0,,0.0,,,,319.0,622.0,320.0,1808.0,2332.0,1948.0,0.1551440329218107,0.2559670781893004,319.0,0.5074074074074074
28043,MS,Grenada County,5587.0,3435.0,2152.0,4470.0,34.0,4436.0,1117.0,42.0,1075.0,2496.0,3091.0,3164.0,2316.0,15.0,11.0,,20.0,190.0,907.0,1663.0,782.0,3924.0,5216.0,4474.0,0.19992840522641847,0.29765527116520496,1117.0,0.38517988186862356
28045,MS,Hancock County,11733.0,5086.0,6647.0,10320.0,36.0,10284.0,1413.0,26.0,1387.0,5500.0,6233.0,10311.0,818.0,266.0,88.0,14.0,11.0,229.0,1173.0,2083.0,777.0,9650.0,11035.0,9400.0,0.12042955765788801,0.17753345265490497,1413.0,0.5665217761868235
28047,MS,Harrison County,46859.0,24042.0,22817.0,40547.0,220.0,40327.0,6312.0,217.0,6095.0,21649.0,25210.0,34845.0,8852.0,1035.0,1082.0,46.0,56.0,1052.0,5204.0,9340.0,3819.0,37519.0,43170.0,32473.0,0.1347019782752513,0.19932136836040035,6312.0,0.48692887172154764
28049,MS,Hinds County,45551.0,21176.0,24375.0,38407.0,415.0,37992.0,7144.0,497.0,6647.0,19674.0,25877.0,14570.0,29857.0,199.0,225.0,12.0,92.0,1402.0,5650.0,12649.0,5788.0,32902.0,41726.0,36661.0,0.15683519571469343,0.2776887444842045,7144.0,0.535114487058462
28051,MS,Holmes County,4268.0,1627.0,2641.0,3344.0,49.0,3295.0,924.0,48.0,876.0,1948.0,2320.0,929.0,3267.0,,,,13.0,168.0,743.0,1983.0,963.0,2285.0,4056.0,3650.0,0.21649484536082475,0.46462043111527646,924.0,0.6187910028116214
28053,MS,Humphreys County,1968.0,847.0,1121.0,1526.0,23.0,1503.0,442.0,26.0,416.0,884.0,1084.0,491.0,1421.0,20.0,,0.0,,,340.0,942.0,512.0,1026.0,1867.0,1689.0,0.22459349593495934,0.47865853658536583,340.0,0.5696138211382114
28055,MS,Issaquena County,240.0,136.0,104.0,196.0,,,44.0,,,109.0,131.0,103.0,134.0,0.0,0.0,0.0,,,32.0,78.0,50.0,162.0,229.0,186.0,0.18333333333333332,0.325,32.0,0.43333333333333335
28057,MS,Itawamba County,5805.0,4000.0,1805.0,4721.0,16.0,4705.0,1084.0,13.0,1071.0,2636.0,3169.0,5263.0,411.0,34.0,,,11.0,147.0,926.0,1394.0,519.0,4411.0,5527.0,4693.0,0.1867355727820844,0.2401378122308355,1084.0,0.31093884582256676
28059,MS,Jackson County,31127.0,15450.0,15677.0,27187.0,127.0,27060.0,3940.0,138.0,3802.0,14397.0,16730.0,23332.0,6015.0,743.0,447.0,32.0,39.0,635.0,3266.0,4972.0,1960.0,26155.0,29154.0,23469.0,0.12657821184180937,0.1597327079384457,3940.0,0.5036463520416359
28061,MS,Jasper County,4287.0,1970.0,2317.0,3514.0,44.0,3470.0,773.0,43.0,730.0,1970.0,2317.0,2199.0,2019.0,12.0,,,,,651.0,1295.0,578.0,2992.0,4050.0,3526.0,0.18031257289479824,0.3020760438535106,651.0,0.5404711919757406
28063,MS,Jefferson County,1784.0,747.0,1037.0,1409.0,27.0,1382.0,375.0,19.0,356.0,820.0,964.0,291.0,1472.0,0.0,,0.0,,,291.0,681.0,363.0,1103.0,1694.0,1520.0,0.2102017937219731,0.38172645739910316,291.0,0.5812780269058296
28065,MS,Jefferson Davis County,2923.0,1314.0,1609.0,2417.0,28.0,2389.0,506.0,31.0,475.0,1346.0,1577.0,1349.0,1532.0,,,0.0,,,439.0,919.0,423.0,2004.0,2799.0,2393.0,0.17310981867943892,0.31440301060554227,439.0,0.5504618542593226
28067,MS,Jones County,15171.0,8263.0,6908.0,12904.0,91.0,12813.0,2267.0,86.0,2181.0,6948.0,8223.0,11132.0,3630.0,129.0,52.0,21.0,28.0,420.0,1819.0,3547.0,1721.0,11624.0,14268.0,12263.0,0.1494298332344605,0.23380133148770682,2267.0,0.45534242963548877
28069,MS,Kemper County,2189.0,1113.0,1076.0,1841.0,24.0,1817.0,348.0,21.0,327.0,1053.0,1136.0,973.0,1173.0,,,15.0,,,287.0,703.0,359.0,1486.0,2056.0,1725.0,0.15897670169026953,0.32115121059844676,287.0,0.4915486523526725
28071,MS,Lafayette County,9432.0,7369.0,2063.0,8253.0,49.0,8204.0,1179.0,38.0,1141.0,4265.0,5167.0,7007.0,2075.0,62.0,75.0,,22.0,233.0,924.0,1526.0,819.0,7906.0,8791.0,7422.0,0.125,0.1617896522476675,1179.0,0.21872349448685327
28073,MS,Lamar County,10237.0,5886.0,4351.0,9068.0,38.0,9030.0,1169.0,39.0,1130.0,4641.0,5596.0,8632.0,1245.0,103.0,63.0,,17.0,197.0,955.0,1597.0,694.0,8640.0,9624.0,7918.0,0.11419361140959265,0.15600273517632118,1169.0,0.4250268633388688
28075,MS,Lauderdale County,15978.0,9387.0,6591.0,13713.0,97.0,13616.0,2265.0,91.0,2174.0,7137.0,8841.0,9721.0,5823.0,104.0,74.0,,30.0,417.0,1818.0,3961.0,1835.0,12017.0,14996.0,12076.0,0.14175741644761547,0.2479033671298035,2265.0,0.412504693954187
28077,MS,Lawrence County,3458.0,1864.0,1594.0,2859.0,25.0,2834.0,599.0,34.0,565.0,1612.0,1846.0,2215.0,1163.0,18.0,,,,,518.0,921.0,352.0,2537.0,3287.0,2759.0,0.17322151532677849,0.26633892423366107,518.0,0.4609600925390399
28079,MS,Leake County,4754.0,2518.0,2236.0,3944.0,34.0,3910.0,810.0,44.0,766.0,2144.0,2610.0,2877.0,1686.0,28.0,,84.0,,,666.0,1434.0,619.0,3320.0,4430.0,3838.0,0.17038283550694153,0.30164072360117794,666.0,0.4703407656710139
28081,MS,Lee County,19107.0,12239.0,6868.0,15853.0,101.0,15752.0,3254.0,97.0,3157.0,8462.0,10645.0,13969.0,4597.0,141.0,84.0,,51.0,554.0,2649.0,4487.0,1838.0,14620.0,17920.0,15482.0,0.17030407703982833,0.23483540063850944,3254.0,0.3594494164442351
28083,MS,Leflore County,6024.0,2961.0,3063.0,4778.0,64.0,4714.0,1246.0,75.0,1171.0,2615.0,3409.0,1823.0,4036.0,31.0,51.0,,17.0,210.0,1019.0,2544.0,1296.0,3480.0,5686.0,5079.0,0.20683930942895087,0.42231075697211157,1246.0,0.5084661354581673
28085,MS,Lincoln County,7792.0,4819.0,2973.0,6600.0,39.0,6561.0,1192.0,40.0,1152.0,3521.0,4271.0,5444.0,2137.0,38.0,25.0,,18.0,203.0,971.0,1898.0,905.0,5894.0,7366.0,6427.0,0.15297741273100615,0.24358316221765913,1192.0,0.3815451745379877
28087,MS,Lowndes County,12673.0,7897.0,4776.0,10624.0,72.0,10552.0,2049.0,107.0,1942.0,5591.0,7082.0,7040.0,5293.0,74.0,54.0,,21.0,368.0,1660.0,3167.0,1436.0,9506.0,11838.0,9611.0,0.16168231673636865,0.24990136510692024,2049.0,0.37686419947920774
28089,MS,Madison County,22809.0,15362.0,7447.0,20744.0,120.0,20624.0,2065.0,139.0,1926.0,9995.0,12814.0,14977.0,6851.0,132.0,300.0,,29.0,421.0,1615.0,3199.0,1351.0,19610.0,20702.0,18046.0,0.09053443816037529,0.14025165504844578,2065.0,0.3264939278355035
28091,MS,Marion County,5995.0,2875.0,3120.0,5038.0,37.0,5001.0,957.0,35.0,922.0,2766.0,3229.0,4188.0,1665.0,36.0,12.0,,19.0,152.0,786.0,1798.0,859.0,4197.0,5707.0,4996.0,0.1596330275229358,0.2999165971643036,957.0,0.5204336947456214
28093,MS,Marshall County,9047.0,4498.0,4549.0,7603.0,60.0,7543.0,1444.0,68.0,1376.0,4080.0,4967.0,4935.0,3854.0,123.0,24.0,0.0,15.0,220.0,1209.0,2361.0,942.0,6686.0,8376.0,7280.0,0.159610920747209,0.26097048745440476,1444.0,0.5028186139051619
28095,MS,Monroe County,8771.0,5403.0,3368.0,7209.0,44.0,7165.0,1562.0,46.0,1516.0,3976.0,4795.0,6099.0,2487.0,35.0,18.0,,14.0,217.0,1331.0,2257.0,899.0,6514.0,8330.0,7042.0,0.17808687720898414,0.2573252764793068,1562.0,0.383992703226542
28097,MS,Montgomery County,2832.0,1718.0,1114.0,2327.0,30.0,2297.0,505.0,24.0,481.0,1305.0,1527.0,1594.0,1192.0,,,,,,423.0,932.0,438.0,1900.0,2674.0,2289.0,0.178319209039548,0.3290960451977401,423.0,0.393361581920904
28099,MS,Neshoba County,6214.0,3915.0,2299.0,5194.0,51.0,5143.0,1020.0,86.0,934.0,2832.0,3382.0,4350.0,1270.0,38.0,24.0,377.0,18.0,184.0,818.0,1647.0,731.0,4567.0,5780.0,4691.0,0.16414547795300932,0.26504666881235917,1020.0,0.3699710331509495
28101,MS,Newton County,4596.0,2769.0,1827.0,3869.0,21.0,3848.0,727.0,40.0,687.0,2077.0,2519.0,3111.0,1312.0,35.0,,60.0,,,607.0,1160.0,535.0,3436.0,4338.0,3483.0,0.1581810269799826,0.2523933855526545,607.0,0.3975195822454308
28103,MS,Noxubee County,2641.0,1240.0,1401.0,2081.0,26.0,2055.0,560.0,29.0,531.0,1219.0,1422.0,770.0,1831.0,,,,,,449.0,1166.0,540.0,1475.0,2534.0,2249.0,0.21204089360090875,0.4414994320333207,449.0,0.5304808784551306
28105,MS,Oktibbeha County,7681.0,5060.0,2621.0,6605.0,56.0,6549.0,1076.0,52.0,1024.0,3480.0,4201.0,4322.0,3131.0,44.0,66.0,,17.0,223.0,836.0,1757.0,871.0,5924.0,7194.0,6251.0,0.14008592631167816,0.22874625699778675,1076.0,0.34123161046738704
28107,MS,Panola County,8149.0,4208.0,3941.0,6499.0,59.0,6440.0,1650.0,53.0,1597.0,3816.0,4333.0,4704.0,3277.0,43.0,15.0,,21.0,285.0,1344.0,2574.0,1140.0,5575.0,7694.0,6688.0,0.20247883175849798,0.3158669775432568,1650.0,0.4836176217940852
28109,MS,Pearl River County,14189.0,6642.0,7547.0,12204.0,56.0,12148.0,1985.0,49.0,1936.0,6657.0,7532.0,12043.0,1506.0,310.0,45.0,,23.0,296.0,1666.0,2835.0,1159.0,11354.0,13297.0,11109.0,0.13989710338994996,0.19980266403552047,1985.0,0.5318909014024948
28111,MS,Perry County,2889.0,1462.0,1427.0,2402.0,16.0,2386.0,487.0,16.0,471.0,1383.0,1506.0,2306.0,508.0,15.0,,,,,398.0,767.0,359.0,2122.0,2771.0,2321.0,0.16857043959847698,0.2654897888542748,398.0,0.4939425406715126
28113,MS,Pike County,9326.0,4374.0,4952.0,7778.0,61.0,7717.0,1548.0,72.0,1476.0,4217.0,5109.0,4753.0,4327.0,46.0,42.0,,26.0,251.0,1271.0,2821.0,1251.0,6505.0,8813.0,7665.0,0.16598756165558654,0.30248766888269357,1548.0,0.5309886339266566
28115,MS,Pontotoc County,6594.0,4303.0,2291.0,5379.0,22.0,5357.0,1215.0,28.0,1187.0,2991.0,3603.0,5522.0,892.0,82.0,17.0,,18.0,201.0,996.0,1616.0,629.0,4978.0,6282.0,5342.0,0.1842584167424932,0.24507127691841069,1215.0,0.34743706399757357
28117,MS,Prentiss County,5486.0,3901.0,1585.0,4307.0,15.0,4292.0,1179.0,17.0,1162.0,2468.0,3018.0,4788.0,578.0,22.0,13.0,,14.0,187.0,978.0,1501.0,661.0,3985.0,5236.0,4499.0,0.2149106817353263,0.2736055413780532,1179.0,0.2889172438935472
28119,MS,Quitman County,1569.0,655.0,914.0,1211.0,24.0,1187.0,358.0,27.0,331.0,741.0,828.0,496.0,1045.0,,,0.0,,,289.0,747.0,385.0,822.0,1493.0,1358.0,0.22817080943275972,0.47609942638623326,289.0,0.5825366475462078
28121,MS,Rankin County,30826.0,20164.0,10662.0,27010.0,126.0,26884.0,3816.0,153.0,3663.0,13301.0,17525.0,24743.0,4971.0,334.0,235.0,19.0,65.0,753.0,2998.0,4472.0,2082.0,26354.0,28421.0,24033.0,0.12379160448971648,0.14507234152987739,3816.0,0.34587685719846883
28123,MS,Scott County,5801.0,2922.0,2879.0,4781.0,38.0,4743.0,1020.0,43.0,977.0,2595.0,3206.0,3484.0,2074.0,157.0,19.0,,,,821.0,1907.0,791.0,3894.0,5418.0,4729.0,0.1758317531460093,0.3287364247543527,821.0,0.49629374245819685
28125,MS,Sharkey County,1095.0,520.0,575.0,929.0,16.0,913.0,166.0,,,514.0,581.0,352.0,719.0,,,0.0,,,131.0,438.0,219.0,657.0,1027.0,926.0,0.15159817351598173,0.4,131.0,0.5251141552511416
28127,MS,Simpson County,6388.0,3717.0,2671.0,5130.0,33.0,5097.0,1258.0,31.0,1227.0,2953.0,3435.0,4291.0,1946.0,18.0,11.0,,33.0,295.0,930.0,1902.0,962.0,4486.0,6051.0,5133.0,0.19693174702567315,0.29774577332498436,1258.0,0.4181277395115842
28129,MS,Smith County,3344.0,1974.0,1370.0,2851.0,18.0,2833.0,493.0,17.0,476.0,1562.0,1782.0,2532.0,746.0,,,,,,402.0,798.0,368.0,2546.0,3164.0,2678.0,0.14742822966507177,0.23863636363636365,402.0,0.409688995215311
28131,MS,Stone County,4610.0,2127.0,2483.0,3923.0,15.0,3908.0,687.0,18.0,669.0,2202.0,2408.0,3885.0,587.0,44.0,,,,,585.0,1060.0,422.0,3550.0,4345.0,3564.0,0.1490238611713666,0.2299349240780911,585.0,0.5386117136659436
28133,MS,Sunflower County,5094.0,2235.0,2859.0,4001.0,53.0,3948.0,1093.0,57.0,1036.0,2230.0,2864.0,1384.0,3598.0,23.0,17.0,,11.0,197.0,885.0,2208.0,1124.0,2886.0,4839.0,4391.0,0.21456615626226933,0.4334511189634865,1093.0,0.5612485276796231
28135,MS,Tallahatchie County,2804.0,1351.0,1453.0,2186.0,21.0,2165.0,618.0,25.0,593.0,1290.0,1514.0,1247.0,1524.0,,,0.0,,,526.0,1211.0,631.0,1593.0,2684.0,2414.0,0.22039942938659057,0.4318830242510699,526.0,0.5181883024251069
28137,MS,Tate County,6204.0,3511.0,2693.0,5229.0,47.0,5182.0,975.0,48.0,927.0,2793.0,3411.0,4348.0,1712.0,34.0,13.0,,,,804.0,1375.0,587.0,4829.0,5848.0,4970.0,0.15715667311411993,0.22163120567375885,804.0,0.4340747904577692
28139,MS,Tippah County,5339.0,3559.0,1780.0,4162.0,26.0,4136.0,1177.0,34.0,1143.0,2408.0,2931.0,4436.0,770.0,51.0,,,17.0,169.0,991.0,1553.0,671.0,3786.0,5048.0,4370.0,0.22045326840232254,0.2908784416557408,1177.0,0.33339576699756507
28141,MS,Tishomingo County,5245.0,3880.0,1365.0,4242.0,16.0,4226.0,1003.0,18.0,985.0,2420.0,2825.0,4954.0,167.0,39.0,,,11.0,144.0,848.0,1299.0,557.0,3946.0,5026.0,4349.0,0.19122974261201145,0.24766444232602478,1003.0,0.26024785510009535
28143,MS,Tunica County,1991.0,742.0,1249.0,1559.0,34.0,1525.0,432.0,29.0,403.0,909.0,1082.0,579.0,1374.0,,,,,,333.0,897.0,417.0,1094.0,1845.0,1677.0,0.2169763937719739,0.45052737317930686,333.0,0.6273229532898041
28145,MS,Union County,6417.0,4336.0,2081.0,5184.0,25.0,5159.0,1233.0,31.0,1202.0,2874.0,3543.0,5377.0,898.0,54.0,16.0,,18.0,171.0,1044.0,1507.0,599.0,4910.0,6081.0,5169.0,0.19214586255259467,0.23484494311983792,1233.0,0.3242948418263986
28147,MS,Walthall County,3354.0,1745.0,1609.0,2866.0,23.0,2843.0,488.0,25.0,463.0,1559.0,1795.0,2046.0,1239.0,21.0,,0.0,,,421.0,987.0,437.0,2367.0,3213.0,2818.0,0.1454979129397734,0.29427549194991054,421.0,0.47972570065593323
28149,MS,Warren County,10412.0,5964.0,4448.0,8819.0,74.0,8745.0,1593.0,94.0,1499.0,4663.0,5749.0,5681.0,4440.0,56.0,69.0,,27.0,299.0,1267.0,2639.0,1098.0,7773.0,9540.0,7975.0,0.15299654245101807,0.2534575489819439,1593.0,0.4271993853246254
28151,MS,Washington County,10655.0,4951.0,5704.0,8667.0,87.0,8580.0,1988.0,107.0,1881.0,4779.0,5876.0,3265.0,7100.0,55.0,55.0,,22.0,345.0,1621.0,4173.0,2212.0,6482.0,9913.0,8690.0,0.18657907085875175,0.39164711403097136,1988.0,0.5353355232285312
28153,MS,Wayne County,4413.0,2222.0,2191.0,3679.0,28.0,3651.0,734.0,37.0,697.0,2031.0,2382.0,2894.0,1448.0,11.0,,0.0,,,616.0,1305.0,576.0,3108.0,4217.0,3739.0,0.16632676184001813,0.2957171991842284,616.0,0.49648765012463175
28155,MS,Webster County,2755.0,1790.0,965.0,2244.0,,,511.0,,,1234.0,1521.0,2123.0,580.0,18.0,,0.0,,,442.0,802.0,376.0,1953.0,2622.0,2197.0,0.18548094373865698,0.2911070780399274,442.0,0.3502722323049002
28157,MS,Wilkinson County,2010.0,912.0,1098.0,1708.0,13.0,1695.0,302.0,20.0,282.0,934.0,1076.0,710.0,1253.0,,,0.0,,,238.0,715.0,394.0,1295.0,1918.0,1728.0,0.15024875621890546,0.35572139303482586,238.0,0.5462686567164179
28159,MS,Winston County,4559.0,2709.0,1850.0,3927.0,32.0,3895.0,632.0,27.0,605.0,2028.0,2531.0,2570.0,1897.0,22.0,,15.0,,,539.0,1288.0,586.0,3271.0,4262.0,3642.0,0.1386268918622505,0.2825180960737004,539.0,0.4057907435841193
28161,MS,Yalobusha County,4099.0,2448.0,1651.0,3329.0,33.0,3296.0,770.0,21.0,749.0,1883.0,2216.0,2758.0,1243.0,25.0,,,16.0,139.0,615.0,1123.0,507.0,2976.0,3859.0,3221.0,0.18785069529153453,0.2739692607953159,770.0,0.40278116613808246
28163,MS,Yazoo County,5138.0,2598.0,2540.0,4266.0,43.0,4223.0,872.0,51.0,821.0,2356.0,2782.0,2363.0,2647.0,22.0,13.0,0.0,14.0,161.0,697.0,1813.0,871.0,3325.0,4850.0,4296.0,0.1697158427403659,0.3528610354223433,872.0,0.4943557804593227
28999,MS,Unknown,,,,,,,,,,,,,,,,,,,,,,,,,,,0.0,
29001,MO,Adair County,5078.0,3723.0,1355.0,4307.0,17.0,4290.0,771.0,11.0,760.0,2347.0,2731.0,4853.0,35.0,40.0,27.0,,,,555.0,912.0,717.0,4166.0,4716.0,4133.0,0.151831429696731,0.17959826703426546,555.0,0.26683733753446237
29003,MO,Andrew County,3943.0,2872.0,1071.0,3578.0,,,365.0,,,1837.0,2106.0,3790.0,19.0,38.0,,,,,274.0,363.0,270.0,3580.0,3707.0,3124.0,0.09256910981486179,0.09206188181587624,274.0,0.2716205934567588
29005,MO,Atchison County,1442.0,1147.0,295.0,1284.0,,,158.0,,,666.0,776.0,1389.0,,,,,,,123.0,182.0,121.0,1260.0,1391.0,1188.0,0.10957004160887657,0.1262135922330097,123.0,0.2045769764216366
29007,MO,Audrain County,5816.0,3438.0,2378.0,4955.0,24.0,4931.0,861.0,17.0,844.0,2682.0,3134.0,5344.0,288.0,41.0,,,17.0,184.0,660.0,893.0,630.0,4923.0,5481.0,4783.0,0.14803988995873452,0.15354195323246217,861.0,0.40887207702888584
29009,MO,Barry County,9374.0,3804.0,5570.0,8146.0,31.0,8115.0,1228.0,15.0,1213.0,4452.0,4922.0,8804.0,40.0,274.0,49.0,32.0,17.0,205.0,1006.0,1460.0,990.0,7914.0,8852.0,7757.0,0.13100064006827394,0.15574994666097716,1228.0,0.5941967143161937
29011,MO,Barton County,3000.0,1575.0,1425.0,2585.0,,,415.0,11.0,404.0,1418.0,1582.0,2901.0,,29.0,,,,,344.0,494.0,334.0,2506.0,2861.0,2533.0,0.13833333333333334,0.16466666666666666,344.0,0.475
29013,MO,Bates County,4128.0,1967.0,2161.0,3572.0,13.0,3559.0,556.0,,,1947.0,2181.0,3972.0,32.0,25.0,,,,,469.0,627.0,438.0,3501.0,3874.0,3425.0,0.13468992248062014,0.15188953488372092,469.0,0.5234980620155039
29015,MO,Benton County,7550.0,3674.0,3876.0,6536.0,15.0,6521.0,1014.0,,,3800.0,3750.0,7336.0,16.0,58.0,16.0,,11.0,139.0,864.0,1113.0,780.0,6437.0,7147.0,5974.0,0.1343046357615894,0.14741721854304635,1014.0,0.5133774834437086
29017,MO,Bollinger County,2861.0,1604.0,1257.0,2382.0,,,479.0,,,1386.0,1475.0,2797.0,,13.0,,,,,400.0,554.0,451.0,2307.0,2735.0,2235.0,0.16742397763019923,0.19363858790632646,400.0,0.4393568682278923
29019,MO,Boone County,32112.0,16592.0,15520.0,28267.0,77.0,28190.0,3845.0,92.0,3753.0,14495.0,17617.0,27472.0,2545.0,412.0,573.0,31.0,92.0,1011.0,2742.0,4015.0,3094.0,28097.0,29625.0,26071.0,0.11973716990533134,0.12503114100647733,3845.0,0.4833084205281515
29021,MO,Buchanan County,18899.0,12035.0,6864.0,16154.0,50.0,16104.0,2745.0,60.0,2685.0,8592.0,10307.0,17225.0,645.0,475.0,102.0,37.0,48.0,557.0,2140.0,3060.0,2224.0,15839.0,17671.0,15151.0,0.14524578020001058,0.1619133287475528,2745.0,0.36319381977882426
29023,MO,Butler County,10840.0,6813.0,4027.0,8617.0,34.0,8583.0,2223.0,32.0,2191.0,5000.0,5840.0,10026.0,521.0,84.0,39.0,,29.0,456.0,1738.0,2634.0,2079.0,8206.0,10025.0,8417.0,0.20507380073800738,0.2429889298892989,2223.0,0.37149446494464944
29025,MO,Caldwell County,2250.0,1332.0,918.0,1991.0,,,259.0,,,1091.0,1159.0,2171.0,,16.0,,,,,220.0,278.0,199.0,1972.0,2110.0,1807.0,0.11511111111111111,0.12355555555555556,220.0,0.408
29027,MO,Callaway County,10121.0,4672.0,5449.0,8473.0,15.0,8458.0,1648.0,18.0,1630.0,4831.0,5290.0,9303.0,412.0,82.0,29.0,12.0,25.0,344.0,1279.0,1419.0,990.0,8702.0,9413.0,8201.0,0.16282975990514773,0.14020353719988143,1648.0,0.5383855350261831
29029,MO,Camden County,14389.0,7519.0,6870.0,13142.0,34.0,13108.0,1247.0,14.0,1233.0,7099.0,7290.0,13803.0,50.0,137.0,47.0,12.0,14.0,231.0,1002.0,1231.0,874.0,13158.0,13645.0,11676.0,0.08666342344846759,0.08555146292306623,1247.0,0.4774480505942039
29031,MO,Cape Girardeau County,17900.0,11949.0,5951.0,15716.0,61.0,15655.0,2184.0,50.0,2134.0,7962.0,9938.0,16473.0,884.0,132.0,78.0,,33.0,474.0,1677.0,2382.0,1860.0,15518.0,16838.0,13900.0,0.12201117318435754,0.133072625698324,2184.0,0.3324581005586592
29033,MO,Carroll County,2449.0,1509.0,940.0,2136.0,,,313.0,,,1172.0,1277.0,2345.0,37.0,13.0,,,,,243.0,360.0,267.0,2089.0,2310.0,2007.0,0.1278072682727644,0.14699877501020825,243.0,0.3838301347488771
29035,MO,Carter County,1598.0,905.0,693.0,1319.0,,,279.0,,,787.0,811.0,1556.0,,12.0,,,,,228.0,388.0,299.0,1210.0,1494.0,1260.0,0.17459324155193992,0.2428035043804756,228.0,0.4336670838548185
29037,MO,Cass County,24029.0,11137.0,12892.0,21790.0,87.0,21703.0,2239.0,54.0,2185.0,10660.0,13369.0,21966.0,951.0,417.0,120.0,33.0,32.0,448.0,1759.0,2008.0,1460.0,22021.0,22188.0,19459.0,0.0931790752840318,0.08356569145615714,2239.0,0.5365183736318615
29039,MO,Cedar County,4134.0,1737.0,2397.0,3542.0,,,592.0,,,1973.0,2161.0,3986.0,,38.0,15.0,,,,488.0,738.0,525.0,3396.0,3939.0,3378.0,0.1432027092404451,0.17851959361393324,488.0,0.5798258345428157
29041,MO,Chariton County,2063.0,1505.0,558.0,1844.0,,,219.0,0.0,219.0,968.0,1095.0,1962.0,51.0,,,,,,190.0,223.0,162.0,1840.0,1957.0,1717.0,0.10615608337372757,0.10809500727096462,190.0,0.27047988366456616
29043,MO,Christian County,20032.0,8048.0,11984.0,18119.0,51.0,18068.0,1913.0,47.0,1866.0,9094.0,10938.0,19057.0,88.0,243.0,102.0,45.0,30.0,400.0,1483.0,2008.0,1426.0,18024.0,18948.0,16844.0,0.09549720447284345,0.10023961661341853,1913.0,0.5982428115015974
29045,MO,Clark County,1561.0,1178.0,383.0,1346.0,,,215.0,,,728.0,833.0,1517.0,0.0,,0.0,0.0,,,167.0,221.0,167.0,1340.0,1475.0,1268.0,0.13773222293401666,0.14157591287636132,167.0,0.2453555413196669
29047,MO,Clay County,48458.0,25294.0,23164.0,43484.0,164.0,43320.0,4974.0,145.0,4829.0,21466.0,26992.0,42617.0,2123.0,1571.0,708.0,80.0,88.0,1065.0,3821.0,4298.0,3275.0,44160.0,44378.0,39561.0,0.10264558999545999,0.08869536505840109,4974.0,0.47802220479590574
29049,MO,Clinton County,5256.0,3050.0,2206.0,4696.0,12.0,4684.0,560.0,14.0,546.0,2502.0,2754.0,4994.0,77.0,53.0,14.0,11.0,,,451.0,549.0,390.0,4707.0,4869.0,4203.0,0.106544901065449,0.10445205479452055,451.0,0.4197108066971081
29051,MO,Cole County,17250.0,7580.0,9670.0,15192.0,28.0,15164.0,2058.0,31.0,2027.0,7694.0,9556.0,15608.0,881.0,177.0,90.0,,46.0,494.0,1518.0,1884.0,1435.0,15366.0,16247.0,14348.0,0.11930434782608695,0.10921739130434782,2058.0,0.5605797101449276
29053,MO,Cooper County,4146.0,2226.0,1920.0,3573.0,13.0,3560.0,573.0,11.0,562.0,1931.0,2215.0,3818.0,178.0,22.0,18.0,,,,448.0,605.0,448.0,3541.0,3861.0,3360.0,0.138205499276411,0.14592378195851424,448.0,0.4630969609261939
29055,MO,Crawford County,6004.0,2112.0,3892.0,5020.0,18.0,5002.0,984.0,15.0,969.0,2889.0,3115.0,5797.0,20.0,40.0,17.0,,12.0,160.0,812.0,1060.0,782.0,4944.0,5690.0,5002.0,0.16389073950699534,0.1765489673550966,984.0,0.6482345103264491
29057,MO,Dade County,2256.0,854.0,1402.0,1981.0,,,275.0,,,1101.0,1155.0,2175.0,,24.0,,,,,232.0,349.0,213.0,1907.0,2141.0,1896.0,0.12189716312056738,0.15469858156028368,232.0,0.6214539007092199
29059,MO,Dallas County,4726.0,1488.0,3238.0,3991.0,12.0,3979.0,735.0,,,2291.0,2435.0,4564.0,,42.0,11.0,,,,611.0,875.0,599.0,3851.0,4460.0,3965.0,0.15552264071096064,0.18514600084638172,611.0,0.6851460008463817
29061,MO,Daviess County,1905.0,1282.0,623.0,1719.0,,,186.0,,,925.0,980.0,1830.0,,13.0,,,,,134.0,233.0,169.0,1672.0,1800.0,1503.0,0.09763779527559055,0.12230971128608924,134.0,0.3270341207349081
29063,MO,Dekalb County,2162.0,1418.0,744.0,1928.0,,,234.0,,,1044.0,1118.0,2093.0,,,,,,,190.0,252.0,168.0,1910.0,2034.0,1744.0,0.10823311748381129,0.11655874190564293,190.0,0.3441258094357077
29065,MO,Dent County,4180.0,2346.0,1834.0,3424.0,13.0,3411.0,756.0,,,2001.0,2179.0,4034.0,11.0,39.0,12.0,,,,603.0,827.0,640.0,3353.0,3922.0,3306.0,0.18086124401913875,0.1978468899521531,603.0,0.438755980861244
29067,MO,Douglas County,2814.0,807.0,2007.0,2416.0,,,398.0,,,1345.0,1469.0,2721.0,,24.0,,,,,332.0,508.0,349.0,2306.0,2678.0,2368.0,0.1414356787491116,0.18052594171997158,332.0,0.7132196162046909
29069,MO,Dunklin County,6798.0,3771.0,3027.0,5294.0,21.0,5273.0,1504.0,25.0,1479.0,3156.0,3642.0,5971.0,576.0,129.0,,,19.0,287.0,1198.0,2118.0,1707.0,4680.0,6441.0,5666.0,0.22124154162989115,0.3115622241835834,1504.0,0.44527802294792584
29071,MO,Franklin County,27438.0,7649.0,19789.0,23911.0,73.0,23838.0,3527.0,53.0,3474.0,12877.0,14561.0,26267.0,232.0,206.0,94.0,15.0,37.0,628.0,2862.0,2908.0,2095.0,24530.0,25841.0,23852.0,0.1285443545447919,0.1059844011954224,3527.0,0.7212260368831548
29073,MO,Gasconade County,4438.0,1861.0,2577.0,3868.0,,,570.0,,,2135.0,2303.0,4297.0,,26.0,,,,,474.0,505.0,373.0,3933.0,4207.0,3783.0,0.1284362325371789,0.11378999549346552,474.0,0.5806669671022984
29075,MO,Gentry County,1551.0,1194.0,357.0,1354.0,,,197.0,,,713.0,838.0,1506.0,,,0.0,,,,144.0,241.0,182.0,1310.0,1468.0,1263.0,0.1270148291424887,0.15538362346872986,144.0,0.23017408123791103
29077,MO,Greene County,64497.0,25262.0,39235.0,56199.0,176.0,56023.0,8298.0,161.0,8137.0,28834.0,35663.0,59822.0,1409.0,1000.0,687.0,130.0,133.0,1823.0,6342.0,9372.0,6921.0,55125.0,60616.0,54459.0,0.12865714684403926,0.14530908414344854,8298.0,0.608322867730282
29079,MO,Grundy County,2523.0,1806.0,717.0,2190.0,,,333.0,,,1189.0,1334.0,2395.0,,13.0,,,,,267.0,428.0,320.0,2095.0,2407.0,2072.0,0.13198573127229488,0.16963931827189854,267.0,0.28418549346016647
29081,MO,Harrison County,2288.0,1672.0,616.0,1996.0,,,292.0,,,1090.0,1198.0,2206.0,,13.0,,,14.0,58.0,220.0,434.0,312.0,1854.0,2167.0,1849.0,0.12762237762237763,0.1896853146853147,292.0,0.2692307692307692
29083,MO,Henry County,6609.0,3223.0,3386.0,5641.0,23.0,5618.0,968.0,12.0,956.0,3101.0,3508.0,6365.0,59.0,64.0,20.0,12.0,,,813.0,1085.0,778.0,5524.0,6271.0,5420.0,0.146466939022545,0.164170071115146,813.0,0.512331668936299
29085,MO,Hickory County,2971.0,1064.0,1907.0,2550.0,,,421.0,,,1526.0,1445.0,2877.0,,31.0,,,,,358.0,485.0,327.0,2486.0,2822.0,2472.0,0.141703130259172,0.16324469875462808,358.0,0.6418714237630427
29087,MO,Holt County,1207.0,901.0,306.0,1093.0,,,114.0,,,595.0,612.0,1175.0,,,,,0.0,19.0,95.0,149.0,110.0,1058.0,1139.0,918.0,0.09444904722452362,0.12344656172328086,114.0,0.2535211267605634
29089,MO,Howard County,2378.0,1307.0,1071.0,2086.0,,,292.0,,,1095.0,1283.0,2176.0,126.0,,,,,,215.0,342.0,260.0,2036.0,2209.0,1948.0,0.12279226240538267,0.1438183347350715,215.0,0.4503784693019344
29091,MO,Howell County,11254.0,5294.0,5960.0,9355.0,32.0,9323.0,1899.0,26.0,1873.0,5228.0,6026.0,10816.0,44.0,103.0,39.0,20.0,40.0,400.0,1459.0,2603.0,1854.0,8651.0,10640.0,9224.0,0.1687400035542918,0.23129553936378178,1899.0,0.5295894792962502
29093,MO,Iron County,3002.0,1614.0,1388.0,2352.0,,,650.0,,,1506.0,1496.0,2884.0,42.0,15.0,,,,,535.0,678.0,546.0,2324.0,2821.0,2436.0,0.21652231845436376,0.22584943371085942,535.0,0.46235842771485675
29095,MO,Jackson County,135730.0,60173.0,75557.0,118712.0,688.0,118024.0,17018.0,688.0,16330.0,60216.0,75514.0,94904.0,30313.0,5125.0,1681.0,167.0,300.0,3952.0,12766.0,20447.0,15664.0,115283.0,123739.0,111379.0,0.1253812716422309,0.15064466219700876,17018.0,0.556671332793045
29097,MO,Jasper County,26901.0,13549.0,13352.0,22906.0,78.0,22828.0,3995.0,81.0,3914.0,12087.0,14814.0,24900.0,416.0,621.0,228.0,190.0,64.0,792.0,3139.0,4822.0,3473.0,22079.0,25030.0,21935.0,0.14850749042786512,0.17924984201330804,3995.0,0.49633842608081485
29099,MO,Jefferson County,49341.0,16410.0,32931.0,42843.0,131.0,42712.0,6498.0,122.0,6376.0,23074.0,26267.0,47001.0,367.0,556.0,242.0,29.0,87.0,1180.0,5231.0,4849.0,3666.0,44492.0,46338.0,42213.0,0.13169574998479966,0.0982752680326706,6498.0,0.6674165501307229
29101,MO,Johnson County,9565.0,5373.0,4192.0,8405.0,26.0,8379.0,1160.0,24.0,1136.0,4470.0,5095.0,8837.0,276.0,118.0,90.0,11.0,14.0,256.0,890.0,1073.0,806.0,8492.0,8965.0,6881.0,0.12127548353371667,0.11217982226868793,1160.0,0.43826450601150024
29103,MO,Knox County,971.0,759.0,212.0,876.0,,,95.0,,,474.0,497.0,943.0,,0.0,,0.0,0.0,13.0,82.0,126.0,88.0,845.0,902.0,757.0,0.09783728115345006,0.12976313079299692,95.0,0.21833161688980432
29105,MO,Laclede County,9049.0,2893.0,6156.0,7533.0,30.0,7503.0,1516.0,24.0,1492.0,4246.0,4803.0,8679.0,57.0,83.0,35.0,11.0,35.0,292.0,1189.0,1657.0,1181.0,7392.0,8547.0,7446.0,0.16753232401370316,0.18311415626036026,1516.0,0.680296165322135
29107,MO,Lafayette County,8050.0,3991.0,4059.0,7026.0,16.0,7010.0,1024.0,25.0,999.0,3730.0,4320.0,7622.0,181.0,64.0,17.0,12.0,15.0,179.0,830.0,1021.0,754.0,7029.0,7578.0,6684.0,0.12720496894409938,0.12683229813664595,1024.0,0.5042236024844721
29109,MO,Lawrence County,8873.0,3135.0,5738.0,7620.0,26.0,7594.0,1253.0,20.0,1233.0,4180.0,4693.0,8444.0,17.0,176.0,31.0,39.0,15.0,228.0,1010.0,1457.0,993.0,7416.0,8387.0,7377.0,0.14121492167248959,0.16420601825763553,1253.0,0.6466809421841542
29111,MO,Lewis County,2357.0,1652.0,705.0,2068.0,,,289.0,,,1137.0,1220.0,2250.0,62.0,,,,,,226.0,298.0,235.0,2059.0,2200.0,1873.0,0.12261349172677131,0.12643190496393722,226.0,0.29910903691132795
29113,MO,Lincoln County,12638.0,4781.0,7857.0,10794.0,31.0,10763.0,1844.0,33.0,1811.0,6038.0,6600.0,11980.0,219.0,108.0,44.0,,25.0,386.0,1433.0,1436.0,1054.0,11202.0,11740.0,10602.0,0.14590916284222186,0.11362557366671942,1844.0,0.621696470960595
29115,MO,Linn County,3252.0,2275.0,977.0,2864.0,11.0,2853.0,388.0,13.0,375.0,1510.0,1742.0,3112.0,11.0,35.0,,,,,297.0,507.0,391.0,2745.0,3059.0,2630.0,0.11931119311193111,0.1559040590405904,297.0,0.30043050430504303
29117,MO,Livingston County,3584.0,2499.0,1085.0,3121.0,12.0,3109.0,463.0,,,1655.0,1929.0,3448.0,20.0,26.0,16.0,,,,353.0,562.0,456.0,3022.0,3386.0,2967.0,0.12918526785714285,0.15680803571428573,353.0,0.302734375
29121,MO,Macon County,4182.0,2853.0,1329.0,3636.0,13.0,3623.0,546.0,12.0,534.0,1982.0,2200.0,3993.0,59.0,16.0,,,,,425.0,542.0,408.0,3640.0,3953.0,3363.0,0.13055954088952654,0.12960306073648972,425.0,0.31779053084648495
29123,MO,Madison County,3364.0,1656.0,1708.0,2759.0,,,605.0,,,1636.0,1728.0,3274.0,14.0,17.0,,,18.0,110.0,477.0,671.0,509.0,2693.0,3187.0,2708.0,0.17984542211652793,0.19946492271105826,605.0,0.5077288941736029
29125,MO,Maries County,2025.0,1022.0,1003.0,1699.0,,,326.0,,,972.0,1053.0,1948.0,,13.0,,,,,262.0,276.0,195.0,1749.0,1889.0,1574.0,0.16098765432098766,0.1362962962962963,262.0,0.49530864197530866
29127,MO,Marion County,7078.0,4665.0,2413.0,5979.0,14.0,5965.0,1099.0,30.0,1069.0,3201.0,3877.0,6528.0,297.0,47.0,25.0,,21.0,256.0,822.0,1295.0,1051.0,5783.0,6689.0,5825.0,0.15526985024018083,0.18296128849957616,1099.0,0.3409155128567392
29119,MO,Mcdonald County,4672.0,1986.0,2686.0,3853.0,16.0,3837.0,819.0,28.0,791.0,2262.0,2410.0,4265.0,11.0,193.0,52.0,50.0,23.0,128.0,668.0,904.0,601.0,3768.0,4327.0,3711.0,0.1752996575342466,0.1934931506849315,819.0,0.5749143835616438
29129,MO,Mercer County,829.0,559.0,270.0,745.0,,,84.0,0.0,84.0,402.0,427.0,807.0,,,,,0.0,16.0,68.0,130.0,90.0,699.0,779.0,657.0,0.10132689987937274,0.15681544028950542,84.0,0.32569360675512665
29131,MO,Miller County,5801.0,2695.0,3106.0,5011.0,13.0,4998.0,790.0,11.0,779.0,2752.0,3049.0,5593.0,16.0,38.0,13.0,,12.0,157.0,621.0,924.0,638.0,4877.0,5462.0,4725.0,0.13618341665230133,0.15928288226167903,790.0,0.5354249267367696
29133,MO,Mississippi County,2876.0,1695.0,1181.0,2338.0,17.0,2321.0,538.0,11.0,527.0,1283.0,1593.0,2334.0,475.0,14.0,,0.0,,,442.0,786.0,604.0,2090.0,2723.0,2433.0,0.1870653685674548,0.2732962447844228,442.0,0.41063977746870656
29135,MO,Moniteau County,3119.0,1474.0,1645.0,2749.0,,,370.0,,,1470.0,1649.0,2983.0,15.0,48.0,,,,,303.0,358.0,251.0,2761.0,2947.0,2546.0,0.11862776530939403,0.11478037832638666,303.0,0.5274126322539275
29137,MO,Monroe County,2421.0,1581.0,840.0,2171.0,,,250.0,,,1182.0,1239.0,2316.0,45.0,,,,,,202.0,304.0,235.0,2117.0,2275.0,1965.0,0.10326311441553077,0.12556794712928543,202.0,0.3469640644361834
29139,MO,Montgomery County,3263.0,1595.0,1668.0,2813.0,,,450.0,,,1583.0,1680.0,3125.0,36.0,22.0,,,,,351.0,476.0,364.0,2787.0,3074.0,2716.0,0.13790989886607416,0.145878026356114,351.0,0.5111860251302482
29141,MO,Morgan County,6185.0,3041.0,3144.0,5368.0,,,817.0,,,3016.0,3169.0,5961.0,30.0,60.0,11.0,14.0,,,676.0,931.0,672.0,5254.0,5835.0,4927.0,0.13209377526273242,0.15052546483427648,676.0,0.5083265966046888
29143,MO,New Madrid County,3855.0,2256.0,1599.0,3012.0,18.0,2994.0,843.0,16.0,827.0,1818.0,2037.0,3191.0,569.0,23.0,,,13.0,153.0,677.0,993.0,800.0,2862.0,3636.0,3168.0,0.21867704280155642,0.25758754863813227,843.0,0.41478599221789886
29145,MO,Newton County,12514.0,6726.0,5788.0,10907.0,35.0,10872.0,1607.0,33.0,1574.0,5830.0,6684.0,11775.0,82.0,184.0,99.0,145.0,16.0,324.0,1267.0,1746.0,1201.0,10768.0,11658.0,10035.0,0.1284161738852485,0.1395237334185712,1607.0,0.46252197538756595
29147,MO,Nodaway County,4377.0,3507.0,870.0,3919.0,14.0,3905.0,458.0,,,2044.0,2333.0,4182.0,12.0,29.0,16.0,,,,340.0,552.0,414.0,3825.0,4150.0,3618.0,0.10463787982636509,0.12611377655928718,340.0,0.1987662782727896
29149,MO,Oregon County,2650.0,1322.0,1328.0,2168.0,,,482.0,,,1284.0,1366.0,2552.0,,24.0,,,,,390.0,738.0,561.0,1912.0,2529.0,2144.0,0.18188679245283018,0.27849056603773586,390.0,0.5011320754716981
29151,MO,Osage County,2993.0,1416.0,1577.0,2690.0,,,303.0,,,1438.0,1555.0,2897.0,,15.0,,,,,233.0,244.0,180.0,2749.0,2821.0,2537.0,0.10123621784163048,0.08152355496157701,233.0,0.526896090878717
29153,MO,Ozark County,3046.0,1346.0,1700.0,2636.0,,,410.0,,,1555.0,1491.0,2944.0,,40.0,,,,,341.0,482.0,332.0,2564.0,2893.0,2444.0,0.1346027577150361,0.1582403151674327,341.0,0.5581089954038083
29155,MO,Pemiscot County,3515.0,1742.0,1773.0,2661.0,15.0,2646.0,854.0,22.0,832.0,1638.0,1877.0,2584.0,850.0,23.0,,,13.0,175.0,666.0,1194.0,1002.0,2321.0,3318.0,2969.0,0.2429587482219061,0.33968705547652916,854.0,0.5044096728307255
29157,MO,Perry County,4688.0,3192.0,1496.0,4063.0,11.0,4052.0,625.0,,,2192.0,2496.0,4551.0,23.0,27.0,,,,,486.0,589.0,473.0,4099.0,4434.0,3859.0,0.13331911262798635,0.12563993174061433,486.0,0.3191126279863481
29159,MO,Pettis County,9278.0,5022.0,4256.0,7898.0,39.0,7859.0,1380.0,23.0,1357.0,4313.0,4965.0,8469.0,271.0,236.0,49.0,,20.0,269.0,1091.0,1704.0,1251.0,7574.0,8638.0,7358.0,0.1487389523604225,0.18366027161026083,1380.0,0.45871955162750594
29161,MO,Phelps County,9849.0,5110.0,4739.0,8372.0,26.0,8346.0,1477.0,30.0,1447.0,4540.0,5309.0,9288.0,98.0,113.0,83.0,,27.0,286.0,1164.0,1653.0,1209.0,8196.0,9150.0,7529.0,0.1499644633972992,0.1678342978982638,1477.0,0.48116560056858565
29163,MO,Pike County,4201.0,2495.0,1706.0,3576.0,19.0,3557.0,625.0,,,1940.0,2261.0,3915.0,158.0,28.0,,,,,488.0,677.0,512.0,3524.0,3972.0,3531.0,0.1487741014044275,0.16115210664127588,488.0,0.40609378719352535
29165,MO,Platte County,20489.0,11587.0,8902.0,18902.0,61.0,18841.0,1587.0,42.0,1545.0,9267.0,11222.0,18100.0,807.0,529.0,364.0,23.0,27.0,332.0,1228.0,1247.0,949.0,19242.0,18707.0,16337.0,0.07745619600761385,0.060861925911464686,1587.0,0.43447703645858754
29167,MO,Polk County,7842.0,2860.0,4982.0,6772.0,15.0,6757.0,1070.0,13.0,1057.0,3680.0,4162.0,7548.0,27.0,93.0,22.0,,,,886.0,1322.0,939.0,6520.0,7427.0,6612.0,0.13644478449375158,0.16857944401938282,886.0,0.6352971180821219
29169,MO,Pulaski County,7721.0,4451.0,3270.0,6337.0,30.0,6307.0,1384.0,26.0,1358.0,3661.0,4060.0,6574.0,458.0,218.0,202.0,15.0,26.0,274.0,1084.0,1232.0,894.0,6489.0,7241.0,4402.0,0.179251392306696,0.15956482320942883,1384.0,0.4235202693951561
29171,MO,Putnam County,1298.0,946.0,352.0,1143.0,,,155.0,,,626.0,672.0,1275.0,0.0,,0.0,0.0,,,122.0,195.0,138.0,1103.0,1232.0,1080.0,0.11941448382126348,0.150231124807396,122.0,0.2711864406779661
29173,MO,Ralls County,2675.0,1810.0,865.0,2374.0,,,301.0,,,1350.0,1325.0,2571.0,41.0,,,,,,252.0,250.0,205.0,2425.0,2511.0,2143.0,0.11252336448598131,0.09345794392523364,252.0,0.3233644859813084
29175,MO,Randolph County,5658.0,3346.0,2312.0,4688.0,28.0,4660.0,970.0,24.0,946.0,2577.0,3081.0,5260.0,227.0,40.0,18.0,,22.0,182.0,766.0,1033.0,775.0,4625.0,5291.0,4588.0,0.17143867090844822,0.18257334747260517,970.0,0.40862495581477554
29177,MO,Ray County,5192.0,2549.0,2643.0,4570.0,22.0,4548.0,622.0,17.0,605.0,2429.0,2763.0,4977.0,62.0,38.0,15.0,,11.0,110.0,501.0,581.0,414.0,4611.0,4868.0,4302.0,0.11979969183359014,0.11190292758089368,622.0,0.5090523882896765
29179,MO,Reynolds County,1651.0,856.0,795.0,1333.0,0.0,1333.0,318.0,,,799.0,852.0,1601.0,,,,,0.0,51.0,267.0,354.0,287.0,1297.0,1538.0,1310.0,0.19261053906723197,0.21441550575408844,318.0,0.48152634766807995
29181,MO,Ripley County,3441.0,2099.0,1342.0,2741.0,12.0,2729.0,700.0,12.0,688.0,1675.0,1766.0,3340.0,12.0,19.0,,,14.0,108.0,578.0,915.0,741.0,2526.0,3200.0,2615.0,0.2034292356873002,0.26591107236268524,700.0,0.3900029061319384
29195,MO,Saline County,5039.0,2813.0,2226.0,4260.0,11.0,4249.0,779.0,16.0,763.0,2332.0,2707.0,4521.0,207.0,188.0,19.0,,11.0,144.0,624.0,860.0,668.0,4179.0,4716.0,4165.0,0.15459416550902957,0.17066878348878745,779.0,0.4417543163326057
29197,MO,Schuyler County,1025.0,715.0,310.0,893.0,,,132.0,,,508.0,517.0,993.0,0.0,,0.0,,,,93.0,153.0,103.0,872.0,967.0,821.0,0.12878048780487805,0.14926829268292682,93.0,0.3024390243902439
29199,MO,Scotland County,983.0,784.0,199.0,871.0,,,112.0,,,462.0,521.0,959.0,,,,0.0,,,85.0,132.0,97.0,851.0,937.0,782.0,0.11393692777212615,0.1342828077314344,85.0,0.20244150559511698
29201,MO,Scott County,9619.0,5684.0,3935.0,7943.0,50.0,7893.0,1676.0,43.0,1633.0,4432.0,5187.0,8415.0,933.0,71.0,23.0,,26.0,329.0,1321.0,2144.0,1685.0,7475.0,9068.0,7906.0,0.17423848632914024,0.2228921925356066,1676.0,0.4090861835949683
29203,MO,Shannon County,2038.0,863.0,1175.0,1643.0,,,395.0,,,996.0,1042.0,1984.0,,14.0,,,,,314.0,542.0,414.0,1496.0,1912.0,1640.0,0.19381746810598627,0.26594700686947986,314.0,0.5765456329735035
29205,MO,Shelby County,1704.0,1247.0,457.0,1528.0,,,176.0,,,846.0,858.0,1654.0,,,,0.0,,,138.0,226.0,167.0,1478.0,1611.0,1380.0,0.10328638497652583,0.13262910798122066,138.0,0.2681924882629108
29183,MO,St. Charles County,86171.0,34453.0,51718.0,79199.0,227.0,78972.0,6972.0,193.0,6779.0,38464.0,47707.0,77763.0,3704.0,1078.0,1088.0,40.0,161.0,1642.0,5169.0,5597.0,4386.0,80574.0,79948.0,73435.0,0.08090889046198838,0.0649522461152824,6972.0,0.6001787144166831
29185,MO,St. Clair County,2755.0,1299.0,1456.0,2347.0,,,408.0,,,1373.0,1382.0,2669.0,12.0,22.0,,,,,351.0,455.0,327.0,2300.0,2601.0,2226.0,0.14809437386569874,0.16515426497277677,351.0,0.5284936479128857
29187,MO,St. Francois County,16454.0,7177.0,9277.0,13158.0,47.0,13111.0,3296.0,38.0,3258.0,7817.0,8637.0,15798.0,181.0,115.0,39.0,18.0,47.0,636.0,2613.0,3471.0,2652.0,12983.0,15564.0,13914.0,0.2003160325756655,0.2109517442567157,3296.0,0.5638142700863013
29510,MO,St. Louis City,48385.0,17306.0,31079.0,39947.0,391.0,39556.0,8438.0,404.0,8034.0,22230.0,26155.0,21946.0,23526.0,720.0,759.0,26.0,119.0,1924.0,6395.0,14010.0,11648.0,34375.0,43788.0,41070.0,0.17439289035858221,0.28955254727704866,8438.0,0.6423271675105922
29189,MO,St. Louis County,226773.0,98016.0,128757.0,205709.0,1215.0,204494.0,21064.0,978.0,20086.0,98403.0,128370.0,163260.0,47792.0,2679.0,4822.0,81.0,385.0,5161.0,15518.0,24293.0,19925.0,202480.0,207904.0,193549.0,0.09288583737922945,0.10712474589126572,21064.0,0.5677792329774709
29186,MO,Ste. Genevieve County,4725.0,1982.0,2743.0,4152.0,,,573.0,,,2356.0,2369.0,4573.0,24.0,23.0,,,,,460.0,512.0,407.0,4213.0,4510.0,4066.0,0.12126984126984126,0.10835978835978836,460.0,0.5805291005291006
29207,MO,Stoddard County,7690.0,4528.0,3162.0,6285.0,32.0,6253.0,1405.0,20.0,1385.0,3523.0,4167.0,7449.0,76.0,41.0,12.0,,13.0,208.0,1184.0,1726.0,1380.0,5964.0,7293.0,6253.0,0.18270481144343304,0.22444733420026008,1405.0,0.41118335500650194
29209,MO,Stone County,10991.0,4475.0,6516.0,10078.0,24.0,10054.0,913.0,13.0,900.0,5390.0,5601.0,10611.0,14.0,104.0,23.0,19.0,12.0,151.0,750.0,987.0,653.0,10004.0,10440.0,9187.0,0.08306796469838959,0.08980074606496224,913.0,0.592848694386316
29211,MO,Sullivan County,1561.0,1083.0,478.0,1316.0,,,245.0,,,787.0,774.0,1450.0,,72.0,,,,,196.0,265.0,198.0,1296.0,1449.0,1233.0,0.15695067264573992,0.1697629724535554,196.0,0.3062139654067905
29213,MO,Taney County,16188.0,6378.0,9810.0,14283.0,39.0,14244.0,1905.0,40.0,1865.0,7558.0,8630.0,15297.0,96.0,301.0,97.0,46.0,35.0,349.0,1521.0,2266.0,1555.0,13922.0,15275.0,13282.0,0.11767976278724981,0.13998023227081788,1905.0,0.6060044477390659
29215,MO,Texas County,6691.0,3646.0,3045.0,5690.0,18.0,5672.0,1001.0,11.0,990.0,3209.0,3482.0,6446.0,24.0,68.0,20.0,,14.0,178.0,809.0,1278.0,887.0,5413.0,6315.0,4994.0,0.14960394559856524,0.19100283963533105,1001.0,0.4550889254222089
29217,MO,Vernon County,4712.0,2362.0,2350.0,3938.0,,,774.0,,,2234.0,2478.0,4507.0,12.0,65.0,13.0,12.0,11.0,164.0,599.0,874.0,670.0,3838.0,4448.0,3893.0,0.16426146010186757,0.18548387096774194,774.0,0.49872665534804755
29219,MO,Warren County,8948.0,2893.0,6055.0,7819.0,15.0,7804.0,1129.0,17.0,1112.0,4227.0,4721.0,8376.0,175.0,116.0,19.0,,21.0,231.0,877.0,880.0,644.0,8068.0,8408.0,7662.0,0.1261734465802414,0.09834599910594546,1129.0,0.6766875279392043
29221,MO,Washington County,5639.0,1991.0,3648.0,4362.0,17.0,4345.0,1277.0,23.0,1254.0,2791.0,2848.0,5475.0,36.0,25.0,13.0,,,,1060.0,1251.0,963.0,4388.0,5373.0,4805.0,0.22645859194892712,0.22184784536265295,1060.0,0.6469232133356978
29223,MO,Wayne County,3563.0,1706.0,1857.0,2813.0,,,750.0,,,1761.0,1802.0,3474.0,11.0,17.0,,,,,636.0,912.0,710.0,2651.0,3359.0,2872.0,0.21049677238282347,0.25596407521751335,636.0,0.5211900084198708
29225,MO,Webster County,8927.0,2977.0,5950.0,7688.0,15.0,7673.0,1239.0,22.0,1217.0,4231.0,4696.0,8573.0,30.0,89.0,21.0,25.0,20.0,224.0,995.0,1323.0,904.0,7604.0,8428.0,7533.0,0.13879242746723422,0.14820208356670775,1239.0,0.6665173070460401
29227,MO,Worth County,567.0,415.0,152.0,508.0,,,59.0,0.0,59.0,272.0,295.0,550.0,0.0,,,0.0,,,50.0,70.0,47.0,497.0,542.0,444.0,0.10405643738977072,0.12345679012345678,50.0,0.26807760141093473
29229,MO,Wright County,5367.0,1931.0,3436.0,4502.0,,,865.0,11.0,854.0,2571.0,2796.0,5175.0,13.0,51.0,14.0,,14.0,173.0,678.0,1083.0,762.0,4284.0,5048.0,4429.0,0.1611701136575368,0.20178870877585242,865.0,0.6402086826905161
29999,MO,Unknown,,,,,,,,,,,,,,,,,,,,,,,,,,,0.0,
30001,MT,Beaverhead County,2694.0,2031.0,663.0,2509.0,,,185.0,,,1362.0,1332.0,2535.0,0.0,35.0,,12.0,,,148.0,202.0,121.0,2492.0,2519.0,2104.0,0.06867112100965107,0.07498144023756496,148.0,0.24610244988864144
30003,MT,Big Horn County,2074.0,1432.0,642.0,1838.0,15.0,1823.0,236.0,22.0,214.0,958.0,1116.0,1008.0,,53.0,29.0,759.0,,,182.0,309.0,205.0,1765.0,1769.0,1268.0,0.11378977820636452,0.14898746383799422,182.0,0.3095467695274831
30005,MT,Blaine County,1252.0,1225.0,27.0,1148.0,,,104.0,,,601.0,651.0,805.0,,,,313.0,,,73.0,156.0,117.0,1096.0,1090.0,786.0,0.08306709265175719,0.12460063897763578,73.0,0.02156549520766773
30007,MT,Broadwater County,1907.0,1313.0,594.0,1782.0,,,125.0,0.0,125.0,1008.0,899.0,1818.0,,22.0,,,,,99.0,113.0,62.0,1794.0,1775.0,1396.0,0.06554798112218144,0.05925537493445202,99.0,0.3114840062926062
30009,MT,Carbon County,3549.0,2403.0,1146.0,3367.0,,,182.0,,,1792.0,1757.0,3350.0,,36.0,,20.0,,,144.0,188.0,101.0,3361.0,3319.0,2792.0,0.05128205128205128,0.052972668357283745,144.0,0.3229078613693998
30011,MT,Carter County,357.0,326.0,31.0,345.0,0.0,345.0,12.0,0.0,12.0,176.0,181.0,351.0,0.0,0.0,0.0,,0.0,,,18.0,,339.0,335.0,269.0,0.03361344537815126,0.05042016806722689,0.0,0.08683473389355742
30013,MT,Cascade County,19513.0,12354.0,7159.0,17513.0,57.0,17456.0,2000.0,39.0,1961.0,9170.0,10343.0,17888.0,109.0,287.0,130.0,462.0,30.0,488.0,1482.0,2216.0,1432.0,17297.0,18260.0,14047.0,0.10249577204940297,0.11356531543073849,2000.0,0.3668836160508379
30015,MT,Chouteau County,1495.0,1112.0,383.0,1387.0,,,108.0,,,742.0,753.0,1351.0,,15.0,,49.0,,,84.0,138.0,89.0,1357.0,1396.0,1150.0,0.07224080267558529,0.09230769230769231,84.0,0.2561872909698997
30017,MT,Custer County,2912.0,2498.0,414.0,2603.0,11.0,2592.0,309.0,,,1386.0,1526.0,2742.0,,41.0,11.0,28.0,,,234.0,389.0,242.0,2523.0,2667.0,2198.0,0.10611263736263736,0.13358516483516483,234.0,0.14217032967032966
30019,MT,Daniels County,473.0,450.0,23.0,452.0,0.0,452.0,21.0,0.0,21.0,236.0,237.0,446.0,,,,,0.0,,,19.0,,454.0,444.0,369.0,0.04439746300211417,0.040169133192389,0.0,0.048625792811839326
30021,MT,Dawson County,2227.0,1964.0,263.0,2058.0,,,169.0,,,1078.0,1149.0,2116.0,,27.0,,15.0,,,140.0,172.0,112.0,2055.0,2105.0,1817.0,0.0758868432869331,0.07723394701392007,140.0,0.11809609339919173
30023,MT,Deer Lodge County,3039.0,2203.0,836.0,2601.0,,,438.0,,,1590.0,1449.0,2873.0,,38.0,,30.0,,,301.0,479.0,334.0,2560.0,2830.0,2402.0,0.1441263573543929,0.15761763738071735,301.0,0.2750904902928595
30025,MT,Fallon County,647.0,611.0,36.0,609.0,,,38.0,0.0,38.0,317.0,330.0,619.0,0.0,,,,,,31.0,32.0,17.0,615.0,599.0,515.0,0.05873261205564142,0.04945904173106646,31.0,0.05564142194744977
30027,MT,Fergus County,3458.0,2290.0,1168.0,3256.0,,,202.0,,,1710.0,1748.0,3323.0,0.0,18.0,,23.0,,,157.0,269.0,182.0,3189.0,3229.0,2615.0,0.05841526894158473,0.07779063042220936,157.0,0.3377674956622325
30029,MT,Flathead County,28712.0,18922.0,9790.0,26752.0,63.0,26689.0,1960.0,42.0,1918.0,13713.0,14999.0,26989.0,50.0,414.0,168.0,168.0,38.0,435.0,1487.0,2139.0,1267.0,26573.0,26772.0,22186.0,0.06826414042908888,0.07449846753970465,1960.0,0.34097241571468373
30031,MT,Gallatin County,20043.0,14585.0,5458.0,19066.0,25.0,19041.0,977.0,21.0,956.0,9626.0,10417.0,18677.0,46.0,284.0,127.0,57.0,18.0,264.0,695.0,956.0,607.0,19087.0,18439.0,15471.0,0.04874519782467694,0.04769745048146485,977.0,0.27231452377388615
30033,MT,Garfield County,316.0,302.0,14.0,300.0,,,16.0,0.0,16.0,167.0,149.0,296.0,0.0,,0.0,,0.0,,,16.0,,300.0,299.0,233.0,0.05063291139240506,0.05063291139240506,0.0,0.04430379746835443
30035,MT,Glacier County,2272.0,1831.0,441.0,1979.0,,,293.0,23.0,270.0,1081.0,1191.0,1023.0,,17.0,,932.0,,,218.0,450.0,373.0,1822.0,1855.0,1256.0,0.1289612676056338,0.19806338028169015,218.0,0.19410211267605634
30037,MT,Golden Valley County,304.0,176.0,128.0,289.0,,,15.0,,,148.0,156.0,283.0,,,,,0.0,,,37.0,25.0,267.0,283.0,233.0,0.049342105263157895,0.12171052631578948,0.0,0.42105263157894735
30039,MT,Granite County,1011.0,730.0,281.0,935.0,,,76.0,,,528.0,483.0,978.0,,,,,0.0,13.0,63.0,63.0,38.0,948.0,931.0,731.0,0.0751730959446093,0.06231454005934718,76.0,0.27794263105835804
30041,MT,Hill County,3374.0,3124.0,250.0,3062.0,11.0,3051.0,312.0,13.0,299.0,1635.0,1739.0,2754.0,,42.0,24.0,356.0,,,231.0,457.0,317.0,2917.0,3138.0,2546.0,0.09247184350918791,0.13544754001185536,231.0,0.07409602845287493
30043,MT,Jefferson County,3901.0,2792.0,1109.0,3639.0,,,262.0,,,1975.0,1926.0,3710.0,,30.0,14.0,23.0,,,210.0,240.0,158.0,3661.0,3598.0,2882.0,0.06716226608561907,0.06152268649064342,210.0,0.2842860804921815
30045,MT,Judith Basin County,693.0,451.0,242.0,654.0,,,39.0,0.0,39.0,369.0,324.0,663.0,,,0.0,,0.0,,,51.0,39.0,642.0,647.0,520.0,0.05627705627705628,0.0735930735930736,0.0,0.3492063492063492
30047,MT,Lake County,8966.0,6305.0,2661.0,8223.0,22.0,8201.0,743.0,17.0,726.0,4255.0,4711.0,7527.0,15.0,152.0,40.0,833.0,12.0,181.0,550.0,965.0,558.0,8001.0,8329.0,6489.0,0.08286861476689716,0.10762881998661611,743.0,0.2967878652687932
30049,MT,Lewis And Clark County,18408.0,12995.0,5413.0,16822.0,25.0,16797.0,1586.0,22.0,1564.0,8786.0,9622.0,17271.0,41.0,241.0,86.0,167.0,25.0,392.0,1169.0,1519.0,990.0,16889.0,16838.0,13721.0,0.08615819209039548,0.08251847023033464,1586.0,0.29405693176879616
30051,MT,Liberty County,510.0,433.0,77.0,481.0,0.0,481.0,29.0,,,246.0,264.0,494.0,,0.0,,,0.0,,,55.0,,455.0,481.0,407.0,0.056862745098039215,0.10784313725490197,0.0,0.15098039215686274
30053,MT,Lincoln County,8299.0,4682.0,3617.0,7197.0,19.0,7178.0,1102.0,11.0,1091.0,4342.0,3957.0,7872.0,17.0,115.0,32.0,52.0,,,969.0,921.0,479.0,7378.0,7647.0,6163.0,0.13278708278105797,0.11097722617182793,969.0,0.435835642848536
30057,MT,Madison County,2863.0,2230.0,633.0,2762.0,,,101.0,0.0,101.0,1471.0,1392.0,2727.0,,26.0,12.0,,0.0,18.0,83.0,126.0,71.0,2737.0,2694.0,2174.0,0.035277680754453374,0.044009779951100246,101.0,0.22109675165909884
30055,MT,Mccone County,478.0,445.0,33.0,459.0,,,19.0,0.0,19.0,237.0,241.0,462.0,0.0,,0.0,,0.0,,,21.0,,457.0,443.0,369.0,0.0397489539748954,0.043933054393305436,0.0,0.06903765690376569
30059,MT,Meagher County,639.0,533.0,106.0,606.0,,,33.0,,,323.0,316.0,610.0,0.0,,,0.0,0.0,,,86.0,56.0,553.0,598.0,462.0,0.051643192488262914,0.13458528951486698,0.0,0.16588419405320814
30061,MT,Mineral County,1789.0,1148.0,641.0,1622.0,,,167.0,,,925.0,864.0,1680.0,0.0,36.0,,11.0,,,142.0,200.0,108.0,1589.0,1692.0,1334.0,0.09334823923979876,0.11179429849077697,142.0,0.3583007266629402
30063,MT,Missoula County,26037.0,19109.0,6928.0,23665.0,53.0,23612.0,2372.0,36.0,2336.0,12276.0,13761.0,24141.0,76.0,333.0,211.0,320.0,41.0,624.0,1707.0,2835.0,1858.0,23202.0,24255.0,20666.0,0.09110112532165764,0.10888351192533702,2372.0,0.2660828820524638
30065,MT,Musselshell County,1714.0,1101.0,613.0,1556.0,,,158.0,,,872.0,842.0,1616.0,,13.0,,,,,131.0,214.0,124.0,1500.0,1616.0,1317.0,0.09218203033838973,0.12485414235705951,131.0,0.35764294049008166
30067,MT,Park County,4807.0,3890.0,917.0,4557.0,,,250.0,,,2371.0,2436.0,4488.0,,57.0,22.0,20.0,,,204.0,363.0,216.0,4444.0,4466.0,3583.0,0.052007489078427296,0.07551487414187644,204.0,0.1907634699396713
30069,MT,Petroleum County,118.0,98.0,20.0,,,,,,,59.0,59.0,116.0,0.0,0.0,0.0,0.0,,,,13.0,,105.0,114.0,85.0,,0.11016949152542373,0.0,0.1694915254237288
30071,MT,Phillips County,1133.0,1040.0,93.0,1055.0,,,78.0,,,549.0,584.0,992.0,0.0,11.0,,86.0,,,56.0,113.0,76.0,1020.0,1052.0,820.0,0.06884377758164166,0.0997352162400706,56.0,0.0820829655781112
30073,MT,Pondera County,1552.0,1140.0,412.0,1426.0,,,126.0,,,748.0,804.0,1357.0,,18.0,,104.0,0.0,31.0,95.0,231.0,180.0,1321.0,1449.0,1200.0,0.08118556701030928,0.148840206185567,126.0,0.2654639175257732
30075,MT,Powder River County,458.0,417.0,41.0,436.0,,,22.0,,,233.0,225.0,439.0,0.0,,0.0,,0.0,,,25.0,12.0,433.0,435.0,352.0,0.048034934497816595,0.05458515283842795,0.0,0.08951965065502183
30077,MT,Powell County,1821.0,1401.0,420.0,1643.0,,,178.0,,,952.0,869.0,1721.0,,,,12.0,0.0,37.0,141.0,177.0,107.0,1644.0,1650.0,1291.0,0.09774848984074684,0.09719934102141681,178.0,0.23064250411861614
30079,MT,Prairie County,435.0,398.0,37.0,408.0,,,27.0,,,219.0,216.0,412.0,0.0,,0.0,,0.0,,,29.0,18.0,406.0,405.0,313.0,0.06206896551724138,0.06666666666666667,0.0,0.08505747126436781
30081,MT,Ravalli County,15489.0,10484.0,5005.0,14401.0,21.0,14380.0,1088.0,12.0,1076.0,7449.0,8040.0,14610.0,31.0,243.0,70.0,66.0,15.0,217.0,856.0,1167.0,650.0,14322.0,14534.0,11693.0,0.07024339854089999,0.07534379236877785,1088.0,0.32313254567757765
30083,MT,Richland County,2309.0,2089.0,220.0,2122.0,,,187.0,,,1151.0,1158.0,2150.0,,46.0,,30.0,,,146.0,197.0,130.0,2112.0,2121.0,1879.0,0.08098744045041144,0.08531831961888263,146.0,0.09527934170636639
30085,MT,Roosevelt County,1777.0,1664.0,113.0,1607.0,11.0,1596.0,170.0,11.0,159.0,871.0,906.0,1034.0,,33.0,21.0,528.0,,,137.0,246.0,180.0,1531.0,1646.0,1305.0,0.09566685424873382,0.13843556555993247,137.0,0.06359032076533483
30087,MT,Rosebud County,1929.0,1480.0,449.0,1774.0,,,155.0,,,920.0,1009.0,1456.0,,25.0,,330.0,,,129.0,164.0,107.0,1765.0,1733.0,1285.0,0.08035251425609125,0.08501814411612234,129.0,0.232763089683774
30089,MT,Sanders County,5022.0,3262.0,1760.0,4591.0,,,431.0,,,2623.0,2399.0,4705.0,,75.0,12.0,95.0,,,349.0,472.0,264.0,4550.0,4670.0,3638.0,0.08582238152130625,0.09398645957785742,349.0,0.350457984866587
30091,MT,Sheridan County,997.0,889.0,108.0,948.0,,,49.0,0.0,49.0,491.0,506.0,949.0,,,,16.0,,,39.0,54.0,36.0,943.0,949.0,797.0,0.04914744232698094,0.05416248746238716,39.0,0.10832497492477432
30093,MT,Silver Bow County,8750.0,6161.0,2589.0,7830.0,17.0,7813.0,920.0,20.0,900.0,4199.0,4551.0,8198.0,18.0,222.0,38.0,72.0,,,718.0,1129.0,709.0,7621.0,8150.0,6921.0,0.10514285714285715,0.12902857142857144,718.0,0.2958857142857143
30095,MT,Stillwater County,2853.0,1843.0,1010.0,2651.0,,,202.0,,,1469.0,1384.0,2688.0,,16.0,12.0,11.0,,,158.0,139.0,86.0,2714.0,2664.0,2253.0,0.07080266386260077,0.048720644935155974,158.0,0.35401331931300384
30097,MT,Sweet Grass County,1119.0,798.0,321.0,1060.0,,,59.0,,,546.0,573.0,1058.0,0.0,14.0,,0.0,0.0,13.0,46.0,69.0,27.0,1050.0,1065.0,892.0,0.05272564789991063,0.06166219839142091,59.0,0.2868632707774799
30099,MT,Teton County,1740.0,1106.0,634.0,1614.0,,,126.0,0.0,126.0,835.0,905.0,1644.0,,16.0,0.0,24.0,,,100.0,183.0,136.0,1557.0,1643.0,1355.0,0.07241379310344828,0.10517241379310345,100.0,0.364367816091954
30101,MT,Toole County,1070.0,894.0,176.0,970.0,0.0,970.0,100.0,,,527.0,543.0,991.0,,,,18.0,,,73.0,163.0,113.0,907.0,952.0,768.0,0.09345794392523364,0.15233644859813084,73.0,0.16448598130841122
30103,MT,Treasure County,244.0,151.0,93.0,,,,,,,120.0,124.0,229.0,,,,0.0,,,,16.0,,228.0,229.0,206.0,,0.06557377049180328,0.0,0.38114754098360654
30105,MT,Valley County,1935.0,1792.0,143.0,1779.0,0.0,1779.0,156.0,,,954.0,981.0,1772.0,,20.0,,71.0,,,126.0,236.0,144.0,1699.0,1816.0,1476.0,0.08062015503875969,0.12196382428940568,126.0,0.07390180878552971
30107,MT,Wheatland County,645.0,418.0,227.0,604.0,,,41.0,0.0,41.0,319.0,326.0,621.0,0.0,,,,,,36.0,92.0,60.0,553.0,608.0,478.0,0.06356589147286822,0.14263565891472868,36.0,0.351937984496124
30109,MT,Wibaux County,240.0,212.0,28.0,228.0,0.0,228.0,12.0,0.0,12.0,116.0,124.0,229.0,0.0,,,0.0,0.0,,,18.0,,222.0,231.0,200.0,0.05,0.075,0.0,0.11666666666666667
30111,MT,Yellowstone County,37306.0,23463.0,13843.0,33922.0,100.0,33822.0,3384.0,85.0,3299.0,17031.0,20275.0,34086.0,152.0,922.0,189.0,656.0,55.0,857.0,2472.0,3473.0,2132.0,33833.0,34352.0,29507.0,0.09070926928644187,0.09309494451294698,3384.0,0.3710663164102289
30999,MT,Unknown,,,,,,,,,,,,,,,,,,,,,,,,,,,0.0,
31001,NE,Adams County,7209.0,4830.0,2379.0,6362.0,22.0,6340.0,847.0,14.0,833.0,3267.0,3942.0,6693.0,39.0,212.0,59.0,12.0,16.0,219.0,612.0,1013.0,882.0,6196.0,6762.0,5986.0,0.11749202385906506,0.14051879594950756,847.0,0.33000416146483563
31003,NE,Antelope County,1635.0,1245.0,390.0,1541.0,,,94.0,,,766.0,869.0,1594.0,,,,0.0,,,65.0,126.0,103.0,1509.0,1555.0,1404.0,0.05749235474006116,0.07706422018348624,65.0,0.23853211009174313
31005,NE,Arthur County,96.0,,,,,,,,,44.0,52.0,92.0,0.0,0.0,,0.0,,,,,,,95.0,81.0,,,0.0,
31007,NE,Banner County,119.0,90.0,29.0,,,,,,,64.0,55.0,109.0,0.0,,,0.0,,,,,,,107.0,89.0,,,0.0,0.24369747899159663
31009,NE,Blaine County,128.0,111.0,17.0,,,,,,,67.0,61.0,125.0,0.0,,0.0,0.0,,,,,,,122.0,95.0,,,0.0,0.1328125
31011,NE,Boone County,1463.0,946.0,517.0,1385.0,,,78.0,,,722.0,741.0,1425.0,0.0,,,,,,66.0,91.0,79.0,1372.0,1383.0,1264.0,0.05331510594668489,0.06220095693779904,66.0,0.3533834586466165
31013,NE,Box Butte County,2750.0,2457.0,293.0,2502.0,13.0,2489.0,248.0,,,1300.0,1450.0,2403.0,,144.0,14.0,31.0,,,199.0,305.0,254.0,2445.0,2620.0,2210.0,0.09018181818181818,0.11090909090909092,199.0,0.10654545454545454
31015,NE,Boyd County,656.0,554.0,102.0,623.0,,,33.0,,,310.0,346.0,636.0,,0.0,,,0.0,,,51.0,,605.0,613.0,511.0,0.05030487804878049,0.07774390243902439,0.0,0.15548780487804878
31017,NE,Brown County,857.0,787.0,70.0,800.0,,,57.0,,,406.0,451.0,829.0,0.0,,,,,,40.0,82.0,69.0,775.0,819.0,649.0,0.06651108518086347,0.09568261376896149,40.0,0.08168028004667445
31019,NE,Buffalo County,9742.0,6540.0,3202.0,8959.0,36.0,8923.0,783.0,24.0,759.0,4448.0,5294.0,9087.0,27.0,286.0,44.0,11.0,16.0,222.0,545.0,926.0,792.0,8816.0,9119.0,8147.0,0.08037363990966948,0.09505235064668446,783.0,0.328679942516937
31021,NE,Burt County,2007.0,1379.0,628.0,1835.0,,,172.0,,,994.0,1013.0,1902.0,,13.0,,19.0,,,143.0,212.0,182.0,1795.0,1878.0,1688.0,0.08570004982561036,0.10563029397110114,143.0,0.3129048330842053
31023,NE,Butler County,1998.0,1493.0,505.0,1861.0,,,137.0,,,938.0,1060.0,1928.0,,20.0,0.0,0.0,0.0,39.0,98.0,158.0,129.0,1840.0,1838.0,1642.0,0.06856856856856856,0.07907907907907907,137.0,0.2527527527527528
31025,NE,Cass County,6149.0,3989.0,2160.0,5685.0,12.0,5673.0,464.0,,,2964.0,3185.0,5768.0,22.0,75.0,25.0,15.0,,,334.0,397.0,338.0,5752.0,5674.0,4585.0,0.0754594242966336,0.06456334363311107,334.0,0.3512766303463978
31027,NE,Cedar County,2168.0,1447.0,721.0,2065.0,,,103.0,,,1051.0,1117.0,2092.0,,,,,,,77.0,133.0,115.0,2035.0,2027.0,1878.0,0.047509225092250924,0.06134686346863469,77.0,0.3325645756457565
31029,NE,Chase County,948.0,886.0,62.0,908.0,,,40.0,,,432.0,516.0,904.0,0.0,20.0,,,0.0,,,66.0,55.0,882.0,902.0,797.0,0.04219409282700422,0.06962025316455696,0.0,0.06540084388185655
31031,NE,Cherry County,1396.0,1359.0,37.0,1320.0,,,76.0,,,684.0,712.0,1312.0,0.0,,,41.0,,,53.0,126.0,108.0,1270.0,1294.0,1042.0,0.054441260744985676,0.09025787965616046,53.0,0.02650429799426934
31033,NE,Cheyenne County,2515.0,2063.0,452.0,2261.0,,,254.0,,,1217.0,1298.0,2293.0,,89.0,,,,,198.0,299.0,254.0,2216.0,2349.0,2011.0,0.10099403578528827,0.11888667992047713,198.0,0.1797216699801193
31035,NE,Clay County,1656.0,1263.0,393.0,1517.0,,,139.0,,,810.0,846.0,1592.0,,28.0,,,,,109.0,142.0,120.0,1514.0,1533.0,1368.0,0.08393719806763285,0.08574879227053141,109.0,0.23731884057971014
31037,NE,Colfax County,1858.0,1422.0,436.0,1744.0,,,114.0,,,928.0,930.0,1531.0,,252.0,,,,,85.0,145.0,124.0,1713.0,1682.0,1484.0,0.061356297093649086,0.07804090419806244,85.0,0.23466092572658773
31039,NE,Cuming County,2167.0,1716.0,451.0,2032.0,,,135.0,,,1035.0,1132.0,2057.0,,39.0,,,,,99.0,180.0,165.0,1987.0,2017.0,1830.0,0.06229810798338717,0.08306414397784956,99.0,0.20812182741116753
31041,NE,Custer County,2792.0,2177.0,615.0,2597.0,,,195.0,,,1300.0,1492.0,2673.0,,26.0,,,,,152.0,260.0,229.0,2532.0,2645.0,2338.0,0.06984240687679083,0.09312320916905444,152.0,0.22027220630372493
31043,NE,Dakota County,3609.0,1981.0,1628.0,3261.0,13.0,3248.0,348.0,19.0,329.0,1706.0,1903.0,2737.0,44.0,608.0,71.0,44.0,,,261.0,495.0,414.0,3114.0,3186.0,2835.0,0.09642560266001662,0.1371571072319202,261.0,0.4510944860072042
31045,NE,Dawes County,1871.0,1569.0,302.0,1726.0,,,145.0,,,876.0,995.0,1711.0,,39.0,,39.0,,,110.0,214.0,184.0,1657.0,1719.0,1367.0,0.0774986638161411,0.11437733832175308,110.0,0.16141101015499731
31047,NE,Dawson County,4624.0,3662.0,962.0,4223.0,18.0,4205.0,401.0,14.0,387.0,2240.0,2384.0,3709.0,33.0,742.0,19.0,,,,316.0,561.0,451.0,4063.0,4186.0,3647.0,0.08672145328719723,0.1213235294117647,316.0,0.20804498269896193
31049,NE,Deuel County,582.0,515.0,67.0,534.0,,,48.0,,,291.0,291.0,549.0,,,,,0.0,,,47.0,36.0,535.0,545.0,444.0,0.08247422680412371,0.08075601374570447,0.0,0.11512027491408934
31051,NE,Dixon County,1371.0,868.0,503.0,1304.0,,,67.0,,,680.0,691.0,1277.0,,56.0,,,0.0,18.0,49.0,84.0,65.0,1287.0,1256.0,1120.0,0.04886943836615609,0.061269146608315096,67.0,0.36688548504741064
31053,NE,Dodge County,8567.0,5431.0,3136.0,7691.0,22.0,7669.0,876.0,20.0,856.0,3866.0,4701.0,7954.0,19.0,203.0,26.0,19.0,,,667.0,929.0,760.0,7638.0,8017.0,7039.0,0.1022528306291584,0.10843936033617368,667.0,0.36605579549433875
31055,NE,Douglas County,101167.0,55783.0,45384.0,89668.0,349.0,89319.0,11499.0,377.0,11122.0,45596.0,55571.0,80361.0,10251.0,4522.0,1351.0,278.0,221.0,3226.0,8052.0,13712.0,12005.0,87455.0,91666.0,81948.0,0.11366354641335613,0.13553826840768235,11499.0,0.4486047821918214
31057,NE,Dundy County,503.0,439.0,64.0,475.0,0.0,475.0,28.0,0.0,28.0,246.0,257.0,484.0,,,,0.0,0.0,,,50.0,,453.0,482.0,403.0,0.055666003976143144,0.09940357852882704,0.0,0.1272365805168986
31059,NE,Fillmore County,1542.0,1152.0,390.0,1432.0,,,110.0,0.0,110.0,729.0,813.0,1481.0,,11.0,0.0,,0.0,17.0,93.0,124.0,105.0,1418.0,1466.0,1310.0,0.07133592736705577,0.08041504539559015,110.0,0.2529182879377432
31061,NE,Franklin County,823.0,595.0,228.0,756.0,,,67.0,0.0,67.0,399.0,424.0,788.0,0.0,14.0,0.0,0.0,,,52.0,75.0,63.0,748.0,777.0,658.0,0.08140947752126367,0.0911300121506683,52.0,0.2770352369380316
31063,NE,Frontier County,638.0,515.0,123.0,581.0,,,57.0,,,320.0,318.0,604.0,0.0,,,0.0,,,46.0,53.0,37.0,585.0,599.0,528.0,0.08934169278996865,0.08307210031347963,46.0,0.19278996865203762
31065,NE,Furnas County,1432.0,1153.0,279.0,1326.0,,,106.0,,,689.0,743.0,1367.0,,20.0,,,0.0,12.0,94.0,141.0,119.0,1291.0,1352.0,1145.0,0.07402234636871509,0.09846368715083799,106.0,0.19483240223463688
31067,NE,Gage County,5734.0,3751.0,1983.0,5058.0,16.0,5042.0,676.0,15.0,661.0,2664.0,3070.0,5473.0,26.0,52.0,13.0,,12.0,145.0,519.0,758.0,638.0,4976.0,5358.0,4719.0,0.11789326822462505,0.13219393093826298,676.0,0.3458318800139519
31069,NE,Garden County,649.0,560.0,89.0,605.0,,,44.0,,,320.0,329.0,615.0,,15.0,,,,,39.0,62.0,51.0,587.0,624.0,529.0,0.06779661016949153,0.09553158705701079,39.0,0.13713405238828968
31071,NE,Garfield County,519.0,391.0,128.0,498.0,,,21.0,,,242.0,277.0,503.0,0.0,,,0.0,0.0,,,39.0,,480.0,490.0,420.0,0.04046242774566474,0.07514450867052024,0.0,0.2466281310211946
31073,NE,Gosper County,595.0,484.0,111.0,559.0,0.0,559.0,36.0,,,300.0,295.0,559.0,,,,0.0,0.0,,,35.0,,560.0,555.0,484.0,0.06050420168067227,0.058823529411764705,0.0,0.1865546218487395
31075,NE,Grant County,176.0,,,,,,,,,92.0,84.0,167.0,0.0,0.0,,,,,,,,,163.0,126.0,,,0.0,
31077,NE,Greeley County,636.0,479.0,157.0,597.0,0.0,597.0,39.0,0.0,39.0,321.0,315.0,617.0,,,0.0,,,,30.0,48.0,,588.0,586.0,507.0,0.06132075471698113,0.07547169811320754,30.0,0.2468553459119497
31079,NE,Hall County,11627.0,7137.0,4490.0,10464.0,31.0,10433.0,1163.0,48.0,1115.0,5367.0,6260.0,10053.0,72.0,1109.0,101.0,23.0,26.0,269.0,868.0,1547.0,1302.0,10080.0,10633.0,9308.0,0.10002580201255698,0.13305237808549067,1163.0,0.38617012126945904
31081,NE,Hamilton County,2284.0,1617.0,667.0,2125.0,,,159.0,,,1083.0,1201.0,2192.0,,22.0,,,,,120.0,171.0,142.0,2113.0,2136.0,1850.0,0.06961471103327496,0.07486865148861646,120.0,0.29203152364273205
31083,NE,Harlan County,924.0,722.0,202.0,861.0,0.0,861.0,63.0,,,450.0,474.0,883.0,0.0,11.0,,,,,55.0,74.0,61.0,850.0,877.0,758.0,0.06818181818181818,0.08008658008658008,55.0,0.21861471861471862
31085,NE,Hayes County,193.0,181.0,12.0,,,,,,,99.0,94.0,180.0,0.0,,0.0,0.0,,,,15.0,,178.0,180.0,163.0,,0.07772020725388601,0.0,0.06217616580310881
31087,NE,Hitchcock County,814.0,683.0,131.0,734.0,,,80.0,0.0,80.0,417.0,397.0,784.0,0.0,16.0,,,0.0,15.0,65.0,79.0,,735.0,777.0,656.0,0.09828009828009827,0.09705159705159705,80.0,0.16093366093366093
31089,NE,Holt County,2747.0,2240.0,507.0,2534.0,,,213.0,,,1326.0,1421.0,2670.0,,17.0,,,,,167.0,292.0,252.0,2455.0,2605.0,2325.0,0.07753913360029123,0.10629777939570441,167.0,0.184564979978158
31091,NE,Hooker County,239.0,226.0,13.0,228.0,,,11.0,0.0,11.0,109.0,130.0,232.0,0.0,0.0,0.0,0.0,,,,,,,233.0,195.0,0.04602510460251046,,0.0,0.05439330543933055
31093,NE,Howard County,1642.0,1157.0,485.0,1539.0,,,103.0,,,768.0,874.0,1585.0,,,,,,,82.0,144.0,119.0,1498.0,1503.0,1280.0,0.06272838002436054,0.0876979293544458,82.0,0.2953714981729598
31095,NE,Jefferson County,2016.0,1387.0,629.0,1801.0,,,215.0,,,955.0,1061.0,1934.0,,31.0,,,,,165.0,256.0,219.0,1760.0,1867.0,1692.0,0.10664682539682539,0.12698412698412698,165.0,0.31200396825396826
31097,NE,Johnson County,1054.0,799.0,255.0,974.0,,,80.0,,,495.0,559.0,988.0,,34.0,,,0.0,15.0,65.0,80.0,66.0,974.0,974.0,876.0,0.07590132827324478,0.07590132827324478,80.0,0.24193548387096775
31099,NE,Kearney County,1535.0,1070.0,465.0,1437.0,,,98.0,0.0,98.0,708.0,827.0,1457.0,,30.0,,0.0,,,73.0,127.0,107.0,1408.0,1469.0,1312.0,0.06384364820846905,0.08273615635179153,73.0,0.30293159609120524
31101,NE,Keith County,2367.0,1964.0,403.0,2191.0,,,176.0,,,1151.0,1216.0,2198.0,,93.0,11.0,,,,138.0,220.0,176.0,2147.0,2238.0,1944.0,0.07435572454583861,0.09294465568229827,138.0,0.17025771018166455
31103,NE,Keya Paha County,231.0,211.0,20.0,,,,,,,124.0,107.0,227.0,0.0,0.0,0.0,,,,,12.0,,219.0,221.0,183.0,,0.05194805194805195,0.0,0.08658008658008658
31105,NE,Kimball County,1086.0,855.0,231.0,983.0,,,103.0,,,545.0,541.0,992.0,0.0,42.0,,,,,88.0,106.0,88.0,980.0,1004.0,804.0,0.09484346224677716,0.09760589318600368,88.0,0.212707182320442
31107,NE,Knox County,2438.0,1610.0,828.0,2296.0,,,142.0,,,1165.0,1273.0,2278.0,,,,81.0,,,109.0,202.0,167.0,2236.0,2287.0,2038.0,0.05824446267432322,0.08285479901558655,109.0,0.33962264150943394
31109,NE,Lancaster County,59663.0,39002.0,20661.0,53997.0,157.0,53840.0,5666.0,136.0,5530.0,27013.0,32650.0,52792.0,1442.0,1589.0,1344.0,181.0,141.0,1612.0,3913.0,6858.0,5924.0,52805.0,54423.0,48290.0,0.09496672979903793,0.11494561118281012,5666.0,0.34629502371654125
31111,NE,Lincoln County,8315.0,7367.0,948.0,7383.0,23.0,7360.0,932.0,16.0,916.0,3910.0,4405.0,7529.0,42.0,401.0,45.0,15.0,12.0,197.0,723.0,1023.0,889.0,7292.0,7873.0,6742.0,0.11208659049909801,0.12303066746843054,932.0,0.11401082381238725
31113,NE,Logan County,196.0,182.0,14.0,185.0,0.0,185.0,11.0,0.0,11.0,95.0,101.0,188.0,0.0,,0.0,0.0,0.0,,,,,,183.0,159.0,0.05612244897959184,,0.0,0.07142857142857142
31115,NE,Loup County,187.0,149.0,38.0,171.0,,,16.0,0.0,16.0,93.0,94.0,172.0,,,0.0,,0.0,,,11.0,,176.0,183.0,152.0,0.0855614973262032,0.058823529411764705,0.0,0.20320855614973263
31119,NE,Madison County,7844.0,4882.0,2962.0,7051.0,23.0,7028.0,793.0,28.0,765.0,3626.0,4218.0,7188.0,66.0,331.0,26.0,55.0,,,568.0,970.0,849.0,6874.0,7320.0,6693.0,0.10109637939826618,0.1236613972463029,568.0,0.3776134625191229
31117,NE,Mcpherson County,108.0,,,,,,,,,54.0,54.0,105.0,0.0,0.0,0.0,0.0,,,,,,,100.0,82.0,,,0.0,
31121,NE,Merrick County,1947.0,1408.0,539.0,1763.0,,,184.0,,,929.0,1018.0,1878.0,,19.0,,,,,149.0,205.0,163.0,1742.0,1816.0,1572.0,0.09450436569080636,0.10529019003595275,149.0,0.2768361581920904
31123,NE,Morrill County,1208.0,966.0,242.0,1107.0,,,101.0,,,591.0,617.0,1086.0,0.0,78.0,,11.0,,,78.0,135.0,115.0,1073.0,1136.0,976.0,0.0836092715231788,0.11175496688741722,78.0,0.20033112582781457
31125,NE,Nance County,928.0,714.0,214.0,864.0,,,64.0,,,461.0,467.0,895.0,,,,0.0,,,53.0,101.0,90.0,827.0,867.0,764.0,0.06896551724137931,0.10883620689655173,53.0,0.23060344827586207
31127,NE,Nemaha County,1630.0,1261.0,369.0,1469.0,,,161.0,0.0,161.0,774.0,856.0,1565.0,,17.0,11.0,,,,113.0,184.0,167.0,1446.0,1524.0,1364.0,0.09877300613496932,0.11288343558282209,113.0,0.2263803680981595
31129,NE,Nuckolls County,1383.0,1186.0,197.0,1286.0,,,97.0,0.0,97.0,645.0,738.0,1344.0,,,,,,,75.0,129.0,106.0,1254.0,1300.0,1138.0,0.07013738250180766,0.09327548806941431,75.0,0.14244396240057844
31131,NE,Otoe County,3854.0,2628.0,1226.0,3519.0,,,335.0,,,1801.0,2053.0,3634.0,,88.0,22.0,,,,257.0,362.0,303.0,3492.0,3588.0,3189.0,0.08692267773741567,0.09392838609237156,257.0,0.31811105345096
31133,NE,Pawnee County,791.0,611.0,180.0,727.0,,,64.0,,,365.0,426.0,770.0,,,0.0,0.0,0.0,16.0,48.0,85.0,66.0,706.0,741.0,647.0,0.08091024020227561,0.10745891276864729,64.0,0.22756005056890014
31135,NE,Perkins County,712.0,638.0,74.0,681.0,,,31.0,0.0,31.0,333.0,379.0,680.0,,11.0,,,,,24.0,48.0,36.0,664.0,683.0,598.0,0.04353932584269663,0.06741573033707865,24.0,0.10393258426966293
31137,NE,Phelps County,2237.0,1767.0,470.0,2052.0,,,185.0,,,1020.0,1217.0,2121.0,,39.0,,,,,140.0,238.0,215.0,1999.0,2099.0,1871.0,0.08270004470272686,0.10639248994188645,140.0,0.2101028162717926
31139,NE,Pierce County,1673.0,1184.0,489.0,1550.0,,,123.0,,,830.0,843.0,1624.0,,,,,,,94.0,157.0,138.0,1516.0,1571.0,1427.0,0.07352062163777645,0.09384339509862523,94.0,0.29228930065750147
31141,NE,Platte County,7232.0,5218.0,2014.0,6732.0,17.0,6715.0,500.0,11.0,489.0,3396.0,3836.0,6660.0,15.0,334.0,23.0,,,,372.0,598.0,511.0,6634.0,6674.0,6005.0,0.06913716814159292,0.08268805309734513,372.0,0.27848451327433627
31143,NE,Polk County,1326.0,1034.0,292.0,1249.0,,,77.0,,,627.0,699.0,1291.0,,,,0.0,,,58.0,93.0,79.0,1233.0,1255.0,1097.0,0.058069381598793365,0.07013574660633484,58.0,0.22021116138763197
31145,NE,Red Willow County,2700.0,2474.0,226.0,2474.0,,,226.0,,,1222.0,1478.0,2537.0,,65.0,,,,,159.0,250.0,219.0,2450.0,2503.0,2166.0,0.0837037037037037,0.09259259259259259,159.0,0.0837037037037037
31147,NE,Richardson County,2280.0,2006.0,274.0,2047.0,,,233.0,,,1040.0,1240.0,2134.0,,15.0,,30.0,,,177.0,306.0,261.0,1974.0,2143.0,1823.0,0.10219298245614035,0.13421052631578947,177.0,0.12017543859649123
31149,NE,Rock County,403.0,327.0,76.0,384.0,,,19.0,0.0,19.0,191.0,212.0,391.0,0.0,0.0,,0.0,0.0,,,25.0,,378.0,393.0,348.0,0.04714640198511166,0.062034739454094295,0.0,0.18858560794044665
31151,NE,Saline County,2877.0,1928.0,949.0,2635.0,,,242.0,,,1364.0,1513.0,2564.0,,220.0,21.0,,,,187.0,275.0,228.0,2602.0,2656.0,2350.0,0.08411539798401112,0.09558567952728536,187.0,0.32985749044143203
31153,NE,Sarpy County,32794.0,20320.0,12474.0,30012.0,91.0,29921.0,2782.0,86.0,2696.0,14817.0,17977.0,28376.0,1129.0,1328.0,512.0,55.0,67.0,759.0,1956.0,2425.0,2080.0,30369.0,30012.0,21993.0,0.0848325913276819,0.07394645361956455,2782.0,0.3803744587424529
31155,NE,Saunders County,5085.0,3341.0,1744.0,4732.0,,,353.0,,,2474.0,2611.0,4835.0,16.0,34.0,14.0,,,,287.0,388.0,338.0,4697.0,4711.0,4149.0,0.06941986234021633,0.07630285152409046,287.0,0.3429695181907571
31157,NE,Scotts Bluff County,8781.0,5768.0,3013.0,7808.0,23.0,7785.0,973.0,26.0,947.0,4030.0,4751.0,7242.0,21.0,1113.0,38.0,66.0,21.0,234.0,718.0,1275.0,1091.0,7506.0,8241.0,7145.0,0.11080742512242342,0.14519986334130508,973.0,0.3431272064685116
31159,NE,Seward County,3831.0,2743.0,1088.0,3603.0,11.0,3592.0,228.0,,,1770.0,2061.0,3680.0,,22.0,12.0,,,,174.0,249.0,222.0,3582.0,3530.0,3154.0,0.05951448707909162,0.06499608457321848,174.0,0.2839989558861916
31161,NE,Sheridan County,1426.0,1278.0,148.0,1344.0,,,82.0,,,661.0,765.0,1260.0,,19.0,,77.0,0.0,14.0,68.0,150.0,131.0,1276.0,1322.0,1037.0,0.05750350631136045,0.10518934081346423,82.0,0.10378681626928471
31163,NE,Sherman County,857.0,569.0,288.0,812.0,,,45.0,,,408.0,449.0,837.0,,,0.0,,0.0,,,49.0,,808.0,798.0,677.0,0.052508751458576426,0.057176196032672114,0.0,0.33605600933488916
31165,NE,Sioux County,270.0,220.0,50.0,256.0,,,14.0,,,136.0,134.0,253.0,0.0,,0.0,0.0,0.0,,,17.0,,253.0,251.0,203.0,0.05185185185185185,0.06296296296296296,0.0,0.18518518518518517
31167,NE,Stanton County,1114.0,727.0,387.0,1047.0,,,67.0,,,545.0,569.0,1044.0,,15.0,,,0.0,16.0,51.0,65.0,,1049.0,1060.0,966.0,0.06014362657091562,0.05834829443447038,67.0,0.3473967684021544
31169,NE,Thayer County,1487.0,1191.0,296.0,1376.0,,,111.0,,,704.0,783.0,1438.0,,15.0,,0.0,,,83.0,141.0,119.0,1346.0,1396.0,1238.0,0.07464694014794888,0.09482178883658372,83.0,0.19905850706119704
31171,NE,Thomas County,214.0,186.0,28.0,200.0,0.0,200.0,14.0,0.0,14.0,105.0,109.0,205.0,,,0.0,,0.0,,,15.0,,199.0,202.0,173.0,0.06542056074766354,0.07009345794392523,0.0,0.1308411214953271
31173,NE,Thurston County,1081.0,789.0,292.0,940.0,17.0,923.0,141.0,19.0,122.0,502.0,579.0,666.0,0.0,14.0,,317.0,,,116.0,216.0,182.0,865.0,911.0,827.0,0.13043478260869565,0.1998149861239593,116.0,0.27012025901942643
31175,NE,Valley County,1152.0,813.0,339.0,1067.0,,,85.0,0.0,85.0,558.0,594.0,1111.0,0.0,,,,,,62.0,109.0,96.0,1043.0,1084.0,964.0,0.07378472222222222,0.09461805555555555,62.0,0.2942708333333333
31177,NE,Washington County,4831.0,2834.0,1997.0,4499.0,,,332.0,,,2238.0,2593.0,4588.0,15.0,36.0,21.0,,,,249.0,348.0,291.0,4483.0,4496.0,4039.0,0.0687228317118609,0.07203477540881804,249.0,0.4133719726764645
31179,NE,Wayne County,1608.0,1164.0,444.0,1506.0,,,102.0,,,780.0,828.0,1528.0,,14.0,,,0.0,19.0,83.0,107.0,92.0,1501.0,1479.0,1366.0,0.06343283582089553,0.06654228855721393,102.0,0.27611940298507465
31181,NE,Webster County,927.0,647.0,280.0,840.0,,,87.0,,,455.0,472.0,886.0,,12.0,,,0.0,18.0,69.0,116.0,100.0,811.0,863.0,741.0,0.09385113268608414,0.12513484358144553,87.0,0.30204962243797195
31183,NE,Wheeler County,218.0,182.0,36.0,,,,,,,111.0,107.0,212.0,0.0,0.0,0.0,0.0,,,,11.0,,207.0,211.0,176.0,,0.05045871559633028,0.0,0.1651376146788991
31185,NE,York County,3369.0,2612.0,757.0,3072.0,13.0,3059.0,297.0,,,1568.0,1801.0,3177.0,,43.0,,,,,225.0,354.0,310.0,3015.0,3132.0,2758.0,0.0881567230632235,0.10507569011576136,225.0,0.2246957554170377
31999,NE,Unknown,,,,,,,,,,,,,,,,,,,,,,,,,,,0.0,
32510,NV,Carson City,15568.0,9406.0,6162.0,14518.0,44.0,14474.0,1050.0,31.0,1019.0,7264.0,8304.0,13124.0,103.0,1462.0,275.0,164.0,14.0,208.0,828.0,1845.0,670.0,13723.0,14206.0,11800.0,0.06744604316546762,0.11851233299075026,1050.0,0.39581192189105857
32001,NV,Churchill County,6277.0,3950.0,2327.0,5724.0,21.0,5703.0,553.0,15.0,538.0,3061.0,3216.0,5332.0,53.0,371.0,132.0,182.0,,,433.0,764.0,305.0,5513.0,5772.0,4103.0,0.08809941054643938,0.12171419467898678,433.0,0.3707184960968616
32003,NV,Clark County,422254.0,185550.0,236704.0,383924.0,2096.0,381828.0,38330.0,1863.0,36467.0,196522.0,225732.0,241683.0,50169.0,67521.0,43245.0,743.0,410.0,7488.0,30432.0,64364.0,24211.0,357890.0,379012.0,328880.0,0.09077474695325562,0.152429580300009,38330.0,0.5605725463820355
32005,NV,Douglas County,18666.0,12712.0,5954.0,17989.0,36.0,17953.0,677.0,13.0,664.0,9116.0,9550.0,16679.0,52.0,977.0,245.0,103.0,11.0,130.0,536.0,873.0,335.0,17793.0,17411.0,14447.0,0.03626915246973106,0.0467695274831244,677.0,0.3189756777027751
32007,NV,Elko County,8174.0,7739.0,435.0,7425.0,36.0,7389.0,749.0,34.0,715.0,4080.0,4094.0,6382.0,31.0,1077.0,77.0,326.0,,,576.0,1002.0,370.0,7172.0,7299.0,5302.0,0.09163200391485198,0.12258380229997554,576.0,0.05321751896256423
32009,NV,Esmeralda County,267.0,243.0,24.0,252.0,0.0,252.0,15.0,0.0,15.0,157.0,110.0,241.0,,11.0,0.0,,0.0,,,26.0,,241.0,244.0,167.0,0.056179775280898875,0.09737827715355805,0.0,0.0898876404494382
32011,NV,Eureka County,369.0,352.0,17.0,332.0,,,37.0,,,196.0,173.0,333.0,,18.0,,,0.0,,,55.0,19.0,314.0,331.0,246.0,0.1002710027100271,0.14905149051490515,0.0,0.04607046070460705
32013,NV,Humboldt County,3459.0,3297.0,162.0,3131.0,,,328.0,,,1757.0,1702.0,2763.0,15.0,470.0,23.0,99.0,,,245.0,466.0,178.0,2993.0,3145.0,2311.0,0.09482509395779128,0.13472101763515468,245.0,0.046834345186470075
32015,NV,Lander County,1056.0,1010.0,46.0,955.0,,,101.0,,,546.0,510.0,838.0,,133.0,,39.0,,,74.0,121.0,47.0,935.0,940.0,652.0,0.09564393939393939,0.11458333333333333,74.0,0.043560606060606064
32017,NV,Lincoln County,1149.0,1060.0,89.0,1049.0,,,100.0,,,582.0,567.0,1075.0,,28.0,,,,,83.0,130.0,42.0,1019.0,1061.0,739.0,0.08703220191470844,0.11314186248912098,83.0,0.07745865970409051
32019,NV,Lyon County,16438.0,9091.0,7347.0,15036.0,50.0,14986.0,1402.0,41.0,1361.0,8089.0,8349.0,14226.0,123.0,1214.0,263.0,175.0,17.0,219.0,1166.0,1545.0,506.0,14893.0,14957.0,11997.0,0.08529018128726122,0.0939895364399562,1402.0,0.4469521839639859
32021,NV,Mineral County,1383.0,935.0,448.0,1230.0,,,153.0,,,689.0,694.0,1059.0,65.0,78.0,15.0,117.0,0.0,31.0,122.0,247.0,97.0,1136.0,1249.0,923.0,0.11062906724511931,0.17859725234996385,153.0,0.32393347794649313
32023,NV,Nye County,18290.0,7007.0,11283.0,16563.0,46.0,16517.0,1727.0,39.0,1688.0,9161.0,9129.0,15412.0,567.0,1297.0,471.0,71.0,18.0,234.0,1475.0,2351.0,697.0,15939.0,16960.0,14311.0,0.09442318206670311,0.1285401858939311,1727.0,0.6168944778567523
32027,NV,Pershing County,1142.0,1095.0,47.0,1023.0,,,119.0,,,588.0,554.0,951.0,,128.0,,19.0,0.0,13.0,106.0,170.0,66.0,972.0,1026.0,745.0,0.1042031523642732,0.14886164623467601,119.0,0.04115586690017513
32029,NV,Storey County,1112.0,621.0,491.0,1044.0,0.0,1044.0,68.0,0.0,68.0,557.0,555.0,1010.0,12.0,34.0,13.0,,,,60.0,86.0,29.0,1026.0,1008.0,816.0,0.06115107913669065,0.07733812949640288,60.0,0.44154676258992803
32031,NV,Washoe County,104510.0,55507.0,49003.0,97638.0,287.0,97351.0,6872.0,293.0,6579.0,50144.0,54366.0,82463.0,2127.0,10635.0,4667.0,748.0,78.0,1374.0,5420.0,11119.0,3988.0,93391.0,93831.0,80585.0,0.06575447325614774,0.10639173284853123,6872.0,0.46888336044397666
32033,NV,White Pine County,1997.0,1920.0,77.0,1824.0,,,173.0,,,1017.0,980.0,1716.0,,134.0,13.0,53.0,,,137.0,236.0,91.0,1761.0,1843.0,1310.0,0.08662994491737606,0.11817726589884828,137.0,0.0385578367551327
32999,NV,Unknown,,,,,,,,,,,,,,,,,,,,,,,,,,,0.0,
33001,NH,Belknap County,21295.0,13277.0,8018.0,19061.0,37.0,19024.0,2234.0,22.0,2212.0,10098.0,11197.0,20028.0,54.0,121.0,96.0,,39.0,571.0,1624.0,1780.0,1093.0,19515.0,19434.0,16640.0,0.10490725522423104,0.08358769664240433,2234.0,0.3765203099319089
33003,NH,Carroll County,19190.0,12848.0,6342.0,17658.0,43.0,17615.0,1532.0,17.0,1515.0,9354.0,9836.0,18113.0,34.0,143.0,74.0,,16.0,363.0,1153.0,1216.0,652.0,17974.0,17892.0,15065.0,0.07983324648254299,0.06336633663366337,1532.0,0.3304846274101094
33005,NH,Cheshire County,21655.0,14105.0,7550.0,19089.0,36.0,19053.0,2566.0,28.0,2538.0,10118.0,11537.0,20144.0,84.0,161.0,131.0,,59.0,735.0,1772.0,2033.0,1186.0,19622.0,19770.0,16720.0,0.11849457400138536,0.09388132071115216,2566.0,0.34864927268529206
33007,NH,Coos County,10919.0,6717.0,4202.0,9104.0,,,1815.0,,,5354.0,5565.0,10334.0,28.0,73.0,30.0,,47.0,470.0,1298.0,1636.0,941.0,9283.0,10108.0,8475.0,0.16622401318802088,0.14983057056507007,1815.0,0.38483377598681195
33009,NH,Grafton County,25279.0,16915.0,8364.0,22980.0,35.0,22945.0,2299.0,19.0,2280.0,11988.0,13291.0,23531.0,81.0,206.0,190.0,,38.0,579.0,1682.0,1896.0,971.0,23383.0,22935.0,19263.0,0.0909450532062186,0.07500296688951304,2299.0,0.3308675184936113
33011,NH,Hillsborough County,93383.0,59318.0,34065.0,82136.0,234.0,81902.0,11247.0,152.0,11095.0,43366.0,50017.0,83917.0,1075.0,2980.0,1507.0,47.0,180.0,3075.0,7992.0,8804.0,5507.0,84579.0,82406.0,71632.0,0.12043948041934828,0.09427840185044387,11247.0,0.36478802351605755
33013,NH,Merrimack County,40052.0,24459.0,15593.0,35180.0,71.0,35109.0,4872.0,56.0,4816.0,18450.0,21602.0,37310.0,201.0,397.0,262.0,19.0,102.0,1375.0,3395.0,4126.0,2817.0,35926.0,36241.0,31425.0,0.12164186557475282,0.10301607909717367,4872.0,0.3893188854489164
33015,NH,Rockingham County,82327.0,55473.0,26854.0,75531.0,174.0,75357.0,6796.0,92.0,6704.0,38150.0,44177.0,76724.0,404.0,1038.0,783.0,31.0,114.0,1676.0,5006.0,4791.0,3080.0,77536.0,73456.0,62947.0,0.08254886003376778,0.058194759920803626,6796.0,0.3261870346301942
33017,NH,Strafford County,30042.0,18809.0,11233.0,25998.0,74.0,25924.0,4044.0,60.0,3984.0,13773.0,16269.0,27867.0,223.0,299.0,333.0,12.0,77.0,1023.0,2944.0,3102.0,1669.0,26940.0,27023.0,22315.0,0.13461154383862592,0.10325544238066707,4044.0,0.37390985952999134
33019,NH,Sullivan County,12559.0,8317.0,4242.0,10916.0,27.0,10889.0,1643.0,12.0,1631.0,5963.0,6596.0,11769.0,30.0,81.0,58.0,,30.0,417.0,1196.0,1370.0,743.0,11189.0,11300.0,9464.0,0.1308225177163787,0.10908511824189825,1643.0,0.3377657456803886
33999,NH,Unknown,,,,,,,,,,,,,,,,,,,,,,,,,,,0.0,
34001,NJ,Atlantic County,66131.0,37588.0,28543.0,59050.0,340.0,58710.0,7081.0,243.0,6838.0,30138.0,35993.0,46361.0,8393.0,5976.0,3588.0,21.0,67.0,1249.0,5765.0,8159.0,6557.0,57972.0,59415.0,53407.0,0.10707535044079176,0.12337632880192345,7081.0,0.43161301053968637
34003,NJ,Bergen County,192773.0,122931.0,69842.0,182435.0,820.0,181615.0,10338.0,374.0,9964.0,85720.0,107053.0,125230.0,9661.0,23378.0,23997.0,74.0,163.0,2214.0,7961.0,21613.0,18104.0,171160.0,168983.0,152901.0,0.053627842073319394,0.11211632334403678,10338.0,0.3623017746261146
34005,NJ,Burlington County,102330.0,59370.0,42960.0,92439.0,463.0,91976.0,9891.0,321.0,9570.0,45043.0,57287.0,74689.0,16160.0,3975.0,3762.0,31.0,131.0,2018.0,7742.0,8680.0,7509.0,93650.0,91561.0,80150.0,0.09665787159190853,0.08482360988957295,9891.0,0.4198182351216652
34007,NJ,Camden County,105836.0,58034.0,47802.0,92733.0,628.0,92105.0,13103.0,438.0,12665.0,46772.0,59064.0,69019.0,18762.0,9796.0,4735.0,31.0,176.0,2601.0,10326.0,16703.0,14724.0,89133.0,94174.0,85539.0,0.12380475452587021,0.1578196454892475,13103.0,0.4516610605087116
34009,NJ,Cape May County,31248.0,20737.0,10511.0,29040.0,99.0,28941.0,2208.0,51.0,2157.0,14258.0,16990.0,28744.0,891.0,613.0,189.0,,18.0,390.0,1800.0,2498.0,2092.0,28750.0,29345.0,26056.0,0.0706605222734255,0.0799411162314388,2208.0,0.33637352790578595
34011,NJ,Cumberland County,30658.0,14357.0,16301.0,25718.0,218.0,25500.0,4940.0,161.0,4779.0,13756.0,16902.0,19534.0,5000.0,5110.0,327.0,33.0,46.0,849.0,4045.0,6009.0,5232.0,24649.0,28240.0,25823.0,0.16113249396568596,0.19600104377324026,4940.0,0.5317046121730055
34013,NJ,Essex County,128869.0,65367.0,63502.0,115420.0,1100.0,114320.0,13449.0,830.0,12619.0,56303.0,72566.0,49786.0,45966.0,20889.0,5491.0,98.0,260.0,3031.0,10158.0,25965.0,22707.0,102904.0,111955.0,103157.0,0.10436179375955427,0.2014836772226059,13449.0,0.49276396961255226
34015,NJ,Gloucester County,64379.0,36803.0,27576.0,57384.0,254.0,57130.0,6995.0,171.0,6824.0,28721.0,35658.0,52606.0,6597.0,2093.0,1271.0,26.0,68.0,1356.0,5571.0,6088.0,5341.0,58291.0,57994.0,51757.0,0.1086534428928688,0.09456499790304292,6995.0,0.42833843334006433
34017,NJ,Hudson County,88409.0,40273.0,48136.0,79590.0,589.0,79001.0,8819.0,447.0,8372.0,38752.0,49657.0,27846.0,9949.0,38233.0,7892.0,79.0,118.0,1771.0,6930.0,24352.0,20942.0,64057.0,77010.0,71549.0,0.09975228766302073,0.2754470698684523,8819.0,0.5444694544673053
34019,NJ,Hunterdon County,32004.0,20817.0,11187.0,30232.0,101.0,30131.0,1772.0,30.0,1742.0,15099.0,16905.0,28207.0,522.0,954.0,868.0,,20.0,382.0,1370.0,1904.0,1739.0,30100.0,28628.0,25860.0,0.05536807899012623,0.0594925634295713,1772.0,0.34955005624296964
34021,NJ,Mercer County,72127.0,39375.0,32752.0,64948.0,364.0,64584.0,7179.0,256.0,6923.0,32278.0,39849.0,44395.0,13563.0,5986.0,5024.0,22.0,117.0,1692.0,5370.0,10720.0,9645.0,61407.0,63997.0,58891.0,0.0995327685887393,0.14862672785503347,7179.0,0.45408792823769184
34023,NJ,Middlesex County,156154.0,92422.0,63732.0,144199.0,884.0,143315.0,11955.0,463.0,11492.0,70630.0,85524.0,88813.0,13923.0,20725.0,25100.0,84.0,168.0,2476.0,9311.0,20906.0,18107.0,135248.0,136604.0,124423.0,0.07655903787286909,0.1338806562752155,11955.0,0.4081355584871345
34025,NJ,Monmouth County,146941.0,101478.0,45463.0,136225.0,632.0,135593.0,10716.0,307.0,10409.0,66699.0,80242.0,118568.0,9009.0,6903.0,6042.0,33.0,159.0,2323.0,8234.0,11472.0,9833.0,135469.0,131309.0,116646.0,0.07292722929611205,0.07807215140770786,10716.0,0.3093962883061909
34027,NJ,Morris County,105659.0,71181.0,34478.0,100174.0,445.0,99729.0,5485.0,196.0,5289.0,47337.0,58322.0,81858.0,3074.0,7656.0,8163.0,29.0,89.0,1171.0,4225.0,8311.0,7288.0,97348.0,93189.0,82771.0,0.05191228385655742,0.07865870394381927,5485.0,0.32631389659186627
34029,NJ,Ocean County,168268.0,103899.0,64369.0,155378.0,695.0,154683.0,12890.0,248.0,12642.0,73413.0,94855.0,149923.0,3857.0,7333.0,2214.0,24.0,172.0,2351.0,10367.0,12083.0,9874.0,156185.0,156385.0,139771.0,0.07660398887489006,0.0718080680818694,12890.0,0.38253856942496495
34031,NJ,Passaic County,92908.0,47987.0,44921.0,84875.0,563.0,84312.0,8033.0,366.0,7667.0,41775.0,51133.0,49673.0,8501.0,26655.0,4580.0,59.0,127.0,1629.0,6277.0,18794.0,15665.0,74114.0,81773.0,75178.0,0.08646187626469196,0.20228613251819003,8033.0,0.4834998062599561
34033,NJ,Salem County,15117.0,8766.0,6351.0,13261.0,78.0,13183.0,1856.0,43.0,1813.0,6976.0,8141.0,12009.0,2007.0,592.0,126.0,,20.0,317.0,1519.0,2097.0,1905.0,13020.0,13981.0,12524.0,0.12277568300588741,0.13871799960309586,1856.0,0.42012304028577097
34035,NJ,Somerset County,65753.0,42603.0,23150.0,61939.0,272.0,61667.0,3814.0,151.0,3663.0,29502.0,36251.0,44554.0,5383.0,4579.0,7628.0,22.0,68.0,950.0,2796.0,6171.0,5624.0,59582.0,57407.0,51779.0,0.05800495794868675,0.09385123112253434,3814.0,0.3520751904856052
34037,NJ,Sussex County,34362.0,22575.0,11787.0,31473.0,113.0,31360.0,2889.0,53.0,2836.0,16037.0,18325.0,30420.0,534.0,1705.0,505.0,,36.0,667.0,2186.0,2386.0,1978.0,31976.0,30751.0,26706.0,0.08407543216343635,0.06943716896571794,2889.0,0.3430242709970316
34039,NJ,Union County,96568.0,51742.0,44826.0,88518.0,605.0,87913.0,8050.0,471.0,7579.0,42993.0,53575.0,47506.0,20204.0,20465.0,3980.0,55.0,121.0,1646.0,6283.0,14114.0,11821.0,82454.0,83713.0,75724.0,0.08336094772595477,0.14615607654709634,8050.0,0.46419103636815506
34041,NJ,Warren County,26543.0,16563.0,9980.0,23973.0,79.0,23894.0,2570.0,67.0,2503.0,12128.0,14415.0,22887.0,966.0,1313.0,417.0,,38.0,581.0,1951.0,2581.0,2196.0,23962.0,23992.0,21035.0,0.09682402139923897,0.0972384432807143,2570.0,0.3759936706476284
34999,NJ,Unknown,,,,,,,,,,,,,,,,,,,,,,,,,,,0.0,
35001,NM,Bernalillo County,142023.0,58778.0,83245.0,126573.0,502.0,126071.0,15450.0,419.0,15031.0,63974.0,78049.0,80402.0,3793.0,47541.0,2734.0,2512.0,221.0,3516.0,11713.0,29520.0,16301.0,112503.0,128468.0,114363.0,0.10878519676390444,0.20785365750617857,15450.0,0.5861374566091407
35003,NM,Catron County,1649.0,960.0,689.0,1545.0,,,104.0,,,875.0,774.0,1389.0,,194.0,,11.0,0.0,16.0,88.0,295.0,103.0,1354.0,1504.0,1202.0,0.06306852637962401,0.17889630078835658,104.0,0.4178289872650091
35005,NM,Chaves County,12284.0,6726.0,5558.0,10597.0,53.0,10544.0,1687.0,55.0,1632.0,5781.0,6503.0,6824.0,216.0,4866.0,77.0,36.0,22.0,325.0,1340.0,3874.0,2032.0,8410.0,11482.0,10178.0,0.1373331162487789,0.3153695864539238,1687.0,0.4524584825789645
35006,NM,Cibola County,5186.0,2657.0,2529.0,4412.0,49.0,4363.0,774.0,65.0,709.0,2401.0,2785.0,1746.0,50.0,1816.0,21.0,1195.0,,,632.0,1562.0,909.0,3624.0,4604.0,3820.0,0.14924797531816428,0.30119552641727726,632.0,0.4876590821442345
35007,NM,Colfax County,3910.0,2137.0,1773.0,3471.0,,,439.0,,,1929.0,1981.0,2420.0,13.0,1375.0,,11.0,,,361.0,793.0,445.0,3117.0,3663.0,2962.0,0.11227621483375959,0.20281329923273658,361.0,0.4534526854219949
35009,NM,Curry County,7913.0,5196.0,2717.0,6736.0,30.0,6706.0,1177.0,37.0,1140.0,3666.0,4247.0,4879.0,452.0,2282.0,87.0,27.0,12.0,238.0,927.0,2281.0,1340.0,5632.0,7384.0,5958.0,0.14874257550865663,0.2882598256034374,1177.0,0.34335902944521673
35011,NM,De Baca County,542.0,356.0,186.0,472.0,,,70.0,,,270.0,272.0,355.0,,168.0,0.0,,,,52.0,139.0,87.0,403.0,512.0,436.0,0.12915129151291513,0.2564575645756458,52.0,0.34317343173431736
35013,NM,Doña Ana County,48836.0,22578.0,26258.0,43490.0,237.0,43253.0,5346.0,206.0,5140.0,22801.0,26035.0,22437.0,847.0,23941.0,443.0,127.0,58.0,1159.0,4129.0,14549.0,7753.0,34287.0,45598.0,40681.0,0.1094684249324269,0.29791547219264475,5346.0,0.5376771234335327
35015,NM,Eddy County,10081.0,6665.0,3416.0,8882.0,48.0,8834.0,1199.0,44.0,1155.0,4832.0,5249.0,5739.0,172.0,3919.0,40.0,29.0,,,975.0,2302.0,1261.0,7779.0,9322.0,7973.0,0.11893661343120722,0.22835036206725523,975.0,0.33885527229441526
35017,NM,Grant County,9230.0,4952.0,4278.0,8402.0,25.0,8377.0,828.0,21.0,807.0,4446.0,4784.0,5940.0,54.0,2924.0,39.0,31.0,,,695.0,1897.0,949.0,7333.0,8702.0,7595.0,0.08970747562296857,0.20552546045503792,695.0,0.46348862405200436
35019,NM,Guadalupe County,1061.0,437.0,624.0,881.0,,,180.0,0.0,180.0,541.0,520.0,261.0,,779.0,,,,,154.0,352.0,204.0,709.0,989.0,876.0,0.1696512723845429,0.33176248821866167,154.0,0.588124410933082
35021,NM,Harding County,218.0,164.0,54.0,200.0,0.0,200.0,18.0,0.0,18.0,105.0,113.0,124.0,,85.0,0.0,0.0,0.0,,,31.0,16.0,187.0,203.0,168.0,0.08256880733944955,0.14220183486238533,0.0,0.24770642201834864
35023,NM,Hidalgo County,1123.0,513.0,610.0,969.0,,,154.0,,,557.0,566.0,627.0,,466.0,,,0.0,29.0,125.0,315.0,158.0,808.0,1051.0,920.0,0.1371326803205699,0.2804986642920748,154.0,0.5431878895814782
35025,NM,Lea County,9803.0,6630.0,3173.0,8550.0,56.0,8494.0,1253.0,74.0,1179.0,4616.0,5187.0,5144.0,392.0,4034.0,47.0,16.0,13.0,250.0,990.0,2800.0,1581.0,7003.0,9000.0,7770.0,0.12781801489339997,0.28562684892379886,1253.0,0.3236764255840049
35027,NM,Lincoln County,6562.0,3927.0,2635.0,6116.0,12.0,6104.0,446.0,11.0,435.0,3108.0,3454.0,5188.0,21.0,1105.0,38.0,47.0,,,363.0,1126.0,476.0,5436.0,6128.0,5187.0,0.06796708320633953,0.17159402621152087,363.0,0.4015544041450777
35028,NM,Los Alamos County,3796.0,3240.0,556.0,3655.0,,,141.0,,,1804.0,1992.0,3148.0,18.0,341.0,86.0,13.0,0.0,32.0,109.0,187.0,111.0,3609.0,3469.0,1285.0,0.03714436248682824,0.04926238145416228,141.0,0.1464699683877766
35029,NM,Luna County,6755.0,2605.0,4150.0,5975.0,30.0,5945.0,780.0,34.0,746.0,3483.0,3272.0,3229.0,74.0,3288.0,35.0,19.0,,,644.0,2766.0,1333.0,3989.0,6306.0,5716.0,0.1154700222057735,0.4094744633604737,644.0,0.6143597335307179
35031,NM,Mckinley County,12501.0,8563.0,3938.0,10761.0,166.0,10595.0,1740.0,189.0,1551.0,5539.0,6962.0,2197.0,52.0,1478.0,90.0,7232.0,19.0,367.0,1354.0,4960.0,3207.0,7541.0,9959.0,8213.0,0.13918886489080873,0.39676825853931685,1740.0,0.31501479881609473
35033,NM,Mora County,1561.0,815.0,746.0,1340.0,,,221.0,,,814.0,747.0,439.0,,1093.0,,,,,186.0,475.0,261.0,1086.0,1420.0,1257.0,0.14157591287636132,0.3042921204356182,186.0,0.47789878283151827
35035,NM,Otero County,14532.0,8645.0,5887.0,12866.0,64.0,12802.0,1666.0,54.0,1612.0,6992.0,7540.0,9913.0,393.0,3287.0,163.0,347.0,16.0,295.0,1355.0,3344.0,1747.0,11188.0,13556.0,10040.0,0.11464354527938343,0.23011285439031104,1666.0,0.4051059730250482
35037,NM,Quay County,2526.0,1511.0,1015.0,2165.0,,,361.0,,,1233.0,1293.0,1614.0,15.0,807.0,11.0,,,,289.0,745.0,401.0,1781.0,2353.0,1999.0,0.14291369754552652,0.29493269992082344,289.0,0.4018210609659541
35039,NM,Rio Arriba County,9829.0,4851.0,4978.0,8501.0,34.0,8467.0,1328.0,43.0,1285.0,4549.0,5280.0,2552.0,48.0,6385.0,29.0,610.0,,,1079.0,2440.0,1267.0,7389.0,9090.0,7140.0,0.13511038762844643,0.24824498931732628,1079.0,0.5064604741072337
35041,NM,Roosevelt County,3281.0,2046.0,1235.0,2850.0,15.0,2835.0,431.0,,,1506.0,1775.0,2225.0,34.0,933.0,12.0,,,,359.0,995.0,561.0,2286.0,3064.0,2624.0,0.13136238951539164,0.30326120085339836,359.0,0.37640963120999693
35045,NM,San Juan County,24806.0,16121.0,8685.0,21677.0,172.0,21505.0,3129.0,183.0,2946.0,11537.0,13269.0,13330.0,111.0,3257.0,90.0,6483.0,64.0,679.0,2386.0,6184.0,3707.0,18622.0,22261.0,18201.0,0.1261388373780537,0.24929452551801984,3129.0,0.350116907199871
35047,NM,San Miguel County,7414.0,3327.0,4087.0,6217.0,28.0,6189.0,1197.0,18.0,1179.0,3512.0,3902.0,2271.0,35.0,4928.0,37.0,29.0,,,961.0,2341.0,1363.0,5073.0,6901.0,6328.0,0.16145130833558133,0.31575397895872676,961.0,0.5512543835985972
35043,NM,Sandoval County,37186.0,16465.0,20721.0,33636.0,171.0,33465.0,3550.0,159.0,3391.0,16962.0,20224.0,22882.0,749.0,9785.0,404.0,1970.0,52.0,788.0,2710.0,5679.0,3136.0,31507.0,33869.0,29018.0,0.09546603560479751,0.15271876512666058,3550.0,0.5572258376808477
35049,NM,Santa Fe County,46432.0,27204.0,19228.0,43587.0,104.0,43483.0,2845.0,46.0,2799.0,21193.0,25239.0,30832.0,324.0,12468.0,408.0,461.0,30.0,562.0,2253.0,6028.0,2905.0,40404.0,42983.0,36907.0,0.061272398345968294,0.12982425913163337,2845.0,0.41411095796002756
35051,NM,Sierra County,4668.0,2238.0,2430.0,4169.0,13.0,4156.0,499.0,,,2282.0,2386.0,3791.0,30.0,698.0,20.0,21.0,,,424.0,1302.0,649.0,3366.0,4299.0,3702.0,0.10689802913453299,0.27892030848329047,424.0,0.5205655526992288
35053,NM,Socorro County,4047.0,1795.0,2252.0,3422.0,21.0,3401.0,625.0,18.0,607.0,1968.0,2079.0,2051.0,21.0,1628.0,21.0,196.0,,,486.0,1267.0,800.0,2780.0,3676.0,3251.0,0.15443538423523598,0.31307141092167035,486.0,0.5564615764764023
35055,NM,Taos County,10654.0,5835.0,4819.0,9750.0,32.0,9718.0,904.0,,,4963.0,5691.0,5597.0,37.0,4357.0,60.0,259.0,,,749.0,2550.0,1149.0,8104.0,9951.0,8607.0,0.08485076027782992,0.2393467242350291,749.0,0.45231837807396286
35057,NM,Torrance County,3912.0,1391.0,2521.0,3355.0,,,557.0,,,1953.0,1959.0,2547.0,26.0,1195.0,,36.0,,,448.0,1146.0,561.0,2766.0,3625.0,3231.0,0.14238241308793456,0.2929447852760736,448.0,0.6444274028629857
35059,NM,Union County,970.0,761.0,209.0,865.0,,,105.0,0.0,105.0,463.0,507.0,618.0,,302.0,,,,,82.0,227.0,126.0,743.0,890.0,711.0,0.10824742268041238,0.23402061855670103,82.0,0.2154639175257732
35061,NM,Valencia County,17943.0,6697.0,11246.0,15409.0,65.0,15344.0,2534.0,55.0,2479.0,8473.0,9470.0,8702.0,223.0,8058.0,85.0,398.0,28.0,541.0,1965.0,4527.0,2448.0,13416.0,16311.0,14474.0,0.14122499024689295,0.25229894666443736,2534.0,0.6267625257760686
35999,NM,Unknown,,,,,,,,,,,,,,,,,,,,,,,,,,,0.0,
36001,NY,Albany County,66543.0,29010.0,37533.0,59160.0,311.0,58849.0,7383.0,169.0,7214.0,29867.0,36676.0,52690.0,6648.0,1825.0,1833.0,22.0,102.0,1834.0,5447.0,12524.0,10861.0,54019.0,60780.0,55176.0,0.11095081375952391,0.18820912793231445,7383.0,0.5640412966052026
36003,NY,Allegany County,11307.0,4692.0,6615.0,9776.0,23.0,9753.0,1531.0,11.0,1520.0,5550.0,5757.0,10742.0,54.0,50.0,31.0,,15.0,275.0,1241.0,2908.0,1991.0,8399.0,10621.0,9456.0,0.1354028477934023,0.2571858140974618,1531.0,0.5850358185195011
36005,NY,Bronx County,232113.0,67088.0,165025.0,198163.0,1805.0,196358.0,33950.0,1191.0,32759.0,98967.0,133146.0,30834.0,68685.0,113633.0,8207.0,485.0,362.0,6283.0,27305.0,132491.0,124112.0,99622.0,215503.0,204885.0,0.14626496577098225,0.5708038756984745,33950.0,0.7109683645465786
36007,NY,Broome County,46682.0,17287.0,29395.0,40252.0,134.0,40118.0,6430.0,92.0,6338.0,21581.0,25101.0,41509.0,1690.0,942.0,764.0,31.0,106.0,1461.0,4863.0,11368.0,8957.0,35314.0,43619.0,40926.0,0.13774045670708196,0.24351998629021893,6430.0,0.629685960327321
36009,NY,Cattaraugus County,19630.0,7091.0,12539.0,16793.0,51.0,16742.0,2837.0,29.0,2808.0,9400.0,10230.0,18286.0,194.0,164.0,72.0,248.0,35.0,513.0,2289.0,5096.0,3643.0,14534.0,18337.0,16099.0,0.1445236882322975,0.2596026490066225,2837.0,0.6387671930718288
36011,NY,Cayuga County,18586.0,8253.0,10333.0,16478.0,57.0,16421.0,2108.0,38.0,2070.0,8730.0,9856.0,17230.0,314.0,184.0,75.0,28.0,28.0,397.0,1683.0,3772.0,2691.0,14814.0,17558.0,14670.0,0.11341870224900463,0.20294845582696652,2108.0,0.5559560959862262
36013,NY,Chautauqua County,32914.0,11503.0,21411.0,28689.0,94.0,28595.0,4225.0,64.0,4161.0,15554.0,17360.0,29862.0,467.0,1281.0,93.0,66.0,26.0,832.0,3367.0,8183.0,6190.0,24731.0,31126.0,28337.0,0.1283648295558121,0.2486176095278605,4225.0,0.6505134593182232
36015,NY,Chemung County,20823.0,7909.0,12914.0,17793.0,65.0,17728.0,3030.0,36.0,2994.0,9590.0,11233.0,18936.0,863.0,258.0,162.0,,20.0,653.0,2357.0,5456.0,4241.0,15367.0,19610.0,17544.0,0.145512174038323,0.2620179609086107,3030.0,0.6201796090861067
36017,NY,Chenango County,13106.0,4959.0,8147.0,11281.0,27.0,11254.0,1825.0,22.0,1803.0,6294.0,6812.0,12146.0,97.0,176.0,53.0,,22.0,347.0,1456.0,3492.0,2514.0,9614.0,12315.0,10916.0,0.13924919884022585,0.26644285060277734,1825.0,0.6216236838089425
36019,NY,Clinton County,20440.0,11904.0,8536.0,17006.0,59.0,16947.0,3434.0,49.0,3385.0,9643.0,10797.0,19287.0,196.0,223.0,102.0,47.0,36.0,718.0,2680.0,5105.0,3969.0,15335.0,19387.0,15799.0,0.16800391389432484,0.24975538160469668,3434.0,0.41761252446183955
36021,NY,Columbia County,17610.0,10066.0,7544.0,15981.0,49.0,15932.0,1629.0,25.0,1604.0,8363.0,9247.0,15596.0,518.0,378.0,171.0,,13.0,352.0,1264.0,3338.0,2555.0,14272.0,16311.0,13796.0,0.09250425894378195,0.18955139125496875,1629.0,0.4283929585462805
36023,NY,Cortland County,10256.0,4981.0,5275.0,9046.0,31.0,9015.0,1210.0,12.0,1198.0,4794.0,5462.0,9500.0,95.0,111.0,57.0,17.0,16.0,232.0,962.0,2414.0,1743.0,7842.0,9509.0,7775.0,0.11797971918876755,0.23537441497659906,1210.0,0.5143330733229329
36025,NY,Delaware County,12455.0,6231.0,6224.0,11137.0,20.0,11117.0,1318.0,17.0,1301.0,6092.0,6363.0,11489.0,129.0,255.0,85.0,12.0,24.0,233.0,1061.0,2746.0,2012.0,9709.0,11770.0,10605.0,0.1058209554395825,0.2204737053392212,1318.0,0.49971898835808914
36027,NY,Dutchess County,68276.0,39994.0,28282.0,61347.0,272.0,61075.0,6929.0,145.0,6784.0,31620.0,36656.0,53562.0,5343.0,4162.0,1656.0,33.0,78.0,1411.0,5440.0,10950.0,9235.0,57326.0,62293.0,53135.0,0.10148514851485149,0.16037846388189114,6929.0,0.41423047630206805
36029,NY,Erie County,216770.0,62327.0,154443.0,191427.0,748.0,190679.0,25343.0,450.0,24893.0,96830.0,119940.0,175400.0,22675.0,6222.0,3540.0,356.0,274.0,4978.0,20091.0,44089.0,35597.0,172681.0,198516.0,185608.0,0.11691193430825299,0.20339069059371684,25343.0,0.712474050837293
36031,NY,Essex County,10462.0,6234.0,4228.0,9327.0,24.0,9303.0,1135.0,13.0,1122.0,5159.0,5303.0,9882.0,47.0,89.0,28.0,,18.0,238.0,879.0,2010.0,1472.0,8452.0,9876.0,7860.0,0.10848786082966928,0.19212387688778437,1135.0,0.40412922959281206
36033,NY,Franklin County,12596.0,7051.0,5545.0,10615.0,34.0,10581.0,1981.0,30.0,1951.0,6095.0,6501.0,11117.0,89.0,114.0,28.0,647.0,26.0,447.0,1508.0,3595.0,2776.0,9001.0,11860.0,10783.0,0.1572721498888536,0.2854080660527151,1981.0,0.4402191171800572
36035,NY,Fulton County,14195.0,4871.0,9324.0,11804.0,62.0,11742.0,2391.0,30.0,2361.0,6646.0,7549.0,13189.0,188.0,240.0,64.0,,37.0,563.0,1791.0,4126.0,3036.0,10069.0,13421.0,12336.0,0.16843959140542444,0.2906657273687918,2391.0,0.6568510038746037
36037,NY,Genesee County,14704.0,4281.0,10423.0,12967.0,48.0,12919.0,1737.0,41.0,1696.0,6899.0,7805.0,13574.0,265.0,183.0,44.0,59.0,24.0,343.0,1370.0,2756.0,1963.0,11948.0,13610.0,12580.0,0.11813112078346029,0.18743199129488575,1737.0,0.7088547334058759
36039,NY,Greene County,12857.0,6337.0,6520.0,11348.0,27.0,11321.0,1509.0,22.0,1487.0,6155.0,6702.0,11737.0,238.0,309.0,80.0,,22.0,288.0,1199.0,2609.0,2053.0,10248.0,11970.0,10510.0,0.11736797075523062,0.20292447693863266,1509.0,0.5071167457416194
36041,NY,Hamilton County,1800.0,926.0,874.0,1683.0,,,117.0,0.0,117.0,892.0,908.0,1707.0,,20.0,,0.0,,,99.0,202.0,127.0,1598.0,1739.0,1493.0,0.065,0.11222222222222222,99.0,0.4855555555555556
36043,NY,Herkimer County,15712.0,6789.0,8923.0,13772.0,36.0,13736.0,1940.0,26.0,1914.0,7450.0,8262.0,14759.0,124.0,182.0,58.0,15.0,28.0,336.0,1576.0,3837.0,2764.0,11875.0,14782.0,12587.0,0.1234725050916497,0.24420824847250508,1940.0,0.5679098778004074
36045,NY,Jefferson County,22522.0,11089.0,11433.0,19465.0,82.0,19383.0,3057.0,40.0,3017.0,10614.0,11908.0,20848.0,289.0,299.0,133.0,32.0,36.0,604.0,2417.0,5548.0,4383.0,16974.0,21300.0,17995.0,0.13573394902761743,0.24633691501642838,3057.0,0.5076369771778705
36047,NY,Kings County,411251.0,176002.0,235249.0,373021.0,2943.0,370078.0,38230.0,1722.0,36508.0,174595.0,236656.0,132831.0,128903.0,61509.0,58372.0,391.0,394.0,7613.0,30223.0,206622.0,192088.0,204629.0,377841.0,354376.0,0.09296026027900237,0.5024230944119285,38230.0,0.5720326515923365
36049,NY,Lewis County,6702.0,2817.0,3885.0,5929.0,17.0,5912.0,773.0,12.0,761.0,3287.0,3415.0,6355.0,28.0,38.0,17.0,,,,635.0,1515.0,1005.0,5187.0,6426.0,5810.0,0.11533870486421964,0.2260519247985676,635.0,0.5796777081468218
36051,NY,Livingston County,15676.0,4183.0,11493.0,13974.0,29.0,13945.0,1702.0,27.0,1675.0,7350.0,8326.0,14560.0,131.0,222.0,74.0,,24.0,335.0,1343.0,2703.0,2012.0,12973.0,14750.0,13781.0,0.10857361571829548,0.17242919112018373,1702.0,0.7331589691247767
36053,NY,Madison County,16606.0,7099.0,9507.0,14785.0,43.0,14742.0,1821.0,22.0,1799.0,7727.0,8879.0,15460.0,82.0,154.0,80.0,78.0,24.0,357.0,1440.0,3254.0,2358.0,13352.0,15344.0,12907.0,0.10965915933999759,0.1959532699024449,1821.0,0.5725039142478622
36055,NY,Monroe County,174481.0,39784.0,134697.0,153418.0,743.0,152675.0,21063.0,553.0,20510.0,77829.0,96652.0,132681.0,20775.0,8751.0,3313.0,96.0,256.0,4971.0,15836.0,36782.0,31108.0,137699.0,162638.0,154796.0,0.12071801514204986,0.2108080535989592,21063.0,0.7719866346478986
36057,NY,Montgomery County,12785.0,4448.0,8337.0,10712.0,56.0,10656.0,2073.0,37.0,2036.0,6055.0,6730.0,10876.0,227.0,948.0,101.0,,34.0,438.0,1601.0,3767.0,3027.0,9018.0,11986.0,10840.0,0.16214313648807196,0.2946421587798201,2073.0,0.6520922956589753
36059,NY,Nassau County,301715.0,202191.0,99524.0,280821.0,1323.0,279498.0,20894.0,622.0,20272.0,136769.0,164946.0,201066.0,29197.0,27684.0,25638.0,223.0,296.0,4226.0,16372.0,53954.0,46988.0,247761.0,268883.0,244637.0,0.06925078302371443,0.1788243872528711,20894.0,0.32986096150340555
36061,NY,New York County,299459.0,157485.0,141974.0,275770.0,1382.0,274388.0,23689.0,706.0,22983.0,126698.0,172761.0,130872.0,44351.0,75686.0,32556.0,125.0,201.0,4720.0,18768.0,115562.0,107771.0,183897.0,270696.0,248873.0,0.07910598779799571,0.3859025776483592,23689.0,0.4741016299393239
36063,NY,Niagara County,54823.0,15082.0,39741.0,47664.0,204.0,47460.0,7159.0,137.0,7022.0,25285.0,29538.0,48158.0,3143.0,909.0,500.0,257.0,76.0,1310.0,5773.0,11195.0,8820.0,43628.0,50819.0,46499.0,0.13058387902887475,0.20420261569049486,7159.0,0.7248964850518943
36065,NY,Oneida County,55552.0,24977.0,30575.0,47775.0,255.0,47520.0,7777.0,128.0,7649.0,25729.0,29823.0,48363.0,2051.0,1703.0,742.0,52.0,104.0,1507.0,6166.0,14340.0,11875.0,41212.0,51881.0,44173.0,0.13999495967741934,0.2581365207373272,7777.0,0.5503852246543779
36067,NY,Onondaga County,104342.0,39353.0,64989.0,92711.0,347.0,92364.0,11631.0,253.0,11378.0,47129.0,57213.0,86789.0,8508.0,2304.0,1544.0,479.0,146.0,2462.0,9023.0,20369.0,16560.0,83973.0,96434.0,85266.0,0.1114699737402005,0.1952138161047325,11631.0,0.622846025569761
36069,NY,Ontario County,29821.0,8026.0,21795.0,27001.0,66.0,26935.0,2820.0,43.0,2777.0,13597.0,16224.0,26953.0,560.0,612.0,166.0,18.0,39.0,612.0,2169.0,4865.0,3612.0,24956.0,27721.0,25921.0,0.09456423325844204,0.16314006907883707,2820.0,0.7308608027899802
36071,NY,Orange County,72273.0,45213.0,27060.0,63615.0,313.0,63302.0,8658.0,228.0,8430.0,33136.0,39137.0,51631.0,7164.0,8549.0,1603.0,62.0,123.0,1696.0,6839.0,13664.0,11952.0,58609.0,66153.0,57856.0,0.11979577435556847,0.1890609217826851,8658.0,0.37441368145780585
36073,NY,Orleans County,10079.0,2873.0,7206.0,8499.0,31.0,8468.0,1580.0,27.0,1553.0,4732.0,5347.0,9184.0,299.0,181.0,22.0,15.0,15.0,311.0,1254.0,2667.0,1951.0,7412.0,9537.0,8863.0,0.15676158349042563,0.26460958428415515,1580.0,0.71495188014684
36075,NY,Oswego County,28325.0,10548.0,17777.0,24113.0,76.0,24037.0,4212.0,57.0,4155.0,13688.0,14637.0,26807.0,147.0,312.0,108.0,57.0,49.0,731.0,3432.0,6372.0,4684.0,21953.0,26633.0,23637.0,0.14870255957634598,0.2249602824360106,4212.0,0.6276081200353045
36077,NY,Otsego County,15544.0,8427.0,7117.0,13698.0,48.0,13650.0,1846.0,27.0,1819.0,7299.0,8245.0,14392.0,162.0,240.0,104.0,,27.0,433.0,1386.0,3357.0,2443.0,12187.0,14540.0,12695.0,0.1187596500257334,0.21596757591353577,1846.0,0.4578615542974781
36079,NY,Putnam County,22293.0,14111.0,8182.0,20571.0,70.0,20501.0,1722.0,39.0,1683.0,10444.0,11849.0,18927.0,447.0,1580.0,345.0,,25.0,290.0,1407.0,2596.0,2157.0,19697.0,20092.0,17652.0,0.07724397793029202,0.11644910958596869,1722.0,0.36702103799398916
36081,NY,Queens County,419561.0,164989.0,254572.0,389736.0,2696.0,387040.0,29825.0,1400.0,28425.0,185303.0,234258.0,124250.0,70089.0,83593.0,107619.0,1760.0,304.0,5362.0,24159.0,181614.0,162096.0,237947.0,382826.0,355296.0,0.07108620677327016,0.4328667345153625,29825.0,0.606758016116846
36083,NY,Rensselaer County,35527.0,15295.0,20232.0,31201.0,125.0,31076.0,4326.0,107.0,4219.0,16337.0,19190.0,31250.0,1760.0,698.0,302.0,20.0,57.0,1017.0,3252.0,6804.0,5765.0,28723.0,32463.0,28790.0,0.1217665437554536,0.1915163115377037,4326.0,0.5694823655248121
36085,NY,Richmond County,99148.0,52544.0,46604.0,88134.0,438.0,87696.0,11014.0,283.0,10731.0,45219.0,53929.0,63958.0,7284.0,10207.0,11714.0,34.0,138.0,1910.0,8966.0,29705.0,27396.0,69443.0,90623.0,80465.0,0.11108645661031992,0.2996026142736112,11014.0,0.4700447815387098
36087,NY,Rockland County,60091.0,40639.0,19452.0,55320.0,277.0,55043.0,4771.0,141.0,4630.0,27137.0,32954.0,39747.0,6869.0,6167.0,3871.0,46.0,85.0,1111.0,3575.0,12829.0,11578.0,47262.0,54221.0,48876.0,0.07939624902231615,0.21349286914845816,4771.0,0.3237090412873808
36091,NY,Saratoga County,57904.0,24367.0,33537.0,52598.0,143.0,52455.0,5306.0,77.0,5229.0,26446.0,31458.0,53219.0,648.0,895.0,749.0,28.0,81.0,1186.0,4039.0,8019.0,6111.0,49885.0,53571.0,47446.0,0.09163442940038685,0.13848784194528876,5306.0,0.5791827852998066
36093,NY,Schenectady County,35511.0,13022.0,22489.0,30973.0,151.0,30822.0,4538.0,114.0,4424.0,16114.0,19397.0,28233.0,2504.0,1274.0,1089.0,117.0,90.0,1087.0,3361.0,8108.0,7020.0,27403.0,32685.0,29683.0,0.1277913885838191,0.22832361803384868,4538.0,0.6332967249584636
36095,NY,Schoharie County,8315.0,4118.0,4197.0,7365.0,17.0,7348.0,950.0,12.0,938.0,3993.0,4322.0,7723.0,62.0,142.0,76.0,,,,776.0,1948.0,1373.0,6367.0,7738.0,6793.0,0.11425135297654841,0.23427540589296453,776.0,0.5047504509921829
36097,NY,Schuyler County,5100.0,2097.0,3003.0,4526.0,12.0,4514.0,574.0,,,2435.0,2665.0,4804.0,30.0,29.0,21.0,,,,464.0,1186.0,850.0,3914.0,4796.0,4220.0,0.11254901960784314,0.23254901960784313,464.0,0.5888235294117647
36099,NY,Seneca County,8322.0,3125.0,5197.0,7191.0,27.0,7164.0,1131.0,12.0,1119.0,3886.0,4436.0,7734.0,87.0,124.0,45.0,,14.0,252.0,865.0,1866.0,1470.0,6456.0,7763.0,7086.0,0.13590483056957461,0.22422494592645997,1131.0,0.6244893054554194
36089,NY,St. Lawrence County,25293.0,12982.0,12311.0,21508.0,61.0,21447.0,3785.0,47.0,3738.0,12232.0,13061.0,23974.0,108.0,144.0,117.0,186.0,40.0,642.0,3103.0,6754.0,5020.0,18539.0,24080.0,21938.0,0.14964614715533942,0.2670304036689993,3785.0,0.48673546040406435
36101,NY,Steuben County,23947.0,9190.0,14757.0,20705.0,58.0,20647.0,3242.0,41.0,3201.0,11363.0,12584.0,22377.0,336.0,178.0,140.0,11.0,32.0,670.0,2540.0,6134.0,4612.0,17813.0,22413.0,19759.0,0.13538230258487494,0.2561489956988349,3242.0,0.6162358541779763
36103,NY,Suffolk County,332047.0,233273.0,98774.0,300181.0,1270.0,298911.0,31866.0,685.0,31181.0,151595.0,180452.0,257113.0,20016.0,30254.0,9711.0,241.0,390.0,6174.0,25302.0,53852.0,45550.0,278195.0,298796.0,269117.0,0.09596834183112632,0.16218185979695646,31866.0,0.2974699364848952
36105,NY,Sullivan County,18274.0,11419.0,6855.0,15544.0,54.0,15490.0,2730.0,45.0,2685.0,9000.0,9274.0,14613.0,1179.0,1461.0,287.0,13.0,45.0,619.0,2066.0,4832.0,4116.0,13442.0,17084.0,14856.0,0.1493925796213199,0.26441939367407247,2730.0,0.37512312575243517
36107,NY,Tioga County,12577.0,4430.0,8147.0,11156.0,24.0,11132.0,1421.0,19.0,1402.0,5916.0,6661.0,11884.0,98.0,113.0,65.0,,24.0,290.0,1107.0,2510.0,1812.0,10067.0,11785.0,10516.0,0.11298401844637036,0.19957064482786038,1421.0,0.6477697384113859
36109,NY,Tompkins County,18992.0,10462.0,8530.0,17358.0,41.0,17317.0,1634.0,28.0,1606.0,8596.0,10396.0,16640.0,553.0,302.0,385.0,14.0,15.0,391.0,1228.0,3297.0,2582.0,15695.0,17302.0,14187.0,0.08603622577927549,0.1735994102780118,1634.0,0.44913647851727045
36111,NY,Ulster County,45184.0,26514.0,18670.0,40539.0,171.0,40368.0,4645.0,81.0,4564.0,20888.0,24296.0,38860.0,1815.0,2008.0,525.0,34.0,56.0,946.0,3643.0,9152.0,7371.0,36032.0,41840.0,35711.0,0.10280187677053824,0.20254957507082152,4645.0,0.4131993626062323
36113,NY,Warren County,19855.0,8049.0,11806.0,17489.0,46.0,17443.0,2366.0,32.0,2334.0,9326.0,10529.0,18592.0,157.0,225.0,131.0,,32.0,531.0,1803.0,4080.0,3043.0,15775.0,18729.0,16362.0,0.11916393855452027,0.2054898010576681,2366.0,0.594610929236968
36115,NY,Washington County,16208.0,6316.0,9892.0,13920.0,34.0,13886.0,2288.0,27.0,2261.0,7669.0,8539.0,15274.0,86.0,127.0,69.0,,29.0,476.0,1783.0,3679.0,2681.0,12529.0,15164.0,13273.0,0.14116485686080948,0.22698667324777888,2288.0,0.6103158933859822
36117,NY,Wayne County,24433.0,6468.0,17965.0,21070.0,93.0,20977.0,3363.0,52.0,3311.0,11669.0,12764.0,22010.0,657.0,527.0,79.0,16.0,32.0,748.0,2583.0,5306.0,4291.0,19127.0,22986.0,21536.0,0.13764171407522613,0.2171653092129497,3363.0,0.7352760610649531
36119,NY,Westchester County,197181.0,120871.0,76310.0,183736.0,829.0,182907.0,13445.0,455.0,12990.0,86791.0,110390.0,123902.0,25255.0,26803.0,9456.0,93.0,192.0,2823.0,10430.0,37583.0,34068.0,159598.0,174982.0,159251.0,0.06818608283759592,0.1906015285448395,13445.0,0.3870048331228668
36121,NY,Wyoming County,9828.0,3144.0,6684.0,8683.0,29.0,8654.0,1145.0,14.0,1131.0,4681.0,5147.0,9268.0,27.0,58.0,30.0,11.0,11.0,193.0,941.0,1888.0,1200.0,7940.0,9191.0,8505.0,0.1165038665038665,0.1921041921041921,1145.0,0.6800976800976801
36123,NY,Yates County,6429.0,1921.0,4508.0,5799.0,17.0,5782.0,630.0,,,3067.0,3362.0,5995.0,27.0,62.0,12.0,,,,496.0,1312.0,900.0,5117.0,6029.0,5545.0,0.09799346710219319,0.20407528386996424,496.0,0.701197697931249
36999,NY,Unknown,,,,,,,,,,,,,,,,,,,,,,,,,,,0.0,
37001,NC,Alamance County,38530.0,11545.0,26985.0,33885.0,199.0,33686.0,4645.0,206.0,4439.0,16798.0,21732.0,27905.0,8098.0,1236.0,398.0,15.0,49.0,839.0,3757.0,6510.0,4821.0,32020.0,36171.0,32901.0,0.12055541136776537,0.1689592525304957,4645.0,0.7003633532312484
37003,NC,Alexander County,8871.0,3073.0,5798.0,7762.0,26.0,7736.0,1109.0,20.0,1089.0,4104.0,4767.0,8193.0,387.0,111.0,46.0,,11.0,154.0,944.0,1270.0,816.0,7601.0,8416.0,7556.0,0.12501409085785142,0.1431631157704881,1109.0,0.6535903505805434
37005,NC,Alleghany County,3811.0,1685.0,2126.0,3410.0,,,401.0,,,1825.0,1986.0,3590.0,50.0,80.0,,,,,350.0,585.0,402.0,3226.0,3687.0,3203.0,0.10522172658094989,0.1535030175806875,350.0,0.5578588297034899
37007,NC,Anson County,5723.0,2022.0,3701.0,4665.0,42.0,4623.0,1058.0,63.0,995.0,2575.0,3148.0,2946.0,2608.0,39.0,32.0,,,,846.0,1516.0,1012.0,4207.0,5418.0,4867.0,0.18486807618381967,0.264896033548838,846.0,0.6466887995806395
37009,NC,Ashe County,8664.0,4425.0,4239.0,7738.0,17.0,7721.0,926.0,,,3994.0,4670.0,8334.0,40.0,103.0,22.0,,,,778.0,1481.0,980.0,7183.0,8312.0,7314.0,0.10687903970452448,0.17093721144967683,778.0,0.48926592797783935
37011,NC,Avery County,5187.0,2569.0,2618.0,4730.0,11.0,4719.0,457.0,,,2372.0,2815.0,4981.0,18.0,48.0,,,,,382.0,778.0,577.0,4409.0,4950.0,4312.0,0.0881048775785618,0.1499903605166763,382.0,0.50472334682861
37013,NC,Beaufort County,14732.0,6745.0,7987.0,13031.0,70.0,12961.0,1701.0,65.0,1636.0,6756.0,7976.0,10822.0,3342.0,133.0,46.0,,31.0,351.0,1319.0,2678.0,1996.0,12054.0,13970.0,12077.0,0.11546293782242736,0.1817811566657616,1701.0,0.54215313603041
37015,NC,Bertie County,5584.0,2414.0,3170.0,4629.0,44.0,4585.0,955.0,26.0,929.0,2538.0,3046.0,2207.0,3262.0,22.0,16.0,,14.0,169.0,772.0,1631.0,1185.0,3953.0,5311.0,4663.0,0.1710243553008596,0.2920845272206304,955.0,0.5676934097421203
37017,NC,Bladen County,8176.0,2806.0,5370.0,6871.0,56.0,6815.0,1305.0,42.0,1263.0,3696.0,4480.0,4961.0,2872.0,97.0,11.0,51.0,,,1075.0,1985.0,1491.0,6191.0,7808.0,6672.0,0.15961350293542073,0.24278375733855187,1075.0,0.6568003913894325
37019,NC,Brunswick County,66649.0,37620.0,29029.0,62486.0,140.0,62346.0,4163.0,78.0,4085.0,31000.0,35649.0,59569.0,3585.0,945.0,317.0,59.0,46.0,727.0,3390.0,3995.0,2948.0,62654.0,63612.0,54648.0,0.06246155231136251,0.059940884334348604,4163.0,0.4355504208615283
37021,NC,Buncombe County,67024.0,34917.0,32107.0,60837.0,181.0,60656.0,6187.0,122.0,6065.0,29802.0,37222.0,59340.0,3494.0,1083.0,522.0,68.0,74.0,1278.0,4835.0,8812.0,6610.0,58212.0,62861.0,54703.0,0.0923102172356171,0.13147529243256148,6187.0,0.47903735975173073
37023,NC,Burke County,22331.0,8144.0,14187.0,19168.0,74.0,19094.0,3163.0,99.0,3064.0,10142.0,12189.0,19950.0,1304.0,339.0,322.0,17.0,40.0,496.0,2627.0,3866.0,2694.0,18465.0,21275.0,18816.0,0.14164166405445344,0.17312256504410908,3163.0,0.6353051811383279
37025,NC,Cabarrus County,39890.0,15131.0,24759.0,35342.0,135.0,35207.0,4548.0,188.0,4360.0,17602.0,22288.0,29525.0,7010.0,1502.0,692.0,28.0,62.0,835.0,3651.0,5526.0,4077.0,34364.0,37174.0,32824.0,0.11401353722737528,0.13853096014038607,4548.0,0.6206818751566808
37027,NC,Caldwell County,20912.0,7120.0,13792.0,17988.0,89.0,17899.0,2924.0,70.0,2854.0,9624.0,11288.0,19165.0,926.0,361.0,88.0,11.0,41.0,443.0,2440.0,4146.0,2653.0,16766.0,19979.0,17920.0,0.1398240244835501,0.19825937260902832,2924.0,0.6595256312165264
37029,NC,Camden County,2340.0,1541.0,799.0,2142.0,12.0,2130.0,198.0,,,1128.0,1212.0,1883.0,362.0,22.0,19.0,,,,170.0,200.0,131.0,2140.0,2175.0,1572.0,0.08461538461538462,0.08547008547008547,170.0,0.34145299145299146
37031,NC,Carteret County,21702.0,12886.0,8816.0,19991.0,53.0,19938.0,1711.0,23.0,1688.0,9976.0,11726.0,19740.0,969.0,229.0,117.0,24.0,15.0,259.0,1437.0,2187.0,1592.0,19515.0,20534.0,16230.0,0.07884065984701871,0.10077412220071882,1711.0,0.4062298405676896
37033,NC,Caswell County,5623.0,1776.0,3847.0,4809.0,30.0,4779.0,814.0,22.0,792.0,2573.0,3050.0,3448.0,2011.0,58.0,,,,,685.0,1104.0,782.0,4519.0,5317.0,4851.0,0.14476258225146718,0.19633647519117908,685.0,0.6841543659967989
37035,NC,Catawba County,39560.0,15623.0,23937.0,35012.0,157.0,34855.0,4548.0,134.0,4414.0,17835.0,21725.0,34141.0,2882.0,1015.0,698.0,25.0,48.0,749.0,3751.0,5773.0,3901.0,33787.0,37271.0,33318.0,0.11496461071789686,0.14593023255813953,4548.0,0.6050808897876643
37037,NC,Chatham County,21048.0,9677.0,11371.0,19905.0,69.0,19836.0,1143.0,35.0,1108.0,9394.0,11654.0,17156.0,2345.0,438.0,320.0,15.0,16.0,221.0,906.0,1668.0,1139.0,19380.0,19769.0,17749.0,0.05430444697833523,0.07924743443557583,1143.0,0.5402413530976815
37039,NC,Cherokee County,11037.0,5373.0,5664.0,9883.0,24.0,9859.0,1154.0,14.0,1140.0,5269.0,5768.0,10272.0,95.0,167.0,37.0,231.0,,,984.0,1635.0,1079.0,9402.0,10580.0,8864.0,0.10455739784361692,0.14813808100027182,984.0,0.5131829301440609
37041,NC,Chowan County,4442.0,2463.0,1979.0,3966.0,25.0,3941.0,476.0,19.0,457.0,1980.0,2462.0,2974.0,1326.0,40.0,12.0,,,,384.0,807.0,628.0,3635.0,4222.0,3562.0,0.10715893741557857,0.18167492120666368,384.0,0.4455200360198109
37043,NC,Clay County,4749.0,2621.0,2128.0,4336.0,,,413.0,,,2240.0,2509.0,4533.0,15.0,65.0,,,,,348.0,564.0,400.0,4185.0,4583.0,3789.0,0.08696567698462834,0.11876184459886292,348.0,0.44809433564961043
37045,NC,Cleveland County,25163.0,9528.0,15635.0,21216.0,121.0,21095.0,3947.0,138.0,3809.0,11350.0,13813.0,19331.0,4850.0,318.0,157.0,15.0,39.0,667.0,3241.0,5028.0,3606.0,20135.0,23928.0,21289.0,0.15685729046616062,0.1998171919087549,3947.0,0.6213488057862735
37047,NC,Columbus County,13748.0,5622.0,8126.0,11379.0,76.0,11303.0,2369.0,57.0,2312.0,6156.0,7592.0,8919.0,4251.0,115.0,17.0,122.0,19.0,408.0,1942.0,3450.0,2572.0,10298.0,13076.0,11334.0,0.17231597323247017,0.2509455920861216,2369.0,0.5910677916787896
37049,NC,Craven County,28258.0,16951.0,11307.0,25389.0,123.0,25266.0,2869.0,80.0,2789.0,12649.0,15609.0,21426.0,5270.0,527.0,260.0,26.0,43.0,539.0,2287.0,3581.0,2680.0,24677.0,26670.0,20438.0,0.10152877061363154,0.12672517517163281,2869.0,0.4001344751928657
37051,NC,Cumberland County,61123.0,26929.0,34194.0,50508.0,448.0,50060.0,10615.0,410.0,10205.0,26738.0,34385.0,28036.0,26283.0,3315.0,1372.0,338.0,118.0,2117.0,8380.0,13836.0,11163.0,47287.0,57473.0,39237.0,0.17366621402745283,0.22636323478886836,10615.0,0.5594293473815094
37053,NC,Currituck County,7168.0,4839.0,2329.0,6576.0,22.0,6554.0,592.0,,,3405.0,3763.0,6404.0,405.0,102.0,48.0,,,,478.0,616.0,424.0,6552.0,6642.0,4882.0,0.08258928571428571,0.0859375,478.0,0.32491629464285715
37055,NC,Dare County,11225.0,8245.0,2980.0,10685.0,28.0,10657.0,540.0,,,5285.0,5940.0,10449.0,192.0,147.0,48.0,,,,442.0,639.0,446.0,10586.0,10524.0,8758.0,0.048106904231625836,0.05692650334075724,442.0,0.26547884187082404
37057,NC,Davidson County,39145.0,10846.0,28299.0,34015.0,187.0,33828.0,5130.0,129.0,5001.0,17851.0,21294.0,33306.0,3604.0,768.0,326.0,34.0,59.0,802.0,4269.0,6344.0,4298.0,32801.0,37188.0,33980.0,0.13105121982373227,0.16206412057734065,5130.0,0.7229275769574658
37059,NC,Davie County,11980.0,4015.0,7965.0,10732.0,34.0,10698.0,1248.0,21.0,1227.0,5400.0,6580.0,10589.0,769.0,232.0,43.0,,13.0,183.0,1052.0,1346.0,921.0,10634.0,11375.0,10227.0,0.10417362270450752,0.11235392320534224,1248.0,0.6648580968280468
37061,NC,Duplin County,11420.0,5002.0,6418.0,9878.0,89.0,9789.0,1542.0,65.0,1477.0,5171.0,6249.0,7273.0,3475.0,455.0,18.0,,23.0,258.0,1261.0,2461.0,1851.0,8959.0,10721.0,8992.0,0.1350262697022767,0.21549912434325744,1542.0,0.5619964973730298
37063,NC,Durham County,55689.0,27131.0,28558.0,50384.0,340.0,50044.0,5305.0,303.0,5002.0,24048.0,31641.0,30443.0,19729.0,1585.0,1766.0,27.0,77.0,1253.0,3975.0,7186.0,5844.0,48503.0,50427.0,45051.0,0.0952611826393004,0.1290380506024529,5305.0,0.5128122250354649
37065,NC,Edgecombe County,13308.0,4800.0,8508.0,11058.0,137.0,10921.0,2250.0,117.0,2133.0,5875.0,7433.0,5380.0,7566.0,151.0,21.0,,35.0,438.0,1777.0,4050.0,2997.0,9258.0,12569.0,11244.0,0.1690712353471596,0.30432822362488726,2250.0,0.6393146979260595
37067,NC,Forsyth County,84734.0,27680.0,57054.0,75029.0,408.0,74621.0,9705.0,399.0,9306.0,36685.0,48049.0,57620.0,20262.0,2629.0,981.0,52.0,138.0,1939.0,7628.0,13038.0,9852.0,71696.0,79186.0,72168.0,0.11453489744376519,0.15386975712228856,9705.0,0.6733306582953714
37069,NC,Franklin County,16207.0,6975.0,9232.0,14313.0,89.0,14224.0,1894.0,76.0,1818.0,7378.0,8829.0,11361.0,3959.0,390.0,114.0,14.0,22.0,348.0,1524.0,2440.0,1715.0,13767.0,15162.0,13170.0,0.11686308385265626,0.15055223051767755,1894.0,0.5696304066144259
37071,NC,Gaston County,49285.0,18368.0,30917.0,42686.0,187.0,42499.0,6599.0,229.0,6370.0,21542.0,27743.0,38740.0,7526.0,1402.0,508.0,45.0,74.0,1110.0,5415.0,8629.0,6099.0,40656.0,46229.0,41371.0,0.13389469412600183,0.17508369686517197,6599.0,0.6273105407324744
37073,NC,Gates County,2834.0,1616.0,1218.0,2458.0,19.0,2439.0,376.0,16.0,360.0,1323.0,1511.0,1747.0,1027.0,17.0,,,,,323.0,463.0,336.0,2371.0,2644.0,2133.0,0.13267466478475654,0.16337332392378265,323.0,0.4297812279463656
37075,NC,Graham County,2320.0,1019.0,1301.0,2005.0,,,315.0,,,1081.0,1239.0,2178.0,,15.0,,73.0,,,266.0,474.0,329.0,1846.0,2213.0,1885.0,0.13577586206896552,0.2043103448275862,266.0,0.5607758620689656
37077,NC,Granville County,12994.0,5390.0,7604.0,11247.0,101.0,11146.0,1747.0,65.0,1682.0,5933.0,7061.0,8085.0,4333.0,233.0,53.0,12.0,16.0,286.0,1445.0,2254.0,1706.0,10740.0,12140.0,10647.0,0.1344466676927813,0.17346467600430968,1747.0,0.5851931660766507
37079,NC,Greene County,3997.0,1621.0,2376.0,3413.0,31.0,3382.0,584.0,24.0,560.0,1817.0,2180.0,2295.0,1535.0,91.0,,,,,460.0,853.0,643.0,3144.0,3775.0,3270.0,0.14610958218663997,0.21341005754315737,460.0,0.5944458343757818
37081,NC,Guilford County,111159.0,33388.0,77771.0,98580.0,547.0,98033.0,12579.0,622.0,11957.0,48373.0,62786.0,69993.0,32011.0,2763.0,2911.0,110.0,170.0,2599.0,9810.0,18228.0,13773.0,92931.0,103726.0,94974.0,0.11316222708012846,0.16398132404933474,12579.0,0.6996374562563535
37083,NC,Halifax County,14176.0,5271.0,8905.0,11806.0,118.0,11688.0,2370.0,118.0,2252.0,6262.0,7914.0,6116.0,7392.0,82.0,52.0,156.0,42.0,478.0,1850.0,4129.0,3112.0,10047.0,13497.0,11981.0,0.16718397291196388,0.29126693002257337,2370.0,0.6281743792325056
37085,NC,Harnett County,23625.0,10275.0,13350.0,20026.0,134.0,19892.0,3599.0,108.0,3491.0,10613.0,13012.0,16916.0,5083.0,910.0,175.0,58.0,40.0,597.0,2962.0,4212.0,3050.0,19413.0,22177.0,17880.0,0.15233862433862433,0.1782857142857143,3599.0,0.5650793650793651
37087,NC,Haywood County,19507.0,9156.0,10351.0,17412.0,40.0,17372.0,2095.0,30.0,2065.0,8796.0,10711.0,18454.0,198.0,247.0,72.0,35.0,22.0,315.0,1758.0,2590.0,1900.0,16917.0,18595.0,15644.0,0.10739734454298457,0.1327728507715179,2095.0,0.5306300302455529
37089,NC,Henderson County,37349.0,19928.0,17421.0,34674.0,90.0,34584.0,2675.0,42.0,2633.0,16454.0,20895.0,34233.0,877.0,832.0,281.0,21.0,26.0,498.0,2151.0,3443.0,2592.0,33906.0,35437.0,30413.0,0.071621730166805,0.09218452970628398,2675.0,0.46643819111622803
37091,NC,Hertford County,5746.0,2469.0,3277.0,4896.0,50.0,4846.0,850.0,25.0,825.0,2531.0,3215.0,2148.0,3472.0,27.0,18.0,,12.0,132.0,706.0,1681.0,1300.0,4065.0,5456.0,4786.0,0.14792899408284024,0.29255134006265227,850.0,0.5703097807170205
37093,NC,Hoke County,8231.0,3401.0,4830.0,6544.0,69.0,6475.0,1687.0,62.0,1625.0,3782.0,4449.0,3386.0,3688.0,471.0,107.0,275.0,18.0,320.0,1349.0,1874.0,1429.0,6357.0,7760.0,5499.0,0.20495687036812052,0.22767585955533956,1687.0,0.5868059774025027
37095,NC,Hyde County,1313.0,614.0,699.0,1180.0,,,133.0,,,617.0,696.0,910.0,369.0,,,0.0,,,115.0,273.0,176.0,1040.0,1251.0,1072.0,0.1012947448591013,0.2079207920792079,115.0,0.5323686214775324
37097,NC,Iredell County,41298.0,17002.0,24296.0,36745.0,141.0,36604.0,4553.0,117.0,4436.0,18680.0,22618.0,33839.0,4683.0,1273.0,379.0,21.0,52.0,833.0,3668.0,5058.0,3505.0,36240.0,38774.0,34425.0,0.11024746961111918,0.12247566468109836,4553.0,0.5883093612281466
37099,NC,Jackson County,9407.0,4765.0,4642.0,8451.0,22.0,8429.0,956.0,21.0,935.0,4289.0,5118.0,8603.0,75.0,134.0,52.0,237.0,,,791.0,1351.0,982.0,8056.0,8937.0,7621.0,0.10162644838949718,0.14361645583076432,791.0,0.49346231529711915
37101,NC,Johnston County,40169.0,17071.0,23098.0,35095.0,196.0,34899.0,5074.0,168.0,4906.0,17818.0,22351.0,30215.0,7053.0,1694.0,285.0,34.0,63.0,904.0,4107.0,5845.0,4315.0,34324.0,37533.0,32232.0,0.126316313575145,0.1455102193233588,5074.0,0.5750205382259952
37103,NC,Jones County,3018.0,1399.0,1619.0,2633.0,23.0,2610.0,385.0,12.0,373.0,1362.0,1656.0,1988.0,935.0,40.0,14.0,,,,324.0,592.0,432.0,2426.0,2847.0,2327.0,0.12756792577866136,0.19615639496355203,324.0,0.5364479787939033
37105,NC,Lee County,15255.0,6912.0,8343.0,13324.0,82.0,13242.0,1931.0,67.0,1864.0,6894.0,8361.0,10976.0,2899.0,840.0,172.0,13.0,26.0,371.0,1534.0,2327.0,1726.0,12928.0,14071.0,11885.0,0.12658144870534252,0.15254015077023927,1931.0,0.5469026548672566
37107,NC,Lenoir County,15310.0,6658.0,8652.0,12691.0,104.0,12587.0,2619.0,107.0,2512.0,6762.0,8548.0,8424.0,6314.0,236.0,53.0,20.0,41.0,537.0,2041.0,4133.0,3159.0,11177.0,14392.0,12401.0,0.17106466361854997,0.2699542782495101,2619.0,0.5651208360548661
37109,NC,Lincoln County,22991.0,9978.0,13013.0,20628.0,63.0,20565.0,2363.0,43.0,2320.0,10644.0,12347.0,20366.0,1202.0,646.0,125.0,17.0,25.0,344.0,1994.0,2746.0,1883.0,20245.0,21757.0,19366.0,0.10277934844069418,0.11943804097255448,2363.0,0.5660040885563916
37113,NC,Macon County,12844.0,7044.0,5800.0,11789.0,29.0,11760.0,1055.0,,,5850.0,6994.0,12192.0,66.0,191.0,58.0,17.0,11.0,147.0,897.0,1517.0,1085.0,11327.0,12271.0,10250.0,0.0821395203986297,0.11810962317035191,1055.0,0.4515727187791965
37115,NC,Madison County,6377.0,2817.0,3560.0,5564.0,,,813.0,,,2933.0,3444.0,6124.0,20.0,44.0,19.0,,,,680.0,1098.0,813.0,5279.0,6030.0,5262.0,0.12748941508546338,0.17218127646228634,680.0,0.5582562333385604
37117,NC,Martin County,6701.0,2771.0,3930.0,5749.0,62.0,5687.0,952.0,27.0,925.0,2985.0,3716.0,3665.0,2837.0,66.0,17.0,,13.0,158.0,781.0,1541.0,1103.0,5160.0,6416.0,5619.0,0.14206834800776003,0.22996567676466198,952.0,0.5864796299059842
37111,NC,Mcdowell County,12503.0,4740.0,7763.0,10505.0,29.0,10476.0,1998.0,30.0,1968.0,5876.0,6627.0,11644.0,373.0,159.0,65.0,12.0,14.0,321.0,1663.0,2424.0,1649.0,10079.0,11826.0,10345.0,0.1598016476045749,0.1938734703671119,1998.0,0.6208909861633208
37119,NC,Mecklenburg County,166292.0,75546.0,90746.0,150443.0,851.0,149592.0,15849.0,994.0,14855.0,71606.0,94686.0,94111.0,52305.0,7952.0,5822.0,111.0,231.0,3458.0,12160.0,26086.0,20806.0,140206.0,152712.0,136578.0,0.09530825295263753,0.15686864070430329,15849.0,0.5457027397589782
37121,NC,Mitchell County,4661.0,2074.0,2587.0,4051.0,,,610.0,,,2108.0,2553.0,4490.0,24.0,34.0,13.0,,,,510.0,820.0,552.0,3841.0,4435.0,3843.0,0.13087320317528428,0.17592791246513623,510.0,0.5550311092040334
37123,NC,Montgomery County,6585.0,2418.0,4167.0,5747.0,35.0,5712.0,838.0,20.0,818.0,3022.0,3563.0,5142.0,1146.0,121.0,66.0,,11.0,145.0,682.0,1346.0,923.0,5239.0,6266.0,5567.0,0.12725892179195142,0.2044039483675019,838.0,0.6328018223234624
37125,NC,Moore County,29558.0,14654.0,14904.0,27393.0,107.0,27286.0,2165.0,64.0,2101.0,13208.0,16350.0,24770.0,3116.0,469.0,209.0,57.0,22.0,375.0,1768.0,2792.0,1999.0,26766.0,28167.0,23594.0,0.07324582177413898,0.09445835306854321,2165.0,0.5042289735435415
37127,NC,Nash County,24325.0,10285.0,14040.0,20956.0,194.0,20762.0,3369.0,143.0,3226.0,10616.0,13709.0,13681.0,9615.0,417.0,125.0,38.0,37.0,602.0,2730.0,4890.0,3569.0,19435.0,22858.0,20028.0,0.1384994861253854,0.2010277492291881,3369.0,0.5771839671120247
37129,NC,New Hanover County,54532.0,30329.0,24203.0,49789.0,162.0,49627.0,4743.0,111.0,4632.0,23949.0,30583.0,44845.0,6548.0,920.0,426.0,49.0,74.0,996.0,3673.0,6016.0,4658.0,48516.0,51314.0,43903.0,0.08697645419203404,0.11032054573461454,4743.0,0.44383114501577053
37131,NC,Northampton County,5686.0,2318.0,3368.0,4912.0,56.0,4856.0,774.0,30.0,744.0,2567.0,3119.0,2423.0,3159.0,24.0,12.0,,,,648.0,1314.0,965.0,4372.0,5433.0,4721.0,0.13612381287372494,0.2310939148786493,648.0,0.5923320436158988
37133,NC,Onslow County,32795.0,18520.0,14275.0,27930.0,121.0,27809.0,4865.0,107.0,4758.0,14988.0,17807.0,24740.0,5304.0,1294.0,548.0,47.0,54.0,990.0,3821.0,4923.0,3540.0,27872.0,30934.0,20880.0,0.14834578441835647,0.15011434669919194,4865.0,0.4352797682573563
37135,NC,Orange County,28994.0,14483.0,14511.0,27173.0,105.0,27068.0,1821.0,48.0,1773.0,12995.0,15999.0,22631.0,3395.0,617.0,867.0,11.0,31.0,436.0,1354.0,2374.0,1900.0,26620.0,26332.0,23662.0,0.06280609781334069,0.08187900945023108,1821.0,0.5004828585224529
37137,NC,Pamlico County,4492.0,2614.0,1878.0,4165.0,21.0,4144.0,327.0,,,2148.0,2344.0,3672.0,621.0,46.0,23.0,,,,270.0,479.0,349.0,4013.0,4252.0,3471.0,0.07279608192341941,0.10663401602849511,270.0,0.41807658058771147
37139,NC,Pasquotank County,9803.0,5503.0,4300.0,8561.0,61.0,8500.0,1242.0,57.0,1185.0,4353.0,5450.0,6063.0,3271.0,137.0,72.0,,17.0,249.0,976.0,1716.0,1306.0,8087.0,9226.0,7145.0,0.12669590941548506,0.17504845455472814,1242.0,0.4386412322758339
37141,NC,Pender County,15406.0,7594.0,7812.0,13646.0,64.0,13582.0,1760.0,53.0,1707.0,7102.0,8304.0,12273.0,2439.0,259.0,48.0,11.0,24.0,316.0,1420.0,2053.0,1496.0,13353.0,14590.0,12230.0,0.11424120472543164,0.13325976892119953,1760.0,0.5070751655199273
37143,NC,Perquimans County,4424.0,2572.0,1852.0,3979.0,23.0,3956.0,445.0,19.0,426.0,2077.0,2347.0,3477.0,812.0,30.0,12.0,,,,363.0,626.0,454.0,3798.0,4196.0,3338.0,0.1005877034358047,0.141500904159132,363.0,0.41862567811934903
37145,NC,Person County,10503.0,4092.0,6411.0,9136.0,49.0,9087.0,1367.0,35.0,1332.0,4749.0,5754.0,7291.0,2810.0,145.0,20.0,,15.0,233.0,1119.0,1786.0,1242.0,8717.0,9891.0,8977.0,0.13015328953632296,0.17004665333714178,1367.0,0.6103970294201657
37147,NC,Pitt County,34991.0,15356.0,19635.0,29187.0,249.0,28938.0,5804.0,217.0,5587.0,15501.0,19490.0,19966.0,13306.0,618.0,314.0,24.0,81.0,1359.0,4364.0,8015.0,6359.0,26976.0,32754.0,28263.0,0.16587122402903604,0.2290589008602212,5804.0,0.5611442942470921
37149,NC,Polk County,7267.0,4231.0,3036.0,6758.0,17.0,6741.0,509.0,,,3211.0,4056.0,6714.0,237.0,86.0,29.0,,,,428.0,720.0,516.0,6547.0,6904.0,5788.0,0.07004265859364249,0.09907802394385579,428.0,0.41777900096325854
37151,NC,Randolph County,32184.0,8230.0,23954.0,27959.0,92.0,27867.0,4225.0,96.0,4129.0,14701.0,17483.0,28326.0,2073.0,864.0,215.0,50.0,54.0,664.0,3507.0,5370.0,3530.0,26814.0,30642.0,28206.0,0.13127641063882675,0.1668530947054437,4225.0,0.7442828734775043
37153,NC,Richmond County,10720.0,3825.0,6895.0,8644.0,78.0,8566.0,2076.0,63.0,2013.0,4837.0,5883.0,7047.0,3205.0,152.0,67.0,52.0,12.0,379.0,1685.0,2794.0,2052.0,7926.0,10243.0,8871.0,0.19365671641791044,0.26063432835820893,2076.0,0.6431902985074627
37155,NC,Robeson County,27084.0,7505.0,19579.0,21704.0,223.0,21481.0,5380.0,197.0,5183.0,12058.0,15026.0,10533.0,7126.0,476.0,134.0,5115.0,78.0,1013.0,4289.0,8883.0,6515.0,18201.0,25779.0,22483.0,0.1986412642150347,0.3279796189632255,5380.0,0.7228991286368336
37157,NC,Rockingham County,25065.0,6036.0,19029.0,21199.0,113.0,21086.0,3866.0,88.0,3778.0,11315.0,13750.0,19132.0,4930.0,360.0,88.0,20.0,37.0,580.0,3249.0,5038.0,3499.0,20027.0,23847.0,21952.0,0.1542389786554957,0.20099740674246958,3866.0,0.7591861160981448
37159,NC,Rowan County,33374.0,11431.0,21943.0,28899.0,132.0,28767.0,4475.0,105.0,4370.0,15236.0,18138.0,26667.0,4996.0,766.0,218.0,21.0,44.0,744.0,3687.0,5295.0,3965.0,28079.0,31133.0,27402.0,0.13408641457421946,0.15865643914424402,4475.0,0.6574878648049379
37161,NC,Rutherford County,17583.0,7517.0,10066.0,15146.0,63.0,15083.0,2437.0,48.0,2389.0,7998.0,9585.0,15389.0,1469.0,279.0,62.0,,25.0,406.0,2006.0,3159.0,2198.0,14424.0,16694.0,14554.0,0.1385997838821589,0.1796621736904965,2437.0,0.5724847864414492
37163,NC,Sampson County,13527.0,5056.0,8471.0,11598.0,106.0,11492.0,1929.0,85.0,1844.0,6096.0,7431.0,8378.0,4200.0,518.0,41.0,114.0,16.0,320.0,1593.0,2910.0,2150.0,10617.0,12760.0,10866.0,0.14260368152583722,0.21512530494566423,1929.0,0.6262290234346123
37165,NC,Scotland County,8395.0,2790.0,5605.0,6831.0,70.0,6761.0,1564.0,52.0,1512.0,3668.0,4727.0,4667.0,3095.0,69.0,44.0,241.0,18.0,277.0,1269.0,2155.0,1543.0,6240.0,8010.0,6947.0,0.1863013698630137,0.25670041691483025,1564.0,0.6676593210244193
37167,NC,Stanly County,16010.0,6040.0,9970.0,13815.0,53.0,13762.0,2195.0,51.0,2144.0,7285.0,8725.0,13677.0,1655.0,184.0,138.0,,35.0,419.0,1741.0,2664.0,1916.0,13346.0,15232.0,13582.0,0.13710181136789507,0.16639600249843847,2195.0,0.622735790131168
37169,NC,Stokes County,12453.0,3519.0,8934.0,10754.0,34.0,10720.0,1699.0,21.0,1678.0,5626.0,6827.0,11428.0,552.0,109.0,29.0,,23.0,238.0,1438.0,1823.0,1236.0,10630.0,11876.0,10853.0,0.13643298803501164,0.14639042800931504,1699.0,0.7174174897615032
37171,NC,Surry County,19523.0,5878.0,13645.0,16517.0,66.0,16451.0,3006.0,48.0,2958.0,8847.0,10676.0,17878.0,788.0,417.0,54.0,,32.0,414.0,2560.0,3962.0,2635.0,15561.0,18740.0,16797.0,0.15397223787327768,0.20294012190749372,3006.0,0.6989192234799979
37173,NC,Swain County,4138.0,2290.0,1848.0,3579.0,22.0,3557.0,559.0,39.0,520.0,1888.0,2250.0,3075.0,37.0,45.0,13.0,692.0,11.0,96.0,452.0,779.0,595.0,3359.0,3915.0,3152.0,0.13508941517641374,0.18825519574673755,559.0,0.44659255679072013
37175,NC,Transylvania County,10995.0,5453.0,5542.0,10211.0,24.0,10187.0,784.0,,,5022.0,5973.0,10245.0,239.0,103.0,42.0,,,,658.0,1057.0,757.0,9938.0,10530.0,9174.0,0.07130513869940883,0.09613460663938153,658.0,0.5040472942246476
37177,NC,Tyrrell County,894.0,454.0,440.0,801.0,,,93.0,,,415.0,479.0,550.0,298.0,17.0,12.0,0.0,,,83.0,207.0,155.0,687.0,855.0,745.0,0.1040268456375839,0.23154362416107382,83.0,0.49217002237136465
37179,NC,Union County,42246.0,20065.0,22181.0,38839.0,145.0,38694.0,3407.0,124.0,3283.0,19075.0,23171.0,33085.0,5161.0,1715.0,936.0,40.0,45.0,639.0,2723.0,4276.0,3347.0,37970.0,39340.0,34679.0,0.08064668844387635,0.10121668323628273,3407.0,0.5250437911281541
37181,NC,Vance County,11024.0,3571.0,7453.0,9140.0,89.0,9051.0,1884.0,87.0,1797.0,4873.0,6151.0,5414.0,5246.0,145.0,41.0,,15.0,387.0,1482.0,3112.0,2405.0,7912.0,10403.0,9234.0,0.170899854862119,0.2822931785195936,1884.0,0.6760703918722787
37183,NC,Wake County,188670.0,90637.0,98033.0,173479.0,863.0,172616.0,15191.0,696.0,14495.0,82645.0,106025.0,130436.0,36152.0,6547.0,7954.0,134.0,202.0,3373.0,11616.0,18758.0,15107.0,169912.0,172495.0,152948.0,0.0805162452960195,0.09942227169131287,15191.0,0.5196003604176604
37185,NC,Warren County,5182.0,2103.0,3079.0,4515.0,45.0,4470.0,667.0,27.0,640.0,2375.0,2807.0,2378.0,2484.0,51.0,,76.0,14.0,113.0,540.0,1112.0,836.0,4070.0,4893.0,4140.0,0.12871478193747588,0.21458896179081435,667.0,0.5941721343110768
37187,NC,Washington County,3569.0,1626.0,1943.0,3085.0,31.0,3054.0,484.0,24.0,460.0,1673.0,1896.0,1845.0,1625.0,22.0,,,,,407.0,836.0,655.0,2733.0,3400.0,3007.0,0.13561221630708883,0.23423928271224434,407.0,0.544410198935276
37189,NC,Watauga County,10060.0,5135.0,4925.0,9340.0,26.0,9314.0,720.0,11.0,709.0,4667.0,5393.0,9467.0,91.0,104.0,43.0,,,,562.0,931.0,729.0,9129.0,9503.0,8287.0,0.07157057654075547,0.09254473161033797,562.0,0.48956262425447317
37191,NC,Wayne County,26009.0,11195.0,14814.0,22030.0,169.0,21861.0,3979.0,122.0,3857.0,11538.0,14471.0,15385.0,9058.0,745.0,255.0,15.0,48.0,746.0,3185.0,5336.0,3991.0,20673.0,24590.0,19202.0,0.15298550501749394,0.20515975239340228,3979.0,0.569572071206121
37193,NC,Wilkes County,18357.0,5609.0,12748.0,15624.0,55.0,15569.0,2733.0,39.0,2694.0,8387.0,9970.0,16989.0,724.0,298.0,47.0,,27.0,421.0,2285.0,3644.0,2392.0,14713.0,17671.0,16039.0,0.14888053603529988,0.19850738138039986,2733.0,0.6944489840387863
37195,NC,Wilson County,19185.0,8178.0,11007.0,16414.0,137.0,16277.0,2771.0,128.0,2643.0,8400.0,10785.0,10626.0,7640.0,427.0,80.0,,27.0,508.0,2236.0,4292.0,3212.0,14893.0,18098.0,15886.0,0.14443575710190254,0.22371644513943184,2771.0,0.5737294761532448
37197,NC,Yadkin County,9681.0,2561.0,7120.0,8312.0,26.0,8286.0,1369.0,26.0,1343.0,4418.0,5263.0,8912.0,325.0,204.0,20.0,,12.0,195.0,1162.0,1471.0,995.0,8210.0,9275.0,8487.0,0.14141101125916744,0.15194711290155977,1369.0,0.73546121268464
37199,NC,Yancey County,5819.0,2686.0,3133.0,5151.0,11.0,5140.0,668.0,,,2661.0,3158.0,5587.0,30.0,56.0,,,,,547.0,944.0,684.0,4875.0,5553.0,4708.0,0.1147963567623303,0.162227186801856,547.0,0.5384086612820073
37999,NC,Unknown,,,,,,,,,,,,,,,,,,,,,,,,,,,0.0,
38001,ND,Adams County,701.0,486.0,215.0,664.0,,,37.0,,,333.0,368.0,681.0,,,0.0,,,,30.0,45.0,30.0,656.0,661.0,564.0,0.052781740370898715,0.06419400855920114,30.0,0.3067047075606277
38003,ND,Barnes County,2883.0,1802.0,1081.0,2636.0,,,247.0,,,1416.0,1467.0,2726.0,15.0,,,,,,177.0,274.0,214.0,2609.0,2646.0,2268.0,0.0856746444675685,0.09503988900450919,177.0,0.374956642386403
38005,ND,Benson County,1187.0,886.0,301.0,1061.0,11.0,1050.0,126.0,11.0,115.0,614.0,573.0,851.0,,,,262.0,,,97.0,162.0,124.0,1025.0,1045.0,888.0,0.10614995787700084,0.13647851727042964,97.0,0.2535804549283909
38007,ND,Billings County,191.0,110.0,81.0,,,,,,,106.0,85.0,185.0,,,0.0,,,,,,,,177.0,149.0,,,0.0,0.42408376963350786
38009,ND,Bottineau County,1847.0,1607.0,240.0,1750.0,,,97.0,,,913.0,934.0,1757.0,,,,30.0,0.0,24.0,73.0,149.0,109.0,1698.0,1734.0,1439.0,0.05251759610178668,0.08067135896047645,97.0,0.12994044396318355
38011,ND,Bowman County,857.0,631.0,226.0,819.0,,,38.0,0.0,38.0,381.0,476.0,828.0,,,,,0.0,11.0,27.0,62.0,50.0,795.0,812.0,713.0,0.044340723453908985,0.07234539089848308,38.0,0.2637106184364061
38013,ND,Burke County,522.0,450.0,72.0,496.0,,,26.0,0.0,26.0,249.0,273.0,509.0,0.0,0.0,,,0.0,,,22.0,,500.0,485.0,424.0,0.04980842911877394,0.0421455938697318,0.0,0.13793103448275862
38015,ND,Burleigh County,20977.0,12377.0,8600.0,19371.0,60.0,19311.0,1606.0,33.0,1573.0,9594.0,11383.0,19784.0,117.0,159.0,86.0,298.0,40.0,407.0,1159.0,1908.0,1576.0,19069.0,19577.0,17247.0,0.07656004195070792,0.09095676216808886,1606.0,0.4099728273823712
38017,ND,Cass County,30733.0,18699.0,12034.0,27589.0,91.0,27498.0,3144.0,90.0,3054.0,14100.0,16633.0,28284.0,464.0,349.0,310.0,256.0,64.0,949.0,2131.0,3361.0,2581.0,27372.0,27817.0,23743.0,0.10230045879022549,0.10936127289883839,3144.0,0.39156606904630203
38019,ND,Cavalier County,1064.0,833.0,231.0,1024.0,,,40.0,,,550.0,514.0,1037.0,,0.0,0.0,,0.0,,,49.0,36.0,1015.0,998.0,876.0,0.03759398496240601,0.046052631578947366,0.0,0.21710526315789475
38021,ND,Dickey County,1201.0,614.0,587.0,1131.0,,,70.0,,,587.0,614.0,1152.0,,,,,0.0,16.0,54.0,104.0,81.0,1097.0,1141.0,998.0,0.058284762697751874,0.08659450457951708,70.0,0.488759367194005
38023,ND,Divide County,543.0,480.0,63.0,515.0,,,28.0,0.0,28.0,282.0,261.0,517.0,,,,0.0,0.0,,,24.0,,519.0,505.0,422.0,0.05156537753222836,0.04419889502762431,0.0,0.11602209944751381
38025,ND,Dunn County,802.0,596.0,206.0,757.0,,,45.0,0.0,45.0,403.0,399.0,731.0,,12.0,,33.0,0.0,,,45.0,,757.0,735.0,595.0,0.05610972568578554,0.05610972568578554,0.0,0.256857855361596
38027,ND,Eddy County,659.0,469.0,190.0,611.0,,,48.0,0.0,48.0,339.0,320.0,622.0,,,0.0,,,,35.0,63.0,51.0,596.0,607.0,526.0,0.07283763277693475,0.09559939301972686,35.0,0.2883156297420334
38029,ND,Emmons County,990.0,547.0,443.0,939.0,,,51.0,0.0,51.0,516.0,474.0,961.0,,,0.0,,0.0,,,66.0,48.0,924.0,943.0,781.0,0.051515151515151514,0.06666666666666667,0.0,0.44747474747474747
38031,ND,Foster County,855.0,592.0,263.0,809.0,,,46.0,,,414.0,441.0,818.0,,,0.0,,0.0,,,61.0,37.0,794.0,807.0,709.0,0.05380116959064327,0.07134502923976609,0.0,0.30760233918128654
38033,ND,Golden Valley County,457.0,379.0,78.0,436.0,0.0,436.0,21.0,0.0,21.0,222.0,235.0,436.0,0.0,,0.0,0.0,0.0,,,31.0,,426.0,412.0,341.0,0.045951859956236324,0.06783369803063458,0.0,0.17067833698030635
38035,ND,Grand Forks County,12430.0,8631.0,3799.0,11083.0,38.0,11045.0,1347.0,42.0,1305.0,5818.0,6612.0,11384.0,162.0,228.0,84.0,161.0,27.0,381.0,939.0,1391.0,1070.0,11039.0,11416.0,9564.0,0.1083668543845535,0.11190667739340306,1347.0,0.30563153660498793
38037,ND,Grant County,722.0,399.0,323.0,695.0,,,27.0,,,362.0,360.0,700.0,,,0.0,,0.0,,,62.0,,660.0,671.0,572.0,0.037396121883656507,0.08587257617728532,0.0,0.4473684210526316
38039,ND,Griggs County,692.0,451.0,241.0,653.0,,,39.0,0.0,39.0,347.0,345.0,672.0,0.0,,,0.0,,,28.0,47.0,,645.0,656.0,553.0,0.05635838150289017,0.06791907514450866,28.0,0.34826589595375723
38041,ND,Hettinger County,677.0,493.0,184.0,641.0,,,36.0,,,342.0,335.0,657.0,0.0,,,,0.0,,,55.0,41.0,622.0,632.0,557.0,0.053175775480059084,0.08124076809453472,0.0,0.2717872968980798
38043,ND,Kidder County,669.0,298.0,371.0,636.0,0.0,636.0,33.0,0.0,33.0,338.0,331.0,652.0,0.0,,0.0,0.0,0.0,,,54.0,37.0,615.0,634.0,563.0,0.04932735426008968,0.08071748878923767,0.0,0.554559043348281
38045,ND,Lamoure County,1211.0,665.0,546.0,1164.0,,,47.0,,,595.0,616.0,1169.0,,,0.0,,,,36.0,87.0,73.0,1124.0,1123.0,1003.0,0.038810900082576386,0.07184145334434351,36.0,0.4508670520231214
38047,ND,Logan County,549.0,291.0,258.0,517.0,,,32.0,,,286.0,263.0,537.0,0.0,,,,0.0,,,40.0,,509.0,517.0,434.0,0.058287795992714025,0.07285974499089254,0.0,0.46994535519125685
38049,ND,Mchenry County,1434.0,919.0,515.0,1322.0,,,112.0,,,731.0,703.0,1403.0,,,,,,,91.0,99.0,80.0,1335.0,1348.0,1117.0,0.07810320781032078,0.06903765690376569,91.0,0.3591352859135286
38051,ND,Mcintosh County,887.0,491.0,396.0,836.0,0.0,836.0,51.0,,,414.0,473.0,860.0,,0.0,,,0.0,,,72.0,59.0,815.0,855.0,745.0,0.05749718151071026,0.08117249154453213,0.0,0.4464487034949267
38053,ND,Mckenzie County,1386.0,1223.0,163.0,1271.0,,,115.0,,,703.0,683.0,1227.0,,30.0,,65.0,,,81.0,110.0,80.0,1276.0,1227.0,978.0,0.08297258297258298,0.07936507936507936,81.0,0.1176046176046176
38055,ND,Mclean County,2799.0,1746.0,1053.0,2641.0,,,158.0,,,1425.0,1374.0,2610.0,,22.0,,92.0,,,126.0,158.0,122.0,2641.0,2629.0,2254.0,0.056448731689889245,0.056448731689889245,126.0,0.3762057877813505
38057,ND,Mercer County,2207.0,1354.0,853.0,2057.0,,,150.0,,,1099.0,1108.0,2124.0,,11.0,,21.0,,,114.0,143.0,110.0,2064.0,2106.0,1741.0,0.06796556411418214,0.06479383778885364,114.0,0.3864975079293158
38059,ND,Morton County,7011.0,3574.0,3437.0,6417.0,23.0,6394.0,594.0,17.0,577.0,3320.0,3691.0,6591.0,29.0,66.0,31.0,108.0,,,408.0,722.0,577.0,6289.0,6612.0,5795.0,0.08472400513478819,0.10298102981029811,408.0,0.49022963913849665
38061,ND,Mountrail County,1580.0,1293.0,287.0,1460.0,,,120.0,12.0,108.0,781.0,799.0,1215.0,,30.0,,244.0,,,86.0,82.0,64.0,1498.0,1364.0,1050.0,0.0759493670886076,0.05189873417721519,86.0,0.18164556962025316
38063,ND,Nelson County,1045.0,769.0,276.0,987.0,,,58.0,0.0,58.0,531.0,514.0,1004.0,0.0,,,,0.0,11.0,47.0,91.0,64.0,954.0,972.0,792.0,0.05550239234449761,0.08708133971291866,58.0,0.2641148325358852
38065,ND,Oliver County,427.0,255.0,172.0,408.0,0.0,408.0,19.0,0.0,19.0,221.0,206.0,414.0,,0.0,,,0.0,,,26.0,,401.0,406.0,352.0,0.04449648711943794,0.06088992974238876,0.0,0.4028103044496487
38067,ND,Pembina County,1944.0,1464.0,480.0,1834.0,,,110.0,,,989.0,955.0,1835.0,,29.0,,28.0,,,81.0,154.0,111.0,1790.0,1795.0,1495.0,0.056584362139917695,0.07921810699588477,81.0,0.24691358024691357
38069,ND,Pierce County,1062.0,751.0,311.0,1004.0,,,58.0,,,502.0,560.0,999.0,,,0.0,,0.0,16.0,42.0,87.0,59.0,975.0,998.0,844.0,0.054613935969868174,0.08192090395480225,58.0,0.2928436911487759
38071,ND,Ramsey County,2843.0,2109.0,734.0,2551.0,13.0,2538.0,292.0,,,1358.0,1485.0,2594.0,14.0,19.0,12.0,131.0,,,214.0,346.0,270.0,2497.0,2632.0,2258.0,0.10270840661273303,0.1217024270137179,214.0,0.2581779810059796
38073,ND,Ransom County,1379.0,678.0,701.0,1283.0,,,96.0,,,688.0,691.0,1344.0,,,0.0,,,,72.0,111.0,89.0,1268.0,1306.0,1101.0,0.06961566352429296,0.08049311094996374,72.0,0.508339376359681
38075,ND,Renville County,581.0,435.0,146.0,546.0,,,35.0,0.0,35.0,300.0,281.0,559.0,0.0,,,,0.0,,,33.0,22.0,548.0,539.0,439.0,0.060240963855421686,0.05679862306368331,0.0,0.2512908777969019
38077,ND,Richland County,3845.0,2189.0,1656.0,3531.0,,,314.0,,,1896.0,1949.0,3614.0,,36.0,11.0,45.0,,,235.0,339.0,254.0,3506.0,3555.0,3080.0,0.08166449934980494,0.08816644993498049,235.0,0.4306892067620286
38079,ND,Rolette County,2390.0,2188.0,202.0,2016.0,18.0,1998.0,374.0,27.0,347.0,1175.0,1215.0,857.0,,14.0,,1159.0,,,262.0,447.0,357.0,1943.0,1863.0,1204.0,0.15648535564853555,0.18702928870292887,262.0,0.08451882845188284
38081,ND,Sargent County,1027.0,494.0,533.0,965.0,,,62.0,,,538.0,489.0,986.0,,,,,,,50.0,74.0,58.0,953.0,957.0,853.0,0.06037000973709834,0.07205452775073028,50.0,0.5189873417721519
38083,ND,Sheridan County,411.0,238.0,173.0,384.0,0.0,384.0,27.0,,,215.0,196.0,393.0,,,0.0,,,,18.0,35.0,,376.0,394.0,343.0,0.06569343065693431,0.0851581508515815,18.0,0.4209245742092457
38085,ND,Sioux County,453.0,344.0,109.0,378.0,,,75.0,,,221.0,232.0,111.0,,,,270.0,,,58.0,94.0,70.0,359.0,351.0,259.0,0.16556291390728478,0.20750551876379691,58.0,0.24061810154525387
38087,ND,Slope County,163.0,100.0,63.0,,,,,,,88.0,75.0,158.0,0.0,0.0,0.0,0.0,,,,,,,149.0,134.0,,,0.0,0.38650306748466257
38089,ND,Stark County,5705.0,3760.0,1945.0,5200.0,16.0,5184.0,505.0,14.0,491.0,2696.0,3009.0,5427.0,26.0,71.0,17.0,29.0,,,362.0,574.0,449.0,5131.0,5288.0,4624.0,0.08851884312007012,0.10061349693251534,362.0,0.3409290096406661
38091,ND,Steele County,482.0,309.0,173.0,458.0,,,24.0,,,252.0,230.0,468.0,0.0,,0.0,,,,21.0,22.0,,460.0,465.0,388.0,0.04979253112033195,0.04564315352697095,21.0,0.35892116182572614
38093,ND,Stutsman County,5243.0,2540.0,2703.0,4697.0,18.0,4679.0,546.0,,,2523.0,2720.0,4999.0,21.0,32.0,17.0,36.0,,,398.0,660.0,516.0,4583.0,4865.0,4316.0,0.1041388518024032,0.12588212855235553,398.0,0.5155445355712378
38095,ND,Towner County,590.0,454.0,136.0,553.0,,,37.0,,,289.0,301.0,568.0,,0.0,0.0,,0.0,,,38.0,,552.0,551.0,457.0,0.06271186440677966,0.06440677966101695,0.0,0.2305084745762712
38097,ND,Traill County,1885.0,1339.0,546.0,1771.0,,,114.0,,,904.0,981.0,1801.0,,17.0,,,0.0,24.0,90.0,133.0,97.0,1752.0,1776.0,1481.0,0.060477453580901855,0.07055702917771883,114.0,0.2896551724137931
38099,ND,Walsh County,2683.0,2037.0,646.0,2455.0,13.0,2442.0,228.0,,,1322.0,1361.0,2467.0,,88.0,,21.0,,,169.0,272.0,206.0,2411.0,2464.0,2135.0,0.08497950055907566,0.1013790532985464,169.0,0.2407752515840477
38101,ND,Ward County,11586.0,7790.0,3796.0,10383.0,24.0,10359.0,1203.0,28.0,1175.0,5385.0,6201.0,10759.0,170.0,174.0,45.0,140.0,29.0,337.0,837.0,1252.0,948.0,10334.0,10773.0,8803.0,0.10383221128948732,0.10806145347833593,1203.0,0.3276368030381495
38103,ND,Wells County,1240.0,962.0,278.0,1155.0,0.0,1155.0,85.0,,,602.0,638.0,1200.0,0.0,,,,,,69.0,121.0,95.0,1119.0,1174.0,1022.0,0.06854838709677419,0.09758064516129032,69.0,0.22419354838709676
38105,ND,Williams County,4705.0,3484.0,1221.0,4259.0,,,446.0,22.0,424.0,2292.0,2413.0,4227.0,50.0,101.0,15.0,143.0,,,334.0,409.0,308.0,4296.0,4220.0,3434.0,0.09479277364505845,0.0869287991498406,334.0,0.2595111583421892
38999,ND,Unknown,,,,,,,,,,,,,,,,,,,,,,,,,,,0.0,
39001,OH,Adams County,7280.0,3153.0,4127.0,5954.0,27.0,5927.0,1326.0,14.0,1312.0,3526.0,3754.0,6996.0,25.0,22.0,12.0,,12.0,216.0,1098.0,1812.0,1149.0,5468.0,6872.0,6075.0,0.18214285714285713,0.2489010989010989,1326.0,0.5668956043956044
39003,OH,Allen County,23618.0,11690.0,11928.0,20571.0,86.0,20485.0,3047.0,61.0,2986.0,10860.0,12758.0,19971.0,2399.0,243.0,124.0,,46.0,647.0,2354.0,4024.0,2676.0,19594.0,22206.0,20050.0,0.12901177068337707,0.17037852485392496,3047.0,0.5050385299347955
39005,OH,Ashland County,12649.0,5527.0,7122.0,11398.0,41.0,11357.0,1251.0,21.0,1230.0,5816.0,6833.0,11768.0,57.0,80.0,47.0,,12.0,259.0,980.0,1594.0,941.0,11055.0,11852.0,10606.0,0.0989010989010989,0.12601786702506126,1251.0,0.5630484623290378
39007,OH,Ashtabula County,25208.0,11780.0,13428.0,21714.0,96.0,21618.0,3494.0,63.0,3431.0,12005.0,13203.0,23190.0,651.0,494.0,87.0,16.0,29.0,612.0,2853.0,4872.0,3150.0,20336.0,23597.0,21244.0,0.13860679149476357,0.19327197715011107,3494.0,0.5326880355442717
39009,OH,Athens County,11502.0,5529.0,5973.0,9829.0,23.0,9806.0,1673.0,23.0,1650.0,5398.0,6104.0,10786.0,182.0,69.0,72.0,,13.0,330.0,1330.0,2282.0,1497.0,9220.0,10666.0,9321.0,0.145452964701791,0.1984002782124848,1673.0,0.519300991131977
39011,OH,Auglaize County,11264.0,7026.0,4238.0,10302.0,35.0,10267.0,962.0,18.0,944.0,5243.0,6021.0,10535.0,34.0,59.0,30.0,,11.0,174.0,777.0,1119.0,700.0,10145.0,10649.0,9674.0,0.08540482954545454,0.09934303977272728,962.0,0.3762428977272727
39013,OH,Belmont County,16927.0,7131.0,9796.0,15030.0,41.0,14989.0,1897.0,42.0,1855.0,7889.0,9038.0,16142.0,293.0,60.0,46.0,11.0,33.0,366.0,1498.0,2884.0,1904.0,14043.0,15816.0,13486.0,0.11206947480356827,0.17037868494121816,1897.0,0.5787203875465233
39015,OH,Brown County,10465.0,4007.0,6458.0,8928.0,33.0,8895.0,1537.0,28.0,1509.0,4991.0,5474.0,10051.0,103.0,37.0,14.0,,12.0,247.0,1278.0,1852.0,1195.0,8613.0,9811.0,8718.0,0.14687052078356427,0.1769708552317248,1537.0,0.6171046344959389
39017,OH,Butler County,75502.0,33090.0,42412.0,66990.0,310.0,66680.0,8512.0,199.0,8313.0,34565.0,40937.0,64638.0,4864.0,1035.0,1508.0,24.0,127.0,1732.0,6653.0,10929.0,7256.0,64573.0,69957.0,63410.0,0.11273873539773781,0.14475113242033325,8512.0,0.5617334640141983
39019,OH,Carroll County,6718.0,2340.0,4378.0,6004.0,19.0,5985.0,714.0,13.0,701.0,3223.0,3495.0,6406.0,35.0,30.0,11.0,,,,584.0,921.0,601.0,5797.0,6330.0,5808.0,0.10628163143792796,0.13709437332539445,584.0,0.6516820482286395
39021,OH,Champaign County,9188.0,4172.0,5016.0,8082.0,21.0,8061.0,1106.0,26.0,1080.0,4320.0,4868.0,8628.0,186.0,50.0,20.0,,12.0,216.0,878.0,1253.0,801.0,7935.0,8648.0,7731.0,0.12037440139312146,0.13637353069220723,1106.0,0.5459294732259469
39023,OH,Clark County,31895.0,12701.0,19194.0,28083.0,93.0,27990.0,3812.0,66.0,3746.0,14462.0,17433.0,27923.0,2437.0,285.0,171.0,14.0,46.0,698.0,3068.0,5459.0,3621.0,26436.0,29700.0,26305.0,0.11951716569995297,0.17115535350368397,3812.0,0.6017871139677066
39025,OH,Clermont County,48330.0,20202.0,28128.0,43358.0,170.0,43188.0,4972.0,98.0,4874.0,22171.0,26159.0,45207.0,567.0,345.0,329.0,,82.0,1027.0,3863.0,5421.0,3552.0,42909.0,44761.0,40502.0,0.10287606041795985,0.11216635630043452,4972.0,0.5819987585350714
39027,OH,Clinton County,10153.0,4481.0,5672.0,8929.0,39.0,8890.0,1224.0,25.0,1199.0,4692.0,5461.0,9496.0,190.0,47.0,39.0,,,,1016.0,1538.0,932.0,8615.0,9380.0,8268.0,0.12055550083719098,0.151482320496405,1016.0,0.5586526149906431
39029,OH,Columbiana County,26809.0,10373.0,16436.0,23726.0,92.0,23634.0,3083.0,53.0,3030.0,12485.0,14324.0,25381.0,271.0,140.0,62.0,14.0,41.0,537.0,2505.0,4308.0,2659.0,22501.0,25195.0,23008.0,0.11499869446827558,0.1606923048230072,3083.0,0.6130776977880562
39031,OH,Coshocton County,8654.0,4037.0,4617.0,7466.0,23.0,7443.0,1188.0,19.0,1169.0,4034.0,4620.0,8046.0,104.0,26.0,24.0,,21.0,208.0,959.0,1675.0,1115.0,6979.0,8169.0,7318.0,0.13727755951005316,0.19355211462907326,1188.0,0.5335105153686157
39033,OH,Crawford County,11277.0,5729.0,5548.0,9798.0,43.0,9755.0,1479.0,34.0,1445.0,5197.0,6080.0,10588.0,70.0,62.0,22.0,,16.0,247.0,1216.0,1966.0,1151.0,9311.0,10669.0,9556.0,0.13115190210162278,0.17433714640418552,1479.0,0.49197481599716236
39035,OH,Cuyahoga County,276497.0,115851.0,160646.0,245469.0,1416.0,244053.0,31028.0,1089.0,29939.0,122262.0,154235.0,177866.0,72783.0,9353.0,5049.0,120.0,475.0,7589.0,22964.0,56220.0,39143.0,220277.0,251906.0,236701.0,0.1122182157491763,0.20332951171260447,31028.0,0.5810044955279804
39037,OH,Darke County,12439.0,7196.0,5243.0,11214.0,29.0,11185.0,1225.0,24.0,1201.0,5708.0,6731.0,11892.0,60.0,69.0,48.0,,16.0,219.0,990.0,1400.0,831.0,11039.0,11736.0,10439.0,0.09848058525604952,0.11254924029262803,1225.0,0.421496904895892
39039,OH,Defiance County,9575.0,4722.0,4853.0,8294.0,44.0,8250.0,1281.0,31.0,1250.0,4478.0,5097.0,8511.0,153.0,584.0,35.0,,20.0,275.0,986.0,1280.0,776.0,8295.0,9076.0,8306.0,0.1337859007832898,0.13368146214099216,1281.0,0.5068407310704961
39041,OH,Delaware County,41999.0,21802.0,20197.0,39245.0,101.0,39144.0,2754.0,71.0,2683.0,18985.0,23014.0,36800.0,1359.0,462.0,1290.0,16.0,62.0,806.0,1886.0,3203.0,2447.0,38796.0,38698.0,35850.0,0.06557298983309126,0.07626372056477536,2754.0,0.48089240220005236
39043,OH,Erie County,21486.0,10934.0,10552.0,19370.0,84.0,19286.0,2116.0,57.0,2059.0,9938.0,11548.0,18910.0,1385.0,333.0,91.0,,30.0,443.0,1643.0,2803.0,1698.0,18683.0,20185.0,18371.0,0.09848273294238108,0.13045704179465697,2116.0,0.49111049055198736
39045,OH,Fairfield County,32525.0,13468.0,19057.0,29051.0,109.0,28942.0,3474.0,55.0,3419.0,14836.0,17689.0,29462.0,1349.0,245.0,289.0,11.0,52.0,776.0,2646.0,4065.0,2630.0,28460.0,30110.0,27296.0,0.10681014604150653,0.12498078401229823,3474.0,0.5859185242121445
39047,OH,Fayette County,6502.0,2967.0,3535.0,5534.0,17.0,5517.0,968.0,25.0,943.0,2929.0,3573.0,6121.0,161.0,29.0,26.0,,,,780.0,1268.0,748.0,5234.0,6044.0,5414.0,0.14887726853275915,0.19501691787142417,780.0,0.5436788680406028
39049,OH,Franklin County,206823.0,89406.0,117417.0,182768.0,941.0,181827.0,24055.0,883.0,23172.0,90500.0,116323.0,147066.0,40890.0,3605.0,5493.0,72.0,336.0,5928.0,17791.0,37164.0,26326.0,169659.0,188179.0,173340.0,0.11630718053601388,0.17968987975225192,24055.0,0.5677173235085072
39051,OH,Fulton County,10589.0,5378.0,5211.0,9597.0,32.0,9565.0,992.0,32.0,960.0,4928.0,5661.0,9594.0,37.0,449.0,27.0,,18.0,167.0,807.0,1083.0,652.0,9506.0,9979.0,9148.0,0.09368212295778638,0.10227594673718009,992.0,0.49211445840022666
39053,OH,Gallia County,7408.0,3553.0,3855.0,6242.0,23.0,6219.0,1166.0,16.0,1150.0,3528.0,3880.0,6996.0,147.0,38.0,,,15.0,220.0,931.0,1645.0,1128.0,5763.0,6975.0,6070.0,0.1573974082073434,0.22205723542116632,1166.0,0.5203833693304536
39055,OH,Geauga County,23786.0,11936.0,11850.0,22510.0,50.0,22460.0,1276.0,12.0,1264.0,11150.0,12636.0,22034.0,290.0,158.0,160.0,,20.0,287.0,969.0,1555.0,1106.0,22231.0,21927.0,20306.0,0.05364500126124611,0.06537459009501387,1276.0,0.4981922139073405
39057,OH,Greene County,36796.0,18455.0,18341.0,33429.0,110.0,33319.0,3367.0,68.0,3299.0,16790.0,20006.0,32009.0,1710.0,405.0,657.0,18.0,49.0,797.0,2521.0,4173.0,2792.0,32623.0,33642.0,27481.0,0.09150451135993043,0.11340906620284813,3367.0,0.4984509185781063
39059,OH,Guernsey County,9690.0,4451.0,5239.0,8257.0,26.0,8231.0,1433.0,18.0,1415.0,4513.0,5177.0,9210.0,126.0,39.0,49.0,,,,1178.0,1820.0,1140.0,7870.0,9195.0,7936.0,0.1478844169246646,0.18782249742002063,1178.0,0.5406604747162023
39061,OH,Hamilton County,162541.0,69710.0,92831.0,144215.0,924.0,143291.0,18326.0,749.0,17577.0,72146.0,90395.0,112725.0,38193.0,1459.0,2024.0,44.0,306.0,4463.0,13557.0,28389.0,19856.0,134152.0,148745.0,135969.0,0.11274693769571985,0.17465747103807655,18326.0,0.5711235934318111
39063,OH,Hancock County,16566.0,8919.0,7647.0,14723.0,63.0,14660.0,1843.0,48.0,1795.0,7439.0,9127.0,15120.0,207.0,449.0,135.0,,21.0,393.0,1429.0,2037.0,1401.0,14529.0,15670.0,14375.0,0.11125196184957141,0.12296269467584209,1843.0,0.4616081130025353
39065,OH,Hardin County,6506.0,3247.0,3259.0,5580.0,26.0,5554.0,926.0,12.0,914.0,3043.0,3463.0,6199.0,39.0,41.0,18.0,,12.0,142.0,772.0,962.0,538.0,5544.0,6158.0,5467.0,0.14233015677835845,0.14786351060559483,926.0,0.5009222256378727
39067,OH,Harrison County,3982.0,1671.0,2311.0,3525.0,16.0,3509.0,457.0,,,1952.0,2030.0,3781.0,77.0,12.0,,,,,387.0,665.0,421.0,3317.0,3748.0,3224.0,0.11476644902059267,0.16700150678051232,387.0,0.5803616273229533
39069,OH,Henry County,6768.0,3736.0,3032.0,6037.0,29.0,6008.0,731.0,17.0,714.0,3137.0,3631.0,6205.0,23.0,290.0,18.0,,,,582.0,705.0,463.0,6063.0,6415.0,5911.0,0.10800827423167848,0.10416666666666667,582.0,0.44799054373522457
39071,OH,Highland County,10268.0,4462.0,5806.0,8713.0,39.0,8674.0,1555.0,22.0,1533.0,4812.0,5456.0,9728.0,150.0,39.0,30.0,,18.0,262.0,1275.0,2015.0,1206.0,8253.0,9589.0,8432.0,0.15144137125048696,0.19624074795481106,1555.0,0.5654460459680561
39073,OH,Hocking County,6804.0,3123.0,3681.0,5820.0,16.0,5804.0,984.0,15.0,969.0,3253.0,3551.0,6535.0,38.0,24.0,17.0,,17.0,171.0,796.0,1224.0,752.0,5580.0,6443.0,5649.0,0.14462081128747795,0.17989417989417988,984.0,0.541005291005291
39075,OH,Holmes County,5412.0,2655.0,2757.0,5010.0,17.0,4993.0,402.0,,,2595.0,2817.0,5131.0,19.0,40.0,11.0,,,,314.0,575.0,415.0,4837.0,4895.0,4301.0,0.07427937915742794,0.10624538063562454,314.0,0.5094235033259423
39077,OH,Huron County,14741.0,7651.0,7090.0,12906.0,44.0,12862.0,1835.0,41.0,1794.0,6727.0,8014.0,13629.0,132.0,317.0,37.0,,26.0,328.0,1481.0,2055.0,1199.0,12686.0,13845.0,12534.0,0.12448273522827488,0.13940709585509803,1835.0,0.4809714402008005
39079,OH,Jackson County,7675.0,3578.0,4097.0,6276.0,20.0,6256.0,1399.0,16.0,1383.0,3605.0,4070.0,7411.0,51.0,19.0,14.0,,20.0,233.0,1146.0,1811.0,1150.0,5864.0,7132.0,6081.0,0.18228013029315962,0.23596091205211728,1399.0,0.5338110749185668
39081,OH,Jefferson County,17168.0,8213.0,8955.0,15000.0,78.0,14922.0,2168.0,52.0,2116.0,7948.0,9220.0,15675.0,811.0,124.0,58.0,,21.0,378.0,1769.0,2822.0,1809.0,14346.0,16113.0,14482.0,0.12628145386766076,0.16437558247903075,2168.0,0.5216099720410066
39083,OH,Knox County,14816.0,6815.0,8001.0,13225.0,39.0,13186.0,1591.0,25.0,1566.0,6889.0,7927.0,13828.0,123.0,97.0,38.0,,33.0,353.0,1205.0,1997.0,1333.0,12819.0,13871.0,12362.0,0.10738390928725702,0.13478671706263498,1591.0,0.5400242980561555
39085,OH,Lake County,60489.0,27236.0,33253.0,55498.0,166.0,55332.0,4991.0,120.0,4871.0,27162.0,33327.0,54962.0,2104.0,801.0,509.0,11.0,77.0,1075.0,3839.0,5797.0,3859.0,54692.0,55623.0,51655.0,0.0825108697449123,0.09583560647390435,4991.0,0.5497363156937625
39087,OH,Lawrence County,14460.0,7269.0,7191.0,11828.0,58.0,11770.0,2632.0,41.0,2591.0,6685.0,7775.0,13746.0,341.0,41.0,28.0,,35.0,402.0,2195.0,3352.0,2131.0,11108.0,13430.0,11528.0,0.18201936376210234,0.2318118948824343,2632.0,0.49730290456431536
39089,OH,Licking County,38520.0,16814.0,21706.0,34399.0,122.0,34277.0,4121.0,83.0,4038.0,17610.0,20910.0,35642.0,1084.0,236.0,289.0,11.0,53.0,877.0,3191.0,4722.0,2855.0,33798.0,35498.0,31874.0,0.1069833852544133,0.12258566978193146,4121.0,0.5634994807892004
39091,OH,Logan County,11453.0,6153.0,5300.0,10118.0,32.0,10086.0,1335.0,32.0,1303.0,5338.0,6115.0,10816.0,153.0,70.0,27.0,,,,1081.0,1527.0,919.0,9926.0,10901.0,9632.0,0.11656334584824937,0.1333275124421549,1081.0,0.4627608486859338
39093,OH,Lorain County,76691.0,32242.0,44449.0,68754.0,275.0,68479.0,7937.0,183.0,7754.0,34894.0,41797.0,63925.0,4499.0,4482.0,678.0,28.0,103.0,1638.0,6196.0,9697.0,6454.0,66994.0,71480.0,66301.0,0.10349323910237186,0.1264424769529671,7937.0,0.5795856097847205
39095,OH,Lucas County,92402.0,38307.0,54095.0,79095.0,546.0,78549.0,13307.0,414.0,12893.0,41685.0,50717.0,68245.0,15280.0,3240.0,869.0,33.0,215.0,3015.0,10077.0,18195.0,12879.0,74207.0,86166.0,80413.0,0.1440120343715504,0.19691132226575184,13307.0,0.5854310512759464
39097,OH,Madison County,9776.0,4156.0,5620.0,8768.0,41.0,8727.0,1008.0,31.0,977.0,4466.0,5310.0,9129.0,179.0,62.0,76.0,,,,825.0,1183.0,681.0,8593.0,9126.0,8358.0,0.10310965630114566,0.12101063829787234,825.0,0.5748772504091653
39099,OH,Mahoning County,60258.0,21152.0,39106.0,52839.0,295.0,52544.0,7419.0,213.0,7206.0,27179.0,33079.0,48800.0,7392.0,2076.0,285.0,20.0,115.0,1583.0,5721.0,12133.0,7980.0,48125.0,56668.0,53564.0,0.12312058149955192,0.201350857977364,7419.0,0.6489760695675263
39101,OH,Marion County,14990.0,6331.0,8659.0,12605.0,67.0,12538.0,2385.0,45.0,2340.0,6844.0,8146.0,13996.0,397.0,105.0,82.0,,23.0,431.0,1931.0,2819.0,1745.0,12171.0,14134.0,12888.0,0.1591060707138092,0.18805870580386924,2385.0,0.5776517678452302
39103,OH,Medina County,44097.0,19326.0,24771.0,40908.0,125.0,40783.0,3189.0,63.0,3126.0,20163.0,23934.0,40893.0,471.0,459.0,391.0,14.0,52.0,663.0,2474.0,3503.0,2376.0,40594.0,40842.0,38169.0,0.07231784475134363,0.07943851055627367,3189.0,0.5617388938022995
39105,OH,Meigs County,5694.0,2393.0,3301.0,4838.0,16.0,4822.0,856.0,,,2753.0,2941.0,5525.0,43.0,20.0,,,,,726.0,1126.0,688.0,4568.0,5360.0,4513.0,0.15033368458025992,0.1977520196698279,726.0,0.5797330523357921
39107,OH,Mercer County,9766.0,6654.0,3112.0,9020.0,28.0,8992.0,746.0,16.0,730.0,4649.0,5117.0,9220.0,20.0,57.0,24.0,,,,577.0,1005.0,681.0,8761.0,9250.0,8544.0,0.0763874667212779,0.1029080483309441,577.0,0.31865656358795824
39109,OH,Miami County,26111.0,12036.0,14075.0,23499.0,60.0,23439.0,2612.0,51.0,2561.0,11762.0,14349.0,24234.0,548.0,175.0,184.0,,23.0,586.0,2003.0,3231.0,2105.0,22880.0,24414.0,21987.0,0.10003446823177971,0.12374095208915782,2612.0,0.539044846999349
39111,OH,Monroe County,3721.0,1544.0,2177.0,3336.0,,,385.0,,,1796.0,1925.0,3617.0,,,,,,,322.0,506.0,286.0,3215.0,3523.0,2902.0,0.10346680999731254,0.13598495028218222,322.0,0.5850577801666219
39113,OH,Montgomery County,118433.0,45951.0,72482.0,103863.0,560.0,103303.0,14570.0,411.0,14159.0,52118.0,66315.0,88354.0,21914.0,1227.0,1599.0,52.0,199.0,3148.0,11223.0,20525.0,14682.0,97908.0,109606.0,98503.0,0.12302314388726115,0.1733047376997965,14570.0,0.6120084773669501
39115,OH,Morgan County,3492.0,1426.0,2066.0,2958.0,,,534.0,,,1718.0,1774.0,3272.0,109.0,,,,12.0,91.0,431.0,649.0,383.0,2843.0,3294.0,2798.0,0.15292096219931273,0.18585337915234823,534.0,0.5916380297823597
39117,OH,Morrow County,7665.0,3546.0,4119.0,6758.0,37.0,6721.0,907.0,15.0,892.0,3641.0,4024.0,7312.0,23.0,33.0,27.0,,12.0,143.0,752.0,1025.0,602.0,6640.0,7179.0,6328.0,0.11833007175472929,0.13372472276581865,907.0,0.5373776908023483
39119,OH,Muskingum County,21977.0,9508.0,12469.0,18124.0,75.0,18049.0,3853.0,70.0,3783.0,10142.0,11835.0,20163.0,932.0,97.0,133.0,,50.0,828.0,2975.0,4940.0,3311.0,17037.0,20623.0,18574.0,0.17531965236383493,0.22478045229103152,3853.0,0.5673658825135369
39121,OH,Noble County,2683.0,1283.0,1400.0,2386.0,,,297.0,,,1314.0,1369.0,2593.0,,,17.0,0.0,,,244.0,400.0,237.0,2283.0,2526.0,2160.0,0.11069698099142751,0.14908684308609765,244.0,0.5218039508013418
39123,OH,Ottawa County,13136.0,6363.0,6773.0,12066.0,38.0,12028.0,1070.0,22.0,1048.0,6243.0,6893.0,12031.0,101.0,298.0,48.0,,23.0,216.0,831.0,1217.0,811.0,11919.0,12424.0,11422.0,0.08145554202192448,0.09264616321559074,1070.0,0.5156059683313033
39125,OH,Paulding County,4424.0,2282.0,2142.0,3852.0,21.0,3831.0,572.0,,,2126.0,2298.0,4147.0,34.0,131.0,,,,,480.0,559.0,367.0,3865.0,4177.0,3709.0,0.12929475587703435,0.12635623869801085,480.0,0.48417721518987344
39127,OH,Perry County,8819.0,3811.0,5008.0,7440.0,29.0,7411.0,1379.0,20.0,1359.0,4314.0,4505.0,8518.0,28.0,31.0,35.0,,15.0,245.0,1119.0,1708.0,1034.0,7111.0,8235.0,7250.0,0.156366935026647,0.19367275201269984,1379.0,0.5678648372831386
39129,OH,Pickaway County,12101.0,4848.0,7253.0,10621.0,43.0,10578.0,1480.0,29.0,1451.0,5561.0,6540.0,11495.0,159.0,52.0,55.0,,16.0,264.0,1200.0,1729.0,1032.0,10372.0,11263.0,10178.0,0.12230394182298984,0.1428807536567226,1480.0,0.5993719527311793
39131,OH,Pike County,6196.0,2743.0,3453.0,5121.0,18.0,5103.0,1075.0,13.0,1062.0,2935.0,3261.0,5918.0,82.0,12.0,25.0,,15.0,176.0,884.0,1434.0,912.0,4762.0,5791.0,5085.0,0.17349903163331182,0.23143963847643642,1075.0,0.5572950290510007
39133,OH,Portage County,37512.0,13882.0,23630.0,33857.0,129.0,33728.0,3655.0,79.0,3576.0,17387.0,20125.0,33994.0,1230.0,295.0,320.0,14.0,59.0,813.0,2783.0,4562.0,3079.0,32950.0,34757.0,32592.0,0.09743548731072724,0.12161441671998294,3655.0,0.6299317551716784
39135,OH,Preble County,10201.0,4628.0,5573.0,9008.0,49.0,8959.0,1193.0,16.0,1177.0,4756.0,5445.0,9732.0,49.0,32.0,26.0,,,,972.0,1340.0,838.0,8861.0,9615.0,8558.0,0.11694931869424566,0.1313596706205274,972.0,0.546318988334477
39137,OH,Putnam County,8066.0,5069.0,2997.0,7393.0,20.0,7373.0,673.0,,,3828.0,4238.0,7426.0,14.0,264.0,,,,,524.0,809.0,552.0,7257.0,7681.0,7110.0,0.08343664765683115,0.1002975452516737,524.0,0.37155963302752293
39139,OH,Richland County,30437.0,14320.0,16117.0,26614.0,143.0,26471.0,3823.0,95.0,3728.0,13835.0,16602.0,26530.0,1963.0,242.0,194.0,15.0,58.0,800.0,2965.0,5128.0,3216.0,25309.0,28677.0,25590.0,0.12560370601570456,0.1684791536616618,3823.0,0.5295199921148602
39141,OH,Ross County,17313.0,7537.0,9776.0,14617.0,41.0,14576.0,2696.0,31.0,2665.0,8105.0,9208.0,16105.0,588.0,66.0,71.0,,39.0,539.0,2118.0,3345.0,2212.0,13968.0,16084.0,14352.0,0.15572113440767055,0.19320741639230635,2696.0,0.5646623924218795
39143,OH,Sandusky County,14531.0,7580.0,6951.0,12781.0,90.0,12691.0,1750.0,49.0,1701.0,6756.0,7775.0,12667.0,364.0,801.0,30.0,,19.0,327.0,1404.0,1918.0,1259.0,12613.0,13715.0,12384.0,0.12043217947835662,0.13199366870827886,1750.0,0.4783566168880325
39145,OH,Scioto County,17029.0,8437.0,8592.0,13814.0,38.0,13776.0,3215.0,46.0,3169.0,7980.0,9049.0,16310.0,254.0,57.0,56.0,,32.0,565.0,2618.0,4199.0,2793.0,12830.0,15814.0,13822.0,0.1887955840037583,0.2465793646133067,3215.0,0.5045510599565447
39147,OH,Seneca County,13895.0,8238.0,5657.0,12212.0,68.0,12144.0,1683.0,37.0,1646.0,6546.0,7349.0,12587.0,211.0,365.0,47.0,,28.0,339.0,1316.0,2120.0,1345.0,11775.0,13199.0,12038.0,0.12112270600935589,0.15257286793810723,1683.0,0.4071248650593739
39149,OH,Shelby County,10309.0,6347.0,3962.0,9188.0,31.0,9157.0,1121.0,22.0,1099.0,4837.0,5472.0,9607.0,154.0,59.0,43.0,,18.0,224.0,879.0,1168.0,703.0,9141.0,9680.0,8824.0,0.10873993597827142,0.11329905907459502,1121.0,0.3843243767581725
39151,OH,Stark County,95071.0,30482.0,64589.0,84696.0,293.0,84403.0,10375.0,215.0,10160.0,42819.0,52252.0,83707.0,5842.0,908.0,505.0,44.0,161.0,2360.0,7854.0,13960.0,9163.0,81111.0,88741.0,83052.0,0.10912896677220182,0.14683762661589758,10375.0,0.6793764660096139
39153,OH,Summit County,124659.0,44931.0,79728.0,111088.0,482.0,110606.0,13571.0,412.0,13159.0,56025.0,68634.0,100918.0,16099.0,1106.0,1752.0,31.0,195.0,3176.0,10200.0,20918.0,14645.0,103741.0,115591.0,109004.0,0.10886498367546667,0.16780176321003698,13571.0,0.6395687435323563
39155,OH,Trumbull County,53229.0,19801.0,33428.0,46509.0,211.0,46298.0,6720.0,121.0,6599.0,24292.0,28937.0,47198.0,3529.0,575.0,240.0,20.0,75.0,1287.0,5358.0,8497.0,5291.0,44732.0,49979.0,46604.0,0.12624697063630727,0.15963102819891412,6720.0,0.6280035319092976
39157,OH,Tuscarawas County,22531.0,8472.0,14059.0,20197.0,59.0,20138.0,2334.0,35.0,2299.0,10324.0,12207.0,21339.0,156.0,116.0,59.0,,38.0,481.0,1815.0,3373.0,2265.0,19158.0,21009.0,19101.0,0.1035906084949625,0.1497048510940482,2334.0,0.6239847321468199
39159,OH,Union County,10601.0,5031.0,5570.0,9704.0,29.0,9675.0,897.0,19.0,878.0,4830.0,5771.0,9869.0,104.0,77.0,141.0,,14.0,176.0,707.0,1014.0,675.0,9587.0,9882.0,8980.0,0.08461465899443449,0.09565135364588247,897.0,0.525422129987737
39161,OH,Van Wert County,6635.0,3446.0,3189.0,5898.0,22.0,5876.0,737.0,13.0,724.0,3046.0,3589.0,6219.0,46.0,99.0,13.0,,,,605.0,823.0,543.0,5812.0,6277.0,5662.0,0.11107761868877167,0.12403918613413716,605.0,0.48063300678221554
39163,OH,Vinton County,2863.0,1270.0,1593.0,2381.0,,,482.0,,,1430.0,1433.0,2774.0,,,,,,,395.0,645.0,401.0,2218.0,2668.0,2264.0,0.16835487251135173,0.22528815927348936,395.0,0.5564093608103388
39165,OH,Warren County,46944.0,21892.0,25052.0,43554.0,137.0,43417.0,3390.0,82.0,3308.0,21575.0,25369.0,42530.0,925.0,430.0,948.0,,65.0,701.0,2624.0,3902.0,2665.0,43042.0,43229.0,38656.0,0.07221370143149285,0.08312031356509884,3390.0,0.5336571233810498
39167,OH,Washington County,16354.0,9081.0,7273.0,14117.0,43.0,14074.0,2237.0,22.0,2215.0,7602.0,8752.0,15606.0,193.0,54.0,45.0,,25.0,431.0,1781.0,2686.0,1678.0,13668.0,15417.0,13372.0,0.13678610737434266,0.16424116424116425,2237.0,0.44472300354653294
39169,OH,Wayne County,26202.0,11538.0,14664.0,23718.0,60.0,23658.0,2484.0,49.0,2435.0,12039.0,14163.0,24237.0,363.0,138.0,136.0,,35.0,542.0,1907.0,3205.0,2015.0,22997.0,24619.0,22613.0,0.09480192351728875,0.12231890695366766,2484.0,0.5596519349667964
39171,OH,Williams County,9399.0,5173.0,4226.0,8372.0,25.0,8347.0,1027.0,18.0,1009.0,4324.0,5075.0,8876.0,23.0,216.0,25.0,,15.0,181.0,831.0,1191.0,729.0,8208.0,8804.0,7949.0,0.10926694329183956,0.12671560804340887,1027.0,0.4496223002447069
39173,OH,Wood County,27431.0,13177.0,14254.0,24981.0,105.0,24876.0,2450.0,61.0,2389.0,12388.0,15043.0,24582.0,307.0,754.0,264.0,11.0,45.0,539.0,1866.0,2887.0,1954.0,24544.0,25604.0,23814.0,0.08931500856694981,0.10524588968685064,2450.0,0.5196310743319602
39175,OH,Wyandot County,5650.0,3181.0,2469.0,5034.0,22.0,5012.0,616.0,,,2613.0,3037.0,5349.0,12.0,60.0,28.0,,,,488.0,775.0,488.0,4875.0,5349.0,4820.0,0.10902654867256638,0.13716814159292035,488.0,0.4369911504424779
39999,OH,Unknown,,,,,,,,,,,,,,,,,,,,,,,,,,,0.0,
40001,OK,Adair County,4488.0,2504.0,1984.0,3530.0,27.0,3503.0,958.0,40.0,918.0,2141.0,2347.0,2870.0,16.0,83.0,20.0,1291.0,11.0,149.0,798.0,1085.0,899.0,3403.0,4010.0,2975.0,0.21345811051693406,0.24175579322638147,958.0,0.44206773618538325
40003,OK,Alfalfa County,1171.0,949.0,222.0,1049.0,,,122.0,,,567.0,604.0,1121.0,,,,,,,101.0,119.0,93.0,1052.0,1093.0,905.0,0.10418445772843724,0.10162254483347566,101.0,0.18958155422715628
40005,OK,Atoka County,3076.0,2101.0,975.0,2607.0,,,469.0,,,1458.0,1618.0,2639.0,77.0,33.0,,256.0,,,372.0,571.0,481.0,2505.0,2872.0,2264.0,0.1524707412223667,0.18563068920676204,372.0,0.31697009102730817
40007,OK,Beaver County,1029.0,862.0,167.0,955.0,,,74.0,,,507.0,522.0,911.0,,88.0,,,,,65.0,77.0,66.0,952.0,936.0,758.0,0.07191448007774538,0.07482993197278912,65.0,0.16229348882410108
40009,OK,Beckham County,4360.0,3395.0,965.0,3764.0,20.0,3744.0,596.0,14.0,582.0,2045.0,2315.0,3957.0,61.0,186.0,15.0,63.0,,,480.0,745.0,615.0,3615.0,4081.0,3405.0,0.13669724770642203,0.17087155963302753,480.0,0.2213302752293578
40011,OK,Blaine County,2116.0,1491.0,625.0,1882.0,,,234.0,,,988.0,1128.0,1810.0,83.0,64.0,,91.0,,,194.0,276.0,226.0,1840.0,1978.0,1675.0,0.11058601134215501,0.13043478260869565,194.0,0.2953686200378072
40013,OK,Bryan County,10400.0,6795.0,3605.0,8771.0,38.0,8733.0,1629.0,43.0,1586.0,4705.0,5695.0,8966.0,125.0,199.0,25.0,858.0,25.0,291.0,1313.0,1808.0,1496.0,8592.0,9610.0,7796.0,0.15663461538461537,0.17384615384615384,1629.0,0.3466346153846154
40015,OK,Caddo County,6439.0,4221.0,2218.0,5444.0,29.0,5415.0,995.0,35.0,960.0,2975.0,3464.0,4834.0,162.0,267.0,25.0,926.0,14.0,195.0,786.0,1251.0,1050.0,5188.0,5871.0,4781.0,0.15452710048144122,0.19428482683646528,995.0,0.34446342599782576
40017,OK,Canadian County,28558.0,16674.0,11884.0,25747.0,98.0,25649.0,2811.0,100.0,2711.0,12774.0,15784.0,24737.0,809.0,966.0,708.0,644.0,33.0,554.0,2224.0,2380.0,1955.0,26178.0,25840.0,21435.0,0.09843126269346593,0.08333916940962252,2811.0,0.41613558372435044
40019,OK,Carter County,11516.0,7505.0,4011.0,9686.0,46.0,9640.0,1830.0,41.0,1789.0,5307.0,6209.0,9418.0,787.0,326.0,70.0,658.0,31.0,330.0,1469.0,1817.0,1443.0,9699.0,10579.0,8782.0,0.15890934352205627,0.15778047933310177,1830.0,0.348298020145884
40021,OK,Cherokee County,10260.0,6416.0,3844.0,8746.0,56.0,8690.0,1514.0,56.0,1458.0,4787.0,5473.0,7331.0,69.0,181.0,48.0,2241.0,25.0,246.0,1243.0,1717.0,1444.0,8543.0,9067.0,6877.0,0.14756335282651073,0.16734892787524366,1514.0,0.3746588693957115
40023,OK,Choctaw County,3897.0,2504.0,1393.0,3251.0,15.0,3236.0,646.0,12.0,634.0,1862.0,2035.0,2982.0,401.0,50.0,12.0,357.0,,,535.0,953.0,809.0,2944.0,3623.0,2863.0,0.1657685399024891,0.24454708750320758,535.0,0.35745445214267385
40025,OK,Cimarron County,537.0,432.0,105.0,497.0,0.0,497.0,40.0,0.0,40.0,254.0,283.0,477.0,0.0,47.0,,,0.0,,,41.0,,496.0,498.0,408.0,0.074487895716946,0.07635009310986965,0.0,0.19553072625698323
40027,OK,Cleveland County,52740.0,31564.0,21176.0,46839.0,152.0,46687.0,5901.0,140.0,5761.0,23513.0,29227.0,44649.0,1928.0,1768.0,1431.0,1397.0,89.0,1351.0,4461.0,5331.0,4346.0,47409.0,47906.0,38851.0,0.11188850967007964,0.10108077360637088,5901.0,0.40151687523701174
40029,OK,Coal County,1231.0,811.0,420.0,1037.0,,,194.0,,,557.0,674.0,1040.0,,13.0,,143.0,,,159.0,252.0,213.0,979.0,1133.0,889.0,0.15759545085296506,0.20471161657189277,159.0,0.3411860276198213
40031,OK,Comanche County,21762.0,14411.0,7351.0,18076.0,111.0,17965.0,3686.0,103.0,3583.0,10081.0,11681.0,14868.0,3362.0,1418.0,533.0,884.0,62.0,763.0,2861.0,3312.0,2722.0,18450.0,20055.0,12433.0,0.16937781453910486,0.152191894127378,3686.0,0.33779064424225713
40033,OK,Cotton County,1339.0,969.0,370.0,1165.0,,,174.0,,,626.0,713.0,1156.0,31.0,48.0,,71.0,,,142.0,207.0,171.0,1132.0,1229.0,905.0,0.1299477221807319,0.15459297983569828,142.0,0.27632561613144135
40035,OK,Craig County,3856.0,2297.0,1559.0,3160.0,,,696.0,16.0,680.0,1902.0,1954.0,3115.0,89.0,27.0,23.0,516.0,,,521.0,738.0,616.0,3118.0,3567.0,2860.0,0.18049792531120332,0.19139004149377592,521.0,0.40430497925311204
40037,OK,Creek County,17155.0,7510.0,9645.0,14701.0,64.0,14637.0,2454.0,58.0,2396.0,7962.0,9193.0,15075.0,423.0,292.0,50.0,922.0,24.0,447.0,1983.0,2422.0,1953.0,14733.0,15855.0,13688.0,0.14304867385601866,0.14118332847566306,2454.0,0.5622267560477995
40039,OK,Custer County,5094.0,3737.0,1357.0,4472.0,19.0,4453.0,622.0,20.0,602.0,2368.0,2726.0,4212.0,127.0,407.0,21.0,195.0,,,490.0,697.0,578.0,4397.0,4706.0,3936.0,0.1221044365920691,0.13682764036120926,490.0,0.26639183352964274
40041,OK,Delaware County,11640.0,6457.0,5183.0,10071.0,34.0,10037.0,1569.0,40.0,1529.0,5604.0,6036.0,9764.0,20.0,136.0,76.0,1314.0,,,1289.0,1697.0,1393.0,9943.0,10745.0,8613.0,0.13479381443298968,0.14579037800687286,1289.0,0.44527491408934705
40043,OK,Dewey County,1176.0,965.0,211.0,1069.0,,,107.0,,,570.0,606.0,1103.0,,21.0,,32.0,,,83.0,98.0,80.0,1078.0,1089.0,877.0,0.09098639455782313,0.08333333333333333,83.0,0.179421768707483
40045,OK,Ellis County,961.0,814.0,147.0,881.0,,,80.0,,,446.0,515.0,908.0,,23.0,,,,,60.0,102.0,84.0,859.0,883.0,737.0,0.08324661810613944,0.10613943808532779,60.0,0.1529656607700312
40047,OK,Garfield County,12873.0,9251.0,3622.0,11150.0,47.0,11103.0,1723.0,49.0,1674.0,5922.0,6951.0,11328.0,401.0,574.0,120.0,146.0,35.0,370.0,1318.0,1891.0,1570.0,10982.0,11882.0,10003.0,0.13384603433543074,0.14689660529791035,1723.0,0.2813640953934592
40049,OK,Garvin County,6572.0,3923.0,2649.0,5598.0,21.0,5577.0,974.0,20.0,954.0,3042.0,3530.0,5747.0,170.0,206.0,19.0,319.0,11.0,179.0,784.0,1120.0,911.0,5452.0,6103.0,5039.0,0.14820450395617774,0.1704199634814364,974.0,0.40307364576993304
40051,OK,Grady County,11482.0,7195.0,4287.0,9926.0,32.0,9894.0,1556.0,31.0,1525.0,5412.0,6070.0,10332.0,291.0,239.0,36.0,331.0,25.0,339.0,1192.0,1495.0,1229.0,9987.0,10651.0,8690.0,0.13551646054694305,0.13020379724786624,1556.0,0.37336700923184113
40053,OK,Grant County,1033.0,804.0,229.0,946.0,,,87.0,,,501.0,532.0,975.0,,15.0,0.0,,,,66.0,93.0,70.0,940.0,980.0,850.0,0.08422071636011616,0.09002904162633107,66.0,0.22168441432720232
40055,OK,Greer County,1251.0,926.0,325.0,1042.0,,,209.0,,,596.0,655.0,1106.0,39.0,70.0,,,,,166.0,269.0,226.0,982.0,1181.0,955.0,0.16706634692246203,0.21502797761790568,166.0,0.2597921662669864
40057,OK,Harmon County,611.0,437.0,174.0,514.0,,,97.0,,,288.0,323.0,455.0,45.0,99.0,,,0.0,16.0,81.0,149.0,123.0,462.0,577.0,472.0,0.15875613747954173,0.24386252045826515,97.0,0.28477905073649756
40059,OK,Harper County,863.0,770.0,93.0,807.0,,,56.0,0.0,56.0,417.0,446.0,820.0,0.0,24.0,,,,,44.0,93.0,81.0,770.0,800.0,688.0,0.06488991888760139,0.10776361529548088,44.0,0.10776361529548088
40061,OK,Haskell County,3088.0,1971.0,1117.0,2530.0,,,558.0,,,1493.0,1595.0,2662.0,24.0,36.0,14.0,286.0,11.0,90.0,457.0,630.0,532.0,2458.0,2882.0,2311.0,0.18069948186528498,0.20401554404145078,558.0,0.36172279792746115
40063,OK,Hughes County,3054.0,1905.0,1149.0,2571.0,13.0,2558.0,483.0,12.0,471.0,1468.0,1586.0,2441.0,71.0,58.0,11.0,368.0,,,400.0,587.0,486.0,2467.0,2797.0,2258.0,0.1581532416502947,0.1922069417157826,400.0,0.3762278978388998
40065,OK,Jackson County,4723.0,3543.0,1180.0,4128.0,16.0,4112.0,595.0,24.0,571.0,2232.0,2491.0,3545.0,318.0,658.0,31.0,62.0,14.0,105.0,476.0,824.0,673.0,3899.0,4372.0,2937.0,0.12597925047639214,0.17446538217234808,595.0,0.24984120262544993
40067,OK,Jefferson County,1528.0,1100.0,428.0,1299.0,,,229.0,,,727.0,801.0,1371.0,13.0,79.0,,42.0,,,185.0,274.0,215.0,1254.0,1424.0,1124.0,0.149869109947644,0.1793193717277487,185.0,0.2801047120418848
40069,OK,Johnston County,2639.0,1641.0,998.0,2198.0,13.0,2185.0,441.0,,,1245.0,1394.0,2284.0,50.0,33.0,,215.0,,,367.0,534.0,442.0,2105.0,2443.0,1910.0,0.16710875331564987,0.20234937476316786,367.0,0.3781735505873437
40071,OK,Kay County,10758.0,6937.0,3821.0,9150.0,41.0,9109.0,1608.0,40.0,1568.0,4965.0,5793.0,9330.0,213.0,331.0,49.0,559.0,15.0,345.0,1248.0,1794.0,1439.0,8964.0,9952.0,8449.0,0.1494701617401004,0.16675962074735082,1608.0,0.3551775422941067
40073,OK,Kingfisher County,3273.0,2357.0,916.0,2915.0,,,358.0,,,1563.0,1710.0,2871.0,63.0,181.0,,64.0,,,297.0,345.0,296.0,2928.0,3039.0,2677.0,0.1093797739077299,0.10540788267644363,297.0,0.2798655667583257
40075,OK,Kiowa County,2281.0,1514.0,767.0,1950.0,,,331.0,,,1094.0,1187.0,1910.0,101.0,118.0,,98.0,,,260.0,504.0,431.0,1777.0,2134.0,1794.0,0.1451117930732135,0.2209557211749233,260.0,0.33625602805786936
40077,OK,Latimer County,2630.0,1683.0,947.0,2194.0,,,436.0,,,1242.0,1388.0,2174.0,14.0,36.0,,340.0,,,369.0,486.0,401.0,2144.0,2410.0,1859.0,0.16577946768060836,0.18479087452471482,369.0,0.36007604562737644
40079,OK,Le Flore County,11822.0,6848.0,4974.0,9618.0,26.0,9592.0,2204.0,37.0,2167.0,5605.0,6217.0,10199.0,226.0,211.0,62.0,891.0,31.0,347.0,1826.0,2420.0,1968.0,9402.0,10936.0,8972.0,0.18643207579089832,0.20470309592285568,2204.0,0.42074099137201826
40081,OK,Lincoln County,8111.0,4519.0,3592.0,6971.0,26.0,6945.0,1140.0,30.0,1110.0,3878.0,4233.0,7339.0,170.0,107.0,23.0,335.0,,,956.0,1274.0,1009.0,6837.0,7437.0,6096.0,0.14054987054617188,0.15707064480335348,956.0,0.4428553815805696
40083,OK,Logan County,9901.0,5789.0,4112.0,8818.0,40.0,8778.0,1083.0,27.0,1056.0,4642.0,5259.0,8719.0,541.0,239.0,37.0,154.0,22.0,234.0,827.0,1103.0,888.0,8798.0,9054.0,7525.0,0.10938289061710939,0.11140288859711141,1083.0,0.41531158468841534
40085,OK,Love County,2424.0,1608.0,816.0,2085.0,,,339.0,,,1178.0,1246.0,2063.0,55.0,151.0,11.0,101.0,,,277.0,297.0,247.0,2127.0,2260.0,1869.0,0.13985148514851486,0.12252475247524752,277.0,0.33663366336633666
40093,OK,Major County,1738.0,1421.0,317.0,1597.0,,,141.0,,,827.0,911.0,1652.0,,44.0,,,,,118.0,144.0,114.0,1594.0,1637.0,1399.0,0.0811277330264672,0.08285385500575373,118.0,0.18239355581127734
40095,OK,Marshall County,4306.0,2713.0,1593.0,3730.0,15.0,3715.0,576.0,,,2120.0,2186.0,3765.0,45.0,177.0,14.0,213.0,,,484.0,610.0,492.0,3696.0,3955.0,3245.0,0.13376683697166744,0.14166279609846724,484.0,0.36994890849976775
40097,OK,Mayes County,10009.0,5312.0,4697.0,8551.0,40.0,8511.0,1458.0,37.0,1421.0,4753.0,5256.0,8277.0,36.0,96.0,53.0,1239.0,17.0,232.0,1209.0,1544.0,1291.0,8465.0,9152.0,7476.0,0.14566889799180738,0.1542611649515436,1458.0,0.4692776501148966
40087,OK,Mcclain County,10148.0,6254.0,3894.0,8957.0,27.0,8930.0,1191.0,25.0,1166.0,4774.0,5374.0,9103.0,102.0,340.0,48.0,351.0,11.0,221.0,959.0,1023.0,822.0,9125.0,9286.0,7440.0,0.11736302719747733,0.10080804099329917,1191.0,0.38372093023255816
40089,OK,Mccurtain County,7367.0,5181.0,2186.0,6117.0,32.0,6085.0,1250.0,34.0,1216.0,3443.0,3924.0,5671.0,640.0,147.0,27.0,689.0,14.0,208.0,1028.0,1672.0,1414.0,5695.0,6870.0,5529.0,0.1696755802904846,0.22695805619655218,1250.0,0.29672865481199945
40091,OK,Mcintosh County,5943.0,3462.0,2481.0,5055.0,16.0,5039.0,888.0,20.0,868.0,2854.0,3089.0,4907.0,198.0,86.0,15.0,582.0,12.0,119.0,757.0,1107.0,910.0,4836.0,5415.0,4304.0,0.14941948510853104,0.18626956082786472,888.0,0.4174659262998486
40099,OK,Murray County,3414.0,2569.0,845.0,2901.0,,,513.0,,,1618.0,1796.0,3003.0,53.0,59.0,,231.0,,,435.0,499.0,403.0,2915.0,3121.0,2484.0,0.15026362038664323,0.14616285881663738,435.0,0.247510251903925
40101,OK,Muskogee County,16277.0,9771.0,6506.0,13568.0,91.0,13477.0,2709.0,81.0,2628.0,7573.0,8704.0,12207.0,1635.0,264.0,104.0,1704.0,43.0,544.0,2122.0,3224.0,2689.0,13053.0,14490.0,11609.0,0.1664311605332678,0.19807089758555016,2709.0,0.3997051053633962
40103,OK,Noble County,2631.0,1982.0,649.0,2272.0,,,359.0,,,1248.0,1383.0,2330.0,44.0,52.0,,126.0,,,275.0,403.0,334.0,2228.0,2413.0,2081.0,0.1364500190041809,0.153173698213607,275.0,0.24667426833903458
40105,OK,Nowata County,2468.0,1445.0,1023.0,2082.0,,,386.0,,,1174.0,1294.0,2074.0,41.0,23.0,,273.0,,,313.0,401.0,334.0,2067.0,2280.0,1833.0,0.15640194489465153,0.16247974068071314,313.0,0.4145056726094003
40107,OK,Okfuskee County,2662.0,1548.0,1114.0,2189.0,15.0,2174.0,473.0,22.0,451.0,1287.0,1375.0,1902.0,220.0,42.0,,388.0,,,385.0,609.0,528.0,2053.0,2410.0,1973.0,0.17768595041322313,0.22877535687453043,385.0,0.4184823441021788
40109,OK,Oklahoma County,146534.0,80943.0,65591.0,128297.0,729.0,127568.0,18237.0,752.0,17485.0,65636.0,80898.0,105099.0,22465.0,8298.0,3896.0,2836.0,273.0,4060.0,13904.0,22425.0,18566.0,124109.0,132364.0,110876.0,0.1244557577081087,0.15303615543150395,18237.0,0.4476162528832899
40111,OK,Okmulgee County,9271.0,4679.0,4592.0,7657.0,45.0,7612.0,1614.0,45.0,1569.0,4354.0,4917.0,6909.0,1032.0,138.0,33.0,893.0,27.0,363.0,1224.0,1844.0,1531.0,7427.0,8419.0,7009.0,0.17409125229209363,0.1988997950598641,1614.0,0.4953079495200086
40113,OK,Osage County,9182.0,4849.0,4333.0,8091.0,38.0,8053.0,1091.0,18.0,1073.0,4367.0,4815.0,7053.0,934.0,109.0,,861.0,14.0,171.0,906.0,1094.0,889.0,8088.0,8513.0,7206.0,0.11881942931823132,0.11914615552167283,1091.0,0.4719015465040296
40115,OK,Ottawa County,8183.0,4380.0,3803.0,6845.0,32.0,6813.0,1338.0,27.0,1311.0,3887.0,4296.0,6934.0,34.0,148.0,42.0,847.0,17.0,216.0,1105.0,1538.0,1212.0,6645.0,7545.0,6113.0,0.16350971526335084,0.18795062935353782,1338.0,0.4647439814249053
40117,OK,Pawnee County,3938.0,2254.0,1684.0,3321.0,,,617.0,,,1922.0,2016.0,3453.0,26.0,49.0,,299.0,,,505.0,605.0,486.0,3333.0,3638.0,2972.0,0.15667851701371255,0.15363128491620112,505.0,0.42762823768410363
40119,OK,Payne County,13911.0,10625.0,3286.0,12255.0,31.0,12224.0,1656.0,39.0,1617.0,6380.0,7531.0,12527.0,333.0,214.0,124.0,367.0,25.0,360.0,1271.0,1756.0,1439.0,12155.0,12743.0,10737.0,0.1190424843648911,0.12623104018402703,1656.0,0.23621594421680683
40121,OK,Pittsburg County,10646.0,6778.0,3868.0,8958.0,38.0,8920.0,1688.0,27.0,1661.0,5037.0,5609.0,9168.0,238.0,154.0,37.0,854.0,21.0,321.0,1346.0,1854.0,1565.0,8792.0,9740.0,7580.0,0.15855720458388128,0.1741499154612061,1688.0,0.3633289498403156
40123,OK,Pontotoc County,8406.0,5846.0,2560.0,7051.0,42.0,7009.0,1355.0,34.0,1321.0,3822.0,4584.0,6921.0,181.0,152.0,39.0,897.0,17.0,305.0,1033.0,1554.0,1295.0,6852.0,7510.0,6051.0,0.16119438496312158,0.18486795146324053,1355.0,0.304544373066857
40125,OK,Pottawatomie County,16741.0,9259.0,7482.0,14041.0,40.0,14001.0,2700.0,69.0,2631.0,7778.0,8963.0,14217.0,409.0,337.0,118.0,1234.0,34.0,457.0,2209.0,2870.0,2332.0,13871.0,15221.0,12393.0,0.16128068813093602,0.17143539812436534,2700.0,0.4469267068872827
40127,OK,Pushmataha County,3083.0,1978.0,1105.0,2579.0,11.0,2568.0,504.0,,,1493.0,1590.0,2657.0,25.0,49.0,11.0,269.0,,,407.0,652.0,538.0,2431.0,2859.0,2201.0,0.1634771326629906,0.21148232241323386,407.0,0.3584171261758028
40129,OK,Roger Mills County,830.0,695.0,135.0,753.0,,,77.0,0.0,77.0,412.0,418.0,773.0,,21.0,,16.0,0.0,13.0,64.0,60.0,45.0,770.0,760.0,625.0,0.0927710843373494,0.07228915662650602,77.0,0.16265060240963855
40131,OK,Rogers County,20622.0,10648.0,9974.0,18368.0,72.0,18296.0,2254.0,52.0,2202.0,9600.0,11022.0,17955.0,190.0,327.0,151.0,1509.0,26.0,427.0,1801.0,1985.0,1544.0,18637.0,18822.0,15721.0,0.10930074677528853,0.09625642517699544,2254.0,0.48365822907574435
40133,OK,Seminole County,5513.0,2889.0,2624.0,4465.0,22.0,4443.0,1048.0,24.0,1024.0,2637.0,2876.0,4287.0,297.0,94.0,23.0,637.0,13.0,195.0,840.0,1352.0,1119.0,4161.0,5061.0,4240.0,0.19009613640486123,0.24523852711772176,1048.0,0.47596589878469076
40135,OK,Sequoyah County,10510.0,5830.0,4680.0,8338.0,47.0,8291.0,2172.0,46.0,2126.0,5002.0,5508.0,8347.0,207.0,147.0,44.0,1509.0,25.0,356.0,1791.0,2389.0,1921.0,8121.0,9568.0,7507.0,0.2066603235014272,0.22730732635585157,2172.0,0.445290199809705
40137,OK,Stephens County,11213.0,8388.0,2825.0,9624.0,24.0,9600.0,1589.0,38.0,1551.0,5168.0,6045.0,10074.0,219.0,355.0,48.0,316.0,11.0,295.0,1283.0,1784.0,1430.0,9429.0,10473.0,8297.0,0.14171051458128958,0.15910104343173104,1589.0,0.25193971283331845
40139,OK,Texas County,2728.0,2238.0,490.0,2492.0,16.0,2476.0,236.0,,,1314.0,1414.0,1988.0,14.0,649.0,13.0,16.0,,,185.0,290.0,232.0,2438.0,2431.0,2011.0,0.08651026392961877,0.1063049853372434,185.0,0.17961876832844575
40141,OK,Tillman County,1651.0,1060.0,591.0,1413.0,,,238.0,,,761.0,890.0,1208.0,115.0,269.0,,29.0,,,203.0,340.0,276.0,1311.0,1562.0,1240.0,0.1441550575408843,0.2059357964869776,203.0,0.3579648697758934
40143,OK,Tulsa County,128803.0,63150.0,65653.0,114016.0,496.0,113520.0,14787.0,485.0,14302.0,57007.0,71796.0,101040.0,12392.0,4796.0,2228.0,4494.0,202.0,3268.0,11317.0,16867.0,13942.0,111936.0,116586.0,102260.0,0.11480322663292004,0.13095191882176657,14787.0,0.5097163885934334
40145,OK,Wagoner County,17800.0,8889.0,8911.0,15802.0,61.0,15741.0,1998.0,62.0,1936.0,8192.0,9608.0,15272.0,637.0,383.0,156.0,947.0,26.0,394.0,1578.0,1685.0,1361.0,16115.0,16080.0,13573.0,0.11224719101123595,0.09466292134831461,1998.0,0.5006179775280899
40147,OK,Washington County,12924.0,8172.0,4752.0,11354.0,52.0,11302.0,1570.0,35.0,1535.0,5819.0,7105.0,11259.0,309.0,236.0,61.0,730.0,21.0,315.0,1234.0,1575.0,1275.0,11349.0,12028.0,10007.0,0.12147941813679976,0.12186629526462396,1570.0,0.36768802228412256
40149,OK,Washita County,2513.0,1855.0,658.0,2196.0,,,317.0,,,1192.0,1321.0,2330.0,12.0,85.0,,39.0,,,275.0,383.0,317.0,2130.0,2326.0,1921.0,0.12614405093513728,0.1524074810982889,275.0,0.2618384401114206
40151,OK,Woods County,1770.0,1467.0,303.0,1611.0,,,159.0,,,833.0,937.0,1680.0,,30.0,,,,,124.0,171.0,145.0,1599.0,1659.0,1423.0,0.08983050847457627,0.09661016949152543,124.0,0.1711864406779661
40153,OK,Woodward County,3914.0,3048.0,866.0,3431.0,13.0,3418.0,483.0,12.0,471.0,1871.0,2043.0,3579.0,16.0,169.0,17.0,38.0,,,376.0,474.0,388.0,3440.0,3667.0,3168.0,0.1234031681144609,0.12110373019928462,376.0,0.22125702606029637
40999,OK,Unknown,,,,,,,,,,,,,,,,,,,,,,,,,,,0.0,
41001,OR,Baker County,5487.0,4574.0,913.0,4992.0,,,495.0,,,2680.0,2807.0,5161.0,14.0,101.0,14.0,22.0,,,401.0,1002.0,494.0,4485.0,5157.0,4033.0,0.09021323127392017,0.18261344997266266,401.0,0.1663932932385639
41003,OR,Benton County,19680.0,9318.0,10362.0,18343.0,33.0,18310.0,1337.0,29.0,1308.0,9089.0,10591.0,17770.0,109.0,429.0,427.0,69.0,27.0,386.0,924.0,2358.0,1346.0,17322.0,18249.0,16678.0,0.0679369918699187,0.1198170731707317,1337.0,0.5265243902439024
41005,OR,Clackamas County,98080.0,32976.0,65104.0,91191.0,256.0,90935.0,6889.0,148.0,6741.0,44582.0,53498.0,86789.0,722.0,2925.0,3443.0,222.0,115.0,1757.0,5017.0,12206.0,7597.0,85874.0,90210.0,82857.0,0.07023858075040783,0.12444942903752039,6889.0,0.6637846655791191
41007,OR,Clatsop County,11757.0,10977.0,780.0,10726.0,25.0,10701.0,1031.0,27.0,1004.0,5540.0,6217.0,10863.0,53.0,252.0,131.0,42.0,,,804.0,2077.0,1095.0,9680.0,11009.0,8992.0,0.08769243854724845,0.1766607127668623,804.0,0.06634345496300076
41009,OR,Columbia County,13678.0,5333.0,8345.0,12241.0,29.0,12212.0,1437.0,44.0,1393.0,6560.0,7118.0,12752.0,56.0,277.0,137.0,68.0,20.0,278.0,1139.0,2139.0,1133.0,11539.0,12598.0,11037.0,0.10505921918409124,0.15638251206316714,1437.0,0.6101038163474192
41011,OR,Coos County,21910.0,16467.0,5443.0,19411.0,61.0,19350.0,2499.0,32.0,2467.0,10514.0,11396.0,20239.0,69.0,549.0,215.0,211.0,37.0,478.0,1984.0,4734.0,2463.0,17176.0,20463.0,16704.0,0.11405750798722045,0.21606572341396624,2499.0,0.2484253765403925
41013,OR,Crook County,8244.0,4794.0,3450.0,7561.0,18.0,7543.0,683.0,11.0,672.0,4036.0,4208.0,7666.0,11.0,237.0,37.0,44.0,,,541.0,1239.0,595.0,7005.0,7795.0,6313.0,0.08284813197476953,0.1502911208151383,541.0,0.41848617176128095
41015,OR,Curry County,9947.0,9243.0,704.0,9207.0,11.0,9196.0,740.0,,,4778.0,5169.0,9166.0,42.0,297.0,98.0,95.0,11.0,116.0,613.0,1768.0,811.0,8179.0,9414.0,7388.0,0.07439428973559867,0.17774203277370063,740.0,0.07077510807278577
41017,OR,Deschutes County,52631.0,31065.0,21566.0,49222.0,80.0,49142.0,3409.0,51.0,3358.0,24657.0,27974.0,48633.0,150.0,1298.0,502.0,150.0,43.0,870.0,2496.0,6025.0,3268.0,46606.0,49617.0,42197.0,0.06477171248883738,0.11447625923885163,3409.0,0.40975850734358077
41019,OR,Douglas County,36269.0,17908.0,18361.0,32139.0,76.0,32063.0,4130.0,59.0,4071.0,17434.0,18835.0,33679.0,107.0,999.0,343.0,268.0,49.0,805.0,3276.0,7186.0,3692.0,29083.0,33618.0,28478.0,0.11387135018886653,0.19813063497752903,4130.0,0.5062450026193168
41021,OR,Gilliam County,640.0,536.0,104.0,571.0,0.0,571.0,69.0,,,322.0,318.0,601.0,,12.0,,,0.0,14.0,55.0,120.0,63.0,520.0,584.0,449.0,0.1078125,0.1875,69.0,0.1625
41023,OR,Grant County,2382.0,1691.0,691.0,2209.0,,,173.0,,,1200.0,1182.0,2258.0,,38.0,,16.0,,,143.0,413.0,184.0,1969.0,2189.0,1714.0,0.07262804366078925,0.17338371116708648,143.0,0.29009235936188077
41025,OR,Harney County,2193.0,2108.0,85.0,1979.0,,,214.0,,,1108.0,1085.0,2054.0,,41.0,13.0,29.0,,,179.0,459.0,217.0,1734.0,2026.0,1589.0,0.09758321933424532,0.20930232558139536,179.0,0.03875968992248062
41027,OR,Hood River County,5177.0,3420.0,1757.0,4912.0,12.0,4900.0,265.0,,,2443.0,2734.0,4210.0,14.0,659.0,90.0,20.0,,,192.0,744.0,331.0,4433.0,4797.0,3993.0,0.05118794668727062,0.1437125748502994,192.0,0.33938574463975274
41029,OR,Jackson County,61476.0,31439.0,30037.0,56073.0,132.0,55941.0,5403.0,90.0,5313.0,28154.0,33322.0,55430.0,359.0,2770.0,773.0,233.0,81.0,1232.0,4090.0,10881.0,5764.0,50595.0,57711.0,49567.0,0.08788795627561975,0.17699590083935193,5403.0,0.4885971761337758
41031,OR,Jefferson County,6490.0,3825.0,2665.0,5856.0,23.0,5833.0,634.0,,,3207.0,3283.0,5358.0,27.0,422.0,37.0,390.0,,,492.0,1307.0,675.0,5183.0,6005.0,4808.0,0.09768875192604007,0.20138674884437596,492.0,0.4106317411402157
41033,OR,Josephine County,28619.0,12283.0,16336.0,25930.0,40.0,25890.0,2689.0,29.0,2660.0,13333.0,15286.0,26382.0,101.0,1039.0,250.0,115.0,40.0,490.0,2159.0,5936.0,3028.0,22683.0,26964.0,22975.0,0.09395855899926622,0.20741465460009084,2689.0,0.570809602012649
41035,OR,Klamath County,18906.0,11246.0,7660.0,16596.0,35.0,16561.0,2310.0,33.0,2277.0,9337.0,9569.0,16791.0,117.0,926.0,141.0,396.0,19.0,492.0,1799.0,4202.0,2034.0,14704.0,17722.0,14391.0,0.12218343383052999,0.22225748439648788,2310.0,0.4051623823124934
41037,OR,Lake County,2425.0,2328.0,97.0,2178.0,,,247.0,,,1236.0,1189.0,2264.0,,64.0,,21.0,,,213.0,547.0,239.0,1878.0,2256.0,1752.0,0.10185567010309278,0.22556701030927834,213.0,0.04
41039,OR,Lane County,97037.0,35592.0,61445.0,87659.0,207.0,87452.0,9378.0,171.0,9207.0,44491.0,52546.0,88134.0,749.0,2856.0,1417.0,448.0,111.0,2286.0,6981.0,17894.0,10258.0,79143.0,90805.0,81831.0,0.0966435483372322,0.18440388717705616,9378.0,0.6332120737450663
41041,OR,Lincoln County,18388.0,12059.0,6329.0,16909.0,45.0,16864.0,1479.0,15.0,1464.0,8407.0,9981.0,16868.0,69.0,405.0,214.0,256.0,21.0,299.0,1159.0,3147.0,1625.0,15241.0,17290.0,14729.0,0.08043289101587991,0.17114422449423536,1479.0,0.34419186425929954
41043,OR,Linn County,32789.0,12570.0,20219.0,29066.0,105.0,28961.0,3723.0,74.0,3649.0,15225.0,17564.0,30295.0,129.0,1021.0,311.0,180.0,40.0,798.0,2885.0,6165.0,3389.0,26624.0,30600.0,27422.0,0.11354417640062216,0.18802037268596175,3723.0,0.6166397267376255
41045,OR,Malheur County,6549.0,4328.0,2221.0,5607.0,20.0,5587.0,942.0,21.0,921.0,3218.0,3331.0,5124.0,19.0,1042.0,140.0,21.0,15.0,207.0,720.0,1727.0,983.0,4822.0,6170.0,5339.0,0.14383875400824553,0.2637043823484502,942.0,0.3391357459154069
41047,OR,Marion County,71566.0,24919.0,46647.0,64133.0,262.0,63871.0,7433.0,226.0,7207.0,32728.0,38838.0,60263.0,604.0,6586.0,1441.0,465.0,131.0,1870.0,5432.0,14106.0,8234.0,57460.0,66520.0,60661.0,0.1038621691864852,0.19710477042170862,7433.0,0.651803929240142
41049,OR,Morrow County,2391.0,2031.0,360.0,2161.0,,,230.0,,,1181.0,1210.0,1966.0,,346.0,11.0,,,,189.0,481.0,219.0,1910.0,2186.0,1789.0,0.09619406106231702,0.20117105813467168,189.0,0.15056461731493098
41051,OR,Multnomah County,137531.0,46832.0,90699.0,123749.0,492.0,123257.0,13782.0,432.0,13350.0,63108.0,74423.0,106593.0,7857.0,5684.0,9513.0,573.0,204.0,3602.0,9976.0,31489.0,19834.0,106042.0,126081.0,116713.0,0.10021013444241662,0.22895928917843977,13782.0,0.6594804080534571
41053,OR,Polk County,20450.0,7288.0,13162.0,18467.0,48.0,18419.0,1983.0,40.0,1943.0,9356.0,11094.0,18285.0,104.0,991.0,292.0,210.0,34.0,479.0,1470.0,3010.0,1730.0,17440.0,19060.0,17035.0,0.0969682151589242,0.1471882640586797,1983.0,0.6436185819070904
41055,OR,Sherman County,571.0,411.0,160.0,530.0,,,41.0,,,287.0,284.0,538.0,0.0,,,,,,35.0,92.0,42.0,479.0,528.0,439.0,0.07180385288966724,0.16112084063047286,35.0,0.28021015761821366
41057,OR,Tillamook County,8871.0,7791.0,1080.0,8072.0,19.0,8053.0,799.0,,,4209.0,4662.0,8256.0,20.0,191.0,84.0,30.0,,,630.0,1422.0,705.0,7449.0,8333.0,6665.0,0.09006876338631496,0.1602975989178221,630.0,0.1217450118363206
41059,OR,Umatilla County,16001.0,15223.0,778.0,14085.0,69.0,14016.0,1916.0,48.0,1868.0,7611.0,8390.0,13314.0,62.0,1717.0,125.0,341.0,34.0,420.0,1462.0,3595.0,1972.0,12406.0,14736.0,11960.0,0.11974251609274421,0.22467345790888069,1916.0,0.04862196112742954
41061,OR,Union County,6887.0,6479.0,408.0,6169.0,14.0,6155.0,718.0,,,3309.0,3578.0,6511.0,17.0,100.0,41.0,34.0,,,548.0,1185.0,618.0,5702.0,6505.0,5316.0,0.10425439233338174,0.17206330768113837,548.0,0.059242050239581824
41063,OR,Wallowa County,2658.0,2294.0,364.0,2474.0,,,184.0,,,1295.0,1363.0,2505.0,,36.0,15.0,12.0,,,135.0,418.0,220.0,2240.0,2510.0,2043.0,0.0692249811888638,0.15726109857035364,135.0,0.13694507148231752
41065,OR,Wasco County,6688.0,4553.0,2135.0,6079.0,17.0,6062.0,609.0,,,3189.0,3499.0,5962.0,19.0,397.0,50.0,43.0,,,487.0,1268.0,639.0,5420.0,6246.0,5065.0,0.0910586124401914,0.1895933014354067,487.0,0.31922846889952156
41067,OR,Washington County,105189.0,37571.0,67618.0,97281.0,345.0,96936.0,7908.0,274.0,7634.0,46878.0,58311.0,84392.0,1462.0,6285.0,7653.0,217.0,128.0,2155.0,5625.0,15166.0,9419.0,90023.0,95409.0,87852.0,0.075178963579842,0.1441785738052458,7908.0,0.6428238694160036
41069,OR,Wheeler County,515.0,366.0,149.0,488.0,,,27.0,0.0,27.0,252.0,263.0,490.0,0.0,,,,,,23.0,92.0,44.0,423.0,483.0,358.0,0.05242718446601942,0.1786407766990291,23.0,0.28932038834951457
41071,OR,Yamhill County,24640.0,10139.0,14501.0,22580.0,68.0,22512.0,2060.0,59.0,2001.0,11198.0,13442.0,21983.0,72.0,1338.0,266.0,170.0,28.0,464.0,1568.0,3851.0,2165.0,20789.0,22934.0,20555.0,0.0836038961038961,0.1562905844155844,2060.0,0.5885146103896104
41999,OR,Unknown,,,,,,,,,,,,,,,,,,,,,,,,,,,0.0,
42001,PA,Adams County,28451.0,16093.0,12358.0,26214.0,76.0,26138.0,2237.0,43.0,2194.0,13073.0,15378.0,26468.0,313.0,530.0,130.0,,27.0,402.0,1808.0,2299.0,1645.0,26152.0,26431.0,23107.0,0.07862641031949667,0.08080559558539242,2237.0,0.43436083090225297
42003,PA,Allegheny County,282566.0,89732.0,192834.0,256435.0,1177.0,255258.0,26131.0,660.0,25471.0,125177.0,157389.0,235237.0,33198.0,2479.0,3957.0,60.0,299.0,5663.0,20169.0,40271.0,33246.0,242295.0,257838.0,241909.0,0.09247750967915461,0.1425189159346843,26131.0,0.6824387930607363
42005,PA,Armstrong County,18297.0,4532.0,13765.0,16108.0,54.0,16054.0,2189.0,28.0,2161.0,8770.0,9527.0,17666.0,147.0,53.0,25.0,,31.0,431.0,1727.0,2755.0,2179.0,15542.0,17235.0,15837.0,0.11963709897797453,0.1505711318795431,2189.0,0.7523091217139422
42007,PA,Beaver County,45329.0,13098.0,32231.0,40221.0,138.0,40083.0,5108.0,113.0,4995.0,20490.0,24839.0,41335.0,2429.0,372.0,133.0,11.0,76.0,982.0,4050.0,6414.0,5108.0,38915.0,42069.0,39045.0,0.1126872421628538,0.1414988197401222,5108.0,0.7110459088001059
42009,PA,Bedford County,14000.0,4811.0,9189.0,12414.0,51.0,12363.0,1586.0,26.0,1560.0,6652.0,7348.0,13509.0,48.0,80.0,30.0,,,,1276.0,2241.0,1640.0,11759.0,13265.0,11790.0,0.11328571428571428,0.16007142857142856,1276.0,0.6563571428571429
42011,PA,Berks County,94101.0,50561.0,43540.0,83712.0,292.0,83420.0,10389.0,235.0,10154.0,43305.0,50796.0,76937.0,3120.0,10009.0,818.0,25.0,141.0,2013.0,8235.0,14667.0,11905.0,79434.0,86522.0,78889.0,0.11040265246915548,0.15586444352344822,10389.0,0.4626943390612214
42013,PA,Blair County,32995.0,11663.0,21332.0,28949.0,130.0,28819.0,4046.0,62.0,3984.0,14812.0,18183.0,31540.0,426.0,201.0,110.0,,34.0,739.0,3273.0,5701.0,4363.0,27294.0,31090.0,27945.0,0.12262464009698439,0.17278375511441127,4046.0,0.6465222003333838
42015,PA,Bradford County,16093.0,8082.0,8011.0,14066.0,27.0,14039.0,2027.0,25.0,2002.0,7705.0,8388.0,15341.0,63.0,108.0,58.0,,26.0,405.0,1596.0,2427.0,1840.0,13666.0,15192.0,13488.0,0.12595538432859008,0.15081091157646181,2027.0,0.4977940719567514
42017,PA,Bucks County,158034.0,93128.0,64906.0,145748.0,444.0,145304.0,12286.0,241.0,12045.0,72333.0,85701.0,138383.0,4400.0,3642.0,5343.0,39.0,182.0,2558.0,9546.0,14684.0,12143.0,143350.0,142834.0,130976.0,0.07774276421529544,0.09291671412480859,12286.0,0.4107090879177898
42019,PA,Butler County,50807.0,15793.0,35014.0,46271.0,93.0,46178.0,4536.0,68.0,4468.0,23561.0,27246.0,48235.0,413.0,351.0,304.0,15.0,51.0,909.0,3576.0,4920.0,3831.0,45887.0,47132.0,43752.0,0.08927903635325841,0.09683705001279351,4536.0,0.6891570059243805
42021,PA,Cambria County,38426.0,9208.0,29218.0,33653.0,126.0,33527.0,4773.0,59.0,4714.0,18083.0,20343.0,36349.0,999.0,380.0,110.0,11.0,48.0,881.0,3844.0,6738.0,5282.0,31688.0,36515.0,32789.0,0.12421277260188414,0.1753500234216416,4773.0,0.7603705824181544
42023,PA,Cameron County,1529.0,657.0,872.0,1328.0,,,201.0,,,765.0,764.0,1479.0,,,,,,,161.0,258.0,195.0,1271.0,1453.0,1326.0,0.131458469587966,0.16873773708306083,161.0,0.5703073904512753
42025,PA,Carbon County,18045.0,10479.0,7566.0,15579.0,61.0,15518.0,2466.0,36.0,2430.0,8574.0,9471.0,16720.0,275.0,516.0,87.0,,27.0,376.0,2063.0,2354.0,1719.0,15691.0,16821.0,14818.0,0.13665835411471322,0.13045164865613743,2466.0,0.41928512053200334
42027,PA,Centre County,28033.0,10844.0,17189.0,25931.0,79.0,25852.0,2102.0,37.0,2065.0,13063.0,14970.0,26351.0,279.0,195.0,338.0,,32.0,463.0,1607.0,2441.0,1930.0,25592.0,26069.0,23941.0,0.074983055684372,0.08707594620625692,2102.0,0.6131701922733921
42029,PA,Chester County,113238.0,76063.0,37175.0,106344.0,349.0,105995.0,6894.0,161.0,6733.0,51772.0,61466.0,96954.0,6105.0,2898.0,2426.0,21.0,96.0,1610.0,5188.0,8164.0,6552.0,105074.0,102534.0,93364.0,0.06088062311238277,0.07209593952560095,6894.0,0.32829085642628797
42031,PA,Clarion County,9862.0,3771.0,6091.0,8557.0,31.0,8526.0,1305.0,18.0,1287.0,4639.0,5223.0,9494.0,47.0,27.0,22.0,,21.0,276.0,1008.0,1615.0,1268.0,8247.0,9406.0,8458.0,0.13232610018251875,0.16375988643277226,1305.0,0.6176232001622389
42033,PA,Clearfield County,20950.0,8429.0,12521.0,18137.0,71.0,18066.0,2813.0,47.0,2766.0,9989.0,10961.0,20361.0,81.0,89.0,55.0,,29.0,476.0,2308.0,3578.0,2686.0,17372.0,19848.0,17721.0,0.13427207637231503,0.17078758949880668,2813.0,0.5976610978520286
42035,PA,Clinton County,9278.0,3224.0,6054.0,8163.0,25.0,8138.0,1115.0,19.0,1096.0,4402.0,4876.0,8952.0,35.0,44.0,28.0,,14.0,202.0,899.0,1517.0,1106.0,7761.0,8859.0,8116.0,0.12017676223323992,0.16350506574692822,1115.0,0.6525113170942013
42037,PA,Columbia County,16479.0,8154.0,8325.0,14581.0,56.0,14525.0,1898.0,37.0,1861.0,7579.0,8900.0,15649.0,105.0,215.0,78.0,,20.0,376.0,1502.0,2498.0,1891.0,13981.0,15490.0,14238.0,0.115176891801687,0.1515868681352024,1898.0,0.505188421627526
42039,PA,Crawford County,22836.0,9924.0,12912.0,19783.0,51.0,19732.0,3053.0,34.0,3019.0,10817.0,12019.0,21911.0,223.0,136.0,49.0,,43.0,596.0,2414.0,3835.0,2955.0,19001.0,21586.0,19496.0,0.133692415484323,0.16793659134699598,3053.0,0.5654230162900683
42041,PA,Cumberland County,61880.0,29181.0,32699.0,56928.0,221.0,56707.0,4952.0,124.0,4828.0,27687.0,34193.0,54949.0,1293.0,930.0,1720.0,17.0,60.0,1099.0,3793.0,6361.0,4963.0,55519.0,57288.0,50231.0,0.08002585649644472,0.10279573367808661,4952.0,0.528425985778927
42043,PA,Dauphin County,62925.0,24676.0,38249.0,55652.0,345.0,55307.0,7273.0,245.0,7028.0,28410.0,34515.0,46551.0,9532.0,2753.0,1847.0,24.0,97.0,1594.0,5582.0,10642.0,9047.0,52283.0,57905.0,52138.0,0.11558204211362734,0.16912197059992054,7273.0,0.6078506158124751
42045,PA,Delaware County,121713.0,72427.0,49286.0,110102.0,524.0,109578.0,11611.0,416.0,11195.0,53783.0,67930.0,90264.0,20526.0,2055.0,4227.0,46.0,148.0,2540.0,8923.0,18491.0,15838.0,103222.0,109238.0,99851.0,0.09539654761611331,0.1519229663224142,11611.0,0.40493620237772465
42047,PA,Elk County,8897.0,4826.0,4071.0,7846.0,32.0,7814.0,1051.0,14.0,1037.0,4286.0,4611.0,8618.0,,54.0,15.0,,,,845.0,1106.0,922.0,7791.0,8457.0,7538.0,0.11812970664268854,0.12431156569630213,845.0,0.45756996740474315
42049,PA,Erie County,65892.0,23404.0,42488.0,57065.0,213.0,56852.0,8827.0,141.0,8686.0,30378.0,35514.0,59041.0,3382.0,1348.0,509.0,15.0,131.0,1998.0,6698.0,12235.0,10063.0,53657.0,61595.0,56894.0,0.13396163418927942,0.18568263218600134,8827.0,0.6448127238511504
42051,PA,Fayette County,36551.0,12364.0,24187.0,31428.0,181.0,31247.0,5123.0,94.0,5029.0,17030.0,19521.0,34430.0,1218.0,171.0,101.0,,44.0,864.0,4215.0,7641.0,6135.0,28910.0,34406.0,30583.0,0.1401603239309458,0.20905036797898827,5123.0,0.661732921123909
42053,PA,Forest County,1927.0,674.0,1253.0,1685.0,,,242.0,0.0,242.0,995.0,932.0,1872.0,,16.0,,,0.0,34.0,208.0,339.0,266.0,1588.0,1839.0,1648.0,0.12558380902957966,0.17592112091333678,242.0,0.6502335236118318
42055,PA,Franklin County,38480.0,21497.0,16983.0,34509.0,131.0,34378.0,3971.0,73.0,3898.0,17382.0,21098.0,35354.0,976.0,770.0,231.0,13.0,55.0,757.0,3159.0,4334.0,3250.0,34146.0,35803.0,30988.0,0.10319646569646569,0.11262993762993763,3971.0,0.44134615384615383
42057,PA,Fulton County,4011.0,2127.0,1884.0,3530.0,16.0,3514.0,481.0,,,1931.0,2080.0,3857.0,37.0,16.0,,,,,397.0,589.0,439.0,3422.0,3769.0,3289.0,0.11992021939665919,0.14684617302418349,397.0,0.46970830216903514
42059,PA,Greene County,8993.0,2759.0,6234.0,7805.0,35.0,7770.0,1188.0,16.0,1172.0,4246.0,4747.0,8694.0,52.0,26.0,14.0,,17.0,191.0,980.0,1730.0,1395.0,7263.0,8484.0,6831.0,0.13210274658067386,0.192371844768153,1188.0,0.6932058267541421
42061,PA,Huntingdon County,11512.0,4397.0,7115.0,10117.0,43.0,10074.0,1395.0,21.0,1374.0,5483.0,6029.0,11085.0,129.0,40.0,11.0,,11.0,231.0,1153.0,1652.0,1191.0,9860.0,10906.0,9772.0,0.12117790132036137,0.14350243224461431,1395.0,0.6180507296733843
42063,PA,Indiana County,21173.0,5148.0,16025.0,18536.0,53.0,18483.0,2637.0,35.0,2602.0,10028.0,11145.0,20343.0,212.0,121.0,77.0,,35.0,499.0,2103.0,3357.0,2602.0,17816.0,20051.0,18089.0,0.12454541160912483,0.15855098474472204,2637.0,0.7568601520804799
42065,PA,Jefferson County,12104.0,4710.0,7394.0,10573.0,35.0,10538.0,1531.0,19.0,1512.0,5789.0,6315.0,11740.0,26.0,46.0,17.0,,25.0,303.0,1203.0,2027.0,1497.0,10077.0,11562.0,9984.0,0.12648711169861204,0.1674653007270324,1531.0,0.6108724388631858
42067,PA,Juniata County,5791.0,2236.0,3555.0,5193.0,24.0,5169.0,598.0,,,2718.0,3073.0,5536.0,16.0,61.0,,,,,510.0,750.0,512.0,5041.0,5512.0,5043.0,0.1032636850284925,0.12951131065446383,510.0,0.6138836125021585
42069,PA,Lackawanna County,55265.0,30499.0,24766.0,46685.0,153.0,46532.0,8580.0,106.0,8474.0,25398.0,29867.0,49743.0,1359.0,1935.0,903.0,34.0,105.0,1956.0,6519.0,11849.0,9673.0,43416.0,50616.0,46049.0,0.15525196779154982,0.2144033294128291,8580.0,0.4481317289423686
42071,PA,Lancaster County,125573.0,60893.0,64680.0,114311.0,372.0,113939.0,11262.0,242.0,11020.0,56609.0,68964.0,109477.0,3281.0,6830.0,1999.0,33.0,161.0,2346.0,8755.0,13807.0,10783.0,111766.0,117181.0,107864.0,0.08968488448950013,0.10995198012311563,11262.0,0.5150788784213167
42073,PA,Lawrence County,24255.0,6999.0,17256.0,21289.0,59.0,21230.0,2966.0,59.0,2907.0,11099.0,13156.0,22787.0,710.0,188.0,70.0,,41.0,575.0,2350.0,4259.0,3422.0,19996.0,22756.0,21189.0,0.122284065141208,0.17559266130694703,2966.0,0.7114409400123686
42075,PA,Lebanon County,35494.0,16421.0,19073.0,31974.0,111.0,31863.0,3520.0,83.0,3437.0,16125.0,19369.0,31269.0,477.0,2327.0,419.0,,43.0,651.0,2826.0,4444.0,3512.0,31050.0,32860.0,29141.0,0.09917169099002648,0.12520425987490844,3520.0,0.5373584267763566
42077,PA,Lehigh County,81350.0,42760.0,38590.0,72244.0,266.0,71978.0,9106.0,212.0,8894.0,36816.0,44534.0,63323.0,3200.0,10207.0,1911.0,16.0,113.0,1894.0,7099.0,14185.0,11615.0,67165.0,74897.0,69346.0,0.1119360786724032,0.1743700061462815,9106.0,0.4743700061462815
42079,PA,Luzerne County,77706.0,42818.0,34888.0,67592.0,255.0,67337.0,10114.0,211.0,9903.0,35579.0,42127.0,69602.0,1631.0,4202.0,522.0,18.0,129.0,1862.0,8123.0,13755.0,10893.0,63951.0,71090.0,63590.0,0.1301572594136875,0.17701335804185006,10114.0,0.44897433917586804
42081,PA,Lycoming County,29539.0,12747.0,16792.0,26063.0,69.0,25994.0,3476.0,62.0,3414.0,13580.0,15959.0,27565.0,958.0,211.0,124.0,,55.0,784.0,2637.0,4960.0,3908.0,24579.0,27984.0,25534.0,0.11767493821727208,0.167913605741562,3476.0,0.5684688039540946
42083,PA,Mckean County,10635.0,5103.0,5532.0,9067.0,20.0,9047.0,1568.0,20.0,1548.0,5070.0,5565.0,10325.0,24.0,45.0,23.0,,16.0,314.0,1238.0,2043.0,1625.0,8592.0,9950.0,8739.0,0.14743770568876352,0.1921015514809591,1568.0,0.5201692524682652
42085,PA,Mercer County,30385.0,9600.0,20785.0,26544.0,78.0,26466.0,3841.0,54.0,3787.0,13869.0,16516.0,28029.0,1277.0,181.0,106.0,,44.0,741.0,3056.0,4881.0,3746.0,25504.0,28814.0,26384.0,0.1264110580878723,0.1606384729307224,3841.0,0.6840546322198453
42087,PA,Mifflin County,11847.0,4797.0,7050.0,10394.0,46.0,10348.0,1453.0,18.0,1435.0,5487.0,6360.0,11387.0,67.0,85.0,31.0,0.0,19.0,294.0,1140.0,2074.0,1553.0,9773.0,11174.0,10250.0,0.12264708364986916,0.17506541740525028,1453.0,0.5950873638895923
42089,PA,Monroe County,39588.0,21870.0,17718.0,34347.0,163.0,34184.0,5241.0,119.0,5122.0,18857.0,20731.0,29275.0,4491.0,3655.0,657.0,20.0,67.0,937.0,4237.0,5322.0,3935.0,34266.0,36070.0,31364.0,0.13238860260685056,0.13443467717490148,5241.0,0.44755986662625036
42091,PA,Montgomery County,189824.0,119816.0,70008.0,176629.0,658.0,175971.0,13195.0,370.0,12825.0,84236.0,105588.0,153019.0,15736.0,3577.0,9137.0,61.0,189.0,2997.0,10009.0,17812.0,15138.0,172012.0,170574.0,156818.0,0.0695117582602832,0.09383428860418072,13195.0,0.36880478759271745
42093,PA,Montour County,4808.0,1911.0,2897.0,4354.0,14.0,4340.0,454.0,,,2184.0,2624.0,4509.0,32.0,61.0,31.0,,,,339.0,642.0,515.0,4166.0,4430.0,4087.0,0.09442595673876872,0.13352745424292845,339.0,0.6025374376039934
42095,PA,Northampton County,79218.0,44313.0,34905.0,71277.0,252.0,71025.0,7941.0,177.0,7764.0,35816.0,43402.0,66361.0,3050.0,5943.0,1331.0,16.0,101.0,1522.0,6318.0,10014.0,7973.0,69204.0,72716.0,66236.0,0.10024236915852458,0.1264106642429751,7941.0,0.44061955616147847
42097,PA,Northumberland County,24247.0,10136.0,14111.0,20871.0,78.0,20793.0,3376.0,51.0,3325.0,11246.0,13001.0,22899.0,195.0,519.0,71.0,,33.0,615.0,2728.0,4481.0,3357.0,19766.0,22901.0,21072.0,0.1392337196354188,0.1848063677980781,3376.0,0.581968903369489
42099,PA,Perry County,11807.0,4765.0,7042.0,10497.0,27.0,10470.0,1310.0,24.0,1286.0,5618.0,6189.0,11248.0,58.0,99.0,34.0,,,,1053.0,1410.0,1021.0,10397.0,11030.0,9905.0,0.11095113068518675,0.11942068264588804,1053.0,0.5964258490725841
42101,PA,Philadelphia County,266586.0,107132.0,159454.0,224907.0,2201.0,222706.0,41679.0,1720.0,39959.0,114680.0,151906.0,98142.0,118974.0,24377.0,16128.0,143.0,469.0,8414.0,32796.0,102046.0,90593.0,164540.0,242238.0,226812.0,0.15634354392203642,0.3827882934587713,41679.0,0.5981334353641977
42103,PA,Pike County,17145.0,11227.0,5918.0,15162.0,40.0,15122.0,1983.0,25.0,1958.0,8378.0,8767.0,14705.0,686.0,983.0,171.0,,28.0,313.0,1642.0,1540.0,1136.0,15605.0,15927.0,13530.0,0.11566054243219598,0.08982210557013706,1983.0,0.34517351997666956
42105,PA,Potter County,4939.0,2338.0,2601.0,4355.0,,,584.0,,,2432.0,2507.0,4789.0,,30.0,,,,,492.0,721.0,505.0,4218.0,4651.0,4023.0,0.11824255922251468,0.14598096780724842,492.0,0.5266248228386313
42107,PA,Schuylkill County,37330.0,19881.0,17449.0,32258.0,108.0,32150.0,5072.0,76.0,4996.0,17349.0,19981.0,35181.0,341.0,844.0,169.0,,55.0,856.0,4161.0,6234.0,4779.0,31096.0,34821.0,31050.0,0.1358692740423252,0.1669970533083311,5072.0,0.4674256630056255
42109,PA,Snyder County,9194.0,3774.0,5420.0,8313.0,22.0,8291.0,881.0,20.0,861.0,4284.0,4910.0,8847.0,48.0,74.0,34.0,,13.0,168.0,700.0,1223.0,946.0,7971.0,8762.0,8159.0,0.09582336306286708,0.13302153578420708,881.0,0.5895149010224059
42111,PA,Somerset County,20887.0,6270.0,14617.0,18656.0,79.0,18577.0,2231.0,43.0,2188.0,9857.0,11030.0,20162.0,47.0,113.0,55.0,,18.0,385.0,1828.0,2841.0,2142.0,18046.0,19698.0,17896.0,0.10681285009814717,0.1360176186144492,2231.0,0.6998132809881744
42113,PA,Sullivan County,2165.0,1055.0,1110.0,1979.0,,,186.0,,,1054.0,1111.0,2064.0,,,,0.0,,,164.0,268.0,206.0,1897.0,2087.0,1800.0,0.0859122401847575,0.12378752886836028,164.0,0.5127020785219399
42115,PA,Susquehanna County,11375.0,6182.0,5193.0,10170.0,28.0,10142.0,1205.0,19.0,1186.0,5550.0,5825.0,10853.0,47.0,108.0,28.0,,15.0,209.0,981.0,1379.0,1006.0,9996.0,10756.0,9367.0,0.10593406593406593,0.12123076923076923,1205.0,0.4565274725274725
42117,PA,Tioga County,11369.0,5336.0,6033.0,10038.0,19.0,10019.0,1331.0,16.0,1315.0,5479.0,5890.0,10894.0,38.0,56.0,30.0,,15.0,275.0,1041.0,1677.0,1209.0,9692.0,10787.0,9384.0,0.11707274166593368,0.1475063769900607,1331.0,0.5306535315331163
42119,PA,Union County,9115.0,4190.0,4925.0,8368.0,21.0,8347.0,747.0,16.0,731.0,4052.0,5063.0,8609.0,67.0,88.0,49.0,,13.0,152.0,582.0,1085.0,810.0,8030.0,8598.0,7897.0,0.08195282501371366,0.11903455842018651,747.0,0.5403181568842568
42121,PA,Venango County,15126.0,4741.0,10385.0,12939.0,39.0,12900.0,2187.0,23.0,2164.0,7155.0,7971.0,14612.0,111.0,72.0,26.0,,29.0,434.0,1724.0,2696.0,2134.0,12430.0,14314.0,12843.0,0.1445854819516065,0.17823614967605447,2187.0,0.6865661774428137
42123,PA,Warren County,11047.0,5126.0,5921.0,9696.0,26.0,9670.0,1351.0,,,5256.0,5791.0,10626.0,23.0,51.0,40.0,,17.0,247.0,1087.0,1677.0,1306.0,9370.0,10436.0,9343.0,0.1222956458767086,0.15180592015931926,1351.0,0.5359826197157599
42125,PA,Washington County,55877.0,17596.0,38281.0,50664.0,192.0,50472.0,5213.0,103.0,5110.0,25598.0,30279.0,52494.0,1548.0,408.0,303.0,,51.0,910.0,4252.0,6946.0,5572.0,48931.0,51980.0,47684.0,0.09329419976018756,0.12430874957495928,5213.0,0.6850940458507078
42127,PA,Wayne County,14993.0,9396.0,5597.0,13476.0,31.0,13445.0,1517.0,23.0,1494.0,7265.0,7728.0,13871.0,111.0,363.0,80.0,,20.0,248.0,1249.0,1657.0,1228.0,13336.0,13967.0,12073.0,0.10118055092376442,0.1105182418461949,1517.0,0.3733075435203095
42129,PA,Westmoreland County,102012.0,29317.0,72695.0,92365.0,331.0,92034.0,9647.0,165.0,9482.0,46665.0,55347.0,96735.0,1988.0,648.0,540.0,18.0,119.0,1790.0,7738.0,12222.0,9378.0,89790.0,95245.0,88675.0,0.09456730580715994,0.11980943418421362,9647.0,0.7126122416970553
42131,PA,Wyoming County,7478.0,3422.0,4056.0,6623.0,13.0,6610.0,855.0,11.0,844.0,3576.0,3902.0,7203.0,25.0,52.0,17.0,,,,699.0,937.0,676.0,6541.0,7053.0,5959.0,0.11433538379245788,0.12530088258892752,699.0,0.5423910136400107
42133,PA,York County,106294.0,50763.0,55531.0,95451.0,325.0,95126.0,10843.0,263.0,10580.0,48523.0,57771.0,93317.0,4547.0,3622.0,1021.0,27.0,111.0,2179.0,8553.0,12137.0,9709.0,94157.0,98586.0,88655.0,0.10200952076316631,0.11418330291455774,10843.0,0.5224283590795341
42999,PA,Unknown,,,,,,,,,,,,,,,,,,,,,,,,,,,0.0,
44001,RI,Bristol County,13137.0,5822.0,7315.0,12095.0,35.0,12060.0,1042.0,20.0,1022.0,5888.0,7249.0,11719.0,91.0,513.0,115.0,,17.0,239.0,786.0,1364.0,1107.0,11773.0,11761.0,10785.0,0.07931795691558194,0.10382888026185583,1042.0,0.5568242368881784
44003,RI,Kent County,44668.0,17587.0,27081.0,39217.0,117.0,39100.0,5451.0,70.0,5381.0,19822.0,24846.0,40277.0,681.0,1385.0,586.0,25.0,82.0,1186.0,4183.0,6540.0,5176.0,38128.0,40325.0,37019.0,0.12203367063669741,0.1464135398943315,5451.0,0.6062729470762067
44005,RI,Newport County,22753.0,12302.0,10451.0,21068.0,48.0,21020.0,1685.0,21.0,1664.0,10370.0,12383.0,20109.0,592.0,650.0,220.0,11.0,21.0,424.0,1240.0,2317.0,1882.0,20436.0,20528.0,17716.0,0.07405616841735156,0.10183272535489825,1685.0,0.4593240451808553
44007,RI,Providence County,132332.0,47045.0,85287.0,113695.0,437.0,113258.0,18637.0,319.0,18318.0,59065.0,73267.0,96252.0,7881.0,18709.0,2884.0,104.0,266.0,4138.0,14233.0,32161.0,27098.0,100171.0,119340.0,111853.0,0.14083517214279237,0.2430326753921954,18637.0,0.6444926397243297
44009,RI,Washington County,37297.0,17799.0,19498.0,34712.0,68.0,34644.0,2585.0,47.0,2538.0,17042.0,20255.0,34078.0,311.0,526.0,402.0,135.0,41.0,636.0,1908.0,3088.0,2435.0,34209.0,33858.0,30747.0,0.06930852347373784,0.08279486285760249,2585.0,0.5227766308282168
44999,RI,Unknown,,,,,,,,,,,,,,,,,,,,,,,,,,,0.0,
45001,SC,Abbeville County,6373.0,3104.0,3269.0,5476.0,16.0,5460.0,897.0,37.0,860.0,2882.0,3491.0,4441.0,1749.0,37.0,12.0,0.0,,,771.0,1045.0,826.0,5328.0,6049.0,5192.0,0.1407500392279931,0.16397301114075005,771.0,0.5129452377216381
45003,SC,Aiken County,44677.0,25238.0,19439.0,39809.0,218.0,39591.0,4868.0,190.0,4678.0,20062.0,24615.0,33770.0,8716.0,824.0,277.0,25.0,49.0,916.0,3903.0,5552.0,4564.0,39125.0,41766.0,35488.0,0.10895986749334109,0.12426975848870783,4868.0,0.43510083488148266
45005,SC,Allendale County,2131.0,837.0,1294.0,1774.0,38.0,1736.0,357.0,23.0,334.0,936.0,1195.0,612.0,1472.0,14.0,,0.0,,,283.0,732.0,612.0,1399.0,1982.0,1766.0,0.16752698263725951,0.343500703894885,283.0,0.6072266541529798
45007,SC,Anderson County,48937.0,22713.0,26224.0,42429.0,159.0,42270.0,6508.0,167.0,6341.0,22155.0,26782.0,40239.0,6703.0,658.0,304.0,29.0,62.0,975.0,5471.0,7548.0,6172.0,41389.0,46337.0,40838.0,0.13298731021517463,0.15423912377137952,6508.0,0.5358726525941516
45009,SC,Bamberg County,3476.0,1431.0,2045.0,2925.0,34.0,2891.0,551.0,35.0,516.0,1553.0,1923.0,1435.0,1964.0,21.0,,0.0,,,445.0,1063.0,882.0,2413.0,3243.0,2897.0,0.15851553509781358,0.3058112773302647,445.0,0.5883199079401611
45011,SC,Barnwell County,5269.0,2425.0,2844.0,4449.0,49.0,4400.0,820.0,45.0,775.0,2373.0,2896.0,3007.0,2130.0,51.0,,,,,655.0,1427.0,1189.0,3842.0,4932.0,4405.0,0.15562725374833936,0.27082937938887836,655.0,0.5397608654393623
45013,SC,Beaufort County,62940.0,42446.0,20494.0,60278.0,166.0,60112.0,2662.0,106.0,2556.0,28885.0,34055.0,52721.0,6359.0,1119.0,404.0,18.0,27.0,511.0,2124.0,3090.0,2567.0,59850.0,59557.0,50190.0,0.04229424849062599,0.04909437559580553,2662.0,0.3256116936765173
45015,SC,Berkeley County,48564.0,27641.0,20923.0,43094.0,237.0,42857.0,5470.0,244.0,5226.0,21763.0,26801.0,33957.0,11145.0,1256.0,818.0,22.0,62.0,949.0,4459.0,5296.0,4363.0,43268.0,44795.0,34336.0,0.11263487356889877,0.1090519726546413,5470.0,0.430833539247179
45017,SC,Calhoun County,3726.0,1818.0,1908.0,3258.0,27.0,3231.0,468.0,26.0,442.0,1710.0,2016.0,2111.0,1503.0,34.0,,,,,384.0,732.0,598.0,2994.0,3502.0,3021.0,0.12560386473429952,0.1964573268921095,384.0,0.5120772946859904
45019,SC,Charleston County,85450.0,54368.0,31082.0,78793.0,412.0,78381.0,6657.0,360.0,6297.0,38411.0,47039.0,59265.0,21396.0,1099.0,856.0,24.0,82.0,1373.0,5202.0,9710.0,8325.0,75740.0,77987.0,64398.0,0.0779052077238151,0.1136337039204213,6657.0,0.363744880046811
45021,SC,Cherokee County,12905.0,5736.0,7169.0,10459.0,78.0,10381.0,2446.0,75.0,2371.0,5811.0,7094.0,10180.0,2287.0,193.0,61.0,13.0,22.0,318.0,2106.0,2478.0,1943.0,10427.0,12256.0,10994.0,0.18953893839597055,0.1920185974428516,2446.0,0.555521115846571
45023,SC,Chester County,8269.0,3712.0,4557.0,6888.0,61.0,6827.0,1381.0,60.0,1321.0,3736.0,4533.0,5196.0,2822.0,87.0,19.0,11.0,,,1169.0,1700.0,1303.0,6569.0,7774.0,6774.0,0.16700931188777363,0.20558713266416737,1169.0,0.5510944491474181
45025,SC,Chesterfield County,10355.0,5116.0,5239.0,8592.0,64.0,8528.0,1763.0,75.0,1688.0,4663.0,5692.0,6787.0,3262.0,93.0,41.0,13.0,14.0,273.0,1476.0,2358.0,1926.0,7997.0,9717.0,8447.0,0.17025591501690004,0.2277160791887977,1763.0,0.5059391598261709
45027,SC,Clarendon County,9638.0,4642.0,4996.0,8284.0,105.0,8179.0,1354.0,58.0,1296.0,4356.0,5282.0,5487.0,3882.0,57.0,57.0,,,,1144.0,2194.0,1802.0,7444.0,9083.0,7830.0,0.14048557792073044,0.2276405893338867,1144.0,0.5183648059763436
45029,SC,Colleton County,10469.0,5260.0,5209.0,8986.0,61.0,8925.0,1483.0,44.0,1439.0,4942.0,5527.0,6592.0,3564.0,102.0,33.0,12.0,12.0,228.0,1243.0,2247.0,1835.0,8222.0,9703.0,8226.0,0.14165631865507688,0.21463368038972203,1483.0,0.49756423727194576
45031,SC,Darlington County,16204.0,8043.0,8161.0,13691.0,121.0,13570.0,2513.0,95.0,2418.0,7144.0,9060.0,9602.0,6208.0,118.0,44.0,11.0,18.0,370.0,2125.0,3709.0,3086.0,12495.0,15189.0,13235.0,0.15508516415699827,0.22889410022216736,2513.0,0.5036410762774624
45033,SC,Dillon County,6888.0,2900.0,3988.0,5553.0,59.0,5494.0,1335.0,51.0,1284.0,3003.0,3885.0,3764.0,2918.0,45.0,12.0,28.0,18.0,240.0,1077.0,2147.0,1792.0,4741.0,6461.0,5806.0,0.19381533101045295,0.3117015098722416,1335.0,0.5789779326364692
45035,SC,Dorchester County,33512.0,19178.0,14334.0,29776.0,167.0,29609.0,3736.0,152.0,3584.0,14809.0,18703.0,23836.0,7575.0,727.0,459.0,27.0,38.0,735.0,2963.0,3816.0,3156.0,29696.0,30961.0,23794.0,0.11148245404631177,0.11386965862974457,3736.0,0.427727381236572
45037,SC,Edgefield County,7072.0,3605.0,3467.0,6234.0,57.0,6177.0,838.0,38.0,800.0,3243.0,3829.0,4613.0,2221.0,86.0,26.0,,,,702.0,1112.0,909.0,5960.0,6566.0,5658.0,0.11849547511312217,0.15723981900452488,702.0,0.49024321266968324
45039,SC,Fairfield County,6328.0,2951.0,3377.0,5491.0,54.0,5437.0,837.0,39.0,798.0,2938.0,3390.0,3115.0,3025.0,66.0,14.0,,,,698.0,1254.0,1064.0,5074.0,5882.0,5149.0,0.1322692793931732,0.1981668773704172,698.0,0.5336599241466498
45041,SC,Florence County,32534.0,17608.0,14926.0,27653.0,254.0,27399.0,4881.0,202.0,4679.0,14086.0,18448.0,18568.0,12819.0,361.0,256.0,22.0,51.0,885.0,3945.0,7229.0,6180.0,25305.0,30236.0,26299.0,0.15002766336755394,0.2221983156082867,4881.0,0.4587815823446241
45043,SC,Georgetown County,22026.0,12589.0,9437.0,20190.0,120.0,20070.0,1836.0,93.0,1743.0,10039.0,11987.0,16272.0,4963.0,189.0,59.0,,17.0,279.0,1540.0,2473.0,2014.0,19553.0,20949.0,18140.0,0.08335603377826205,0.1122764006174521,1836.0,0.4284481975846727
45045,SC,Greenville County,119516.0,61563.0,57953.0,107647.0,401.0,107246.0,11869.0,400.0,11469.0,53028.0,66488.0,92334.0,17756.0,4033.0,1706.0,38.0,128.0,2187.0,9554.0,14388.0,11971.0,105128.0,111240.0,98828.0,0.09930887914588842,0.12038555507212423,11869.0,0.4848974195923558
45047,SC,Greenwood County,17689.0,9373.0,8316.0,15248.0,83.0,15165.0,2441.0,64.0,2377.0,7827.0,9862.0,12515.0,4572.0,185.0,99.0,,14.0,403.0,2024.0,2978.0,2367.0,14711.0,16693.0,14441.0,0.13799536435072643,0.16835321386172197,2441.0,0.4701226751088247
45049,SC,Hampton County,5096.0,2287.0,2809.0,4299.0,27.0,4272.0,797.0,45.0,752.0,2286.0,2810.0,2200.0,2755.0,40.0,18.0,,,,661.0,1278.0,1063.0,3818.0,4792.0,4145.0,0.15639717425431712,0.25078492935635793,661.0,0.5512166405023547
45051,SC,Horry County,135173.0,74595.0,60578.0,122909.0,427.0,122482.0,12264.0,275.0,11989.0,63003.0,72170.0,118422.0,9139.0,2663.0,1147.0,91.0,104.0,1866.0,10294.0,11033.0,8845.0,124140.0,128660.0,109287.0,0.09072817796453433,0.08162132970341711,12264.0,0.44815162791385854
45053,SC,Jasper County,9918.0,5674.0,4244.0,9149.0,41.0,9108.0,769.0,50.0,719.0,4599.0,5319.0,7076.0,2263.0,229.0,69.0,,12.0,120.0,637.0,1063.0,855.0,8855.0,9404.0,8099.0,0.0775357935067554,0.10717886670699737,769.0,0.4279088525912482
45055,SC,Kershaw County,18058.0,9926.0,8132.0,15794.0,106.0,15688.0,2264.0,85.0,2179.0,8145.0,9913.0,12441.0,4760.0,330.0,133.0,14.0,19.0,399.0,1846.0,2617.0,2141.0,15441.0,16878.0,13832.0,0.1253737955476797,0.14492191826337358,2264.0,0.45032672499723114
45057,SC,Lancaster County,27154.0,14989.0,12165.0,24723.0,107.0,24616.0,2431.0,80.0,2351.0,11995.0,15159.0,21220.0,4298.0,541.0,327.0,12.0,16.0,385.0,2030.0,2870.0,2250.0,24284.0,25709.0,22493.0,0.08952640494954703,0.10569345216174413,2431.0,0.4480002946158945
45059,SC,Laurens County,16641.0,7891.0,8750.0,13703.0,88.0,13615.0,2938.0,86.0,2852.0,7574.0,9067.0,12107.0,3939.0,216.0,64.0,,28.0,445.0,2465.0,3271.0,2636.0,13370.0,15699.0,13662.0,0.1765518899104621,0.1965627065681149,2938.0,0.525809747010396
45061,SC,Lee County,4105.0,1812.0,2293.0,3465.0,44.0,3421.0,640.0,38.0,602.0,1828.0,2277.0,1696.0,2322.0,27.0,,0.0,,,532.0,1214.0,1003.0,2891.0,3842.0,3390.0,0.1559074299634592,0.29573690621193666,532.0,0.5585870889159561
45063,SC,Lexington County,67289.0,39861.0,27428.0,60427.0,258.0,60169.0,6862.0,255.0,6607.0,30117.0,37172.0,55802.0,7736.0,1265.0,750.0,34.0,67.0,1246.0,5549.0,7478.0,6163.0,59811.0,62574.0,53140.0,0.10197803504287477,0.11113257739006376,6862.0,0.4076149147706163
45067,SC,Marion County,8141.0,3512.0,4629.0,6760.0,86.0,6674.0,1381.0,67.0,1314.0,3540.0,4601.0,3698.0,4262.0,56.0,19.0,,,,1130.0,2365.0,1910.0,5776.0,7675.0,6748.0,0.1696351799533227,0.2905048519837858,1130.0,0.5686033656798919
45069,SC,Marlboro County,6513.0,2611.0,3902.0,5250.0,66.0,5184.0,1263.0,59.0,1204.0,2921.0,3592.0,3263.0,3083.0,39.0,15.0,27.0,11.0,190.0,1062.0,1973.0,1570.0,4540.0,6121.0,5512.0,0.19391985260248734,0.30293259634577,1263.0,0.5991094733609703
45065,SC,Mccormick County,4842.0,2479.0,2363.0,4467.0,18.0,4449.0,375.0,18.0,357.0,2321.0,2521.0,3502.0,1181.0,27.0,28.0,,,,329.0,528.0,419.0,4314.0,4632.0,3973.0,0.07744733581164807,0.1090458488228005,329.0,0.48802147872779844
45071,SC,Newberry County,10540.0,5852.0,4688.0,9202.0,52.0,9150.0,1338.0,53.0,1285.0,4843.0,5697.0,7419.0,2687.0,126.0,35.0,,17.0,234.0,1087.0,1681.0,1354.0,8859.0,9975.0,8556.0,0.1269449715370019,0.1594876660341556,1338.0,0.4447817836812144
45073,SC,Oconee County,24904.0,13332.0,11572.0,22281.0,86.0,22195.0,2623.0,60.0,2563.0,11725.0,13179.0,22402.0,1291.0,375.0,101.0,15.0,17.0,372.0,2234.0,2826.0,2236.0,22078.0,23703.0,20639.0,0.10532444587214905,0.11347574686797302,2623.0,0.46466431095406363
45075,SC,Orangeburg County,22166.0,9328.0,12838.0,18886.0,195.0,18691.0,3280.0,205.0,3075.0,9747.0,12419.0,9178.0,12363.0,152.0,143.0,,27.0,574.0,2679.0,5552.0,4690.0,16614.0,20557.0,18144.0,0.14797437516917802,0.25047369845709644,3280.0,0.5791753135432645
45077,SC,Pickens County,30721.0,14411.0,16310.0,26873.0,79.0,26794.0,3848.0,76.0,3772.0,13812.0,16909.0,27619.0,1714.0,440.0,182.0,18.0,41.0,574.0,3233.0,4133.0,3229.0,26588.0,29024.0,25597.0,0.12525633931187136,0.1345333810748348,3848.0,0.5309071970313466
45079,SC,Richland County,76976.0,44146.0,32830.0,67092.0,566.0,66526.0,9884.0,600.0,9284.0,33797.0,43179.0,35722.0,36472.0,1612.0,1086.0,35.0,95.0,1934.0,7855.0,12022.0,10259.0,64954.0,70481.0,56333.0,0.1284036582831012,0.15617854915817916,9884.0,0.4264965703595926
45081,SC,Saluda County,3467.0,1792.0,1675.0,3048.0,19.0,3029.0,419.0,16.0,403.0,1616.0,1851.0,2283.0,1071.0,50.0,,,,,361.0,659.0,538.0,2808.0,3274.0,2775.0,0.12085376406114796,0.1900778771271993,361.0,0.48312662244015
45083,SC,Spartanburg County,75115.0,35046.0,40069.0,64423.0,305.0,64118.0,10692.0,344.0,10348.0,33601.0,41514.0,57093.0,13062.0,1918.0,1157.0,37.0,89.0,1753.0,8850.0,12025.0,9842.0,63090.0,70275.0,62809.0,0.14234174266125274,0.1600878652732477,10692.0,0.5334353990547827
45085,SC,Sumter County,24482.0,12446.0,12036.0,20767.0,204.0,20563.0,3715.0,173.0,3542.0,10814.0,13668.0,11744.0,11752.0,293.0,197.0,11.0,40.0,644.0,3031.0,5495.0,4641.0,18987.0,22838.0,17452.0,0.15174413855077198,0.22445061677967487,3715.0,0.49162650110285105
45087,SC,Union County,7540.0,3027.0,4513.0,6097.0,31.0,6066.0,1443.0,39.0,1404.0,3345.0,4195.0,5122.0,2245.0,48.0,21.0,,11.0,187.0,1245.0,1737.0,1341.0,5803.0,7156.0,6260.0,0.19137931034482758,0.2303713527851459,1443.0,0.5985411140583554
45089,SC,Williamsburg County,8657.0,3495.0,5162.0,7219.0,98.0,7121.0,1438.0,84.0,1354.0,3790.0,4867.0,3089.0,5407.0,38.0,13.0,,17.0,222.0,1199.0,2506.0,2092.0,6151.0,8151.0,7346.0,0.16610835162296408,0.28947672403835045,1438.0,0.5962804666743675
45091,SC,York County,57198.0,31017.0,26181.0,51819.0,221.0,51598.0,5379.0,230.0,5149.0,25470.0,31728.0,44173.0,9240.0,1389.0,868.0,147.0,59.0,909.0,4411.0,5850.0,4717.0,51348.0,53122.0,46441.0,0.09404174971152837,0.1022763033672506,5379.0,0.45772579460820306
45999,SC,Unknown,,,,,,,,,,,,,,,,,,,,,,,,,,,0.0,
46003,SD,Aurora County,663.0,443.0,220.0,632.0,,,31.0,0.0,31.0,331.0,332.0,643.0,0.0,,,,,0.0,,36.0,20.0,627.0,624.0,529.0,0.04675716440422323,0.05429864253393665,0.0,0.33182503770739064
46005,SD,Beadle County,4018.0,2322.0,1696.0,3566.0,13.0,3553.0,452.0,11.0,441.0,1957.0,2061.0,3704.0,15.0,101.0,52.0,30.0,,,312.0,641.0,432.0,3377.0,3769.0,3288.0,0.11249377799900448,0.15953210552513689,312.0,0.4221005475360876
46007,SD,Bennett County,523.0,464.0,59.0,472.0,,,51.0,,,253.0,270.0,340.0,,,0.0,141.0,0.0,,,77.0,53.0,446.0,473.0,323.0,0.09751434034416825,0.14722753346080306,0.0,0.11281070745697896
46009,SD,Bon Homme County,1686.0,1087.0,599.0,1594.0,,,92.0,,,837.0,849.0,1631.0,,11.0,,,0.0,21.0,71.0,164.0,95.0,1522.0,1576.0,1356.0,0.054567022538552785,0.09727164887307237,92.0,0.3552787663107948
46011,SD,Brookings County,5987.0,3294.0,2693.0,5524.0,20.0,5504.0,463.0,12.0,451.0,2775.0,3212.0,5684.0,24.0,54.0,36.0,26.0,11.0,137.0,315.0,541.0,337.0,5446.0,5624.0,4964.0,0.07733422415233004,0.09036245197928845,463.0,0.4498079171538333
46013,SD,Brown County,8559.0,6125.0,2434.0,7829.0,33.0,7796.0,730.0,13.0,717.0,3895.0,4664.0,8054.0,37.0,69.0,47.0,133.0,,,535.0,927.0,560.0,7632.0,7989.0,6915.0,0.08529033765626826,0.10830704521556257,535.0,0.284379016240215
46015,SD,Brule County,1261.0,890.0,371.0,1164.0,,,97.0,,,617.0,644.0,1148.0,,11.0,,58.0,0.0,31.0,66.0,142.0,100.0,1119.0,1174.0,1015.0,0.07692307692307693,0.11260904044409199,97.0,0.2942109436954798
46017,SD,Buffalo County,206.0,187.0,19.0,162.0,,,44.0,,,102.0,104.0,51.0,0.0,,0.0,131.0,,,29.0,55.0,32.0,151.0,149.0,104.0,0.21359223300970873,0.2669902912621359,29.0,0.09223300970873786
46019,SD,Butte County,2793.0,1500.0,1293.0,2577.0,,,216.0,,,1377.0,1416.0,2651.0,,39.0,,37.0,,,162.0,313.0,143.0,2480.0,2583.0,2077.0,0.07733619763694952,0.11206587898317222,162.0,0.46294307196562834
46021,SD,Campbell County,445.0,322.0,123.0,427.0,,,18.0,0.0,18.0,224.0,221.0,432.0,0.0,,0.0,,0.0,,,31.0,18.0,414.0,418.0,362.0,0.04044943820224719,0.0696629213483146,0.0,0.27640449438202247
46023,SD,Charles Mix County,1952.0,1445.0,507.0,1821.0,,,131.0,14.0,117.0,930.0,1022.0,1607.0,,12.0,,256.0,,,99.0,278.0,187.0,1674.0,1797.0,1511.0,0.06711065573770492,0.14241803278688525,99.0,0.25973360655737704
46025,SD,Clark County,884.0,404.0,480.0,842.0,,,42.0,0.0,42.0,433.0,451.0,861.0,,,,0.0,,,31.0,110.0,88.0,774.0,840.0,742.0,0.04751131221719457,0.1244343891402715,31.0,0.5429864253393665
46027,SD,Clay County,2268.0,1504.0,764.0,2055.0,,,213.0,,,1071.0,1197.0,2087.0,13.0,17.0,17.0,41.0,,,138.0,276.0,173.0,1992.0,2113.0,1868.0,0.09391534391534391,0.12169312169312169,138.0,0.3368606701940035
46029,SD,Codington County,6698.0,3082.0,3616.0,6029.0,15.0,6014.0,669.0,21.0,648.0,3148.0,3550.0,6320.0,12.0,48.0,35.0,88.0,,,453.0,718.0,391.0,5980.0,6193.0,5444.0,0.09988056136160048,0.10719617796357121,453.0,0.5398626455658405
46031,SD,Corson County,588.0,451.0,137.0,530.0,,,58.0,,,286.0,302.0,314.0,,,,201.0,,,44.0,152.0,107.0,436.0,514.0,393.0,0.09863945578231292,0.2585034013605442,44.0,0.23299319727891157
46033,SD,Custer County,3612.0,2403.0,1209.0,3440.0,,,172.0,,,1812.0,1800.0,3397.0,,45.0,,53.0,,,142.0,163.0,74.0,3449.0,3340.0,2579.0,0.047619047619047616,0.04512735326688815,142.0,0.3347176079734219
46035,SD,Davison County,4842.0,2924.0,1918.0,4350.0,,,492.0,,,2203.0,2639.0,4560.0,19.0,57.0,11.0,61.0,,,354.0,660.0,405.0,4182.0,4511.0,3966.0,0.10161090458488228,0.13630731102850063,354.0,0.39611730689797603
46037,SD,Day County,1638.0,1017.0,621.0,1549.0,,,89.0,,,844.0,794.0,1528.0,,,,66.0,,,75.0,143.0,76.0,1495.0,1535.0,1297.0,0.054334554334554336,0.0873015873015873,75.0,0.3791208791208791
46039,SD,Deuel County,1060.0,553.0,507.0,992.0,,,68.0,,,526.0,534.0,1036.0,0.0,,,,,,51.0,88.0,50.0,972.0,1003.0,870.0,0.06415094339622641,0.0830188679245283,51.0,0.47830188679245284
46041,SD,Dewey County,904.0,776.0,128.0,800.0,,,104.0,16.0,88.0,427.0,477.0,380.0,,,,403.0,,,82.0,179.0,120.0,725.0,703.0,495.0,0.11504424778761062,0.19800884955752213,82.0,0.1415929203539823
46043,SD,Douglas County,820.0,580.0,240.0,789.0,,,31.0,0.0,31.0,402.0,418.0,783.0,0.0,,,,0.0,,,77.0,63.0,743.0,773.0,679.0,0.03780487804878049,0.09390243902439024,0.0,0.2926829268292683
46045,SD,Edmunds County,954.0,696.0,258.0,908.0,,,46.0,0.0,46.0,472.0,482.0,922.0,0.0,,0.0,0.0,,,35.0,66.0,54.0,888.0,898.0,817.0,0.04821802935010482,0.06918238993710692,35.0,0.27044025157232704
46047,SD,Fall River County,2959.0,2095.0,864.0,2740.0,,,219.0,,,1491.0,1468.0,2711.0,,34.0,17.0,91.0,,,174.0,294.0,152.0,2665.0,2653.0,1980.0,0.0740114903683677,0.09935789117945251,174.0,0.2919905373436972
46049,SD,Faulk County,595.0,448.0,147.0,571.0,,,24.0,0.0,24.0,283.0,312.0,588.0,0.0,0.0,0.0,0.0,,,20.0,92.0,81.0,503.0,570.0,499.0,0.040336134453781515,0.1546218487394958,20.0,0.24705882352941178
46051,SD,Grant County,2139.0,1008.0,1131.0,2006.0,,,133.0,,,1057.0,1082.0,2071.0,,,,12.0,,,105.0,193.0,112.0,1946.0,2060.0,1812.0,0.06217858812529219,0.09022907900888266,105.0,0.5287517531556802
46053,SD,Gregory County,1225.0,962.0,263.0,1155.0,,,70.0,,,589.0,636.0,1160.0,0.0,,,30.0,,,49.0,118.0,67.0,1107.0,1152.0,998.0,0.05714285714285714,0.0963265306122449,49.0,0.2146938775510204
46055,SD,Haakon County,590.0,496.0,94.0,565.0,,,25.0,0.0,25.0,287.0,303.0,559.0,0.0,0.0,0.0,,0.0,,,39.0,22.0,551.0,539.0,463.0,0.0423728813559322,0.06610169491525424,0.0,0.15932203389830507
46057,SD,Hamlin County,1242.0,630.0,612.0,1166.0,,,76.0,,,628.0,614.0,1190.0,,,,,,,55.0,100.0,69.0,1142.0,1161.0,1011.0,0.061191626409017714,0.08051529790660225,55.0,0.4927536231884058
46059,SD,Hand County,900.0,762.0,138.0,857.0,,,43.0,,,430.0,470.0,871.0,,,,,0.0,12.0,31.0,72.0,59.0,828.0,841.0,738.0,0.04777777777777778,0.08,43.0,0.15333333333333332
46061,SD,Hanson County,1074.0,664.0,410.0,1034.0,0.0,1034.0,40.0,,,566.0,508.0,1038.0,,,,0.0,,,30.0,69.0,48.0,1005.0,1001.0,842.0,0.037243947858473,0.06424581005586592,30.0,0.3817504655493482
46063,SD,Harding County,309.0,248.0,61.0,297.0,0.0,297.0,12.0,,,157.0,152.0,287.0,,,0.0,,0.0,0.0,12.0,,,,280.0,227.0,0.038834951456310676,,12.0,0.19741100323624594
46065,SD,Hughes County,3804.0,3046.0,758.0,3532.0,18.0,3514.0,272.0,12.0,260.0,1820.0,1984.0,3511.0,17.0,31.0,12.0,130.0,,,201.0,315.0,146.0,3489.0,3492.0,2888.0,0.07150368033648791,0.08280757097791798,201.0,0.19926393270241852
46067,SD,Hutchinson County,1904.0,1162.0,742.0,1804.0,,,100.0,,,914.0,990.0,1831.0,,13.0,,,,,78.0,159.0,104.0,1745.0,1794.0,1554.0,0.052521008403361345,0.08350840336134453,78.0,0.3897058823529412
46069,SD,Hyde County,362.0,252.0,110.0,344.0,,,18.0,0.0,18.0,176.0,186.0,344.0,0.0,0.0,0.0,,0.0,,,25.0,,337.0,338.0,286.0,0.049723756906077346,0.06906077348066299,0.0,0.30386740331491713
46071,SD,Jackson County,480.0,355.0,125.0,424.0,,,56.0,,,234.0,246.0,303.0,,,,130.0,,,40.0,68.0,48.0,412.0,422.0,310.0,0.11666666666666667,0.14166666666666666,40.0,0.2604166666666667
46073,SD,Jerauld County,594.0,434.0,160.0,560.0,,,34.0,,,290.0,304.0,576.0,0.0,,0.0,,0.0,,,42.0,23.0,552.0,569.0,483.0,0.05723905723905724,0.0707070707070707,0.0,0.26936026936026936
46075,SD,Jones County,257.0,219.0,38.0,,,,,,,139.0,118.0,246.0,0.0,,0.0,,,,,12.0,,245.0,237.0,188.0,,0.04669260700389105,0.0,0.14785992217898833
46077,SD,Kingsbury County,1560.0,1049.0,511.0,1484.0,,,76.0,,,783.0,777.0,1500.0,,,,,,,63.0,123.0,81.0,1437.0,1461.0,1263.0,0.04871794871794872,0.07884615384615384,63.0,0.32756410256410257
46079,SD,Lake County,2860.0,1901.0,959.0,2679.0,,,181.0,,,1387.0,1473.0,2736.0,11.0,25.0,,13.0,0.0,39.0,142.0,227.0,136.0,2633.0,2664.0,2338.0,0.06328671328671329,0.07937062937062937,181.0,0.33531468531468533
46081,SD,Lawrence County,8388.0,5066.0,3322.0,7827.0,15.0,7812.0,561.0,11.0,550.0,4151.0,4237.0,7932.0,15.0,85.0,36.0,79.0,,,422.0,691.0,398.0,7697.0,7755.0,6318.0,0.06688125894134478,0.0823795898903195,422.0,0.3960419647114926
46083,SD,Lincoln County,12330.0,6844.0,5486.0,11562.0,23.0,11539.0,768.0,25.0,743.0,5623.0,6707.0,11676.0,88.0,86.0,93.0,44.0,13.0,211.0,544.0,589.0,343.0,11741.0,11323.0,9905.0,0.06228710462287105,0.047769667477696676,768.0,0.44493106244931063
46085,SD,Lyman County,737.0,600.0,137.0,663.0,,,74.0,,,356.0,381.0,554.0,,,,128.0,,,52.0,91.0,52.0,646.0,650.0,511.0,0.10040705563093623,0.12347354138398914,52.0,0.18588873812754408
46091,SD,Marshall County,1187.0,774.0,413.0,1123.0,,,64.0,0.0,64.0,605.0,582.0,1100.0,,,,41.0,0.0,12.0,52.0,97.0,66.0,1090.0,1117.0,948.0,0.05391743892165122,0.08171861836562763,64.0,0.34793597304128054
46087,SD,Mccook County,1382.0,782.0,600.0,1300.0,,,82.0,,,661.0,721.0,1342.0,,,,,,,68.0,134.0,91.0,1248.0,1279.0,1133.0,0.059334298118668596,0.09696092619392185,68.0,0.4341534008683068
46089,SD,Mcpherson County,706.0,502.0,204.0,664.0,,,42.0,0.0,42.0,351.0,355.0,688.0,0.0,,,,,,32.0,85.0,62.0,621.0,668.0,581.0,0.059490084985835696,0.12039660056657224,32.0,0.28895184135977336
46093,SD,Meade County,6576.0,4166.0,2410.0,6031.0,16.0,6015.0,545.0,12.0,533.0,3207.0,3369.0,6131.0,18.0,76.0,26.0,154.0,,,418.0,524.0,289.0,6052.0,5914.0,4448.0,0.08287712895377129,0.07968369829683698,418.0,0.36648418491484186
46095,SD,Mellette County,361.0,300.0,61.0,318.0,,,43.0,,,185.0,176.0,219.0,,,,107.0,0.0,,,77.0,61.0,284.0,325.0,237.0,0.11911357340720222,0.21329639889196675,0.0,0.16897506925207756
46097,SD,Miner County,639.0,443.0,196.0,592.0,,,47.0,,,312.0,327.0,617.0,,,,,0.0,,,58.0,36.0,581.0,597.0,521.0,0.07355242566510173,0.09076682316118936,0.0,0.30672926447574334
46099,SD,Minnehaha County,40734.0,22610.0,18124.0,36693.0,100.0,36593.0,4041.0,102.0,3939.0,19168.0,21566.0,37323.0,677.0,675.0,412.0,429.0,63.0,1034.0,2944.0,4291.0,2528.0,36443.0,37271.0,31874.0,0.09920459566946531,0.10534197476309717,4041.0,0.444935434771935
46101,SD,Moody County,1438.0,945.0,493.0,1341.0,,,97.0,,,667.0,771.0,1227.0,,19.0,,116.0,,,80.0,128.0,79.0,1310.0,1317.0,1109.0,0.0674547983310153,0.0890125173852573,80.0,0.3428372739916551
46102,SD,Oglala Lakota County,1422.0,1343.0,79.0,1139.0,37.0,1102.0,283.0,58.0,225.0,630.0,792.0,127.0,,30.0,17.0,1026.0,,,194.0,482.0,356.0,940.0,1060.0,684.0,0.1990154711673699,0.3389592123769339,194.0,0.05555555555555555
46103,SD,Pennington County,30253.0,19478.0,10775.0,27679.0,82.0,27597.0,2574.0,59.0,2515.0,14730.0,15523.0,27135.0,213.0,525.0,195.0,1224.0,45.0,588.0,1941.0,2662.0,1520.0,27591.0,27782.0,21064.0,0.08508247115988497,0.08799127359270155,2574.0,0.35616302515453013
46105,SD,Perkins County,870.0,671.0,199.0,823.0,,,47.0,0.0,47.0,422.0,448.0,833.0,,,,,0.0,16.0,31.0,64.0,42.0,806.0,825.0,672.0,0.054022988505747126,0.0735632183908046,47.0,0.22873563218390805
46107,SD,Potter County,692.0,589.0,103.0,670.0,,,22.0,,,346.0,346.0,654.0,,,,15.0,0.0,,,30.0,13.0,662.0,649.0,545.0,0.031791907514450865,0.04335260115606936,0.0,0.14884393063583815
46109,SD,Roberts County,2217.0,1404.0,813.0,2036.0,,,181.0,13.0,168.0,1105.0,1112.0,1671.0,,18.0,,413.0,,,144.0,280.0,166.0,1937.0,1950.0,1623.0,0.08164185836716284,0.12629679747406405,144.0,0.36671177266576455
46111,SD,Sanborn County,612.0,398.0,214.0,583.0,,,29.0,,,308.0,304.0,587.0,0.0,,,,0.0,11.0,18.0,60.0,35.0,552.0,575.0,496.0,0.04738562091503268,0.09803921568627451,29.0,0.34967320261437906
46115,SD,Spink County,1668.0,1192.0,476.0,1521.0,,,147.0,,,807.0,861.0,1614.0,,,,,,,94.0,235.0,178.0,1433.0,1585.0,1405.0,0.08812949640287769,0.14088729016786572,94.0,0.2853717026378897
46117,SD,Stanley County,797.0,634.0,163.0,751.0,,,46.0,,,391.0,406.0,743.0,,,,23.0,,,33.0,45.0,24.0,752.0,728.0,570.0,0.05771643663739021,0.056461731493099125,33.0,0.20451693851944794
46119,SD,Sully County,348.0,286.0,62.0,,,,,,,185.0,163.0,333.0,,,,,,,,,,,325.0,265.0,,,0.0,0.1781609195402299
46121,SD,Todd County,984.0,912.0,72.0,824.0,21.0,803.0,160.0,17.0,143.0,446.0,538.0,160.0,,19.0,11.0,640.0,,,111.0,335.0,219.0,649.0,797.0,535.0,0.16260162601626016,0.3404471544715447,111.0,0.07317073170731707
46123,SD,Tripp County,1394.0,1160.0,234.0,1306.0,,,88.0,,,667.0,727.0,1279.0,,,0.0,60.0,0.0,21.0,67.0,151.0,99.0,1243.0,1328.0,1118.0,0.06312769010043041,0.10832137733142037,88.0,0.1678622668579627
46125,SD,Turner County,2084.0,1055.0,1029.0,1960.0,,,124.0,,,1036.0,1048.0,2025.0,,,,,0.0,18.0,106.0,161.0,86.0,1923.0,1933.0,1705.0,0.05950095969289827,0.07725527831094049,124.0,0.4937619961612284
46127,SD,Union County,3868.0,2514.0,1354.0,3639.0,,,229.0,,,1838.0,2030.0,3677.0,15.0,33.0,19.0,14.0,,,171.0,225.0,110.0,3643.0,3580.0,3074.0,0.059203722854188214,0.05816959669079628,171.0,0.3500517063081696
46129,SD,Walworth County,1522.0,1181.0,341.0,1440.0,,,82.0,,,714.0,808.0,1357.0,,,,93.0,,,64.0,155.0,77.0,1367.0,1415.0,1174.0,0.05387647831800263,0.10183968462549277,64.0,0.2240473061760841
46135,SD,Yankton County,5894.0,3751.0,2143.0,5353.0,,,541.0,11.0,530.0,2787.0,3107.0,5565.0,22.0,69.0,21.0,71.0,,,415.0,709.0,426.0,5185.0,5486.0,4858.0,0.09178825924669155,0.12029182219205972,415.0,0.3635900916185952
46137,SD,Ziebach County,198.0,159.0,39.0,178.0,,,20.0,,,92.0,106.0,81.0,,0.0,,90.0,0.0,,,46.0,35.0,152.0,166.0,120.0,0.10101010101010101,0.23232323232323232,0.0,0.19696969696969696
46999,SD,Unknown,,,,,,,,,,,,,,,,,,,,,,,,,,,0.0,
47001,TN,Anderson County,19289.0,8911.0,10378.0,16772.0,70.0,16702.0,2517.0,42.0,2475.0,8869.0,10420.0,17767.0,643.0,193.0,137.0,16.0,39.0,429.0,2049.0,2891.0,1832.0,16398.0,18026.0,15967.0,0.13048887967235212,0.149878168904557,2517.0,0.5380268546840168
47003,TN,Bedford County,10313.0,5016.0,5297.0,8851.0,40.0,8811.0,1462.0,30.0,1432.0,4626.0,5687.0,8974.0,841.0,216.0,56.0,,25.0,211.0,1226.0,1544.0,894.0,8769.0,9616.0,8144.0,0.14176282362067294,0.1497139532628721,1462.0,0.5136235818869388
47005,TN,Benton County,4954.0,2565.0,2389.0,4206.0,18.0,4188.0,748.0,15.0,733.0,2366.0,2588.0,4727.0,83.0,45.0,19.0,,,,638.0,915.0,549.0,4039.0,4683.0,3996.0,0.15098909971740007,0.1846992329430763,638.0,0.4822365765038353
47007,TN,Bledsoe County,3545.0,1547.0,1998.0,3006.0,,,539.0,,,1741.0,1804.0,3402.0,28.0,33.0,,,,,454.0,667.0,411.0,2878.0,3385.0,2899.0,0.15204513399153738,0.18815232722143865,454.0,0.5636107193229901
47009,TN,Blount County,34846.0,15336.0,19510.0,31437.0,89.0,31348.0,3409.0,70.0,3339.0,15878.0,18968.0,32658.0,740.0,371.0,147.0,32.0,44.0,587.0,2778.0,3642.0,2113.0,31204.0,32805.0,28325.0,0.0978304539975894,0.10451701773517764,3409.0,0.5598920966538483
47011,TN,Bradley County,24926.0,10362.0,14564.0,21477.0,82.0,21395.0,3449.0,74.0,3375.0,11141.0,13785.0,22694.0,973.0,570.0,182.0,19.0,42.0,570.0,2837.0,3823.0,2229.0,21103.0,23555.0,20798.0,0.13836957393885901,0.15337398700152452,3449.0,0.5842894969108562
47013,TN,Campbell County,10347.0,3432.0,6915.0,8325.0,28.0,8297.0,2022.0,37.0,1985.0,4913.0,5434.0,10068.0,37.0,53.0,18.0,,22.0,252.0,1748.0,2658.0,1702.0,7689.0,9816.0,8635.0,0.19541896201797623,0.256886053928675,2022.0,0.6683096549724558
47015,TN,Cannon County,3639.0,1795.0,1844.0,3109.0,,,530.0,18.0,512.0,1684.0,1955.0,3447.0,50.0,36.0,12.0,,,,453.0,553.0,337.0,3086.0,3395.0,2924.0,0.14564440780434185,0.1519648255015114,453.0,0.5067326188513328
47017,TN,Carroll County,7676.0,4340.0,3336.0,6441.0,21.0,6420.0,1235.0,21.0,1214.0,3519.0,4157.0,6700.0,778.0,65.0,15.0,,11.0,172.0,1052.0,1458.0,874.0,6218.0,7320.0,6212.0,0.1608910891089109,0.18994267847837415,1235.0,0.4346013548723293
47019,TN,Carter County,14906.0,4918.0,9988.0,12419.0,56.0,12363.0,2487.0,39.0,2448.0,6875.0,8031.0,14321.0,125.0,96.0,34.0,,31.0,341.0,2115.0,2961.0,1760.0,11945.0,13933.0,12227.0,0.1668455655440762,0.1986448410036227,2487.0,0.670065745337448
47021,TN,Cheatham County,9314.0,3961.0,5353.0,8269.0,23.0,8246.0,1045.0,22.0,1023.0,4370.0,4944.0,8698.0,221.0,116.0,39.0,,15.0,174.0,856.0,948.0,542.0,8366.0,8592.0,7490.0,0.11219669315009663,0.1017822632596092,1045.0,0.5747262185956624
47023,TN,Chester County,3871.0,2046.0,1825.0,3243.0,16.0,3227.0,628.0,11.0,617.0,1781.0,2090.0,3411.0,359.0,32.0,13.0,,,,502.0,761.0,474.0,3110.0,3660.0,3125.0,0.162231981400155,0.19659002841642986,502.0,0.4714544045466288
47025,TN,Claiborne County,9126.0,2979.0,6147.0,7294.0,24.0,7270.0,1832.0,20.0,1812.0,4380.0,4746.0,8822.0,56.0,48.0,19.0,,15.0,255.0,1562.0,2302.0,1420.0,6824.0,8581.0,7679.0,0.2007451238220469,0.2522463291694061,1832.0,0.6735700197238659
47027,TN,Clay County,2101.0,1164.0,937.0,1786.0,,,315.0,,,1014.0,1087.0,2016.0,28.0,,,,,,273.0,474.0,286.0,1627.0,1987.0,1740.0,0.14992860542598763,0.2256068538791052,273.0,0.44597810566396956
47029,TN,Cocke County,11306.0,3956.0,7350.0,9190.0,28.0,9162.0,2116.0,33.0,2083.0,5288.0,6018.0,10764.0,186.0,113.0,26.0,12.0,17.0,284.0,1815.0,2668.0,1658.0,8638.0,10702.0,9394.0,0.1871572616309924,0.23598089509994694,2116.0,0.6500972934724925
47031,TN,Coffee County,14325.0,7289.0,7036.0,12254.0,42.0,12212.0,2071.0,37.0,2034.0,6460.0,7865.0,13244.0,459.0,216.0,96.0,,31.0,304.0,1736.0,2279.0,1387.0,12046.0,13451.0,11313.0,0.14457242582897034,0.15909249563699826,2071.0,0.4911692844677138
47033,TN,Crockett County,3387.0,1952.0,1435.0,2866.0,17.0,2849.0,521.0,19.0,502.0,1517.0,1870.0,2737.0,510.0,93.0,,0.0,11.0,79.0,431.0,687.0,427.0,2700.0,3160.0,2707.0,0.15382344257454975,0.20283436669619131,521.0,0.42367877177443164
47035,TN,Cumberland County,24605.0,11686.0,12919.0,22369.0,49.0,22320.0,2236.0,27.0,2209.0,11540.0,13065.0,23518.0,91.0,271.0,95.0,13.0,22.0,328.0,1886.0,2546.0,1528.0,22059.0,23601.0,20054.0,0.0908758382442593,0.10347490347490347,2236.0,0.5250558829506198
47037,TN,Davidson County,105655.0,47023.0,58632.0,93983.0,530.0,93453.0,11672.0,489.0,11183.0,46353.0,59302.0,68641.0,27880.0,2615.0,2440.0,60.0,163.0,2620.0,8889.0,16926.0,11331.0,88729.0,94997.0,85700.0,0.11047276513179688,0.16020065306895084,11672.0,0.5549382423926932
47039,TN,Decatur County,3531.0,1832.0,1699.0,2963.0,,,568.0,,,1659.0,1872.0,3341.0,92.0,37.0,,0.0,,,489.0,725.0,410.0,2806.0,3350.0,2854.0,0.16086094590767488,0.2053242707448315,489.0,0.481166808269612
47041,TN,Dekalb County,5144.0,2094.0,3050.0,4347.0,11.0,4336.0,797.0,,,2419.0,2725.0,4886.0,75.0,87.0,,,11.0,108.0,678.0,942.0,599.0,4202.0,4872.0,4260.0,0.15493779160186624,0.18312597200622083,797.0,0.5929237947122862
47043,TN,Dickson County,12508.0,5710.0,6798.0,10909.0,29.0,10880.0,1599.0,48.0,1551.0,5626.0,6882.0,11582.0,431.0,147.0,53.0,,19.0,258.0,1322.0,1782.0,1102.0,10726.0,11728.0,10141.0,0.12783818356252,0.14246881995522864,1599.0,0.5434921650143908
47045,TN,Dyer County,8270.0,4365.0,3905.0,6864.0,39.0,6825.0,1406.0,37.0,1369.0,3722.0,4548.0,6989.0,1051.0,87.0,25.0,,12.0,253.0,1141.0,1872.0,1229.0,6398.0,7745.0,6815.0,0.17001209189842806,0.226360338573156,1406.0,0.47218863361547764
47047,TN,Fayette County,11248.0,6936.0,4312.0,10189.0,57.0,10132.0,1059.0,39.0,1020.0,5147.0,6101.0,8063.0,2845.0,84.0,38.0,,15.0,191.0,853.0,1383.0,882.0,9865.0,10360.0,8773.0,0.09415007112375534,0.1229551920341394,1059.0,0.3833570412517781
47049,TN,Fentress County,6232.0,3328.0,2904.0,5161.0,18.0,5143.0,1071.0,12.0,1059.0,2975.0,3257.0,6008.0,,65.0,13.0,,12.0,148.0,911.0,1442.0,890.0,4790.0,5963.0,5081.0,0.17185494223363287,0.23138639281129653,1071.0,0.46598202824133506
47051,TN,Franklin County,11101.0,5838.0,5263.0,9764.0,32.0,9732.0,1337.0,28.0,1309.0,5090.0,6011.0,10124.0,583.0,126.0,51.0,,26.0,204.0,1107.0,1486.0,902.0,9615.0,10450.0,8783.0,0.1204396000360328,0.13386181425096838,1337.0,0.4741014323033961
47053,TN,Gibson County,12429.0,6953.0,5476.0,10387.0,52.0,10335.0,2042.0,57.0,1985.0,5481.0,6948.0,9800.0,2265.0,110.0,33.0,,36.0,366.0,1640.0,2478.0,1596.0,9951.0,11657.0,10023.0,0.16429318529246117,0.19937243543326091,2042.0,0.44058250864912707
47055,TN,Giles County,7754.0,4347.0,3407.0,6650.0,30.0,6620.0,1104.0,20.0,1084.0,3618.0,4136.0,6700.0,823.0,63.0,31.0,,,,937.0,1155.0,684.0,6599.0,7249.0,6201.0,0.1423781274181068,0.1489553778694867,937.0,0.4393861232912045
47057,TN,Grainger County,7071.0,2438.0,4633.0,5848.0,17.0,5831.0,1223.0,,,3453.0,3618.0,6790.0,42.0,57.0,19.0,,13.0,168.0,1042.0,1335.0,824.0,5736.0,6718.0,5915.0,0.17295997737236601,0.18879932117098006,1223.0,0.655211426955169
47059,TN,Greene County,20726.0,8153.0,12573.0,17215.0,47.0,17168.0,3511.0,47.0,3464.0,9543.0,11183.0,19743.0,305.0,206.0,56.0,12.0,27.0,527.0,2957.0,3737.0,2295.0,16989.0,19575.0,17005.0,0.169400752677796,0.18030493100453537,3511.0,0.6066293544340442
47061,TN,Grundy County,4183.0,1634.0,2549.0,3428.0,17.0,3411.0,755.0,11.0,744.0,2004.0,2179.0,4023.0,18.0,25.0,34.0,,,,654.0,1020.0,647.0,3163.0,3985.0,3513.0,0.1804924695194836,0.2438441310064547,654.0,0.609371264642601
47063,TN,Hamblen County,15800.0,6199.0,9601.0,13162.0,57.0,13105.0,2638.0,44.0,2594.0,7068.0,8732.0,14559.0,572.0,244.0,85.0,,22.0,427.0,2189.0,2787.0,1705.0,13013.0,14838.0,13018.0,0.1669620253164557,0.17639240506329115,2638.0,0.6076582278481013
47065,TN,Hamilton County,82339.0,36702.0,45637.0,73632.0,341.0,73291.0,8707.0,268.0,8439.0,36538.0,45801.0,63949.0,13786.0,1255.0,1180.0,33.0,93.0,1604.0,7010.0,11197.0,7002.0,71142.0,76680.0,68791.0,0.10574575838909872,0.13598659201593413,8707.0,0.5542573992883081
47067,TN,Hancock County,1790.0,621.0,1169.0,1401.0,,,389.0,,,880.0,910.0,1733.0,,11.0,,,,,316.0,548.0,375.0,1242.0,1689.0,1479.0,0.21731843575418994,0.30614525139664805,316.0,0.653072625698324
47069,TN,Hardeman County,6202.0,2893.0,3309.0,5056.0,47.0,5009.0,1146.0,31.0,1115.0,2874.0,3328.0,3871.0,2184.0,38.0,18.0,,,,931.0,1454.0,974.0,4748.0,5840.0,5130.0,0.18477910351499516,0.2344405030635279,931.0,0.5335375685262819
47071,TN,Hardin County,7664.0,4614.0,3050.0,6420.0,19.0,6401.0,1244.0,15.0,1229.0,3602.0,4062.0,7191.0,259.0,64.0,25.0,,15.0,178.0,1051.0,1584.0,1013.0,6080.0,7312.0,6184.0,0.16231732776617955,0.20668058455114824,1244.0,0.397964509394572
47073,TN,Hawkins County,17028.0,4797.0,12231.0,13871.0,35.0,13836.0,3157.0,41.0,3116.0,8062.0,8966.0,16312.0,202.0,109.0,31.0,,39.0,432.0,2686.0,2948.0,1816.0,14080.0,16194.0,14451.0,0.18540051679586564,0.1731266149870801,3157.0,0.7182875264270613
47075,TN,Haywood County,4311.0,1962.0,2349.0,3599.0,45.0,3554.0,712.0,47.0,665.0,1845.0,2466.0,1946.0,2236.0,53.0,14.0,,,,563.0,1113.0,729.0,3198.0,4013.0,3547.0,0.16515889584783114,0.2581767571329158,563.0,0.5448851774530271
47077,TN,Henderson County,6870.0,3111.0,3759.0,5652.0,31.0,5621.0,1218.0,22.0,1196.0,3101.0,3769.0,6179.0,528.0,48.0,18.0,,17.0,176.0,1025.0,1371.0,815.0,5499.0,6539.0,5671.0,0.17729257641921398,0.19956331877729258,1218.0,0.5471615720524018
47079,TN,Henry County,9620.0,5411.0,4209.0,8390.0,37.0,8353.0,1230.0,26.0,1204.0,4456.0,5164.0,8680.0,649.0,87.0,26.0,,22.0,197.0,1011.0,1540.0,892.0,8080.0,9155.0,7681.0,0.12785862785862787,0.1600831600831601,1230.0,0.43752598752598754
47081,TN,Hickman County,5749.0,2503.0,3246.0,4910.0,19.0,4891.0,839.0,12.0,827.0,2722.0,3027.0,5328.0,141.0,68.0,11.0,,,,711.0,1021.0,550.0,4728.0,5368.0,4650.0,0.14593842407375196,0.1775961036702035,711.0,0.5646199339015481
47083,TN,Houston County,2273.0,1234.0,1039.0,1926.0,,,347.0,,,1069.0,1204.0,2149.0,63.0,17.0,,,,,296.0,438.0,272.0,1835.0,2153.0,1797.0,0.15266168059832821,0.192696876374835,296.0,0.4571051473823141
47085,TN,Humphreys County,4830.0,2713.0,2117.0,4187.0,17.0,4170.0,643.0,14.0,629.0,2251.0,2579.0,4582.0,107.0,42.0,,,,,563.0,712.0,447.0,4118.0,4557.0,3904.0,0.1331262939958592,0.1474120082815735,563.0,0.4383022774327122
47087,TN,Jackson County,3180.0,1667.0,1513.0,2677.0,,,503.0,,,1561.0,1619.0,3075.0,,21.0,13.0,,,,427.0,588.0,392.0,2592.0,3003.0,2588.0,0.1581761006289308,0.18490566037735848,427.0,0.4757861635220126
47089,TN,Jefferson County,15395.0,6242.0,9153.0,13119.0,50.0,13069.0,2276.0,35.0,2241.0,7152.0,8243.0,14615.0,227.0,144.0,52.0,14.0,30.0,326.0,1920.0,2321.0,1409.0,13074.0,14511.0,12581.0,0.1478402078596947,0.15076323481649886,2276.0,0.5945436830139655
47091,TN,Johnson County,5629.0,2065.0,3564.0,4691.0,13.0,4678.0,938.0,,,2670.0,2959.0,5399.0,23.0,53.0,,,11.0,130.0,797.0,1213.0,721.0,4416.0,5321.0,4551.0,0.16663705809202345,0.21549120625333096,938.0,0.6331497601705454
47093,TN,Knox County,98829.0,46268.0,52561.0,88291.0,330.0,87961.0,10538.0,288.0,10250.0,43866.0,54963.0,85971.0,7258.0,1301.0,1241.0,56.0,136.0,2090.0,8312.0,13047.0,8314.0,85782.0,91329.0,81366.0,0.10662862115370994,0.1320159062623319,10538.0,0.5318378208825345
47095,TN,Lake County,1402.0,744.0,658.0,1087.0,,,315.0,,,627.0,775.0,1135.0,233.0,,,,,,264.0,455.0,309.0,947.0,1326.0,1184.0,0.22467902995720399,0.32453637660485024,264.0,0.4693295292439372
47097,TN,Lauderdale County,5576.0,2596.0,2980.0,4458.0,31.0,4427.0,1118.0,28.0,1090.0,2480.0,3096.0,3771.0,1656.0,41.0,,21.0,16.0,200.0,902.0,1421.0,896.0,4155.0,5180.0,4587.0,0.20050215208034433,0.2548421807747489,1118.0,0.5344332855093257
47099,TN,Lawrence County,11024.0,6270.0,4754.0,9214.0,28.0,9186.0,1810.0,22.0,1788.0,5033.0,5991.0,10465.0,192.0,146.0,28.0,,18.0,306.0,1486.0,1996.0,1176.0,9028.0,10432.0,9028.0,0.16418722786647316,0.18105950653120464,1810.0,0.4312409288824383
47101,TN,Lewis County,3203.0,1599.0,1604.0,2748.0,11.0,2737.0,455.0,,,1453.0,1750.0,3034.0,59.0,39.0,,,,,392.0,587.0,348.0,2616.0,3017.0,2602.0,0.14205432407118326,0.18326568841710897,392.0,0.5007805182641274
47103,TN,Lincoln County,9235.0,4238.0,4997.0,7942.0,31.0,7911.0,1293.0,25.0,1268.0,4197.0,5038.0,8361.0,589.0,93.0,26.0,,14.0,200.0,1079.0,1441.0,827.0,7794.0,8634.0,7372.0,0.14001082837033027,0.1560368164591229,1293.0,0.5410936654033568
47105,TN,Loudon County,21051.0,10404.0,10647.0,19516.0,54.0,19462.0,1535.0,32.0,1503.0,9879.0,11172.0,19741.0,188.0,372.0,119.0,15.0,19.0,203.0,1313.0,1586.0,968.0,19465.0,19953.0,17671.0,0.07291815115671464,0.07534083891501592,1535.0,0.5057716973065413
47111,TN,Macon County,5209.0,2580.0,2629.0,4280.0,,,929.0,11.0,918.0,2375.0,2834.0,5056.0,21.0,45.0,,,,,811.0,1067.0,643.0,4142.0,4918.0,4387.0,0.1783451718180073,0.2048377807640622,811.0,0.5047033979650605
47113,TN,Madison County,22800.0,12403.0,10397.0,19302.0,112.0,19190.0,3498.0,157.0,3341.0,10051.0,12749.0,14801.0,7210.0,221.0,161.0,,54.0,762.0,2682.0,4307.0,3041.0,18493.0,21123.0,17968.0,0.15342105263157896,0.18890350877192982,3498.0,0.4560087719298246
47115,TN,Marion County,7170.0,3041.0,4129.0,6213.0,22.0,6191.0,957.0,16.0,941.0,3443.0,3727.0,6688.0,271.0,58.0,25.0,,,,843.0,1128.0,671.0,6042.0,6756.0,5942.0,0.13347280334728034,0.15732217573221757,843.0,0.5758716875871688
47117,TN,Marshall County,7728.0,3676.0,4052.0,6704.0,22.0,6682.0,1024.0,21.0,1003.0,3509.0,4219.0,6920.0,490.0,124.0,27.0,,12.0,160.0,852.0,1117.0,646.0,6611.0,7186.0,6191.0,0.13250517598343686,0.1445393374741201,1024.0,0.5243271221532091
47119,TN,Maury County,25431.0,13378.0,12053.0,22862.0,88.0,22774.0,2569.0,83.0,2486.0,11318.0,14113.0,21534.0,2450.0,637.0,175.0,20.0,34.0,504.0,2031.0,2601.0,1570.0,22830.0,23634.0,20864.0,0.10101844205890449,0.10227674884982894,2569.0,0.473949117219142
47107,TN,Mcminn County,14291.0,6450.0,7841.0,12001.0,54.0,11947.0,2290.0,39.0,2251.0,6587.0,7704.0,13303.0,469.0,210.0,62.0,,32.0,322.0,1936.0,2439.0,1462.0,11852.0,13555.0,11841.0,0.16024071093695333,0.1706668532642922,2290.0,0.5486669932125113
47109,TN,Mcnairy County,7276.0,4146.0,3130.0,5997.0,,,1279.0,11.0,1268.0,3357.0,3919.0,6684.0,407.0,54.0,17.0,,11.0,177.0,1091.0,1493.0,869.0,5783.0,6892.0,5914.0,0.175783397471138,0.20519516217702033,1279.0,0.43018141836173723
47121,TN,Meigs County,4214.0,1776.0,2438.0,3522.0,13.0,3509.0,692.0,,,2028.0,2186.0,4019.0,66.0,40.0,,,,,591.0,730.0,424.0,3484.0,3988.0,3442.0,0.16421452301850972,0.17323208353108685,591.0,0.5785476981490271
47123,TN,Monroe County,13918.0,5658.0,8260.0,11936.0,47.0,11889.0,1982.0,34.0,1948.0,6599.0,7319.0,13137.0,242.0,189.0,48.0,,25.0,283.0,1674.0,2381.0,1400.0,11537.0,13142.0,11591.0,0.14240551803420032,0.17107343009053025,1982.0,0.5934760741485846
47125,TN,Montgomery County,32758.0,18758.0,14000.0,27144.0,141.0,27003.0,5614.0,164.0,5450.0,14873.0,17885.0,22768.0,6658.0,1510.0,782.0,36.0,76.0,1139.0,4399.0,4528.0,2887.0,28230.0,30172.0,20019.0,0.17137798400390744,0.13822577690945723,5614.0,0.42737651871298615
47127,TN,Moore County,1485.0,900.0,585.0,1341.0,,,144.0,,,683.0,802.0,1406.0,42.0,13.0,,,0.0,18.0,126.0,150.0,87.0,1335.0,1406.0,1192.0,0.09696969696969697,0.10101010101010101,144.0,0.3939393939393939
47129,TN,Morgan County,4799.0,1684.0,3115.0,3966.0,15.0,3951.0,833.0,,,2336.0,2463.0,4666.0,,35.0,,,,,717.0,978.0,596.0,3821.0,4541.0,4019.0,0.17357782871431549,0.2037924567618254,717.0,0.6490935611585748
47131,TN,Obion County,7860.0,4100.0,3760.0,6688.0,47.0,6641.0,1172.0,28.0,1144.0,3575.0,4285.0,6920.0,675.0,103.0,11.0,,16.0,174.0,982.0,1449.0,940.0,6411.0,7455.0,6570.0,0.14910941475826972,0.18435114503816794,1172.0,0.47837150127226463
47133,TN,Overton County,6022.0,3204.0,2818.0,5126.0,17.0,5109.0,896.0,12.0,884.0,2790.0,3232.0,5804.0,31.0,49.0,16.0,,,,766.0,1109.0,655.0,4913.0,5725.0,4900.0,0.14878777814679509,0.18415808701428096,766.0,0.4679508468947194
47135,TN,Perry County,2325.0,1092.0,1233.0,1975.0,,,350.0,,,1126.0,1199.0,2194.0,64.0,17.0,,,,,306.0,480.0,261.0,1845.0,2191.0,1882.0,0.15053763440860216,0.2064516129032258,306.0,0.5303225806451612
47137,TN,Pickett County,1556.0,897.0,659.0,1351.0,,,205.0,,,759.0,797.0,1514.0,,,0.0,,,,177.0,300.0,164.0,1256.0,1498.0,1258.0,0.13174807197943444,0.1928020565552699,177.0,0.4235218508997429
47139,TN,Polk County,5209.0,2328.0,2881.0,4396.0,17.0,4379.0,813.0,12.0,801.0,2529.0,2680.0,5043.0,,43.0,,16.0,,,686.0,943.0,537.0,4266.0,4976.0,4294.0,0.15607602226914954,0.18103282779804186,686.0,0.5530812056056825
47141,TN,Putnam County,19445.0,10492.0,8953.0,16767.0,66.0,16701.0,2678.0,47.0,2631.0,8731.0,10714.0,18242.0,258.0,361.0,149.0,11.0,43.0,481.0,2154.0,3235.0,2067.0,16210.0,18200.0,15588.0,0.13772177937773206,0.16636667523785034,2678.0,0.4604268449472872
47143,TN,Rhea County,8892.0,3895.0,4997.0,7603.0,31.0,7572.0,1289.0,28.0,1261.0,4145.0,4747.0,8418.0,136.0,112.0,44.0,,,,1100.0,1567.0,940.0,7325.0,8417.0,7379.0,0.14496176338281602,0.17622582096266307,1100.0,0.561965811965812
47145,TN,Roane County,15651.0,6879.0,8772.0,13540.0,43.0,13497.0,2111.0,37.0,2074.0,7342.0,8309.0,14733.0,348.0,133.0,63.0,,29.0,331.0,1751.0,2345.0,1445.0,13306.0,14722.0,12993.0,0.1348795604114753,0.14983068174557537,2111.0,0.5604753689860072
47147,TN,Robertson County,15813.0,6793.0,9020.0,14009.0,48.0,13961.0,1804.0,42.0,1762.0,7134.0,8679.0,14004.0,1116.0,268.0,73.0,11.0,18.0,286.0,1500.0,1848.0,1095.0,13965.0,14599.0,12822.0,0.1140833491431101,0.11686586985391766,1804.0,0.5704167457155505
47149,TN,Rutherford County,52436.0,25693.0,26743.0,46414.0,222.0,46192.0,6022.0,242.0,5780.0,23060.0,29376.0,41573.0,6349.0,1500.0,1239.0,40.0,85.0,1185.0,4752.0,5913.0,3824.0,46523.0,47554.0,40869.0,0.1148447631398276,0.1127660385994355,6022.0,0.5100122053550995
47151,TN,Scott County,5347.0,1910.0,3437.0,4182.0,14.0,4168.0,1165.0,12.0,1153.0,2568.0,2779.0,5226.0,,16.0,,,13.0,165.0,987.0,1530.0,991.0,3817.0,5093.0,4509.0,0.21787918458948943,0.28614176173555267,1165.0,0.6427903497288199
47153,TN,Sequatchie County,5664.0,2284.0,3380.0,4482.0,15.0,4467.0,1182.0,12.0,1170.0,2798.0,2866.0,5356.0,110.0,54.0,18.0,,12.0,257.0,913.0,1420.0,973.0,4244.0,5341.0,4725.0,0.2086864406779661,0.2507062146892655,1182.0,0.5967514124293786
47155,TN,Sevier County,25164.0,10747.0,14417.0,22379.0,66.0,22313.0,2785.0,59.0,2726.0,11628.0,13536.0,23763.0,127.0,395.0,196.0,17.0,39.0,445.0,2301.0,2994.0,1662.0,22170.0,23489.0,20189.0,0.11067397869972977,0.1189794945159752,2785.0,0.5729216340804324
47157,TN,Shelby County,166862.0,88278.0,78584.0,144603.0,1423.0,143180.0,22259.0,1487.0,20772.0,71650.0,95212.0,72879.0,85199.0,2339.0,2901.0,48.0,308.0,4913.0,17038.0,35153.0,22799.0,131709.0,148750.0,129918.0,0.1333976579448886,0.21067109347844326,22259.0,0.4709520442041927
47159,TN,Smith County,4512.0,2344.0,2168.0,3840.0,16.0,3824.0,672.0,,,2117.0,2395.0,4252.0,101.0,53.0,14.0,,,,551.0,718.0,446.0,3794.0,4210.0,3674.0,0.14893617021276595,0.15913120567375885,551.0,0.4804964539007092
47161,TN,Stewart County,3675.0,2146.0,1529.0,3126.0,,,549.0,,,1764.0,1911.0,3473.0,50.0,47.0,39.0,,,,479.0,573.0,338.0,3102.0,3456.0,2559.0,0.1493877551020408,0.15591836734693879,479.0,0.4160544217687075
47163,TN,Sullivan County,45165.0,14440.0,30725.0,38436.0,109.0,38327.0,6729.0,86.0,6643.0,20592.0,24573.0,42718.0,806.0,363.0,212.0,22.0,78.0,906.0,5745.0,6925.0,4139.0,38240.0,42647.0,38454.0,0.1489870474925274,0.15332669102180893,6729.0,0.6802834052917082
47165,TN,Sumner County,41082.0,18648.0,22434.0,37102.0,123.0,36979.0,3980.0,99.0,3881.0,18215.0,22867.0,36478.0,2551.0,650.0,330.0,32.0,49.0,762.0,3169.0,4142.0,2536.0,36940.0,38031.0,33716.0,0.09687941190789154,0.10082274475439365,3980.0,0.5460785745582006
47167,TN,Tipton County,12792.0,7444.0,5348.0,10927.0,77.0,10850.0,1865.0,60.0,1805.0,5831.0,6961.0,9984.0,2353.0,132.0,63.0,,19.0,305.0,1541.0,2020.0,1275.0,10772.0,11814.0,9314.0,0.14579424640400251,0.15791119449656035,1865.0,0.4180737961225766
47169,TN,Trousdale County,1964.0,941.0,1023.0,1663.0,,,301.0,,,949.0,1015.0,1705.0,210.0,18.0,,,,,257.0,374.0,238.0,1590.0,1824.0,1608.0,0.15325865580448064,0.19042769857433808,257.0,0.5208757637474541
47171,TN,Unicoi County,5493.0,1850.0,3643.0,4663.0,16.0,4647.0,830.0,,,2611.0,2882.0,5267.0,,90.0,,,,,725.0,1034.0,615.0,4459.0,5146.0,4470.0,0.15110140178408885,0.18823957764427454,725.0,0.6632077189149828
47173,TN,Union County,4814.0,1580.0,3234.0,3966.0,,,848.0,,,2316.0,2498.0,4646.0,,39.0,,,,,717.0,1021.0,643.0,3793.0,4539.0,4053.0,0.17615288741171584,0.21208973826339841,717.0,0.671790610718737
47175,TN,Van Buren County,1732.0,905.0,827.0,1496.0,,,236.0,,,827.0,905.0,1666.0,11.0,20.0,,,,,207.0,303.0,179.0,1429.0,1662.0,1377.0,0.13625866050808313,0.17494226327944573,207.0,0.47748267898383373
47177,TN,Warren County,10482.0,5252.0,5230.0,8802.0,40.0,8762.0,1680.0,31.0,1649.0,4831.0,5651.0,9640.0,328.0,227.0,48.0,,28.0,248.0,1404.0,2164.0,1386.0,8318.0,9878.0,8523.0,0.16027475672581568,0.20644915092539592,1680.0,0.4989505819500095
47179,TN,Washington County,34447.0,13694.0,20753.0,29815.0,79.0,29736.0,4632.0,71.0,4561.0,15916.0,18531.0,31955.0,1040.0,376.0,202.0,18.0,64.0,748.0,3820.0,5012.0,3160.0,29435.0,31854.0,27823.0,0.13446744273811942,0.1454988823409876,4632.0,0.6024617528376927
47181,TN,Wayne County,3834.0,1915.0,1919.0,3219.0,17.0,3202.0,615.0,,,1839.0,1995.0,3679.0,66.0,38.0,,0.0,,,527.0,730.0,410.0,3104.0,3659.0,3141.0,0.16040688575899845,0.1904016692749087,527.0,0.5005216484089724
47183,TN,Weakley County,7417.0,4377.0,3040.0,6320.0,34.0,6286.0,1097.0,28.0,1069.0,3397.0,4020.0,6716.0,477.0,54.0,25.0,,19.0,183.0,895.0,1379.0,887.0,6038.0,7005.0,6038.0,0.1479034650128084,0.18592422812457868,1097.0,0.4098692193609276
47185,TN,White County,7990.0,3933.0,4057.0,6703.0,21.0,6682.0,1287.0,16.0,1271.0,3784.0,4206.0,7595.0,91.0,106.0,18.0,,13.0,196.0,1078.0,1431.0,879.0,6559.0,7557.0,6467.0,0.16107634543178972,0.17909887359198998,1287.0,0.5077596996245307
47187,TN,Williamson County,45804.0,26779.0,19025.0,44032.0,77.0,43955.0,1772.0,40.0,1732.0,20797.0,25007.0,40294.0,1871.0,868.0,858.0,14.0,28.0,444.0,1300.0,1787.0,1128.0,44017.0,41627.0,37100.0,0.03868657759147673,0.03901405990743167,1772.0,0.4153567374028469
47189,TN,Wilson County,31700.0,15309.0,16391.0,28848.0,107.0,28741.0,2852.0,82.0,2770.0,14251.0,17449.0,28059.0,1965.0,492.0,317.0,23.0,26.0,510.0,2316.0,2784.0,1769.0,28916.0,29296.0,25614.0,0.08996845425867508,0.08782334384858044,2852.0,0.5170662460567823
47999,TN,Unknown,,,,,,,,,,,,,,,,,,,,,,,,,,,0.0,
48001,TX,Anderson County,11655.0,5466.0,6189.0,10100.0,48.0,10052.0,1555.0,46.0,1509.0,5385.0,6270.0,9301.0,1416.0,682.0,50.0,18.0,16.0,305.0,1234.0,1606.0,787.0,10049.0,10884.0,9288.0,0.13341913341913342,0.1377949377949378,1555.0,0.531016731016731
48003,TX,Andrews County,2467.0,1241.0,1226.0,2237.0,14.0,2223.0,230.0,24.0,206.0,1165.0,1302.0,1390.0,33.0,990.0,,,,,174.0,292.0,175.0,2175.0,2237.0,1953.0,0.09323064450749899,0.11836238346169436,174.0,0.4969598702877989
48005,TX,Angelina County,18914.0,9514.0,9400.0,16373.0,69.0,16304.0,2541.0,80.0,2461.0,8649.0,10265.0,14073.0,2629.0,1778.0,119.0,16.0,20.0,520.0,2001.0,2862.0,1646.0,16052.0,17725.0,15575.0,0.13434492968171724,0.1513164851432801,2541.0,0.4969863593105636
48007,TX,Aransas County,8480.0,3647.0,4833.0,7845.0,28.0,7817.0,635.0,14.0,621.0,4061.0,4419.0,7077.0,53.0,1014.0,124.0,16.0,,,543.0,731.0,317.0,7749.0,8004.0,6915.0,0.07488207547169812,0.08620283018867925,543.0,0.5699292452830189
48009,TX,Archer County,2053.0,1438.0,615.0,1866.0,,,187.0,,,963.0,1090.0,1920.0,,73.0,,,,,149.0,148.0,70.0,1905.0,1941.0,1575.0,0.0910862152946907,0.07208962493911349,149.0,0.2995616171456405
48011,TX,Armstrong County,520.0,329.0,191.0,489.0,0.0,489.0,31.0,,,251.0,269.0,481.0,,20.0,,,0.0,,,41.0,,479.0,473.0,407.0,0.05961538461538462,0.07884615384615384,0.0,0.36730769230769234
48013,TX,Atascosa County,10040.0,3500.0,6540.0,8709.0,67.0,8642.0,1331.0,80.0,1251.0,4772.0,5268.0,4669.0,94.0,5081.0,53.0,,18.0,232.0,1081.0,1725.0,824.0,8315.0,9330.0,8090.0,0.13256972111553786,0.17181274900398405,1331.0,0.651394422310757
48015,TX,Austin County,8066.0,4507.0,3559.0,7532.0,30.0,7502.0,534.0,28.0,506.0,3774.0,4292.0,6371.0,577.0,890.0,38.0,,,,428.0,644.0,332.0,7422.0,7534.0,6567.0,0.06620381849739648,0.07984130919910737,428.0,0.4412348127944458
48017,TX,Bailey County,1134.0,748.0,386.0,1031.0,,,103.0,,,555.0,579.0,632.0,,467.0,,0.0,,,87.0,160.0,61.0,974.0,1052.0,880.0,0.09082892416225749,0.14109347442680775,87.0,0.3403880070546737
48019,TX,Bandera County,8187.0,4242.0,3945.0,7568.0,20.0,7548.0,619.0,,,3996.0,4191.0,7061.0,47.0,852.0,27.0,,,,507.0,562.0,290.0,7625.0,7625.0,6072.0,0.07560767069744717,0.06864541346036399,507.0,0.4818614877244412
48021,TX,Bastrop County,19254.0,9062.0,10192.0,17467.0,90.0,17377.0,1787.0,98.0,1689.0,9137.0,10117.0,13852.0,1462.0,3369.0,129.0,15.0,15.0,350.0,1422.0,1930.0,1027.0,17324.0,17575.0,14729.0,0.09281188324503999,0.1002389113950348,1787.0,0.529344551781448
48023,TX,Baylor County,925.0,618.0,307.0,813.0,,,112.0,,,438.0,487.0,820.0,18.0,61.0,,,,,85.0,129.0,63.0,796.0,886.0,742.0,0.12108108108108108,0.13945945945945945,85.0,0.3318918918918919
48025,TX,Bee County,5246.0,1833.0,3413.0,4584.0,31.0,4553.0,662.0,37.0,625.0,2447.0,2799.0,2345.0,92.0,2684.0,44.0,,11.0,141.0,510.0,980.0,542.0,4266.0,4923.0,4314.0,0.12619138391155166,0.18680899733130005,662.0,0.6505909264201296
48027,TX,Bell County,63697.0,30773.0,32924.0,53434.0,292.0,53142.0,10263.0,381.0,9882.0,29058.0,34639.0,37377.0,12961.0,9356.0,2018.0,75.0,123.0,2198.0,7942.0,7985.0,4170.0,55712.0,58102.0,38869.0,0.1611221878581409,0.12535912209366218,10263.0,0.5168846256495596
48029,TX,Bexar County,337678.0,141824.0,195854.0,296957.0,2181.0,294776.0,40721.0,2259.0,38462.0,151572.0,186106.0,137604.0,26443.0,157849.0,7809.0,187.0,477.0,8917.0,31327.0,54837.0,25318.0,282841.0,308267.0,247897.0,0.1205912141152222,0.16239435201582572,40721.0,0.5800022506648346
48031,TX,Blanco County,4453.0,2718.0,1735.0,4240.0,11.0,4229.0,213.0,,,2144.0,2309.0,3905.0,43.0,358.0,16.0,,,,162.0,225.0,110.0,4228.0,4123.0,3391.0,0.047832921625870196,0.05052773411183472,162.0,0.3896249719290366
48033,TX,Borden County,101.0,74.0,27.0,,,,,,,44.0,57.0,94.0,0.0,,0.0,0.0,,,,,,,96.0,79.0,,,0.0,0.26732673267326734
48035,TX,Bosque County,5749.0,2855.0,2894.0,5279.0,19.0,5260.0,470.0,14.0,456.0,2763.0,2986.0,5140.0,78.0,404.0,13.0,,,,400.0,533.0,280.0,5216.0,5361.0,4471.0,0.08175334840841886,0.0927117759610367,400.0,0.503391894242477
48037,TX,Bowie County,20393.0,11721.0,8672.0,17310.0,112.0,17198.0,3083.0,109.0,2974.0,9128.0,11265.0,14865.0,4551.0,453.0,121.0,58.0,32.0,621.0,2430.0,3093.0,1720.0,17300.0,18449.0,15126.0,0.15117932623939587,0.15166969058010102,3083.0,0.4252439562595008
48039,TX,Brazoria County,63887.0,27119.0,36768.0,57932.0,403.0,57529.0,5955.0,371.0,5584.0,29529.0,34358.0,38349.0,9304.0,11238.0,3219.0,56.0,100.0,1358.0,4497.0,6567.0,3754.0,57320.0,57938.0,51456.0,0.09321145146899995,0.10279086512122967,5955.0,0.5755161456947423
48041,TX,Brazos County,30043.0,15071.0,14972.0,27443.0,148.0,27295.0,2600.0,162.0,2438.0,13641.0,16402.0,21708.0,3208.0,3769.0,605.0,,32.0,628.0,1940.0,2854.0,1549.0,27189.0,26939.0,22945.0,0.08654262224145391,0.09499717072196519,2600.0,0.49835236161501845
48043,TX,Brewster County,2363.0,1407.0,956.0,2237.0,,,126.0,,,1177.0,1186.0,1643.0,,635.0,13.0,0.0,0.0,24.0,102.0,210.0,95.0,2153.0,2168.0,1715.0,0.053322048243757934,0.08887008040626322,126.0,0.4045704612780364
48045,TX,Briscoe County,426.0,269.0,157.0,400.0,,,26.0,,,210.0,216.0,355.0,,61.0,0.0,0.0,,,22.0,39.0,18.0,387.0,399.0,344.0,0.06103286384976526,0.09154929577464789,22.0,0.3685446009389671
48047,TX,Brooks County,1539.0,440.0,1099.0,1347.0,14.0,1333.0,192.0,15.0,177.0,731.0,808.0,207.0,,1317.0,,0.0,,,145.0,486.0,268.0,1053.0,1457.0,1337.0,0.12475633528265107,0.3157894736842105,145.0,0.714100064977258
48049,TX,Brown County,9867.0,5934.0,3933.0,8748.0,22.0,8726.0,1119.0,31.0,1088.0,4687.0,5180.0,8338.0,258.0,1039.0,55.0,,11.0,228.0,880.0,1495.0,860.0,8372.0,9313.0,7614.0,0.11340833079963515,0.15151515151515152,1119.0,0.3986013986013986
48051,TX,Burleson County,5298.0,2510.0,2788.0,4767.0,29.0,4738.0,531.0,17.0,514.0,2536.0,2762.0,4178.0,526.0,479.0,22.0,,,,444.0,516.0,256.0,4782.0,4896.0,4198.0,0.10022650056625142,0.09739524348810873,444.0,0.526236315590789
48053,TX,Burnet County,14632.0,7908.0,6724.0,13780.0,34.0,13746.0,852.0,27.0,825.0,6821.0,7811.0,12940.0,108.0,1149.0,102.0,20.0,,,684.0,872.0,423.0,13760.0,13707.0,11637.0,0.058228540185893934,0.059595407326407876,684.0,0.4595407326407873
48055,TX,Caldwell County,8742.0,3940.0,4802.0,7832.0,64.0,7768.0,910.0,60.0,850.0,4116.0,4626.0,5023.0,488.0,3012.0,38.0,,11.0,180.0,719.0,1247.0,638.0,7495.0,7990.0,6768.0,0.10409517272935255,0.14264470372912377,910.0,0.5493022191718142
48057,TX,Calhoun County,4664.0,2326.0,2338.0,4208.0,26.0,4182.0,456.0,17.0,439.0,2334.0,2330.0,2969.0,111.0,1363.0,129.0,,,,371.0,537.0,298.0,4127.0,4293.0,3670.0,0.09777015437392796,0.11513722126929674,371.0,0.5012864493996569
48059,TX,Callahan County,3708.0,2097.0,1611.0,3361.0,16.0,3345.0,347.0,,,1783.0,1925.0,3400.0,49.0,174.0,,,,,273.0,392.0,224.0,3316.0,3483.0,2794.0,0.0935814455231931,0.10571736785329018,273.0,0.4344660194174757
48061,TX,Cameron County,72718.0,19370.0,53348.0,65141.0,632.0,64509.0,7577.0,570.0,7007.0,33789.0,38929.0,14653.0,294.0,56502.0,630.0,31.0,99.0,1662.0,5816.0,24931.0,12341.0,47787.0,67442.0,62159.0,0.10419703512197805,0.34284496273274845,7577.0,0.733628537638549
48063,TX,Camp County,3158.0,1694.0,1464.0,2824.0,12.0,2812.0,334.0,16.0,318.0,1487.0,1671.0,2405.0,486.0,202.0,11.0,,,,268.0,465.0,245.0,2693.0,2942.0,2511.0,0.1057631412286257,0.14724509183027232,268.0,0.4635845471817606
48065,TX,Carson County,1280.0,742.0,538.0,1187.0,,,93.0,,,607.0,673.0,1167.0,,82.0,,0.0,0.0,15.0,78.0,85.0,34.0,1195.0,1175.0,999.0,0.07265625,0.06640625,93.0,0.4203125
48067,TX,Cass County,8637.0,4396.0,4241.0,7436.0,53.0,7383.0,1201.0,30.0,1171.0,4081.0,4556.0,6941.0,1364.0,149.0,28.0,13.0,13.0,182.0,1006.0,1252.0,635.0,7385.0,8093.0,6854.0,0.1390529118907028,0.14495773995600325,1201.0,0.49102697695959246
48069,TX,Castro County,1241.0,747.0,494.0,1148.0,,,93.0,,,597.0,644.0,636.0,28.0,559.0,,0.0,,,69.0,190.0,96.0,1051.0,1137.0,963.0,0.0749395648670427,0.15310233682514102,69.0,0.3980660757453666
48071,TX,Chambers County,7876.0,3615.0,4261.0,7189.0,42.0,7147.0,687.0,30.0,657.0,3754.0,4122.0,6168.0,721.0,749.0,74.0,,,,560.0,640.0,340.0,7236.0,7279.0,6406.0,0.0872270187912646,0.08125952260030472,560.0,0.5410106653123413
48073,TX,Cherokee County,11037.0,5079.0,5958.0,9638.0,51.0,9587.0,1399.0,61.0,1338.0,5226.0,5811.0,8656.0,1356.0,784.0,41.0,,13.0,273.0,1113.0,1530.0,809.0,9507.0,10346.0,8956.0,0.12675545891093595,0.1386246262571351,1399.0,0.5398206034248437
48075,TX,Childress County,1304.0,711.0,593.0,1164.0,,,140.0,,,569.0,735.0,1012.0,60.0,192.0,11.0,,,,119.0,205.0,107.0,1099.0,1217.0,1023.0,0.10736196319018405,0.15720858895705522,119.0,0.45475460122699385
48077,TX,Clay County,2590.0,1749.0,841.0,2355.0,,,235.0,,,1208.0,1382.0,2469.0,11.0,62.0,,,0.0,45.0,190.0,220.0,106.0,2370.0,2431.0,1931.0,0.09073359073359073,0.08494208494208494,235.0,0.3247104247104247
48079,TX,Cochran County,539.0,250.0,289.0,479.0,,,60.0,,,269.0,270.0,272.0,16.0,244.0,0.0,0.0,0.0,13.0,47.0,112.0,51.0,427.0,507.0,451.0,0.11131725417439703,0.2077922077922078,60.0,0.536178107606679
48081,TX,Coke County,1026.0,565.0,461.0,940.0,,,86.0,,,498.0,528.0,884.0,,118.0,,,,,73.0,96.0,61.0,930.0,961.0,798.0,0.08382066276803118,0.0935672514619883,73.0,0.449317738791423
48083,TX,Coleman County,2643.0,1791.0,852.0,2370.0,,,273.0,,,1302.0,1341.0,2306.0,50.0,228.0,11.0,,,,225.0,361.0,200.0,2282.0,2497.0,2012.0,0.10329171396140749,0.13658721150208097,225.0,0.322360953461975
48085,TX,Collin County,157381.0,90352.0,67029.0,147910.0,630.0,147280.0,9471.0,550.0,8921.0,70632.0,86749.0,110019.0,12803.0,11012.0,16060.0,223.0,128.0,2359.0,6984.0,12014.0,7593.0,145367.0,140509.0,125073.0,0.06017880176133078,0.07633704195550924,9471.0,0.4259027455664915
48087,TX,Collingsworth County,678.0,502.0,176.0,624.0,0.0,624.0,54.0,,,315.0,363.0,522.0,30.0,112.0,,,,,41.0,97.0,48.0,581.0,648.0,532.0,0.07964601769911504,0.1430678466076696,41.0,0.25958702064896755
48089,TX,Colorado County,5960.0,3693.0,2267.0,5529.0,24.0,5505.0,431.0,21.0,410.0,2822.0,3138.0,4380.0,658.0,809.0,,,,,352.0,556.0,312.0,5404.0,5599.0,4900.0,0.07231543624161074,0.09328859060402685,352.0,0.38036912751677854
48091,TX,Comal County,47150.0,26283.0,20867.0,44069.0,138.0,43931.0,3081.0,112.0,2969.0,22055.0,25095.0,37458.0,1133.0,6850.0,474.0,32.0,27.0,665.0,2389.0,2432.0,1201.0,44718.0,43821.0,34629.0,0.06534464475079534,0.051580063626723224,3081.0,0.4425662778366914
48093,TX,Comanche County,3707.0,2260.0,1447.0,3390.0,15.0,3375.0,317.0,13.0,304.0,1813.0,1894.0,3211.0,,416.0,16.0,,,,259.0,471.0,253.0,3236.0,3470.0,2854.0,0.08551389263555435,0.1270569193417858,259.0,0.39034259509036956
48095,TX,Concho County,771.0,428.0,343.0,713.0,,,58.0,0.0,58.0,369.0,402.0,587.0,,163.0,,,0.0,,,95.0,56.0,676.0,733.0,610.0,0.07522697795071336,0.12321660181582361,0.0,0.44487678339818415
48097,TX,Cooke County,9605.0,5627.0,3978.0,8881.0,39.0,8842.0,724.0,22.0,702.0,4447.0,5158.0,8536.0,241.0,540.0,55.0,35.0,,,585.0,776.0,398.0,8829.0,8903.0,7691.0,0.07537740760020822,0.08079125455491931,585.0,0.41415929203539825
48099,TX,Coryell County,12367.0,6359.0,6008.0,10437.0,50.0,10387.0,1930.0,49.0,1881.0,5569.0,6798.0,9120.0,1411.0,1176.0,280.0,15.0,33.0,360.0,1537.0,1378.0,703.0,10989.0,11464.0,7287.0,0.15606048354491792,0.11142556804398804,1930.0,0.4858090078434544
48101,TX,Cottle County,413.0,223.0,190.0,362.0,,,51.0,0.0,51.0,189.0,224.0,322.0,23.0,61.0,,0.0,0.0,14.0,37.0,49.0,30.0,364.0,386.0,322.0,0.1234866828087167,0.11864406779661017,51.0,0.4600484261501211
48103,TX,Crane County,666.0,353.0,313.0,619.0,,,47.0,,,324.0,342.0,294.0,25.0,335.0,,,0.0,,,92.0,62.0,574.0,606.0,518.0,0.07057057057057058,0.13813813813813813,0.0,0.46996996996997
48105,TX,Crockett County,769.0,452.0,317.0,709.0,,,60.0,,,387.0,382.0,344.0,,395.0,11.0,,,,49.0,84.0,36.0,685.0,708.0,588.0,0.07802340702210664,0.10923276983094929,49.0,0.41222366710013003
48107,TX,Crosby County,1287.0,530.0,757.0,1120.0,,,167.0,13.0,154.0,616.0,671.0,713.0,42.0,508.0,,0.0,,,147.0,237.0,111.0,1050.0,1213.0,1076.0,0.12975912975912976,0.18414918414918416,147.0,0.5881895881895882
48109,TX,Culberson County,515.0,331.0,184.0,462.0,0.0,462.0,53.0,,,253.0,262.0,175.0,,312.0,,,0.0,12.0,41.0,104.0,52.0,411.0,465.0,382.0,0.1029126213592233,0.20194174757281552,53.0,0.3572815533980582
48111,TX,Dallam County,1045.0,678.0,367.0,951.0,,,94.0,11.0,83.0,505.0,540.0,755.0,13.0,248.0,,,,,85.0,99.0,55.0,946.0,947.0,753.0,0.08995215311004785,0.09473684210526316,85.0,0.35119617224880384
48113,TX,Dallas County,363445.0,166891.0,196554.0,327632.0,2696.0,324936.0,35813.0,2901.0,32912.0,164895.0,198550.0,168113.0,92741.0,72057.0,19180.0,500.0,399.0,7673.0,27741.0,52822.0,28090.0,310623.0,322608.0,292104.0,0.09853760541484956,0.145336983587613,35813.0,0.5408081002627633
48115,TX,Dawson County,2213.0,1173.0,1040.0,1980.0,12.0,1968.0,233.0,16.0,217.0,1021.0,1192.0,1095.0,87.0,971.0,,,,,185.0,409.0,199.0,1804.0,2086.0,1789.0,0.10528694080433801,0.18481699051061906,185.0,0.4699502937189336
48117,TX,Deaf Smith County,2781.0,1481.0,1300.0,2531.0,24.0,2507.0,250.0,20.0,230.0,1338.0,1443.0,1154.0,17.0,1537.0,19.0,,,,191.0,450.0,194.0,2331.0,2516.0,2157.0,0.08989572096368213,0.16181229773462782,191.0,0.46745774901114706
48119,TX,Delta County,1397.0,760.0,637.0,1224.0,,,173.0,,,649.0,748.0,1227.0,83.0,52.0,,,,,133.0,205.0,113.0,1192.0,1298.0,1117.0,0.12383679312813171,0.1467430207587688,133.0,0.4559770937723694
48121,TX,Denton County,133498.0,74162.0,59336.0,124565.0,480.0,124085.0,8933.0,495.0,8438.0,59779.0,73719.0,97271.0,10357.0,11164.0,9160.0,203.0,141.0,2138.0,6654.0,9598.0,5557.0,123900.0,119297.0,104901.0,0.06691486014771757,0.07189620818289412,8933.0,0.44447107821840026
48123,TX,Dewitt County,4706.0,2553.0,2153.0,4274.0,22.0,4252.0,432.0,24.0,408.0,2235.0,2471.0,3312.0,298.0,954.0,22.0,,,,347.0,549.0,288.0,4157.0,4457.0,3837.0,0.09179770505737357,0.11665958351041224,347.0,0.4575010624734382
48125,TX,Dickens County,589.0,352.0,237.0,541.0,,,48.0,0.0,48.0,278.0,311.0,489.0,,81.0,,0.0,0.0,,,86.0,37.0,503.0,538.0,470.0,0.08149405772495756,0.1460101867572156,0.0,0.40237691001697795
48127,TX,Dimmit County,1907.0,608.0,1299.0,1670.0,29.0,1641.0,237.0,24.0,213.0,897.0,1010.0,285.0,22.0,1580.0,,0.0,,,193.0,557.0,273.0,1350.0,1774.0,1627.0,0.124278972207656,0.29208180388044047,193.0,0.6811746198217095
48129,TX,Donley County,968.0,627.0,341.0,871.0,0.0,871.0,97.0,,,477.0,491.0,891.0,21.0,38.0,,,,,84.0,111.0,63.0,857.0,870.0,733.0,0.10020661157024793,0.11466942148760331,84.0,0.3522727272727273
48131,TX,Duval County,2425.0,705.0,1720.0,2083.0,,,342.0,22.0,320.0,1174.0,1251.0,406.0,,1985.0,,0.0,,,271.0,691.0,372.0,1734.0,2291.0,2115.0,0.14103092783505156,0.28494845360824744,271.0,0.709278350515464
48133,TX,Eastland County,5046.0,2757.0,2289.0,4568.0,17.0,4551.0,478.0,17.0,461.0,2443.0,2603.0,4516.0,49.0,363.0,18.0,,,,390.0,665.0,339.0,4381.0,4693.0,3908.0,0.09472849782005549,0.13178755449861276,390.0,0.4536266349583829
48135,TX,Ector County,21899.0,10405.0,11494.0,19579.0,161.0,19418.0,2320.0,202.0,2118.0,10247.0,11652.0,10306.0,981.0,10066.0,201.0,23.0,34.0,450.0,1836.0,3369.0,1901.0,18530.0,19705.0,16989.0,0.10594091054386046,0.1538426412164939,2320.0,0.5248641490479017
48137,TX,Edwards County,639.0,339.0,300.0,581.0,,,58.0,0.0,58.0,352.0,287.0,402.0,,229.0,0.0,0.0,0.0,,,70.0,45.0,569.0,602.0,487.0,0.09076682316118936,0.10954616588419405,0.0,0.4694835680751174
48141,TX,El Paso County,152392.0,40344.0,112048.0,137132.0,1254.0,135878.0,15260.0,1074.0,14186.0,69328.0,83064.0,27859.0,3742.0,117123.0,1569.0,189.0,193.0,3237.0,11830.0,42949.0,18219.0,109443.0,140741.0,125961.0,0.10013649010446743,0.2818323796524752,15260.0,0.7352616935272193
48139,TX,Ellis County,37410.0,17830.0,19580.0,33681.0,184.0,33497.0,3729.0,234.0,3495.0,17028.0,20382.0,26183.0,5484.0,4675.0,278.0,50.0,40.0,769.0,2920.0,3286.0,1764.0,34124.0,33729.0,29267.0,0.09967923015236568,0.08783747661053194,3729.0,0.5233894680566693
48143,TX,Erath County,7755.0,4311.0,3444.0,6977.0,31.0,6946.0,778.0,25.0,753.0,3645.0,4110.0,6767.0,55.0,700.0,39.0,16.0,18.0,205.0,555.0,968.0,644.0,6787.0,7270.0,6198.0,0.1003223726627982,0.12482269503546099,778.0,0.444100580270793
48145,TX,Falls County,3784.0,1479.0,2305.0,3270.0,20.0,3250.0,514.0,17.0,497.0,1816.0,1968.0,2495.0,785.0,429.0,,,,,429.0,619.0,332.0,3165.0,3457.0,2932.0,0.13583509513742073,0.16358350951374206,429.0,0.6091437632135307
48147,TX,Fannin County,8320.0,4559.0,3761.0,7422.0,29.0,7393.0,898.0,26.0,872.0,3955.0,4365.0,7399.0,398.0,296.0,37.0,35.0,,,720.0,950.0,478.0,7370.0,7624.0,6305.0,0.10793269230769231,0.1141826923076923,720.0,0.4520432692307692
48149,TX,Fayette County,7983.0,5164.0,2819.0,7538.0,17.0,7521.0,445.0,12.0,433.0,3787.0,4196.0,6777.0,384.0,608.0,26.0,,,,360.0,568.0,364.0,7415.0,7534.0,6496.0,0.05574345484153827,0.07115119629212076,360.0,0.3531253914568458
48151,TX,Fisher County,935.0,598.0,337.0,854.0,,,81.0,,,441.0,494.0,730.0,24.0,164.0,,,0.0,19.0,62.0,107.0,54.0,828.0,880.0,731.0,0.08663101604278074,0.1144385026737968,81.0,0.360427807486631
48153,TX,Floyd County,1225.0,666.0,559.0,1128.0,12.0,1116.0,97.0,,,579.0,646.0,714.0,34.0,458.0,,,,,74.0,180.0,62.0,1045.0,1158.0,1014.0,0.07918367346938776,0.1469387755102041,74.0,0.4563265306122449
48155,TX,Foard County,361.0,231.0,130.0,319.0,,,42.0,,,185.0,176.0,308.0,,37.0,,0.0,,,36.0,55.0,29.0,306.0,340.0,272.0,0.11634349030470914,0.1523545706371191,36.0,0.3601108033240997
48157,TX,Fort Bend County,133198.0,60099.0,73099.0,124797.0,806.0,123991.0,8401.0,665.0,7736.0,61139.0,72059.0,54155.0,28436.0,19492.0,24358.0,67.0,128.0,2142.0,6131.0,14928.0,9627.0,118270.0,119618.0,109105.0,0.0630715175903542,0.11207375486118411,8401.0,0.5487995315244973
48159,TX,Franklin County,2695.0,1505.0,1190.0,2421.0,,,274.0,,,1260.0,1435.0,2391.0,120.0,117.0,15.0,,,,222.0,297.0,142.0,2398.0,2533.0,2216.0,0.10166975881261596,0.11020408163265306,222.0,0.44155844155844154
48161,TX,Freestone County,4892.0,2509.0,2383.0,4356.0,19.0,4337.0,536.0,17.0,519.0,2319.0,2573.0,3920.0,637.0,227.0,13.0,,,,427.0,556.0,308.0,4336.0,4615.0,3944.0,0.10956663941128372,0.11365494685200327,427.0,0.48712183156173344
48163,TX,Frio County,2983.0,980.0,2003.0,2570.0,29.0,2541.0,413.0,40.0,373.0,1450.0,1533.0,881.0,20.0,2040.0,16.0,0.0,,,328.0,841.0,401.0,2142.0,2768.0,2506.0,0.13845122360040227,0.28193094200469326,328.0,0.6714716728126048
48165,TX,Gaines County,2250.0,1321.0,929.0,2028.0,,,222.0,16.0,206.0,1077.0,1173.0,1285.0,46.0,846.0,,,,,166.0,396.0,191.0,1854.0,2067.0,1668.0,0.09866666666666667,0.176,166.0,0.4128888888888889
48167,TX,Galveston County,69729.0,31075.0,38654.0,63532.0,379.0,63153.0,6197.0,328.0,5869.0,32047.0,37682.0,47623.0,9176.0,9118.0,1916.0,58.0,104.0,1363.0,4730.0,6860.0,3422.0,62869.0,63350.0,56035.0,0.088872635488821,0.09838087452853189,6197.0,0.5543461113740338
48169,TX,Garza County,891.0,450.0,441.0,812.0,,,79.0,,,437.0,454.0,605.0,32.0,230.0,,0.0,0.0,15.0,64.0,142.0,64.0,749.0,820.0,717.0,0.08866442199775533,0.15937149270482603,79.0,0.494949494949495
48171,TX,Gillespie County,9824.0,6859.0,2965.0,9441.0,23.0,9418.0,383.0,15.0,368.0,4590.0,5234.0,8694.0,22.0,798.0,32.0,,,,300.0,418.0,207.0,9406.0,9310.0,7781.0,0.038986156351791534,0.04254885993485342,300.0,0.3018118892508143
48173,TX,Glasscock County,200.0,156.0,44.0,,,,,,,102.0,98.0,153.0,0.0,45.0,,0.0,,,,,,,183.0,156.0,,,0.0,0.22
48175,TX,Goliad County,1898.0,948.0,950.0,1766.0,,,132.0,,,922.0,976.0,1340.0,72.0,438.0,,,,,100.0,165.0,81.0,1733.0,1797.0,1557.0,0.06954689146469968,0.08693361433087461,100.0,0.5005268703898841
48177,TX,Gonzales County,4664.0,2468.0,2196.0,4182.0,35.0,4147.0,482.0,24.0,458.0,2248.0,2416.0,2844.0,301.0,1393.0,19.0,,,,383.0,634.0,304.0,4030.0,4306.0,3687.0,0.10334476843910806,0.13593481989708406,383.0,0.47084048027444253
48179,TX,Gray County,4146.0,2534.0,1612.0,3681.0,,,465.0,19.0,446.0,1909.0,2237.0,3439.0,119.0,492.0,14.0,17.0,,,384.0,546.0,248.0,3600.0,3861.0,3277.0,0.11215629522431259,0.1316931982633864,384.0,0.3888084901109503
48181,TX,Grayson County,33287.0,17959.0,15328.0,29787.0,124.0,29663.0,3500.0,117.0,3383.0,15104.0,18183.0,28818.0,1756.0,1474.0,243.0,237.0,39.0,674.0,2787.0,3303.0,1687.0,29984.0,30535.0,25834.0,0.1051461531528825,0.09922792681827741,3500.0,0.460480067293538
48183,TX,Gregg County,28704.0,13717.0,14987.0,25088.0,141.0,24947.0,3616.0,141.0,3475.0,12847.0,15857.0,20966.0,5393.0,1487.0,233.0,44.0,46.0,837.0,2733.0,4125.0,2279.0,24579.0,26576.0,23321.0,0.12597547380156077,0.14370819397993312,3616.0,0.5221223522853957
48185,TX,Grimes County,7385.0,3622.0,3763.0,6720.0,49.0,6671.0,665.0,36.0,629.0,3567.0,3818.0,5604.0,863.0,762.0,23.0,,,,511.0,793.0,405.0,6592.0,6779.0,5790.0,0.09004739336492891,0.10737982396750169,511.0,0.5095463777928233
48187,TX,Guadalupe County,33539.0,18067.0,15472.0,30078.0,183.0,29895.0,3461.0,136.0,3325.0,15274.0,18265.0,21167.0,2790.0,8213.0,499.0,35.0,47.0,714.0,2700.0,2960.0,1467.0,30579.0,30866.0,22122.0,0.1031932973553177,0.08825546378842541,3461.0,0.4613136945049047
48189,TX,Hale County,5826.0,2912.0,2914.0,5220.0,30.0,5190.0,606.0,55.0,551.0,2731.0,3095.0,2917.0,228.0,2580.0,14.0,,,,488.0,978.0,452.0,4848.0,5405.0,4753.0,0.10401647785787847,0.1678681771369722,488.0,0.5001716443529007
48191,TX,Hall County,768.0,449.0,319.0,694.0,,,74.0,,,363.0,405.0,549.0,48.0,156.0,,,0.0,15.0,59.0,113.0,41.0,655.0,716.0,596.0,0.09635416666666667,0.14713541666666666,74.0,0.4153645833333333
48193,TX,Hamilton County,2530.0,1222.0,1308.0,2316.0,,,214.0,,,1203.0,1327.0,2340.0,,121.0,11.0,,,,168.0,246.0,129.0,2284.0,2392.0,2045.0,0.08458498023715415,0.09723320158102766,168.0,0.51699604743083
48195,TX,Hansford County,933.0,687.0,246.0,883.0,,,50.0,,,440.0,493.0,702.0,,222.0,,0.0,0.0,,,90.0,49.0,843.0,871.0,716.0,0.05359056806002144,0.09646302250803858,0.0,0.26366559485530544
48197,TX,Hardeman County,930.0,592.0,338.0,810.0,,,120.0,,,429.0,501.0,762.0,47.0,98.0,,,,,90.0,118.0,64.0,812.0,871.0,713.0,0.12903225806451613,0.12688172043010754,90.0,0.3634408602150538
48199,TX,Hardin County,13006.0,5897.0,7109.0,11646.0,47.0,11599.0,1360.0,42.0,1318.0,6074.0,6932.0,11641.0,707.0,373.0,58.0,11.0,22.0,261.0,1077.0,1245.0,711.0,11761.0,12162.0,10896.0,0.10456712286636936,0.09572504997693372,1360.0,0.5465938797478087
48201,TX,Harris County,656073.0,260901.0,395172.0,597563.0,4588.0,592975.0,58510.0,4646.0,53864.0,299773.0,356300.0,288877.0,136822.0,160452.0,50163.0,367.0,863.0,14212.0,43435.0,99189.0,53889.0,556884.0,589901.0,538192.0,0.08918214893769444,0.15118591985952784,58510.0,0.6023293139635376
48203,TX,Harrison County,14040.0,6780.0,7260.0,12200.0,70.0,12130.0,1840.0,71.0,1769.0,6588.0,7452.0,9879.0,3269.0,531.0,73.0,19.0,20.0,405.0,1415.0,1897.0,952.0,12143.0,13122.0,11207.0,0.13105413105413105,0.13511396011396012,1840.0,0.5170940170940171
48205,TX,Hartley County,517.0,374.0,143.0,496.0,0.0,496.0,21.0,0.0,21.0,231.0,286.0,460.0,,39.0,,,0.0,,,43.0,23.0,474.0,482.0,390.0,0.04061895551257253,0.08317214700193423,0.0,0.2765957446808511
48207,TX,Haskell County,1471.0,967.0,504.0,1328.0,,,143.0,,,699.0,772.0,1175.0,26.0,243.0,,,,,108.0,196.0,112.0,1275.0,1387.0,1153.0,0.09721278042148199,0.13324269204622705,108.0,0.34262406526172673
48209,TX,Hays County,42787.0,22056.0,20731.0,39757.0,154.0,39603.0,3030.0,162.0,2868.0,19328.0,23459.0,30528.0,1236.0,9156.0,635.0,39.0,58.0,750.0,2222.0,2989.0,1557.0,39798.0,39191.0,33589.0,0.07081590202631641,0.06985766704840256,3030.0,0.48451632505200176
48211,TX,Hemphill County,685.0,515.0,170.0,651.0,,,34.0,,,322.0,363.0,566.0,,97.0,,,0.0,,,33.0,19.0,652.0,628.0,536.0,0.049635036496350364,0.04817518248175182,0.0,0.24817518248175183
48213,TX,Henderson County,22513.0,10754.0,11759.0,20046.0,59.0,19987.0,2467.0,67.0,2400.0,10515.0,11998.0,19825.0,1116.0,1000.0,73.0,45.0,22.0,419.0,2026.0,2700.0,1333.0,19813.0,21072.0,18310.0,0.10958113090214543,0.11993070670279395,2467.0,0.5223204370807978
48215,TX,Hidalgo County,123994.0,29426.0,94568.0,110040.0,1244.0,108796.0,13954.0,1185.0,12769.0,57245.0,66749.0,18769.0,420.0,102639.0,1197.0,37.0,246.0,2990.0,10718.0,46180.0,24328.0,77814.0,115690.0,107618.0,0.11253770343726309,0.3724373760020646,13954.0,0.7626820652612223
48217,TX,Hill County,9762.0,4347.0,5415.0,8715.0,36.0,8679.0,1047.0,25.0,1022.0,4700.0,5062.0,8302.0,471.0,769.0,38.0,17.0,14.0,178.0,855.0,1159.0,619.0,8603.0,9053.0,7737.0,0.10725261216963737,0.11872567096906371,1047.0,0.5547019053472649
48219,TX,Hockley County,4266.0,1997.0,2269.0,3851.0,27.0,3824.0,415.0,30.0,385.0,1964.0,2302.0,2691.0,118.0,1357.0,18.0,,,,333.0,554.0,256.0,3712.0,3957.0,3495.0,0.0972808251289264,0.12986404125644632,333.0,0.5318799812470698
48221,TX,Hood County,20771.0,10826.0,9945.0,19519.0,58.0,19461.0,1252.0,36.0,1216.0,9636.0,11135.0,19205.0,113.0,872.0,105.0,33.0,16.0,229.0,1007.0,1139.0,598.0,19632.0,19547.0,16822.0,0.06027634682971451,0.054836069520003854,1252.0,0.47879254730152615
48223,TX,Hopkins County,8652.0,4804.0,3848.0,7662.0,38.0,7624.0,990.0,27.0,963.0,3911.0,4741.0,7334.0,635.0,480.0,47.0,28.0,11.0,191.0,788.0,1087.0,582.0,7565.0,8098.0,6990.0,0.1144244105409154,0.12563569116967174,990.0,0.44475265834489136
48225,TX,Houston County,5963.0,3012.0,2951.0,5239.0,31.0,5208.0,724.0,31.0,693.0,2831.0,3132.0,4552.0,1091.0,195.0,19.0,,,,593.0,881.0,468.0,5082.0,5614.0,4785.0,0.12141539493543518,0.14774442394767734,593.0,0.4948851249371122
48227,TX,Howard County,5279.0,3008.0,2271.0,4661.0,28.0,4633.0,618.0,23.0,595.0,2513.0,2766.0,3441.0,200.0,1506.0,44.0,13.0,,,508.0,688.0,387.0,4591.0,4764.0,3825.0,0.11706762644440234,0.13032771358211784,508.0,0.4301951127107407
48229,TX,Hudspeth County,1001.0,360.0,641.0,850.0,,,151.0,12.0,139.0,496.0,505.0,343.0,34.0,599.0,,,,,117.0,310.0,123.0,691.0,912.0,774.0,0.15084915084915085,0.3096903096903097,117.0,0.6403596403596403
48231,TX,Hunt County,20778.0,10953.0,9825.0,18178.0,93.0,18085.0,2600.0,72.0,2528.0,9671.0,11107.0,17203.0,1597.0,1402.0,139.0,60.0,22.0,507.0,2071.0,2636.0,1321.0,18142.0,19209.0,16192.0,0.12513235152565214,0.1268649533160073,2600.0,0.47285590528443544
48233,TX,Hutchinson County,4318.0,2558.0,1760.0,3885.0,16.0,3869.0,433.0,21.0,412.0,2057.0,2261.0,3638.0,84.0,486.0,15.0,31.0,,,355.0,417.0,199.0,3901.0,4059.0,3413.0,0.10027790643816582,0.09657248726262159,355.0,0.4075961093098657
48235,TX,Irion County,398.0,247.0,151.0,373.0,,,25.0,0.0,25.0,192.0,206.0,308.0,,83.0,0.0,0.0,0.0,,,30.0,12.0,368.0,363.0,295.0,0.06281407035175879,0.07537688442211055,0.0,0.3793969849246231
48237,TX,Jack County,1830.0,1191.0,639.0,1699.0,,,131.0,,,870.0,960.0,1690.0,19.0,83.0,,,0.0,21.0,110.0,196.0,105.0,1634.0,1723.0,1448.0,0.0715846994535519,0.10710382513661203,131.0,0.34918032786885245
48239,TX,Jackson County,3452.0,1902.0,1550.0,3151.0,14.0,3137.0,301.0,14.0,287.0,1701.0,1751.0,2448.0,212.0,728.0,,,,,233.0,371.0,198.0,3081.0,3199.0,2767.0,0.08719582850521437,0.1074739281575898,233.0,0.44901506373117034
48241,TX,Jasper County,9045.0,4459.0,4586.0,7888.0,63.0,7825.0,1157.0,40.0,1117.0,4357.0,4688.0,7291.0,1321.0,235.0,27.0,13.0,15.0,220.0,922.0,1221.0,668.0,7824.0,8542.0,7410.0,0.1279159756771697,0.13499170812603647,1157.0,0.50702045328911
48243,TX,Jeff Davis County,720.0,441.0,279.0,695.0,0.0,695.0,25.0,,,368.0,352.0,565.0,,120.0,0.0,,0.0,,,37.0,17.0,683.0,662.0,531.0,0.034722222222222224,0.05138888888888889,0.0,0.3875
48245,TX,Jefferson County,46196.0,18886.0,27310.0,40248.0,366.0,39882.0,5948.0,318.0,5630.0,20910.0,25286.0,23729.0,16283.0,4034.0,1297.0,30.0,79.0,1301.0,4568.0,7876.0,4199.0,38320.0,42658.0,38573.0,0.12875573642739632,0.1704909515975409,5948.0,0.591176725257598
48247,TX,Jim Hogg County,992.0,291.0,701.0,882.0,,,110.0,11.0,99.0,458.0,534.0,121.0,,861.0,,0.0,,,87.0,239.0,134.0,753.0,943.0,866.0,0.11088709677419355,0.24092741935483872,87.0,0.7066532258064516
48249,TX,Jim Wells County,8784.0,2679.0,6105.0,7552.0,80.0,7472.0,1232.0,71.0,1161.0,4162.0,4622.0,2588.0,44.0,6016.0,50.0,,,,982.0,2053.0,1118.0,6731.0,8237.0,7496.0,0.14025500910746813,0.23372040072859745,982.0,0.6950136612021858
48251,TX,Johnson County,37654.0,15490.0,22164.0,33839.0,158.0,33681.0,3815.0,154.0,3661.0,17225.0,20429.0,31179.0,1398.0,3909.0,350.0,64.0,39.0,772.0,3004.0,3715.0,1963.0,33939.0,34654.0,30431.0,0.10131725713071653,0.09866149678652998,3815.0,0.5886227226855049
48253,TX,Jones County,3520.0,1976.0,1544.0,3154.0,15.0,3139.0,366.0,,,1676.0,1844.0,2833.0,114.0,505.0,,,,,282.0,473.0,226.0,3047.0,3317.0,2735.0,0.10397727272727272,0.134375,282.0,0.43863636363636366
48255,TX,Karnes County,3016.0,1505.0,1511.0,2691.0,13.0,2678.0,325.0,15.0,310.0,1439.0,1577.0,1687.0,57.0,1212.0,29.0,,,,279.0,467.0,231.0,2549.0,2829.0,2429.0,0.10775862068965517,0.15484084880636606,279.0,0.5009946949602122
48257,TX,Kaufman County,27403.0,12879.0,14524.0,24000.0,133.0,23867.0,3403.0,173.0,3230.0,12316.0,15087.0,19364.0,4334.0,2676.0,354.0,52.0,47.0,744.0,2612.0,3342.0,1842.0,24061.0,24841.0,21674.0,0.12418348356019414,0.12195744991424297,3403.0,0.5300149618654891
48259,TX,Kendall County,14697.0,8985.0,5712.0,14056.0,45.0,14011.0,641.0,24.0,617.0,6768.0,7929.0,12287.0,129.0,1656.0,146.0,17.0,17.0,146.0,478.0,626.0,357.0,14071.0,13546.0,10970.0,0.04361434306321018,0.04259372661087297,641.0,0.3886507450500102
48261,TX,Kenedy County,52.0,20.0,32.0,,,,,,,23.0,29.0,12.0,0.0,39.0,0.0,0.0,,,,14.0,,38.0,50.0,44.0,,0.2692307692307692,0.0,0.6153846153846154
48263,TX,Kent County,226.0,130.0,96.0,213.0,,,13.0,0.0,13.0,112.0,114.0,194.0,,22.0,0.0,0.0,0.0,,,28.0,,198.0,213.0,186.0,0.05752212389380531,0.12389380530973451,0.0,0.4247787610619469
48265,TX,Kerr County,17935.0,11682.0,6253.0,16854.0,41.0,16813.0,1081.0,23.0,1058.0,8192.0,9743.0,15350.0,163.0,1871.0,87.0,18.0,,,859.0,1150.0,597.0,16785.0,16671.0,13377.0,0.06027320880959019,0.06412043490381934,859.0,0.34864789517702816
48267,TX,Kimble County,1356.0,943.0,413.0,1277.0,,,79.0,,,644.0,712.0,1156.0,,163.0,,,,,57.0,128.0,62.0,1228.0,1279.0,1015.0,0.05825958702064897,0.0943952802359882,57.0,0.30457227138643067
48269,TX,King County,36.0,22.0,14.0,,,,,,,20.0,16.0,35.0,0.0,,0.0,0.0,,,,,,,28.0,25.0,,,0.0,0.3888888888888889
48271,TX,Kinney County,925.0,485.0,440.0,852.0,,,73.0,,,435.0,490.0,546.0,20.0,341.0,,0.0,,,56.0,160.0,67.0,765.0,875.0,677.0,0.07891891891891892,0.17297297297297298,56.0,0.4756756756756757
48273,TX,Kleberg County,5396.0,1714.0,3682.0,4775.0,39.0,4736.0,621.0,38.0,583.0,2553.0,2843.0,1725.0,146.0,3362.0,86.0,,,,486.0,1114.0,607.0,4282.0,4996.0,4404.0,0.11508524833209785,0.20644922164566346,486.0,0.6823573017049667
48275,TX,Knox County,879.0,562.0,317.0,784.0,,,95.0,,,431.0,448.0,633.0,45.0,184.0,0.0,,,,80.0,158.0,83.0,721.0,838.0,692.0,0.1080773606370876,0.17974971558589306,80.0,0.36063708759954494
48283,TX,La Salle County,1182.0,439.0,743.0,1031.0,,,151.0,,,548.0,634.0,288.0,,873.0,15.0,0.0,0.0,26.0,125.0,312.0,179.0,870.0,1096.0,985.0,0.12774957698815567,0.2639593908629442,151.0,0.628595600676819
48277,TX,Lamar County,11944.0,7477.0,4467.0,10343.0,57.0,10286.0,1601.0,51.0,1550.0,5428.0,6516.0,9859.0,1472.0,271.0,69.0,93.0,14.0,288.0,1299.0,1827.0,982.0,10117.0,11153.0,9232.0,0.13404219691895514,0.15296383121232418,1601.0,0.37399531145344944
48279,TX,Lamb County,2679.0,1410.0,1269.0,2404.0,15.0,2389.0,275.0,21.0,254.0,1278.0,1401.0,1533.0,106.0,997.0,,,,,220.0,477.0,247.0,2202.0,2464.0,2155.0,0.10265024262784621,0.1780515117581187,220.0,0.47368421052631576
48281,TX,Lampasas County,6280.0,3480.0,2800.0,5635.0,18.0,5617.0,645.0,12.0,633.0,2959.0,3321.0,5189.0,212.0,629.0,63.0,13.0,,,541.0,565.0,298.0,5715.0,5856.0,3988.0,0.10270700636942676,0.08996815286624203,541.0,0.445859872611465
48285,TX,Lavaca County,6005.0,3869.0,2136.0,5593.0,14.0,5579.0,412.0,16.0,396.0,2797.0,3208.0,5053.0,324.0,515.0,16.0,,,,327.0,583.0,366.0,5422.0,5708.0,4987.0,0.06860949208992506,0.0970857618651124,327.0,0.35570358034970856
48287,TX,Lee County,4142.0,2222.0,1920.0,3822.0,17.0,3805.0,320.0,,,1985.0,2157.0,3181.0,432.0,410.0,12.0,,,,263.0,375.0,189.0,3767.0,3817.0,3253.0,0.0772573635924674,0.09053597295992274,263.0,0.4635441815548044
48289,TX,Leon County,5714.0,2947.0,2767.0,5279.0,30.0,5249.0,435.0,11.0,424.0,2813.0,2901.0,4847.0,470.0,264.0,22.0,,,,366.0,475.0,249.0,5239.0,5331.0,4447.0,0.07612880644032202,0.08312915645782289,366.0,0.484249212460623
48291,TX,Liberty County,17043.0,6343.0,10700.0,14804.0,82.0,14722.0,2239.0,93.0,2146.0,8036.0,9007.0,12547.0,1715.0,2400.0,83.0,22.0,29.0,414.0,1796.0,2514.0,1244.0,14529.0,15698.0,14020.0,0.13137358446282932,0.14750924133075163,2239.0,0.6278237399518865
48293,TX,Limestone County,5482.0,2643.0,2839.0,4696.0,20.0,4676.0,786.0,21.0,765.0,2576.0,2906.0,4085.0,852.0,410.0,22.0,,14.0,179.0,593.0,888.0,536.0,4594.0,5098.0,4356.0,0.1433783290769792,0.1619846771251368,786.0,0.5178766873403867
48295,TX,Lipscomb County,672.0,475.0,197.0,629.0,,,43.0,,,323.0,349.0,563.0,0.0,90.0,,0.0,0.0,,,46.0,26.0,626.0,611.0,500.0,0.06398809523809523,0.06845238095238096,0.0,0.2931547619047619
48297,TX,Live Oak County,2555.0,1224.0,1331.0,2352.0,11.0,2341.0,203.0,,,1285.0,1270.0,1772.0,,729.0,,,,,161.0,270.0,153.0,2285.0,2398.0,2052.0,0.07945205479452055,0.10567514677103718,161.0,0.5209393346379648
48299,TX,Llano County,9097.0,5122.0,3975.0,8610.0,18.0,8592.0,487.0,13.0,474.0,4344.0,4753.0,8463.0,33.0,362.0,30.0,,,,410.0,558.0,253.0,8539.0,8596.0,7270.0,0.053534132131471915,0.06133890293503353,410.0,0.43695723865010444
48301,TX,Loving County,16.0,,,16.0,0.0,16.0,0.0,0.0,0.0,,,16.0,0.0,0.0,0.0,0.0,0.0,0.0,0.0,,,,,,0.0,,0.0,
48303,TX,Lubbock County,53819.0,26031.0,27788.0,48090.0,271.0,47819.0,5729.0,350.0,5379.0,24166.0,29653.0,36141.0,3540.0,12284.0,556.0,57.0,89.0,1340.0,4300.0,7174.0,3699.0,46645.0,49406.0,43489.0,0.10644939519500549,0.13329864917594159,5729.0,0.5163232315724929
48305,TX,Lynn County,1106.0,551.0,555.0,1005.0,,,101.0,,,538.0,568.0,665.0,21.0,398.0,,,,,81.0,175.0,67.0,931.0,1038.0,926.0,0.09132007233273057,0.15822784810126583,81.0,0.5018083182640145
48313,TX,Madison County,2630.0,1228.0,1402.0,2382.0,12.0,2370.0,248.0,,,1232.0,1398.0,2026.0,331.0,215.0,13.0,,,,200.0,333.0,157.0,2297.0,2443.0,2064.0,0.09429657794676806,0.12661596958174906,200.0,0.5330798479087453
48315,TX,Marion County,3010.0,1427.0,1583.0,2630.0,17.0,2613.0,380.0,,,1474.0,1536.0,2314.0,585.0,43.0,,,,,310.0,493.0,233.0,2517.0,2830.0,2340.0,0.12624584717607973,0.1637873754152824,310.0,0.5259136212624584
48317,TX,Martin County,827.0,518.0,309.0,750.0,,,77.0,,,373.0,454.0,497.0,,308.0,,0.0,,,67.0,90.0,53.0,737.0,757.0,644.0,0.09310761789600967,0.10882708585247884,67.0,0.373639661426844
48319,TX,Mason County,1409.0,891.0,518.0,1343.0,,,66.0,,,677.0,732.0,1222.0,0.0,153.0,,0.0,0.0,12.0,54.0,102.0,48.0,1307.0,1359.0,1137.0,0.0468417317246274,0.0723917672107878,66.0,0.36763662171753014
48321,TX,Matagorda County,8216.0,3829.0,4387.0,7398.0,48.0,7350.0,818.0,61.0,757.0,3998.0,4218.0,5114.0,892.0,1894.0,149.0,,,,655.0,1087.0,546.0,7129.0,7617.0,6590.0,0.09956183057448881,0.13230282375851996,655.0,0.5339581304771178
48323,TX,Maverick County,11493.0,2889.0,8604.0,10392.0,146.0,10246.0,1101.0,121.0,980.0,5559.0,5934.0,547.0,12.0,10824.0,55.0,26.0,,,869.0,5015.0,2182.0,6478.0,10492.0,9786.0,0.0957974419211694,0.4363525624293048,869.0,0.7486296006264683
48307,TX,Mcculloch County,2296.0,1382.0,914.0,2075.0,,,221.0,,,1118.0,1178.0,1753.0,41.0,447.0,,,,,182.0,337.0,156.0,1959.0,2139.0,1713.0,0.09625435540069686,0.14677700348432055,182.0,0.3980836236933798
48309,TX,Mclennan County,49967.0,23214.0,26753.0,43863.0,248.0,43615.0,6104.0,219.0,5885.0,22586.0,27381.0,34810.0,6956.0,6631.0,479.0,42.0,72.0,1421.0,4611.0,6915.0,3805.0,43052.0,45298.0,38568.0,0.1221606260131687,0.13839133828326697,6104.0,0.5354133728260652
48311,TX,Mcmullen County,195.0,102.0,93.0,182.0,,,13.0,,,92.0,103.0,133.0,,57.0,0.0,0.0,0.0,,,21.0,,174.0,180.0,147.0,0.06666666666666667,0.1076923076923077,0.0,0.47692307692307695
48325,TX,Medina County,11613.0,5095.0,6518.0,10430.0,69.0,10361.0,1183.0,65.0,1118.0,5585.0,6028.0,6759.0,202.0,4352.0,66.0,,12.0,233.0,938.0,1429.0,669.0,10184.0,10822.0,8769.0,0.10186859553948162,0.12305175234650823,1183.0,0.5612675449926806
48327,TX,Menard County,719.0,427.0,292.0,673.0,,,46.0,,,352.0,367.0,523.0,,178.0,0.0,0.0,0.0,,,85.0,40.0,634.0,679.0,525.0,0.06397774687065369,0.11821974965229486,0.0,0.40611961057023643
48329,TX,Midland County,21886.0,13056.0,8830.0,20045.0,142.0,19903.0,1841.0,158.0,1683.0,10110.0,11776.0,13461.0,1423.0,6260.0,238.0,18.0,20.0,436.0,1385.0,2369.0,1293.0,19517.0,19269.0,16457.0,0.08411770081330532,0.10824271223613269,1841.0,0.4034542629991776
48331,TX,Milam County,6558.0,2692.0,3866.0,5862.0,31.0,5831.0,696.0,25.0,671.0,3140.0,3418.0,5004.0,606.0,802.0,14.0,,13.0,133.0,550.0,825.0,426.0,5733.0,6094.0,5254.0,0.10612991765782251,0.12580054894784995,696.0,0.5895089966453188
48333,TX,Mills County,1513.0,904.0,609.0,1425.0,,,88.0,,,713.0,800.0,1370.0,,112.0,,0.0,,,71.0,147.0,98.0,1366.0,1442.0,1226.0,0.05816259087904825,0.09715796430931924,71.0,0.40251156642432256
48335,TX,Mitchell County,1567.0,835.0,732.0,1405.0,,,162.0,,,720.0,847.0,1100.0,52.0,383.0,,0.0,,,140.0,213.0,115.0,1354.0,1469.0,1261.0,0.10338225909380983,0.13592852584556478,140.0,0.46713465220165923
48337,TX,Montague County,5969.0,3833.0,2136.0,5377.0,16.0,5361.0,592.0,13.0,579.0,2784.0,3185.0,5601.0,14.0,205.0,24.0,26.0,,,484.0,625.0,333.0,5344.0,5601.0,4618.0,0.09917909197520523,0.10470765622382308,484.0,0.35784888591053776
48339,TX,Montgomery County,119572.0,57573.0,61999.0,110328.0,392.0,109936.0,9244.0,396.0,8848.0,54698.0,64874.0,94911.0,6315.0,12318.0,2492.0,93.0,116.0,2080.0,7048.0,9016.0,4782.0,110556.0,109677.0,97570.0,0.07730906901281237,0.07540226808951929,9244.0,0.5185076773826648
48341,TX,Moore County,2736.0,1678.0,1058.0,2541.0,24.0,2517.0,195.0,13.0,182.0,1338.0,1398.0,1540.0,24.0,1104.0,20.0,,,,154.0,321.0,157.0,2415.0,2448.0,2066.0,0.0712719298245614,0.11732456140350878,154.0,0.38669590643274854
48343,TX,Morris County,3576.0,1691.0,1885.0,3069.0,15.0,3054.0,507.0,22.0,485.0,1641.0,1935.0,2630.0,756.0,132.0,,11.0,,,406.0,580.0,286.0,2996.0,3362.0,2852.0,0.1417785234899329,0.1621923937360179,406.0,0.5271252796420581
48345,TX,Motley County,353.0,235.0,118.0,331.0,,,22.0,0.0,22.0,167.0,186.0,323.0,,22.0,0.0,,,,16.0,49.0,29.0,304.0,330.0,279.0,0.06232294617563739,0.1388101983002833,16.0,0.3342776203966006
48347,TX,Nacogdoches County,12824.0,6396.0,6428.0,11329.0,66.0,11263.0,1495.0,42.0,1453.0,5948.0,6876.0,9632.0,1990.0,828.0,91.0,,19.0,292.0,1184.0,1751.0,969.0,11073.0,11927.0,10401.0,0.11657829070492826,0.13654086088583905,1495.0,0.5012476606363069
48349,TX,Navarro County,11392.0,5567.0,5825.0,9865.0,55.0,9810.0,1527.0,59.0,1468.0,5343.0,6049.0,8251.0,1579.0,1241.0,77.0,16.0,24.0,317.0,1186.0,1718.0,971.0,9674.0,10568.0,9060.0,0.13404143258426968,0.15080758426966293,1527.0,0.5113237359550562
48351,TX,Newton County,2963.0,1421.0,1542.0,2531.0,20.0,2511.0,432.0,22.0,410.0,1484.0,1479.0,2301.0,565.0,44.0,,,,,365.0,452.0,250.0,2511.0,2776.0,2368.0,0.14579817752278096,0.15254809314883563,365.0,0.5204184947688154
48353,TX,Nolan County,3323.0,1740.0,1583.0,2955.0,11.0,2944.0,368.0,,,1534.0,1789.0,2307.0,140.0,810.0,11.0,,,,283.0,526.0,306.0,2797.0,3092.0,2633.0,0.11074330424315378,0.15829070117363828,283.0,0.4763767679807403
48355,TX,Nueces County,67104.0,23904.0,43200.0,58942.0,537.0,58405.0,8162.0,472.0,7690.0,31094.0,36010.0,28725.0,2521.0,33556.0,1025.0,44.0,114.0,1731.0,6317.0,11816.0,5996.0,55288.0,61582.0,54480.0,0.12163209346685741,0.17608488316642823,8162.0,0.6437768240343348
48357,TX,Ochiltree County,1408.0,1074.0,334.0,1307.0,,,101.0,,,681.0,727.0,1035.0,,337.0,,,,,79.0,141.0,64.0,1267.0,1282.0,1046.0,0.07173295454545454,0.10014204545454546,79.0,0.2372159090909091
48359,TX,Oldham County,463.0,310.0,153.0,441.0,,,22.0,,,221.0,242.0,407.0,,35.0,,0.0,0.0,,,35.0,16.0,428.0,408.0,333.0,0.047516198704103674,0.0755939524838013,0.0,0.3304535637149028
48361,TX,Orange County,17202.0,7714.0,9488.0,15119.0,76.0,15043.0,2083.0,67.0,2016.0,7969.0,9233.0,14792.0,1350.0,601.0,150.0,21.0,26.0,420.0,1637.0,2014.0,1039.0,15188.0,16161.0,14471.0,0.12109057086385304,0.11707940937100338,2083.0,0.5515637716544588
48363,TX,Palo Pinto County,7068.0,4051.0,3017.0,6435.0,22.0,6413.0,633.0,24.0,609.0,3318.0,3750.0,6196.0,129.0,579.0,30.0,11.0,,,502.0,790.0,380.0,6278.0,6595.0,5405.0,0.08955857385398981,0.11177136389360498,502.0,0.42685342388228636
48365,TX,Panola County,5571.0,2859.0,2712.0,4923.0,25.0,4898.0,648.0,25.0,623.0,2661.0,2910.0,4435.0,892.0,135.0,16.0,11.0,,,527.0,656.0,357.0,4915.0,5183.0,4395.0,0.11631663974151858,0.11775264763956202,527.0,0.4868066774367259
48367,TX,Parker County,33378.0,18521.0,14857.0,30910.0,103.0,30807.0,2468.0,94.0,2374.0,15505.0,17873.0,30288.0,344.0,1749.0,191.0,65.0,32.0,471.0,1965.0,2209.0,1089.0,31169.0,30814.0,25963.0,0.07394091916831445,0.06618131703517287,2468.0,0.4451135478458865
48369,TX,Parmer County,1517.0,1103.0,414.0,1421.0,12.0,1409.0,96.0,,,742.0,775.0,829.0,14.0,649.0,,0.0,,,78.0,168.0,87.0,1349.0,1399.0,1138.0,0.06328279499011207,0.11074489123269611,78.0,0.27290705339485827
48371,TX,Pecos County,2468.0,1304.0,1164.0,2264.0,21.0,2243.0,204.0,21.0,183.0,1191.0,1277.0,872.0,11.0,1523.0,24.0,0.0,0.0,40.0,164.0,409.0,226.0,2059.0,2237.0,1878.0,0.08265802269043761,0.16572123176661263,204.0,0.47163695299837927
48373,TX,Polk County,18922.0,9523.0,9399.0,17089.0,51.0,17038.0,1833.0,43.0,1790.0,9471.0,9451.0,16473.0,934.0,876.0,97.0,94.0,15.0,300.0,1518.0,1841.0,946.0,17081.0,17758.0,14996.0,0.09687136666314343,0.09729415495190784,1833.0,0.4967233907620759
48375,TX,Potter County,20254.0,10177.0,10077.0,17819.0,100.0,17719.0,2435.0,137.0,2298.0,9337.0,10917.0,13305.0,1575.0,4358.0,477.0,58.0,21.0,448.0,1966.0,3464.0,1731.0,16790.0,18203.0,15748.0,0.12022316579441097,0.17102794509726474,2435.0,0.49753135183173697
48377,TX,Presidio County,1797.0,930.0,867.0,1707.0,,,90.0,,,920.0,877.0,302.0,,1469.0,,0.0,,,77.0,592.0,319.0,1205.0,1610.0,1296.0,0.05008347245409015,0.32943795214245963,77.0,0.48247078464106846
48379,TX,Rains County,3591.0,1956.0,1635.0,3249.0,,,342.0,,,1738.0,1853.0,3329.0,69.0,122.0,18.0,,0.0,58.0,284.0,335.0,162.0,3256.0,3348.0,2830.0,0.09523809523809523,0.09328877749930381,342.0,0.4553049289891395
48381,TX,Randall County,27043.0,16430.0,10613.0,24955.0,70.0,24885.0,2088.0,78.0,2010.0,12161.0,14882.0,23096.0,478.0,2478.0,303.0,50.0,31.0,501.0,1556.0,1921.0,1011.0,25122.0,24432.0,21192.0,0.07721036867211478,0.07103501830418223,2088.0,0.39244906260400103
48383,TX,Reagan County,493.0,304.0,189.0,464.0,,,29.0,,,255.0,238.0,240.0,12.0,229.0,,,0.0,,,63.0,29.0,430.0,453.0,349.0,0.058823529411764705,0.12778904665314403,0.0,0.38336713995943206
48385,TX,Real County,1371.0,798.0,573.0,1247.0,,,124.0,,,685.0,686.0,1132.0,,205.0,,,,,101.0,149.0,102.0,1222.0,1292.0,1072.0,0.09044493070751276,0.10867979576951131,101.0,0.4179431072210066
48387,TX,Red River County,3609.0,2022.0,1587.0,3132.0,17.0,3115.0,477.0,15.0,462.0,1754.0,1855.0,2905.0,559.0,84.0,,17.0,,,397.0,617.0,297.0,2992.0,3396.0,2868.0,0.13216957605985039,0.17096148517594903,397.0,0.4397339983374896
48389,TX,Reeves County,2140.0,1350.0,790.0,1932.0,14.0,1918.0,208.0,30.0,178.0,1041.0,1099.0,477.0,29.0,1596.0,,0.0,,,166.0,377.0,205.0,1763.0,1939.0,1627.0,0.09719626168224299,0.17616822429906542,166.0,0.3691588785046729
48391,TX,Refugio County,1871.0,793.0,1078.0,1686.0,17.0,1669.0,185.0,,,918.0,953.0,1026.0,119.0,681.0,,0.0,,,150.0,262.0,136.0,1609.0,1756.0,1548.0,0.09887760555852486,0.14003206841261356,150.0,0.5761624799572421
48393,TX,Roberts County,188.0,129.0,59.0,175.0,0.0,175.0,13.0,,,87.0,101.0,181.0,0.0,,,0.0,0.0,,,,,,181.0,148.0,0.06914893617021277,,0.0,0.31382978723404253
48395,TX,Robertson County,4341.0,2060.0,2281.0,3900.0,19.0,3881.0,441.0,18.0,423.0,2027.0,2314.0,3046.0,786.0,431.0,16.0,,,,359.0,567.0,281.0,3774.0,4015.0,3413.0,0.10158949550794748,0.13061506565307532,359.0,0.5254549642939415
48397,TX,Rockwall County,21158.0,12178.0,8980.0,19746.0,86.0,19660.0,1412.0,67.0,1345.0,9518.0,11640.0,16749.0,1458.0,1698.0,564.0,36.0,18.0,320.0,1074.0,1343.0,826.0,19815.0,19202.0,16652.0,0.06673598638812742,0.06347480858304187,1412.0,0.42442574912562625
48399,TX,Runnels County,2690.0,1865.0,825.0,2443.0,,,247.0,14.0,233.0,1309.0,1381.0,2036.0,33.0,578.0,,,,,199.0,360.0,193.0,2330.0,2547.0,2109.0,0.09182156133828996,0.13382899628252787,199.0,0.3066914498141264
48401,TX,Rusk County,10678.0,5000.0,5678.0,9394.0,54.0,9340.0,1284.0,43.0,1241.0,5007.0,5671.0,8115.0,1708.0,611.0,42.0,13.0,16.0,266.0,1002.0,1316.0,696.0,9362.0,9965.0,8686.0,0.12024723731035775,0.12324405319348193,1284.0,0.5317475182618467
48403,TX,Sabine County,3629.0,2229.0,1400.0,3273.0,,,356.0,,,1849.0,1780.0,3344.0,158.0,58.0,,,,,313.0,392.0,200.0,3237.0,3475.0,2890.0,0.09809864976577569,0.10801873794433728,313.0,0.3857812069440617
48405,TX,San Augustine County,2464.0,1248.0,1216.0,2132.0,,,332.0,12.0,320.0,1217.0,1247.0,1899.0,482.0,40.0,,,,,274.0,398.0,249.0,2066.0,2329.0,1979.0,0.13474025974025974,0.16152597402597402,274.0,0.4935064935064935
48407,TX,San Jacinto County,6782.0,2698.0,4084.0,6048.0,14.0,6034.0,734.0,17.0,717.0,3297.0,3485.0,5644.0,619.0,374.0,17.0,,,,616.0,777.0,399.0,6005.0,6306.0,5578.0,0.10822766145679741,0.11456797404895311,616.0,0.602182247124742
48409,TX,San Patricio County,14610.0,4757.0,9853.0,12871.0,126.0,12745.0,1739.0,117.0,1622.0,7050.0,7560.0,7785.0,206.0,6267.0,109.0,,26.0,313.0,1400.0,2258.0,1088.0,12352.0,13682.0,12026.0,0.1190280629705681,0.1545516769336071,1739.0,0.6744010951403149
48411,TX,San Saba County,1587.0,916.0,671.0,1500.0,,,87.0,,,768.0,819.0,1331.0,,211.0,,,,,68.0,161.0,79.0,1426.0,1501.0,1238.0,0.054820415879017016,0.10144927536231885,68.0,0.4228103339634531
48413,TX,Schleicher County,647.0,425.0,222.0,605.0,,,42.0,0.0,42.0,318.0,329.0,382.0,,247.0,,0.0,0.0,,,89.0,50.0,558.0,612.0,498.0,0.06491499227202473,0.1375579598145286,0.0,0.34312210200927357
48415,TX,Scurry County,3109.0,1804.0,1305.0,2807.0,14.0,2793.0,302.0,26.0,276.0,1489.0,1620.0,2132.0,83.0,823.0,,,0.0,63.0,239.0,386.0,201.0,2723.0,2861.0,2393.0,0.0971373431971695,0.1241556770665809,302.0,0.41974911547121263
48417,TX,Shackelford County,837.0,526.0,311.0,783.0,,,54.0,,,399.0,438.0,777.0,,46.0,,,,,42.0,73.0,35.0,764.0,791.0,668.0,0.06451612903225806,0.08721624850657109,42.0,0.3715651135005974
48419,TX,Shelby County,5462.0,2591.0,2871.0,4715.0,30.0,4685.0,747.0,31.0,716.0,2530.0,2932.0,4134.0,949.0,262.0,21.0,,,,603.0,926.0,511.0,4536.0,5123.0,4406.0,0.13676309044306115,0.16953496887586963,603.0,0.5256316367630904
48421,TX,Sherman County,384.0,266.0,118.0,367.0,0.0,367.0,17.0,,,182.0,202.0,278.0,,97.0,0.0,,0.0,,,28.0,,356.0,349.0,280.0,0.044270833333333336,0.07291666666666667,0.0,0.3072916666666667
48423,TX,Smith County,52376.0,26937.0,25439.0,47145.0,214.0,46931.0,5231.0,212.0,5019.0,23737.0,28639.0,39468.0,8045.0,3306.0,461.0,68.0,68.0,1169.0,3994.0,5565.0,3055.0,46811.0,48553.0,42373.0,0.09987398808614632,0.106250954635711,5231.0,0.4856995570490301
48425,TX,Somervell County,2422.0,1236.0,1186.0,2241.0,,,181.0,,,1163.0,1259.0,2211.0,,154.0,,,,,140.0,189.0,115.0,2233.0,2285.0,1964.0,0.07473162675474815,0.07803468208092486,140.0,0.48967795210569776
48427,TX,Starr County,10459.0,1771.0,8688.0,9220.0,97.0,9123.0,1239.0,75.0,1164.0,4751.0,5708.0,296.0,,10122.0,23.0,0.0,18.0,222.0,999.0,5592.0,3222.0,4867.0,9994.0,9624.0,0.11846256812314752,0.53465914523377,1239.0,0.8306721483889473
48429,TX,Stephens County,2145.0,1276.0,869.0,1938.0,,,207.0,,,1018.0,1127.0,1876.0,31.0,186.0,11.0,,,,171.0,248.0,123.0,1897.0,1998.0,1677.0,0.0965034965034965,0.11561771561771562,171.0,0.40512820512820513
48431,TX,Sterling County,254.0,173.0,81.0,231.0,,,23.0,,,130.0,124.0,180.0,,70.0,0.0,,0.0,,,25.0,,229.0,238.0,187.0,0.09055118110236221,0.0984251968503937,0.0,0.3188976377952756
48433,TX,Stonewall County,397.0,295.0,102.0,370.0,0.0,370.0,27.0,,,174.0,223.0,351.0,,29.0,,0.0,0.0,,,52.0,41.0,345.0,383.0,309.0,0.06801007556675064,0.1309823677581864,0.0,0.25692695214105793
48435,TX,Sutton County,852.0,606.0,246.0,795.0,,,57.0,,,404.0,448.0,449.0,,386.0,,0.0,,,46.0,91.0,32.0,761.0,787.0,648.0,0.06690140845070422,0.1068075117370892,46.0,0.2887323943661972
48437,TX,Swisher County,1446.0,852.0,594.0,1307.0,,,139.0,,,684.0,762.0,956.0,58.0,408.0,,,0.0,21.0,118.0,205.0,93.0,1241.0,1378.0,1182.0,0.09612724757952974,0.1417704011065007,139.0,0.4107883817427386
48439,TX,Tarrant County,320752.0,143487.0,177265.0,291000.0,1903.0,289097.0,29752.0,2139.0,27613.0,144230.0,176522.0,202582.0,47727.0,45274.0,15221.0,398.0,390.0,6872.0,22490.0,38278.0,20896.0,282474.0,287732.0,253604.0,0.09275702100064848,0.11933830498328928,29752.0,0.5526543871901033
48441,TX,Taylor County,28183.0,16278.0,11905.0,24905.0,124.0,24781.0,3278.0,127.0,3151.0,12877.0,15306.0,21685.0,1575.0,3943.0,311.0,50.0,52.0,737.0,2489.0,3862.0,2226.0,24321.0,26083.0,20920.0,0.1163112514636483,0.13703296313380406,3278.0,0.42241776957740484
48443,TX,Terrell County,241.0,122.0,119.0,219.0,,,22.0,0.0,22.0,116.0,125.0,142.0,,92.0,,0.0,0.0,,,27.0,14.0,214.0,222.0,181.0,0.0912863070539419,0.11203319502074689,0.0,0.49377593360995853
48445,TX,Terry County,2075.0,894.0,1181.0,1869.0,13.0,1856.0,206.0,14.0,192.0,975.0,1100.0,1110.0,61.0,852.0,13.0,,,,153.0,380.0,208.0,1695.0,1949.0,1764.0,0.09927710843373494,0.18313253012048192,153.0,0.569156626506024
48447,TX,Throckmorton County,380.0,257.0,123.0,353.0,0.0,353.0,27.0,0.0,27.0,169.0,211.0,355.0,0.0,15.0,,0.0,0.0,,,32.0,15.0,348.0,362.0,302.0,0.07105263157894737,0.08421052631578947,0.0,0.3236842105263158
48449,TX,Titus County,5856.0,3113.0,2743.0,5158.0,31.0,5127.0,698.0,42.0,656.0,2740.0,3116.0,4129.0,697.0,904.0,34.0,12.0,,,555.0,839.0,448.0,5017.0,5392.0,4626.0,0.11919398907103824,0.14327185792349728,555.0,0.4684084699453552
48451,TX,Tom Green County,24464.0,12795.0,11669.0,22066.0,120.0,21946.0,2398.0,106.0,2292.0,11207.0,13257.0,16709.0,721.0,6332.0,188.0,19.0,32.0,514.0,1852.0,3115.0,1575.0,21349.0,22801.0,18529.0,0.09802158273381295,0.12732995421844343,2398.0,0.4769865925441465
48453,TX,Travis County,159065.0,83098.0,75967.0,146509.0,649.0,145860.0,12556.0,676.0,11880.0,73431.0,85634.0,102874.0,14771.0,27697.0,7540.0,125.0,165.0,3348.0,9043.0,15668.0,9499.0,143397.0,142399.0,124773.0,0.07893628390909377,0.09850061295696727,12556.0,0.47758463521202027
48455,TX,Trinity County,4703.0,1975.0,2728.0,4120.0,17.0,4103.0,583.0,,,2259.0,2444.0,4027.0,371.0,206.0,,,,,489.0,639.0,317.0,4064.0,4418.0,3802.0,0.12396342759940464,0.13587072081650012,489.0,0.5800552838613651
48457,TX,Tyler County,5388.0,2601.0,2787.0,4734.0,22.0,4712.0,654.0,18.0,636.0,2612.0,2776.0,4745.0,396.0,128.0,19.0,,11.0,99.0,544.0,675.0,328.0,4713.0,5080.0,4338.0,0.12138084632516703,0.1252783964365256,654.0,0.517260579064588
48459,TX,Upshur County,9760.0,4557.0,5203.0,8515.0,32.0,8483.0,1245.0,33.0,1212.0,4565.0,5195.0,8435.0,809.0,277.0,30.0,24.0,15.0,228.0,1002.0,1196.0,643.0,8564.0,9124.0,7754.0,0.12756147540983606,0.12254098360655738,1245.0,0.5330942622950819
48461,TX,Upton County,654.0,372.0,282.0,600.0,,,54.0,,,330.0,324.0,353.0,11.0,271.0,,,,,48.0,85.0,51.0,569.0,583.0,490.0,0.08256880733944955,0.12996941896024464,48.0,0.43119266055045874
48463,TX,Uvalde County,5716.0,2459.0,3257.0,5107.0,50.0,5057.0,609.0,41.0,568.0,2687.0,3029.0,2459.0,15.0,3141.0,26.0,,11.0,98.0,500.0,1253.0,550.0,4463.0,5313.0,4645.0,0.10654303708887333,0.21920923722883134,609.0,0.5698040587823653
48465,TX,Val Verde County,9025.0,3729.0,5296.0,8172.0,86.0,8086.0,853.0,103.0,750.0,4317.0,4708.0,1975.0,82.0,6831.0,53.0,,11.0,149.0,693.0,2569.0,1171.0,6456.0,8260.0,6957.0,0.09451523545706371,0.2846537396121884,853.0,0.586814404432133
48467,TX,Van Zandt County,14425.0,6932.0,7493.0,12976.0,57.0,12919.0,1449.0,41.0,1408.0,6765.0,7660.0,13003.0,414.0,674.0,56.0,29.0,17.0,236.0,1196.0,1567.0,832.0,12858.0,13553.0,11633.0,0.10045060658578857,0.10863084922010399,1449.0,0.5194454072790294
48469,TX,Victoria County,19804.0,9168.0,10636.0,17755.0,112.0,17643.0,2049.0,125.0,1924.0,9159.0,10645.0,11816.0,1145.0,6288.0,168.0,,28.0,463.0,1558.0,2478.0,1191.0,17326.0,18391.0,16374.0,0.1034639466774389,0.12512623712381338,2049.0,0.5370632195516057
48471,TX,Walker County,12537.0,5362.0,7175.0,11292.0,51.0,11241.0,1245.0,53.0,1192.0,5756.0,6781.0,9560.0,1754.0,869.0,93.0,,,,965.0,1322.0,708.0,11215.0,11588.0,10157.0,0.09930605407992342,0.1054478742920954,965.0,0.5723059743160246
48473,TX,Waller County,8720.0,4111.0,4609.0,7968.0,55.0,7913.0,752.0,43.0,709.0,4187.0,4533.0,5420.0,1569.0,1328.0,184.0,,,,566.0,920.0,516.0,7800.0,7886.0,6946.0,0.08623853211009175,0.10550458715596331,566.0,0.5285550458715597
48475,TX,Ward County,1918.0,1157.0,761.0,1708.0,,,210.0,13.0,197.0,910.0,1008.0,946.0,67.0,866.0,,,,,171.0,240.0,148.0,1678.0,1719.0,1373.0,0.10948905109489052,0.1251303441084463,171.0,0.3967674661105318
48477,TX,Washington County,10229.0,6025.0,4204.0,9449.0,42.0,9407.0,780.0,24.0,756.0,4637.0,5592.0,8172.0,1202.0,524.0,96.0,,17.0,147.0,616.0,945.0,590.0,9284.0,9609.0,8431.0,0.0762537882490957,0.09238439730178903,780.0,0.41098836640922864
48479,TX,Webb County,38856.0,14253.0,24603.0,35041.0,376.0,34665.0,3815.0,437.0,3378.0,17919.0,20937.0,4178.0,116.0,34021.0,268.0,,80.0,947.0,2788.0,11943.0,5750.0,26913.0,34645.0,31255.0,0.09818303479514104,0.3073656578134651,3815.0,0.6331840642371834
48481,TX,Wharton County,9359.0,4961.0,4398.0,8478.0,85.0,8393.0,881.0,64.0,817.0,4397.0,4962.0,5550.0,1318.0,2290.0,35.0,,,,676.0,1169.0,651.0,8190.0,8727.0,7717.0,0.09413398867400363,0.12490650710545999,676.0,0.46992200021369807
48483,TX,Wheeler County,1184.0,862.0,322.0,1102.0,,,82.0,,,558.0,626.0,1024.0,14.0,107.0,12.0,11.0,0.0,12.0,70.0,91.0,48.0,1093.0,1111.0,922.0,0.06925675675675676,0.07685810810810811,82.0,0.2719594594594595
48485,TX,Wichita County,26929.0,17240.0,9689.0,23213.0,121.0,23092.0,3716.0,98.0,3618.0,12283.0,14646.0,20911.0,2166.0,2661.0,403.0,111.0,48.0,874.0,2794.0,3887.0,2038.0,23042.0,24889.0,19526.0,0.13799249879312264,0.14434253035760705,3716.0,0.3597979872999369
48487,TX,Wilbarger County,2839.0,1713.0,1126.0,2474.0,,,365.0,12.0,353.0,1323.0,1516.0,2046.0,196.0,518.0,19.0,,11.0,68.0,286.0,441.0,243.0,2398.0,2628.0,2230.0,0.12856639661852765,0.15533638605142655,365.0,0.3966185276505812
48489,TX,Willacy County,3714.0,817.0,2897.0,3252.0,28.0,3224.0,462.0,31.0,431.0,1727.0,1987.0,591.0,14.0,3067.0,21.0,0.0,12.0,84.0,366.0,1314.0,632.0,2400.0,3519.0,3304.0,0.12439418416801293,0.35379644588045234,462.0,0.7800215401184707
48491,TX,Williamson County,103693.0,55195.0,48498.0,96834.0,355.0,96479.0,6859.0,355.0,6504.0,45893.0,57800.0,77660.0,5678.0,12176.0,4524.0,90.0,82.0,1748.0,5029.0,6498.0,3729.0,97195.0,94363.0,80503.0,0.06614718447725497,0.06266575371529419,6859.0,0.46770755981599527
48493,TX,Wilson County,11352.0,5684.0,5668.0,10313.0,47.0,10266.0,1039.0,32.0,1007.0,5423.0,5929.0,7596.0,240.0,3193.0,77.0,,14.0,200.0,825.0,931.0,458.0,10421.0,10482.0,8064.0,0.09152572233967583,0.08201198026779422,1039.0,0.4992952783650458
48495,TX,Winkler County,1094.0,593.0,501.0,985.0,,,109.0,,,490.0,604.0,518.0,26.0,537.0,,,,,91.0,147.0,78.0,947.0,1007.0,809.0,0.09963436928702012,0.1343692870201097,91.0,0.4579524680073126
48497,TX,Wise County,15227.0,7691.0,7536.0,13922.0,50.0,13872.0,1305.0,54.0,1251.0,7190.0,8037.0,13558.0,144.0,1117.0,73.0,36.0,14.0,248.0,1043.0,1145.0,572.0,14082.0,14118.0,12102.0,0.08570302751691075,0.07519537663361135,1305.0,0.4949103566034018
48499,TX,Wood County,16683.0,8535.0,8148.0,15237.0,44.0,15193.0,1446.0,49.0,1397.0,7932.0,8751.0,15297.0,453.0,544.0,58.0,28.0,24.0,256.0,1166.0,1515.0,788.0,15168.0,15765.0,13484.0,0.08667505844272613,0.09081100521488941,1446.0,0.4884013666606725
48501,TX,Yoakum County,1338.0,778.0,560.0,1226.0,16.0,1210.0,112.0,11.0,101.0,683.0,655.0,641.0,13.0,654.0,,,0.0,19.0,93.0,159.0,80.0,1179.0,1236.0,1021.0,0.08370702541106129,0.11883408071748879,112.0,0.41853512705530643
48503,TX,Young County,4651.0,3359.0,1292.0,4176.0,17.0,4159.0,475.0,14.0,461.0,2206.0,2445.0,4176.0,49.0,328.0,,14.0,,,374.0,526.0,285.0,4125.0,4375.0,3585.0,0.1021285745001075,0.1130939582885401,374.0,0.2777897226402924
48505,TX,Zapata County,2188.0,586.0,1602.0,1961.0,18.0,1943.0,227.0,21.0,206.0,1060.0,1128.0,263.0,,1905.0,,,,,184.0,767.0,419.0,1421.0,2067.0,1946.0,0.10374771480804387,0.35054844606946983,184.0,0.7321755027422303
48507,TX,Zavala County,2124.0,555.0,1569.0,1828.0,32.0,1796.0,296.0,16.0,280.0,980.0,1144.0,216.0,,1881.0,12.0,0.0,,,236.0,761.0,353.0,1363.0,1996.0,1859.0,0.1393596986817326,0.358286252354049,236.0,0.7387005649717514
48999,TX,Unknown,,,,,,,,,,,,,,,,,,,,,,,,,,,0.0,
49001,UT,Beaver County,1505.0,1017.0,488.0,1334.0,,,171.0,,,748.0,757.0,1381.0,,58.0,,,,,129.0,140.0,102.0,1365.0,1415.0,1138.0,0.11362126245847176,0.09302325581395349,129.0,0.32425249169435216
49003,UT,Box Elder County,10053.0,4168.0,5885.0,9060.0,24.0,9036.0,993.0,24.0,969.0,4842.0,5211.0,9164.0,18.0,472.0,119.0,24.0,20.0,219.0,754.0,682.0,533.0,9371.0,9356.0,8194.0,0.0987764846314533,0.06784044563811797,993.0,0.5853973938127922
49005,UT,Cache County,17367.0,6588.0,10779.0,15976.0,46.0,15930.0,1391.0,39.0,1352.0,8170.0,9197.0,15751.0,53.0,817.0,216.0,26.0,31.0,393.0,967.0,1246.0,992.0,16121.0,16149.0,14686.0,0.08009443196867623,0.07174526400644901,1391.0,0.6206598721713594
49007,UT,Carbon County,4907.0,2839.0,2068.0,4209.0,15.0,4194.0,698.0,,,2420.0,2487.0,4299.0,,450.0,19.0,18.0,,,537.0,663.0,536.0,4244.0,4613.0,3756.0,0.14224577134705524,0.13511310372936622,537.0,0.42143876095373956
49009,UT,Daggett County,287.0,239.0,48.0,272.0,0.0,272.0,15.0,0.0,15.0,155.0,132.0,275.0,0.0,,,0.0,,,11.0,,,,267.0,214.0,0.05226480836236934,,11.0,0.1672473867595819
49011,UT,Davis County,48944.0,22550.0,26394.0,44979.0,149.0,44830.0,3965.0,127.0,3838.0,22652.0,26292.0,43041.0,446.0,2626.0,1133.0,76.0,77.0,1161.0,2727.0,3028.0,2484.0,45916.0,44252.0,36871.0,0.08101095129127166,0.06186662307943772,3965.0,0.5392693690748611
49013,UT,Duchesne County,3788.0,1813.0,1975.0,3330.0,,,458.0,,,1900.0,1888.0,3446.0,,137.0,14.0,84.0,,,349.0,381.0,287.0,3407.0,3520.0,3021.0,0.12090813093980993,0.10058078141499471,349.0,0.5213833157338965
49015,UT,Emery County,2291.0,1460.0,831.0,2038.0,,,253.0,,,1167.0,1124.0,2169.0,,47.0,,,,,203.0,196.0,161.0,2095.0,2147.0,1525.0,0.11043212570929725,0.08555216062854648,203.0,0.36272370144041904
49017,UT,Garfield County,1341.0,903.0,438.0,1252.0,,,89.0,,,682.0,659.0,1258.0,,26.0,,,,,68.0,75.0,61.0,1266.0,1260.0,1042.0,0.06636838180462341,0.05592841163310962,68.0,0.32662192393736017
49019,UT,Grand County,2291.0,1807.0,484.0,2164.0,0.0,2164.0,127.0,,,1106.0,1185.0,2074.0,,80.0,16.0,18.0,,,105.0,204.0,149.0,2087.0,2094.0,1673.0,0.05543430816237451,0.08904408555216063,105.0,0.2112614578786556
49021,UT,Iron County,11030.0,5783.0,5247.0,9945.0,22.0,9923.0,1085.0,21.0,1064.0,5320.0,5710.0,10051.0,26.0,448.0,92.0,92.0,22.0,248.0,815.0,979.0,747.0,10051.0,10344.0,8712.0,0.09836808703535811,0.08875793291024478,1085.0,0.4757026291931097
49023,UT,Juab County,1978.0,1109.0,869.0,1797.0,,,181.0,,,982.0,996.0,1893.0,,32.0,,0.0,,,135.0,155.0,120.0,1823.0,1826.0,1561.0,0.09150657229524772,0.07836198179979778,135.0,0.43933265925176945
49025,UT,Kane County,2292.0,1747.0,545.0,2143.0,,,149.0,,,1111.0,1181.0,2147.0,,58.0,12.0,11.0,,,119.0,149.0,107.0,2143.0,2135.0,1646.0,0.0650087260034904,0.0650087260034904,119.0,0.23778359511343805
49027,UT,Millard County,2769.0,1815.0,954.0,2543.0,,,226.0,,,1396.0,1373.0,2576.0,0.0,96.0,18.0,,,,162.0,192.0,144.0,2577.0,2635.0,2251.0,0.0816179126038281,0.06933911159263272,162.0,0.3445287107258938
49029,UT,Morgan County,1975.0,946.0,1029.0,1896.0,,,79.0,0.0,79.0,974.0,1001.0,1870.0,,28.0,,,,,54.0,33.0,,1942.0,1809.0,1472.0,0.04,0.016708860759493672,54.0,0.5210126582278481
49031,UT,Piute County,466.0,298.0,168.0,431.0,,,35.0,,,226.0,240.0,447.0,0.0,,,0.0,0.0,11.0,24.0,39.0,27.0,427.0,449.0,378.0,0.07510729613733906,0.08369098712446352,35.0,0.3605150214592275
49033,UT,Rich County,525.0,295.0,230.0,493.0,,,32.0,0.0,32.0,278.0,247.0,501.0,,,0.0,,,,27.0,17.0,,508.0,503.0,399.0,0.06095238095238095,0.03238095238095238,27.0,0.4380952380952381
49035,UT,Salt Lake County,164974.0,70463.0,94511.0,150302.0,539.0,149763.0,14672.0,488.0,14184.0,76438.0,88536.0,135045.0,1712.0,13910.0,6503.0,449.0,251.0,3825.0,10596.0,16146.0,13217.0,148828.0,147646.0,134205.0,0.08893522615684896,0.09786996738880066,14672.0,0.5728842120576576
49037,UT,San Juan County,2513.0,2105.0,408.0,2230.0,24.0,2206.0,283.0,35.0,248.0,1186.0,1327.0,1300.0,,77.0,,888.0,,,212.0,551.0,451.0,1962.0,2232.0,1622.0,0.11261440509351373,0.2192598487863112,212.0,0.1623557500994827
49039,UT,Sanpete County,5590.0,2780.0,2810.0,5095.0,14.0,5081.0,495.0,11.0,484.0,2725.0,2865.0,5262.0,,147.0,32.0,,13.0,121.0,361.0,428.0,332.0,5162.0,5245.0,4421.0,0.0885509838998211,0.07656529516994633,495.0,0.5026833631484794
49041,UT,Sevier County,4741.0,2496.0,2245.0,4227.0,15.0,4212.0,514.0,,,2319.0,2422.0,4484.0,,96.0,14.0,17.0,,,398.0,475.0,388.0,4266.0,4462.0,3895.0,0.10841594600295297,0.10018983336848766,398.0,0.4735287913942206
49043,UT,Summit County,8462.0,4952.0,3510.0,8202.0,,,260.0,,,4337.0,4125.0,7708.0,21.0,186.0,85.0,,,,187.0,161.0,136.0,8301.0,7756.0,6859.0,0.030725596785629875,0.019026234932640038,187.0,0.4147955566060033
49045,UT,Tooele County,10072.0,4771.0,5301.0,8774.0,29.0,8745.0,1298.0,35.0,1263.0,4768.0,5304.0,8610.0,62.0,900.0,107.0,64.0,22.0,327.0,949.0,1001.0,776.0,9071.0,8965.0,7479.0,0.12887212073073867,0.09938443208895949,1298.0,0.5263105639396346
49047,UT,Uintah County,5449.0,2953.0,2496.0,4826.0,17.0,4809.0,623.0,27.0,596.0,2606.0,2843.0,4815.0,,201.0,23.0,220.0,13.0,146.0,464.0,520.0,394.0,4929.0,5052.0,4281.0,0.11433290512020554,0.09543035419342999,623.0,0.4580657001284639
49049,UT,Utah County,70895.0,30578.0,40317.0,63831.0,209.0,63622.0,7064.0,218.0,6846.0,32991.0,37904.0,62140.0,267.0,4556.0,1353.0,160.0,209.0,2412.0,4443.0,6067.0,5284.0,64828.0,64566.0,58175.0,0.09964031313914945,0.0855772621482474,7064.0,0.5686860850553636
49051,UT,Wasatch County,5912.0,2941.0,2971.0,5669.0,,,243.0,,,2923.0,2989.0,5470.0,13.0,146.0,44.0,,,,179.0,200.0,163.0,5712.0,5418.0,4847.0,0.04110284167794317,0.03382949932341001,179.0,0.5025372124492558
49053,UT,Washington County,47376.0,23238.0,24138.0,44535.0,113.0,44422.0,2841.0,80.0,2761.0,22304.0,25072.0,43396.0,153.0,1791.0,576.0,124.0,51.0,729.0,2061.0,2381.0,1890.0,44995.0,44829.0,38637.0,0.05996707193515704,0.050257514353259036,2841.0,0.5094984802431611
49055,UT,Wayne County,721.0,507.0,214.0,690.0,0.0,690.0,31.0,,,361.0,360.0,695.0,,,,0.0,,,26.0,43.0,32.0,678.0,678.0,542.0,0.04299583911234397,0.059639389736477116,26.0,0.29680998613037446
49057,UT,Weber County,42380.0,18925.0,23455.0,37911.0,140.0,37771.0,4469.0,118.0,4351.0,19867.0,22513.0,36034.0,551.0,3903.0,602.0,93.0,73.0,1144.0,3252.0,4309.0,3452.0,38071.0,38386.0,31584.0,0.10545068428504012,0.10167531854648419,4469.0,0.5534450212364322
49999,UT,Unknown,,,,,,,,,,,,,,,,,,,,,,,,,,,0.0,
50001,VT,Addison County,10012.0,6592.0,3420.0,9199.0,11.0,9188.0,813.0,,,4703.0,5309.0,9314.0,25.0,48.0,41.0,,,,560.0,1275.0,842.0,8737.0,9274.0,8094.0,0.08120255693168198,0.12734718337994408,560.0,0.34159009188973233
50003,VT,Bennington County,11010.0,7825.0,3185.0,9795.0,19.0,9776.0,1215.0,18.0,1197.0,5164.0,5846.0,10247.0,59.0,93.0,56.0,,20.0,338.0,857.0,1943.0,1385.0,9067.0,10267.0,8916.0,0.11035422343324251,0.17647593097184378,1215.0,0.28928247048138056
50005,VT,Caledonia County,8417.0,5765.0,2652.0,7467.0,18.0,7449.0,950.0,,,4021.0,4396.0,7831.0,35.0,43.0,32.0,,16.0,245.0,689.0,1525.0,970.0,6892.0,7804.0,6540.0,0.11286681715575621,0.18118094332897708,950.0,0.31507663062848995
50007,VT,Chittenden County,35955.0,23459.0,12496.0,32309.0,63.0,32246.0,3646.0,37.0,3609.0,16366.0,19589.0,32520.0,330.0,359.0,645.0,19.0,81.0,1069.0,2496.0,5178.0,4058.0,30777.0,32793.0,28965.0,0.10140453344458351,0.1440133500208594,3646.0,0.347545543039911
50009,VT,Essex County,2045.0,1390.0,655.0,1745.0,,,300.0,,,1024.0,1021.0,1945.0,,19.0,,,,,244.0,411.0,241.0,1634.0,1912.0,1562.0,0.1466992665036675,0.20097799511002445,244.0,0.3202933985330073
50011,VT,Franklin County,11644.0,7849.0,3795.0,10113.0,26.0,10087.0,1531.0,20.0,1511.0,5543.0,6101.0,10925.0,42.0,74.0,40.0,11.0,25.0,373.0,1133.0,2099.0,1438.0,9545.0,10658.0,9011.0,0.13148402610786672,0.18026451391274476,1531.0,0.32591892820336654
50013,VT,Grand Isle County,2468.0,1541.0,927.0,2273.0,,,195.0,0.0,195.0,1215.0,1253.0,2289.0,15.0,18.0,,,,,143.0,287.0,187.0,2181.0,2267.0,1958.0,0.07901134521880065,0.11628849270664506,143.0,0.37560777957860614
50015,VT,Lamoille County,6277.0,4463.0,1814.0,5593.0,,,684.0,,,2991.0,3286.0,5756.0,29.0,46.0,23.0,,20.0,185.0,479.0,1030.0,681.0,5247.0,5787.0,4937.0,0.10896925282778397,0.1640911263342361,684.0,0.2889915564760236
50017,VT,Orange County,8465.0,6224.0,2241.0,7597.0,12.0,7585.0,868.0,,,4012.0,4453.0,7846.0,29.0,52.0,35.0,,22.0,187.0,659.0,1296.0,797.0,7169.0,7730.0,6492.0,0.10253987005316006,0.15310100413467218,868.0,0.26473715298287065
50019,VT,Orleans County,8181.0,5533.0,2648.0,7143.0,22.0,7121.0,1038.0,,,3950.0,4231.0,7651.0,33.0,51.0,21.0,,21.0,283.0,734.0,1874.0,1195.0,6307.0,7539.0,6513.0,0.12687935460212688,0.2290673511795624,1038.0,0.323676812125657
50021,VT,Rutland County,18429.0,12869.0,5560.0,16055.0,33.0,16022.0,2374.0,20.0,2354.0,8770.0,9659.0,17343.0,66.0,115.0,82.0,,58.0,627.0,1689.0,3518.0,2534.0,14911.0,17179.0,14945.0,0.1288187096424114,0.19089478539258778,2374.0,0.30169841011449344
50023,VT,Washington County,15628.0,11954.0,3674.0,14014.0,17.0,13997.0,1614.0,16.0,1598.0,7277.0,8351.0,14389.0,78.0,157.0,63.0,,18.0,430.0,1166.0,2409.0,1627.0,13219.0,14426.0,12634.0,0.10327617097517276,0.15414640389045303,1614.0,0.23509086255438955
50025,VT,Windham County,13371.0,9690.0,3681.0,11962.0,31.0,11931.0,1409.0,12.0,1397.0,6304.0,7067.0,12212.0,87.0,129.0,100.0,,28.0,398.0,983.0,2313.0,1532.0,11058.0,12368.0,10556.0,0.10537730910178746,0.1729863136638995,1409.0,0.27529728516939644
50027,VT,Windsor County,17294.0,12236.0,5058.0,15653.0,34.0,15619.0,1641.0,16.0,1625.0,8088.0,9206.0,16023.0,65.0,113.0,77.0,,34.0,442.0,1165.0,2386.0,1603.0,14908.0,15841.0,13515.0,0.09488840060136464,0.13796692494506765,1641.0,0.29247137735630857
50999,VT,Unknown,,,,,,,,,,,,,,,,,,,,,,,,,,,0.0,
51001,VA,Accomack County,10272.0,6282.0,3990.0,9226.0,54.0,9172.0,1046.0,36.0,1010.0,4740.0,5532.0,7490.0,2385.0,117.0,35.0,,19.0,190.0,837.0,1513.0,922.0,8759.0,9512.0,7956.0,0.10183021806853583,0.14729361370716512,1046.0,0.38843457943925236
51003,VA,Albemarle County,24958.0,19347.0,5611.0,23628.0,72.0,23556.0,1330.0,34.0,1296.0,10991.0,13967.0,20970.0,1833.0,325.0,472.0,,26.0,351.0,953.0,1526.0,1033.0,23432.0,22781.0,19617.0,0.05328952640435932,0.061142719769212275,1330.0,0.22481769372545876
51510,VA,Alexandria City,20917.0,14766.0,6151.0,19767.0,74.0,19693.0,1150.0,70.0,1080.0,9044.0,11873.0,13100.0,3868.0,1585.0,972.0,,13.0,276.0,861.0,2120.0,1708.0,18797.0,17155.0,13644.0,0.05497920351866903,0.10135296648658985,1150.0,0.29406702682028973
51005,VA,Alleghany County,4075.0,2598.0,1477.0,3505.0,16.0,3489.0,570.0,11.0,559.0,1900.0,2175.0,3775.0,203.0,18.0,,,,,468.0,634.0,381.0,3441.0,3850.0,3389.0,0.13987730061349693,0.15558282208588958,468.0,0.3624539877300613
51007,VA,Amelia County,3604.0,2025.0,1579.0,3220.0,19.0,3201.0,384.0,11.0,373.0,1667.0,1937.0,2580.0,898.0,34.0,11.0,,,,306.0,441.0,281.0,3163.0,3336.0,2929.0,0.10654827968923418,0.12236403995560488,306.0,0.4381243063263041
51009,VA,Amherst County,8562.0,4895.0,3667.0,7514.0,43.0,7471.0,1048.0,33.0,1015.0,3911.0,4651.0,6592.0,1672.0,54.0,29.0,,12.0,208.0,828.0,1192.0,710.0,7370.0,8013.0,7022.0,0.1224013081055828,0.13921980845596824,1048.0,0.4282877832282177
51011,VA,Appomattox County,4439.0,2643.0,1796.0,3847.0,26.0,3821.0,592.0,21.0,571.0,2067.0,2372.0,3466.0,829.0,34.0,14.0,,16.0,97.0,479.0,658.0,431.0,3781.0,4148.0,3604.0,0.1333633701284073,0.14823158369002026,592.0,0.40459562964631673
51013,VA,Arlington County,28242.0,20047.0,8195.0,26856.0,117.0,26739.0,1386.0,77.0,1309.0,12746.0,15496.0,17989.0,3099.0,2962.0,2144.0,13.0,19.0,383.0,984.0,3155.0,2337.0,25087.0,22467.0,18162.0,0.049075844486934354,0.11171305148360598,1386.0,0.2901706677997309
51015,VA,Augusta County,18815.0,12924.0,5891.0,17090.0,56.0,17034.0,1725.0,31.0,1694.0,8653.0,10162.0,17450.0,512.0,167.0,83.0,,18.0,353.0,1354.0,1499.0,875.0,17316.0,17719.0,15215.0,0.09168216848259368,0.07967047568429445,1725.0,0.3131012490034547
51017,VA,Bath County,1439.0,1067.0,372.0,1289.0,,,150.0,,,711.0,728.0,1341.0,41.0,13.0,,,,,120.0,171.0,94.0,1268.0,1374.0,1176.0,0.10423905489923559,0.11883252258512857,120.0,0.2585128561501042
51019,VA,Bedford County,22909.0,14307.0,8602.0,20731.0,63.0,20668.0,2178.0,46.0,2132.0,10803.0,12106.0,20492.0,1405.0,195.0,118.0,14.0,23.0,397.0,1758.0,1867.0,1122.0,21042.0,21426.0,18569.0,0.09507180584049937,0.08149635514426644,2178.0,0.3754856170064167
51021,VA,Bland County,1824.0,1020.0,804.0,1536.0,,,288.0,,,883.0,941.0,1764.0,22.0,,,,,,246.0,204.0,113.0,1620.0,1731.0,1478.0,0.15789473684210525,0.1118421052631579,246.0,0.4407894736842105
51023,VA,Botetourt County,9547.0,5892.0,3655.0,8686.0,38.0,8648.0,861.0,24.0,837.0,4463.0,5084.0,8836.0,314.0,58.0,64.0,,19.0,127.0,715.0,643.0,388.0,8904.0,8868.0,7719.0,0.09018539855451975,0.06735100031423484,861.0,0.38284277783596943
51520,VA,Bristol City,4370.0,1625.0,2745.0,3578.0,,,792.0,,,1872.0,2498.0,4020.0,219.0,32.0,24.0,,,,668.0,936.0,529.0,3434.0,4105.0,3683.0,0.18123569794050343,0.21418764302059495,668.0,0.6281464530892449
51025,VA,Brunswick County,4343.0,2236.0,2107.0,3774.0,41.0,3733.0,569.0,24.0,545.0,1933.0,2410.0,2214.0,2009.0,23.0,15.0,0.0,,,455.0,937.0,546.0,3406.0,4059.0,3518.0,0.13101542712410777,0.21574948192493668,455.0,0.48514851485148514
51027,VA,Buchanan County,6552.0,2315.0,4237.0,4699.0,20.0,4679.0,1853.0,17.0,1836.0,3289.0,3263.0,6421.0,13.0,,,0.0,12.0,253.0,1588.0,1319.0,751.0,5233.0,6286.0,5630.0,0.2828144078144078,0.20131257631257632,1853.0,0.6466727716727717
51029,VA,Buckingham County,3803.0,2078.0,1725.0,3291.0,19.0,3272.0,512.0,,,1747.0,2056.0,2508.0,1172.0,21.0,12.0,0.0,,,408.0,716.0,442.0,3087.0,3574.0,3058.0,0.13463055482513805,0.188272416513279,408.0,0.4535892716276624
51530,VA,Buena Vista City,1637.0,925.0,712.0,1337.0,,,300.0,,,701.0,936.0,1510.0,73.0,,,,,,242.0,367.0,229.0,1270.0,1524.0,1307.0,0.1832620647525962,0.2241905925473427,242.0,0.43494196701282833
51031,VA,Campbell County,13020.0,7350.0,5670.0,11418.0,59.0,11359.0,1602.0,49.0,1553.0,5862.0,7158.0,10518.0,1991.0,117.0,65.0,,20.0,314.0,1268.0,1783.0,1071.0,11237.0,12210.0,10793.0,0.12304147465437788,0.1369431643625192,1602.0,0.43548387096774194
51033,VA,Caroline County,6907.0,3958.0,2949.0,6137.0,45.0,6092.0,770.0,22.0,748.0,3159.0,3748.0,4397.0,2133.0,138.0,57.0,,,,635.0,836.0,547.0,6071.0,6219.0,5119.0,0.11148110612422181,0.12103662950629795,635.0,0.4269581583900391
51035,VA,Carroll County,8386.0,5117.0,3269.0,7246.0,26.0,7220.0,1140.0,15.0,1125.0,3949.0,4437.0,8104.0,37.0,62.0,20.0,,,,946.0,1251.0,703.0,7135.0,7996.0,6825.0,0.13594085380395898,0.1491772000953971,946.0,0.38981636060100167
51036,VA,Charles City County,2016.0,1089.0,927.0,1815.0,18.0,1797.0,201.0,,,966.0,1050.0,918.0,951.0,11.0,,22.0,0.0,22.0,179.0,223.0,128.0,1793.0,1856.0,1591.0,0.09970238095238096,0.11061507936507936,201.0,0.45982142857142855
51037,VA,Charlotte County,3544.0,2045.0,1499.0,3051.0,23.0,3028.0,493.0,15.0,478.0,1639.0,1905.0,2428.0,1011.0,22.0,,0.0,,,393.0,695.0,416.0,2849.0,3322.0,2878.0,0.13910835214446954,0.1961060948081264,393.0,0.4229683972911964
51540,VA,Charlottesville City,7648.0,5355.0,2293.0,6849.0,40.0,6809.0,799.0,24.0,775.0,3393.0,4255.0,5360.0,1594.0,118.0,134.0,,,,569.0,1125.0,819.0,6523.0,6865.0,6080.0,0.10447175732217573,0.14709728033472802,569.0,0.2998169456066946
51550,VA,Chesapeake City,47537.0,29020.0,18517.0,42836.0,298.0,42538.0,4701.0,192.0,4509.0,20900.0,26637.0,29073.0,14784.0,1246.0,1097.0,25.0,69.0,1044.0,3588.0,4497.0,3326.0,43040.0,43123.0,31580.0,0.09889138986473694,0.09459999579275091,4701.0,0.389528157014536
51041,VA,Chesterfield County,75273.0,46504.0,28769.0,68826.0,273.0,68553.0,6447.0,221.0,6226.0,33009.0,42264.0,52307.0,16267.0,2109.0,2096.0,30.0,107.0,1642.0,4698.0,5981.0,4325.0,69292.0,68453.0,59258.0,0.08564824040492607,0.07945744157931794,6447.0,0.3821954751371674
51043,VA,Clarke County,4255.0,2995.0,1260.0,4016.0,,,239.0,,,1952.0,2303.0,3753.0,208.0,85.0,37.0,,,,179.0,321.0,220.0,3934.0,3825.0,3138.0,0.05616921269095182,0.0754406580493537,179.0,0.29612220916568743
51570,VA,Colonial Heights City,4690.0,2906.0,1784.0,4105.0,14.0,4091.0,585.0,21.0,564.0,1930.0,2760.0,3604.0,702.0,141.0,106.0,,,,458.0,597.0,413.0,4093.0,4279.0,3412.0,0.12473347547974413,0.12729211087420042,458.0,0.38038379530916844
51580,VA,Covington City,2172.0,1179.0,993.0,1719.0,,,453.0,,,955.0,1217.0,1885.0,208.0,18.0,17.0,0.0,,,372.0,457.0,284.0,1715.0,2002.0,1765.0,0.2085635359116022,0.2104051565377532,372.0,0.457182320441989
51045,VA,Craig County,1381.0,801.0,580.0,1168.0,,,213.0,,,676.0,705.0,1341.0,,,,0.0,,,169.0,171.0,114.0,1210.0,1279.0,1107.0,0.15423606082548877,0.12382331643736423,169.0,0.41998551774076753
51047,VA,Culpeper County,11657.0,7783.0,3874.0,10602.0,49.0,10553.0,1055.0,40.0,1015.0,5266.0,6391.0,9291.0,1512.0,382.0,127.0,,21.0,187.0,847.0,1197.0,819.0,10460.0,10508.0,8733.0,0.09050356009264819,0.1026850819250236,1055.0,0.33233250407480486
51049,VA,Cumberland County,2294.0,1275.0,1019.0,1978.0,19.0,1959.0,316.0,12.0,304.0,1091.0,1203.0,1533.0,694.0,17.0,,,,,259.0,361.0,219.0,1933.0,2122.0,1846.0,0.13775065387968613,0.15736704446381866,259.0,0.44420226678291197
51590,VA,Danville City,12387.0,5270.0,7117.0,10243.0,101.0,10142.0,2144.0,84.0,2060.0,5245.0,7142.0,6644.0,5340.0,115.0,69.0,,24.0,473.0,1647.0,3338.0,2254.0,9049.0,11631.0,10588.0,0.17308468555743925,0.2694760636150803,2144.0,0.5745539678695406
51051,VA,Dickenson County,4583.0,1322.0,3261.0,3325.0,,,1258.0,,,2308.0,2275.0,4502.0,17.0,11.0,,,16.0,177.0,1065.0,914.0,536.0,3669.0,4371.0,3863.0,0.274492690377482,0.19943268601352826,1258.0,0.711542657647829
51053,VA,Dinwiddie County,5841.0,3363.0,2478.0,5085.0,36.0,5049.0,756.0,28.0,728.0,2675.0,3166.0,3782.0,1872.0,57.0,12.0,,11.0,131.0,614.0,673.0,421.0,5168.0,5415.0,4531.0,0.12942989214175654,0.11521999657592878,756.0,0.42424242424242425
51595,VA,Emporia City,1289.0,551.0,738.0,1061.0,16.0,1045.0,228.0,15.0,213.0,546.0,743.0,446.0,801.0,16.0,,0.0,,,177.0,422.0,278.0,867.0,1212.0,1078.0,0.1768813033359193,0.3273855702094647,177.0,0.5725368502715283
51057,VA,Essex County,3388.0,1979.0,1409.0,3003.0,24.0,2979.0,385.0,21.0,364.0,1535.0,1853.0,2160.0,1091.0,32.0,16.0,0.0,,,312.0,470.0,298.0,2918.0,3133.0,2712.0,0.11363636363636363,0.13872491145218419,312.0,0.41587957497048406
51600,VA,Fairfax City,6048.0,3953.0,2095.0,5741.0,24.0,5717.0,307.0,16.0,291.0,2765.0,3283.0,3655.0,306.0,542.0,1147.0,,,,207.0,621.0,480.0,5427.0,4994.0,4047.0,0.05076058201058201,0.10267857142857142,207.0,0.3463955026455027
51059,VA,Fairfax County,183240.0,125127.0,58113.0,175824.0,672.0,175152.0,7416.0,388.0,7028.0,84386.0,98854.0,108639.0,15061.0,15205.0,31490.0,66.0,124.0,2128.0,5164.0,15467.0,12075.0,167773.0,149610.0,117732.0,0.040471512770137524,0.08440842610783672,7416.0,0.31714145383104125
51610,VA,Falls Church City,2833.0,2025.0,808.0,2754.0,,,79.0,,,1264.0,1569.0,2111.0,108.0,184.0,255.0,,0.0,27.0,52.0,137.0,101.0,2696.0,2310.0,1880.0,0.027885633603953405,0.04835863042710907,79.0,0.28521002470878926
51061,VA,Fauquier County,15134.0,10964.0,4170.0,14280.0,60.0,14220.0,854.0,36.0,818.0,7002.0,8132.0,12505.0,1357.0,439.0,218.0,,20.0,182.0,652.0,921.0,653.0,14213.0,13262.0,10618.0,0.056429232192414434,0.060856349940531254,854.0,0.275538522532047
51063,VA,Floyd County,4512.0,2762.0,1750.0,4051.0,,,461.0,,,2139.0,2373.0,4243.0,100.0,32.0,,,0.0,70.0,391.0,499.0,295.0,4013.0,4228.0,3672.0,0.10217198581560284,0.11059397163120567,461.0,0.387854609929078
51065,VA,Fluvanna County,7401.0,5119.0,2282.0,6860.0,31.0,6829.0,541.0,18.0,523.0,3342.0,4059.0,6054.0,936.0,108.0,55.0,,,,427.0,552.0,386.0,6849.0,6770.0,5746.0,0.07309822996892312,0.07458451560599919,427.0,0.30833671125523576
51620,VA,Franklin City,2687.0,1417.0,1270.0,2259.0,24.0,2235.0,428.0,17.0,411.0,1124.0,1563.0,1280.0,1304.0,24.0,14.0,,,,330.0,636.0,462.0,2051.0,2524.0,2212.0,0.1592854484555266,0.23669519910681058,330.0,0.472646073688128
51067,VA,Franklin County,16117.0,8905.0,7212.0,14230.0,64.0,14166.0,1887.0,34.0,1853.0,7618.0,8499.0,14270.0,1242.0,114.0,51.0,12.0,21.0,294.0,1572.0,1897.0,1091.0,14220.0,15208.0,13410.0,0.1170813426816405,0.11770180554693802,1887.0,0.4474778184525656
51069,VA,Frederick County,20773.0,14034.0,6739.0,19149.0,81.0,19068.0,1624.0,39.0,1585.0,9484.0,11289.0,18577.0,684.0,600.0,290.0,,18.0,347.0,1259.0,1387.0,865.0,19386.0,18846.0,15590.0,0.07817840465989506,0.06676936407837096,1624.0,0.32441149569152267
51630,VA,Fredericksburg City,4983.0,3170.0,1813.0,4371.0,28.0,4343.0,612.0,25.0,587.0,2183.0,2800.0,3395.0,1157.0,170.0,96.0,,11.0,153.0,448.0,811.0,554.0,4172.0,4449.0,3611.0,0.12281757977122215,0.16275336142885813,612.0,0.36383704595625127
51640,VA,Galax City,2585.0,1465.0,1120.0,2083.0,,,502.0,13.0,489.0,1172.0,1413.0,2324.0,119.0,61.0,,,,,399.0,723.0,418.0,1862.0,2456.0,2119.0,0.1941972920696325,0.2796905222437137,399.0,0.4332688588007737
51071,VA,Giles County,4675.0,2695.0,1980.0,3887.0,14.0,3873.0,788.0,12.0,776.0,2229.0,2446.0,4482.0,65.0,15.0,,,11.0,97.0,680.0,663.0,377.0,4012.0,4388.0,3924.0,0.16855614973262031,0.14181818181818182,788.0,0.4235294117647059
51073,VA,Gloucester County,10563.0,6945.0,3618.0,9599.0,42.0,9557.0,964.0,16.0,948.0,4877.0,5686.0,9106.0,989.0,142.0,88.0,,,,755.0,974.0,615.0,9589.0,9761.0,7550.0,0.09126195209694216,0.09220865284483575,755.0,0.34251633058790115
51075,VA,Goochland County,7959.0,5511.0,2448.0,7557.0,23.0,7534.0,402.0,12.0,390.0,3761.0,4198.0,6368.0,1068.0,76.0,91.0,,,,313.0,421.0,275.0,7538.0,7332.0,6528.0,0.050508857896720695,0.05289609247392889,313.0,0.3075763286845081
51077,VA,Grayson County,4506.0,2688.0,1818.0,3910.0,,,596.0,,,2150.0,2356.0,4316.0,86.0,27.0,,,,,504.0,821.0,427.0,3685.0,4336.0,3697.0,0.13226808699511763,0.18220150909897914,504.0,0.40346205059920104
51079,VA,Greene County,4935.0,3392.0,1543.0,4495.0,17.0,4478.0,440.0,,,2247.0,2688.0,4271.0,325.0,64.0,70.0,,12.0,81.0,347.0,484.0,293.0,4451.0,4505.0,3760.0,0.08915906788247213,0.09807497467071935,440.0,0.3126646403242148
51081,VA,Greensville County,2535.0,1139.0,1396.0,2136.0,26.0,2110.0,399.0,27.0,372.0,1145.0,1390.0,1052.0,1430.0,19.0,14.0,0.0,,,321.0,516.0,299.0,2019.0,2359.0,2099.0,0.15739644970414202,0.20355029585798817,321.0,0.5506903353057199
51083,VA,Halifax County,10218.0,5891.0,4327.0,8820.0,58.0,8762.0,1398.0,49.0,1349.0,4620.0,5598.0,6219.0,3695.0,93.0,31.0,,15.0,250.0,1133.0,1793.0,1000.0,8425.0,9554.0,8340.0,0.13681738109219024,0.17547465257388922,1398.0,0.4234683891172441
51650,VA,Hampton City,28250.0,14649.0,13601.0,24629.0,255.0,24374.0,3621.0,166.0,3455.0,12267.0,15983.0,11547.0,14950.0,577.0,510.0,23.0,63.0,797.0,2761.0,4051.0,2827.0,24199.0,25797.0,19058.0,0.12817699115044248,0.1433982300884956,3621.0,0.48145132743362834
51085,VA,Hanover County,26326.0,16876.0,9450.0,24643.0,96.0,24547.0,1683.0,43.0,1640.0,11776.0,14550.0,22121.0,2721.0,295.0,276.0,15.0,28.0,433.0,1222.0,1544.0,1086.0,24782.0,24203.0,21454.0,0.06392919547215681,0.0586492440932918,1683.0,0.3589607232393831
51660,VA,Harrisonburg City,7535.0,5065.0,2470.0,6625.0,30.0,6595.0,910.0,17.0,893.0,3373.0,4162.0,6069.0,418.0,558.0,149.0,,15.0,216.0,679.0,1165.0,782.0,6370.0,6936.0,6133.0,0.12076974120769741,0.1546118115461181,910.0,0.3278035832780358
51087,VA,Henrico County,66959.0,39988.0,26971.0,61161.0,357.0,60804.0,5798.0,256.0,5542.0,28205.0,38754.0,42602.0,18008.0,1172.0,2601.0,33.0,63.0,1530.0,4205.0,6683.0,4691.0,60276.0,60763.0,54207.0,0.08659030152780059,0.09980734479308233,5798.0,0.4027987275795636
51089,VA,Henry County,13601.0,6381.0,7220.0,11445.0,79.0,11366.0,2156.0,42.0,2114.0,6148.0,7453.0,10327.0,2889.0,137.0,42.0,,15.0,313.0,1828.0,2346.0,1317.0,11255.0,12931.0,11710.0,0.15851775604734947,0.1724873171090361,2156.0,0.5308433203440923
51091,VA,Highland County,928.0,661.0,267.0,858.0,,,70.0,0.0,70.0,463.0,465.0,892.0,,,0.0,0.0,0.0,15.0,55.0,70.0,40.0,858.0,882.0,744.0,0.07543103448275862,0.07543103448275862,70.0,0.28771551724137934
51670,VA,Hopewell City,5185.0,2603.0,2582.0,4218.0,32.0,4186.0,967.0,38.0,929.0,2231.0,2954.0,2945.0,1891.0,171.0,57.0,,,,763.0,1162.0,731.0,4023.0,4769.0,3899.0,0.18649951783992286,0.2241080038572806,763.0,0.49797492767598844
51093,VA,Isle Of Wight County,10324.0,6465.0,3859.0,9406.0,57.0,9349.0,918.0,37.0,881.0,4798.0,5526.0,7268.0,2646.0,110.0,57.0,,15.0,175.0,728.0,971.0,611.0,9353.0,9536.0,7591.0,0.08891902363425029,0.09405269275474622,918.0,0.37378922898101513
51095,VA,James City County,26642.0,19013.0,7629.0,25219.0,74.0,25145.0,1423.0,43.0,1380.0,11952.0,14690.0,21811.0,2856.0,465.0,434.0,14.0,25.0,324.0,1074.0,1168.0,784.0,25474.0,24679.0,18933.0,0.05341190601306208,0.043840552511072745,1423.0,0.28635237594775165
51097,VA,King And Queen County,1964.0,1153.0,811.0,1746.0,,,218.0,,,923.0,1041.0,1358.0,537.0,14.0,,,0.0,45.0,173.0,279.0,162.0,1685.0,1850.0,1565.0,0.1109979633401222,0.14205702647657842,218.0,0.41293279022403256
51099,VA,King George County,5011.0,3553.0,1458.0,4540.0,30.0,4510.0,471.0,21.0,450.0,2340.0,2671.0,3713.0,1003.0,100.0,57.0,,,,363.0,439.0,259.0,4572.0,4344.0,3126.0,0.09399321492716024,0.08760726401915785,363.0,0.2909598882458591
51101,VA,King William County,4252.0,2613.0,1639.0,3817.0,19.0,3798.0,435.0,15.0,420.0,1917.0,2335.0,3168.0,847.0,54.0,23.0,12.0,,,341.0,410.0,248.0,3842.0,3942.0,3453.0,0.10230479774223894,0.09642521166509878,341.0,0.3854656632173095
51103,VA,Lancaster County,4945.0,3378.0,1567.0,4665.0,25.0,4640.0,280.0,11.0,269.0,2259.0,2686.0,3881.0,855.0,31.0,16.0,,,,224.0,480.0,272.0,4465.0,4641.0,3906.0,0.056622851365015166,0.09706774519716886,224.0,0.3168857431749242
51105,VA,Lee County,6285.0,1896.0,4389.0,4805.0,22.0,4783.0,1480.0,12.0,1468.0,3052.0,3233.0,6123.0,33.0,25.0,,,22.0,227.0,1231.0,1671.0,1062.0,4614.0,5984.0,5256.0,0.2354813046937152,0.26587112171837707,1480.0,0.6983293556085919
51678,VA,Lexington City,2213.0,1475.0,738.0,2002.0,12.0,1990.0,211.0,,,961.0,1252.0,1938.0,146.0,18.0,22.0,,,,160.0,314.0,173.0,1899.0,2035.0,1731.0,0.09534568459105287,0.14188883868052418,160.0,0.333483958427474
51107,VA,Loudoun County,53515.0,35692.0,17823.0,51178.0,191.0,50987.0,2337.0,115.0,2222.0,24379.0,29136.0,34986.0,3836.0,3771.0,7481.0,24.0,38.0,617.0,1682.0,3976.0,3229.0,49539.0,44446.0,36279.0,0.043669999065682516,0.07429692609548724,2337.0,0.3330468093058021
51109,VA,Louisa County,10202.0,6378.0,3824.0,9186.0,37.0,9149.0,1016.0,21.0,995.0,4881.0,5321.0,8049.0,1634.0,117.0,65.0,,15.0,189.0,812.0,1116.0,711.0,9086.0,9384.0,7921.0,0.09958831601646737,0.10939031562438738,1016.0,0.3748284650068614
51111,VA,Lunenburg County,3043.0,1644.0,1399.0,2632.0,17.0,2615.0,411.0,11.0,400.0,1381.0,1662.0,1873.0,1068.0,17.0,,,,,326.0,607.0,366.0,2436.0,2863.0,2476.0,0.1350640814985212,0.19947420308905686,326.0,0.4597436740059152
51680,VA,Lynchburg City,17295.0,9355.0,7940.0,14764.0,100.0,14664.0,2531.0,90.0,2441.0,7316.0,9979.0,11668.0,4696.0,205.0,149.0,,50.0,636.0,1845.0,3196.0,1997.0,14099.0,16030.0,14224.0,0.14634287366290835,0.18479329285920787,2531.0,0.4590922231858919
51113,VA,Madison County,3789.0,2580.0,1209.0,3515.0,,,274.0,,,1776.0,2013.0,3235.0,377.0,32.0,16.0,,,,227.0,370.0,220.0,3419.0,3485.0,2923.0,0.07231459487991554,0.09765109527579836,227.0,0.31908155186064924
51683,VA,Manassas City,5818.0,3546.0,2272.0,5353.0,39.0,5314.0,465.0,36.0,429.0,2640.0,3178.0,3321.0,893.0,880.0,455.0,,,,334.0,650.0,488.0,5168.0,4921.0,4116.0,0.0799243726366449,0.11172224132004126,334.0,0.39051220350635957
51685,VA,Manassas Park City,1078.0,573.0,505.0,977.0,,,101.0,,,510.0,568.0,481.0,188.0,219.0,145.0,,0.0,19.0,82.0,112.0,82.0,966.0,899.0,749.0,0.09369202226345083,0.1038961038961039,101.0,0.4684601113172542
51690,VA,Martinsville City,5490.0,2189.0,3301.0,4421.0,35.0,4386.0,1069.0,41.0,1028.0,2357.0,3133.0,3086.0,2205.0,73.0,26.0,,12.0,176.0,881.0,1621.0,1038.0,3869.0,5179.0,4719.0,0.1947176684881603,0.295264116575592,1069.0,0.6012750455373406
51115,VA,Mathews County,3154.0,2169.0,985.0,2944.0,14.0,2930.0,210.0,,,1471.0,1683.0,2780.0,265.0,17.0,11.0,,,,163.0,282.0,182.0,2872.0,2954.0,2474.0,0.06658211794546608,0.08941027266962587,163.0,0.3123018389346861
51117,VA,Mecklenburg County,10008.0,5570.0,4438.0,8766.0,55.0,8711.0,1242.0,38.0,1204.0,4605.0,5403.0,6615.0,3064.0,82.0,30.0,,12.0,234.0,996.0,1615.0,967.0,8393.0,9405.0,8193.0,0.12410071942446044,0.1613709032773781,1242.0,0.44344524380495604
51119,VA,Middlesex County,4166.0,2688.0,1478.0,3836.0,16.0,3820.0,330.0,,,1937.0,2229.0,3425.0,574.0,25.0,11.0,,,,281.0,419.0,264.0,3747.0,3917.0,3319.0,0.07921267402784446,0.10057609217474796,281.0,0.35477676428228516
51121,VA,Montgomery County,15503.0,10089.0,5414.0,13636.0,49.0,13587.0,1867.0,22.0,1845.0,7020.0,8483.0,14020.0,515.0,123.0,198.0,,28.0,382.0,1457.0,1756.0,1103.0,13747.0,14132.0,12596.0,0.12042830419918725,0.11326839966458105,1867.0,0.34922273108430624
51125,VA,Nelson County,5473.0,3656.0,1817.0,5016.0,14.0,5002.0,457.0,,,2551.0,2922.0,4611.0,554.0,59.0,23.0,,,,369.0,555.0,353.0,4918.0,5111.0,4266.0,0.08350082221816188,0.10140690663255984,369.0,0.3319934222547049
51127,VA,New Kent County,6915.0,4548.0,2367.0,6399.0,27.0,6372.0,516.0,18.0,498.0,3251.0,3664.0,5477.0,1013.0,99.0,74.0,16.0,,,412.0,369.0,230.0,6546.0,6334.0,5115.0,0.07462039045553145,0.05336225596529284,412.0,0.3422993492407809
51700,VA,Newport News City,32759.0,16757.0,16002.0,28209.0,252.0,27957.0,4550.0,231.0,4319.0,14074.0,18685.0,16157.0,13670.0,1065.0,989.0,25.0,57.0,1016.0,3477.0,5334.0,3722.0,27425.0,30040.0,22980.0,0.1388931286058793,0.1628254830733539,4550.0,0.48847644922006167
51710,VA,Norfolk City,37895.0,19146.0,18749.0,32299.0,283.0,32016.0,5596.0,282.0,5314.0,16872.0,21023.0,18023.0,16617.0,1251.0,870.0,24.0,86.0,1325.0,4185.0,8198.0,5960.0,29697.0,34276.0,27135.0,0.1476711967278005,0.216334608787439,5596.0,0.49476184193165323
51131,VA,Northampton County,4386.0,2463.0,1923.0,3972.0,21.0,3951.0,414.0,22.0,392.0,2002.0,2384.0,2837.0,1325.0,76.0,18.0,,,,319.0,895.0,621.0,3491.0,4116.0,3646.0,0.09439124487004104,0.20405836753305973,319.0,0.4384404924760602
51133,VA,Northumberland County,5057.0,3410.0,1647.0,4734.0,16.0,4718.0,323.0,12.0,311.0,2435.0,2622.0,3981.0,838.0,35.0,20.0,,,,258.0,406.0,246.0,4651.0,4699.0,3896.0,0.06387186078702788,0.0802847538066047,258.0,0.32568716630413286
51720,VA,Norton City,1203.0,409.0,794.0,882.0,,,321.0,,,523.0,680.0,1109.0,60.0,,11.0,,,,263.0,357.0,205.0,846.0,1114.0,1009.0,0.26683291770573564,0.2967581047381546,263.0,0.6600166251039069
51135,VA,Nottoway County,3853.0,2152.0,1701.0,3322.0,22.0,3300.0,531.0,16.0,515.0,1756.0,2097.0,2348.0,1380.0,32.0,13.0,,,,427.0,715.0,468.0,3138.0,3600.0,3096.0,0.13781468985206333,0.18556968595899298,427.0,0.4414741759667791
51137,VA,Orange County,11093.0,7161.0,3932.0,10131.0,51.0,10080.0,962.0,30.0,932.0,4974.0,6119.0,9083.0,1304.0,213.0,96.0,,19.0,202.0,741.0,1018.0,660.0,10075.0,10113.0,8297.0,0.08672135580997026,0.09176958442260885,962.0,0.3544577661588389
51139,VA,Page County,6626.0,4219.0,2407.0,5725.0,19.0,5706.0,901.0,18.0,883.0,3113.0,3513.0,6198.0,139.0,56.0,65.0,,,,744.0,1022.0,547.0,5604.0,6204.0,5285.0,0.13597947479625716,0.15424086930274675,744.0,0.3632659221249623
51141,VA,Patrick County,5690.0,3055.0,2635.0,4929.0,22.0,4907.0,761.0,14.0,747.0,2673.0,3017.0,5229.0,276.0,55.0,14.0,,11.0,99.0,651.0,889.0,497.0,4801.0,5407.0,4748.0,0.13374340949033392,0.1562390158172232,761.0,0.46309314586994726
51730,VA,Petersburg City,9399.0,3807.0,5592.0,7455.0,110.0,7345.0,1944.0,95.0,1849.0,4027.0,5372.0,2385.0,6624.0,131.0,72.0,,24.0,398.0,1522.0,2504.0,1744.0,6895.0,8625.0,7370.0,0.20683051388445578,0.26641132035322906,1944.0,0.5949569103096074
51143,VA,Pittsylvania County,16206.0,8372.0,7834.0,14099.0,100.0,13999.0,2107.0,46.0,2061.0,7510.0,8696.0,12066.0,3721.0,88.0,49.0,,18.0,356.0,1733.0,2572.0,1473.0,13634.0,15349.0,13662.0,0.13001357521905468,0.1587066518573368,2107.0,0.4834012094286067
51735,VA,Poquoson City,2961.0,2222.0,739.0,2803.0,,,158.0,0.0,158.0,1351.0,1610.0,2758.0,38.0,36.0,50.0,,0.0,35.0,123.0,126.0,86.0,2835.0,2701.0,1859.0,0.05336035123269166,0.0425531914893617,158.0,0.24957784532252617
51740,VA,Portsmouth City,19061.0,9452.0,9609.0,16081.0,179.0,15902.0,2980.0,157.0,2823.0,8211.0,10850.0,7826.0,10377.0,294.0,157.0,14.0,39.0,697.0,2244.0,3797.0,2546.0,15264.0,17168.0,13893.0,0.15634017102985154,0.19920256020145846,2980.0,0.5041183568543098
51145,VA,Powhatan County,7457.0,5019.0,2438.0,6950.0,22.0,6928.0,507.0,12.0,495.0,3509.0,3948.0,6453.0,688.0,49.0,31.0,,,,404.0,390.0,248.0,7067.0,6912.0,6029.0,0.06798980823387421,0.05229985248759555,404.0,0.32694112914040496
51147,VA,Prince Edward County,5388.0,2945.0,2443.0,4616.0,26.0,4590.0,772.0,21.0,751.0,2421.0,2967.0,3364.0,1839.0,40.0,16.0,,,,607.0,1019.0,656.0,4369.0,5005.0,4355.0,0.1432813659985152,0.18912397921306606,607.0,0.4534149962880475
51149,VA,Prince George County,6588.0,4478.0,2110.0,5808.0,33.0,5775.0,780.0,23.0,757.0,3049.0,3539.0,4324.0,1840.0,160.0,89.0,,,,600.0,609.0,409.0,5979.0,6097.0,4431.0,0.11839708561020036,0.0924408014571949,600.0,0.32027929568913177
51153,VA,Prince William County,64889.0,41428.0,23461.0,60241.0,362.0,59879.0,4648.0,263.0,4385.0,29864.0,35025.0,35033.0,12683.0,7539.0,6383.0,31.0,74.0,1215.0,3359.0,6354.0,4696.0,58535.0,55200.0,40737.0,0.07163001433216724,0.09792106520365547,4648.0,0.36155588774676756
51155,VA,Pulaski County,9049.0,4930.0,4119.0,7587.0,33.0,7554.0,1462.0,30.0,1432.0,4146.0,4903.0,8368.0,397.0,45.0,27.0,,11.0,220.0,1231.0,1368.0,688.0,7681.0,8454.0,7413.0,0.1615648137915792,0.15117692562714113,1462.0,0.45518841860979115
51750,VA,Radford City,2716.0,1585.0,1131.0,2313.0,,,403.0,12.0,391.0,1227.0,1489.0,2348.0,220.0,19.0,27.0,,,,306.0,392.0,231.0,2324.0,2488.0,2229.0,0.148379970544919,0.14432989690721648,306.0,0.4164212076583211
51157,VA,Rappahannock County,2168.0,1587.0,581.0,2063.0,,,105.0,0.0,105.0,1037.0,1131.0,1973.0,75.0,24.0,,,0.0,21.0,84.0,130.0,79.0,2038.0,1956.0,1607.0,0.04843173431734318,0.05996309963099631,105.0,0.2679889298892989
51760,VA,Richmond City,35714.0,16795.0,18919.0,30551.0,295.0,30256.0,5163.0,280.0,4883.0,15642.0,20072.0,13324.0,20370.0,590.0,316.0,13.0,66.0,1373.0,3724.0,8269.0,5787.0,27445.0,32466.0,29547.0,0.14456515652125218,0.23153385227081816,5163.0,0.5297362378899031
51159,VA,Richmond County,2186.0,1361.0,825.0,1976.0,13.0,1963.0,210.0,,,951.0,1235.0,1552.0,536.0,28.0,,,,,156.0,330.0,202.0,1856.0,2048.0,1774.0,0.09606587374199452,0.15096065873741996,156.0,0.3774016468435499
51770,VA,Roanoke City,22079.0,10755.0,11324.0,18143.0,140.0,18003.0,3936.0,112.0,3824.0,9608.0,12471.0,15196.0,5692.0,364.0,206.0,12.0,56.0,858.0,3022.0,4569.0,3016.0,17510.0,20224.0,17994.0,0.17826894333982518,0.20693872005072694,3936.0,0.5128855473526881
51161,VA,Roanoke County,25356.0,15800.0,9556.0,23078.0,91.0,22987.0,2278.0,55.0,2223.0,11148.0,14208.0,22756.0,1268.0,262.0,333.0,,25.0,430.0,1823.0,1985.0,1291.0,23371.0,23437.0,20807.0,0.08984066887521691,0.07828521848872062,2278.0,0.376873323868118
51163,VA,Rockbridge County,6181.0,4108.0,2073.0,5544.0,15.0,5529.0,637.0,,,2927.0,3254.0,5758.0,154.0,36.0,22.0,,12.0,109.0,516.0,683.0,389.0,5498.0,5805.0,4819.0,0.10305775764439411,0.11049991910694063,637.0,0.33538262417084613
51165,VA,Rockingham County,19225.0,13219.0,6006.0,17533.0,48.0,17485.0,1692.0,25.0,1667.0,8910.0,10315.0,17637.0,270.0,355.0,223.0,,21.0,313.0,1358.0,1575.0,968.0,17650.0,17915.0,15569.0,0.08801040312093628,0.08192457737321196,1692.0,0.31240572171651493
51167,VA,Russell County,8004.0,2909.0,5095.0,6235.0,24.0,6211.0,1769.0,14.0,1755.0,3833.0,4171.0,7786.0,65.0,17.0,,,15.0,216.0,1538.0,1463.0,814.0,6541.0,7661.0,6922.0,0.2210144927536232,0.18278360819590206,1769.0,0.6365567216391804
51775,VA,Salem City,7287.0,4468.0,2819.0,6467.0,36.0,6431.0,820.0,16.0,804.0,3125.0,4162.0,6576.0,413.0,58.0,70.0,,13.0,169.0,638.0,785.0,502.0,6502.0,6680.0,5865.0,0.112529161520516,0.10772608755317689,820.0,0.386853300397969
51169,VA,Scott County,6642.0,1965.0,4677.0,5324.0,17.0,5307.0,1318.0,15.0,1303.0,3183.0,3459.0,6454.0,37.0,21.0,,,12.0,191.0,1115.0,1319.0,764.0,5323.0,6381.0,5836.0,0.19843420656428787,0.19858476362541402,1318.0,0.7041553748870822
51171,VA,Shenandoah County,11887.0,7681.0,4206.0,10880.0,28.0,10852.0,1007.0,23.0,984.0,5436.0,6451.0,10970.0,210.0,291.0,74.0,,12.0,191.0,804.0,1240.0,762.0,10647.0,11121.0,9312.0,0.08471439387566249,0.10431563893328846,1007.0,0.35383191722049295
51173,VA,Smyth County,8480.0,4053.0,4427.0,6766.0,17.0,6749.0,1714.0,20.0,1694.0,3931.0,4549.0,8179.0,98.0,46.0,27.0,,16.0,249.0,1449.0,1869.0,1105.0,6611.0,8035.0,7110.0,0.20212264150943396,0.22040094339622643,1714.0,0.5220518867924528
51175,VA,Southampton County,4172.0,2539.0,1633.0,3700.0,37.0,3663.0,472.0,20.0,452.0,1971.0,2201.0,2610.0,1440.0,19.0,,,,,388.0,560.0,348.0,3612.0,3886.0,3323.0,0.11313518696069032,0.1342281879194631,388.0,0.3914189837008629
51177,VA,Spotsylvania County,27176.0,17597.0,9579.0,24644.0,152.0,24492.0,2532.0,95.0,2437.0,12250.0,14926.0,19726.0,4755.0,1189.0,619.0,16.0,34.0,518.0,1980.0,2313.0,1597.0,24863.0,24051.0,18281.0,0.09317044450986164,0.0851118634088902,2532.0,0.3524801295260524
51179,VA,Stafford County,23262.0,16257.0,7005.0,21349.0,129.0,21220.0,1913.0,102.0,1811.0,10549.0,12713.0,15901.0,4321.0,1416.0,721.0,18.0,26.0,450.0,1437.0,1710.0,1243.0,21552.0,20436.0,13763.0,0.08223712492477,0.07351044622130513,1913.0,0.30113489811710087
51790,VA,Staunton City,7633.0,4904.0,2729.0,6635.0,29.0,6606.0,998.0,26.0,972.0,3240.0,4393.0,6555.0,663.0,83.0,42.0,,15.0,220.0,763.0,1194.0,765.0,6439.0,7183.0,6245.0,0.1307480676012053,0.15642604480545003,998.0,0.3575265295427748
51800,VA,Suffolk City,20496.0,12100.0,8396.0,17912.0,150.0,17762.0,2584.0,113.0,2471.0,9159.0,11337.0,10906.0,8554.0,296.0,278.0,,40.0,531.0,2013.0,2780.0,1932.0,17716.0,18763.0,14556.0,0.12607338017174083,0.13563622170179548,2584.0,0.4096409055425449
51181,VA,Surry County,1947.0,1093.0,854.0,1744.0,16.0,1728.0,203.0,,,950.0,997.0,1052.0,837.0,19.0,,0.0,,,168.0,206.0,131.0,1741.0,1800.0,1510.0,0.10426296866974834,0.10580380071905496,168.0,0.43862352336928606
51183,VA,Sussex County,2647.0,1349.0,1298.0,2270.0,15.0,2255.0,377.0,16.0,361.0,1222.0,1425.0,1221.0,1351.0,13.0,,,,,311.0,491.0,333.0,2156.0,2471.0,2122.0,0.14242538723082734,0.185493010955799,311.0,0.4903664525878353
51185,VA,Tazewell County,11740.0,5175.0,6565.0,9376.0,39.0,9337.0,2364.0,36.0,2328.0,5498.0,6242.0,11202.0,217.0,43.0,44.0,,20.0,317.0,2027.0,1960.0,1131.0,9780.0,11159.0,9601.0,0.20136286201022147,0.16695059625212946,2364.0,0.5591993185689949
51810,VA,Virginia Beach City,86965.0,56262.0,30703.0,79698.0,386.0,79312.0,7267.0,335.0,6932.0,37947.0,49018.0,59997.0,14980.0,3877.0,4415.0,43.0,83.0,1776.0,5408.0,7470.0,5422.0,79495.0,79644.0,54699.0,0.08356235267061461,0.0858966250790548,7267.0,0.3530500776174323
51187,VA,Warren County,9776.0,6201.0,3575.0,8834.0,25.0,8809.0,942.0,23.0,919.0,4577.0,5199.0,8727.0,417.0,212.0,126.0,,,,733.0,960.0,595.0,8816.0,8900.0,7281.0,0.09635842880523732,0.09819967266775777,733.0,0.36569148936170215
51191,VA,Washington County,15960.0,7397.0,8563.0,13702.0,26.0,13676.0,2258.0,22.0,2236.0,7270.0,8690.0,15339.0,192.0,83.0,63.0,,20.0,302.0,1936.0,2048.0,1234.0,13912.0,15106.0,13355.0,0.14147869674185465,0.12832080200501253,2258.0,0.5365288220551379
51820,VA,Waynesboro City,6308.0,3975.0,2333.0,5484.0,25.0,5459.0,824.0,26.0,798.0,2769.0,3539.0,5320.0,570.0,129.0,31.0,,16.0,162.0,646.0,867.0,542.0,5441.0,5847.0,5062.0,0.1306277742549144,0.1374445149017121,824.0,0.36984781230183894
51193,VA,Westmoreland County,5870.0,3854.0,2016.0,5364.0,26.0,5338.0,506.0,18.0,488.0,2732.0,3138.0,4209.0,1401.0,93.0,17.0,,,,405.0,696.0,425.0,5174.0,5325.0,4345.0,0.08620102214650767,0.11856899488926746,405.0,0.3434412265758092
51830,VA,Williamsburg City,2309.0,1597.0,712.0,2181.0,,,128.0,,,1020.0,1289.0,1836.0,312.0,27.0,30.0,0.0,,,92.0,141.0,93.0,2168.0,2143.0,1714.0,0.055435253356431353,0.06106539627544391,92.0,0.30835859679514943
51840,VA,Winchester City,5959.0,3925.0,2034.0,5223.0,23.0,5200.0,736.0,23.0,713.0,2709.0,3250.0,4825.0,591.0,231.0,99.0,,12.0,188.0,536.0,960.0,640.0,4999.0,5411.0,4580.0,0.1235106561503608,0.1611008558482967,736.0,0.3413324383285786
51195,VA,Wise County,10663.0,3313.0,7350.0,7957.0,28.0,7929.0,2706.0,25.0,2681.0,5111.0,5552.0,10296.0,138.0,29.0,30.0,,28.0,406.0,2272.0,2177.0,1318.0,8486.0,10137.0,8765.0,0.25377473506517867,0.20416393135140204,2706.0,0.6892994466847979
51197,VA,Wythe County,8558.0,4172.0,4386.0,7018.0,23.0,6995.0,1540.0,15.0,1525.0,3889.0,4669.0,8040.0,248.0,42.0,32.0,,11.0,260.0,1269.0,1532.0,850.0,7026.0,8093.0,7117.0,0.17994858611825193,0.17901378826828698,1540.0,0.5125029212432811
51199,VA,York County,13935.0,10135.0,3800.0,13123.0,63.0,13060.0,812.0,42.0,770.0,6350.0,7585.0,10760.0,1895.0,259.0,531.0,,12.0,191.0,609.0,689.0,467.0,13246.0,12741.0,8265.0,0.05827054180121995,0.04944384642985289,812.0,0.2726946537495515
51999,VA,Unknown,,,,,,,,,,,,,,,,,,,,,,,,,,,0.0,
53001,WA,Adams County,2942.0,1914.0,1028.0,2594.0,,,348.0,18.0,330.0,1424.0,1518.0,1949.0,,863.0,22.0,,,,274.0,586.0,339.0,2356.0,2714.0,2281.0,0.11828687967369136,0.1991842284160435,274.0,0.3494221617946975
53003,WA,Asotin County,6939.0,4834.0,2105.0,6043.0,,,896.0,25.0,871.0,3242.0,3697.0,6585.0,21.0,101.0,36.0,51.0,15.0,172.0,709.0,1191.0,698.0,5748.0,6536.0,5437.0,0.12912523418359995,0.17163856463467358,896.0,0.3033578325407119
53005,WA,Benton County,41389.0,28342.0,13047.0,37208.0,129.0,37079.0,4181.0,86.0,4095.0,19295.0,22094.0,35232.0,414.0,3323.0,847.0,154.0,62.0,1034.0,3085.0,5775.0,3587.0,35614.0,38146.0,32916.0,0.10101717847737321,0.13952982676556572,4181.0,0.31522868394984177
53007,WA,Chelan County,20048.0,12042.0,8006.0,18573.0,49.0,18524.0,1475.0,49.0,1426.0,9565.0,10483.0,17509.0,58.0,1740.0,134.0,86.0,30.0,317.0,1128.0,2789.0,1455.0,17259.0,18787.0,16375.0,0.07357342378292099,0.13911612130885873,1475.0,0.399341580207502
53009,WA,Clallam County,29588.0,22717.0,6871.0,27562.0,53.0,27509.0,2026.0,20.0,2006.0,13827.0,15761.0,26942.0,112.0,543.0,398.0,543.0,21.0,426.0,1579.0,3349.0,1814.0,26239.0,27724.0,22473.0,0.06847370555630661,0.1131877788292551,2026.0,0.23222252264431525
53011,WA,Clark County,106660.0,35268.0,71392.0,97660.0,328.0,97332.0,9000.0,262.0,8738.0,48496.0,58164.0,91246.0,1986.0,3454.0,4756.0,347.0,146.0,2142.0,6712.0,13893.0,9119.0,92767.0,97041.0,87129.0,0.08438027376711045,0.13025501593849614,9000.0,0.6693418338646165
53013,WA,Columbia County,1357.0,1066.0,291.0,1227.0,,,130.0,,,668.0,689.0,1245.0,,54.0,11.0,,,,99.0,219.0,130.0,1138.0,1252.0,1015.0,0.09579955784819455,0.16138540899042003,99.0,0.2144436256448047
53015,WA,Cowlitz County,29064.0,9645.0,19419.0,25440.0,108.0,25332.0,3624.0,58.0,3566.0,13878.0,15186.0,26634.0,200.0,749.0,411.0,186.0,57.0,745.0,2822.0,5006.0,3105.0,24058.0,27211.0,24144.0,0.12469033856317094,0.17224057252958988,3624.0,0.6681461601981833
53017,WA,Douglas County,9383.0,5618.0,3765.0,8709.0,23.0,8686.0,674.0,17.0,657.0,4465.0,4918.0,8167.0,17.0,855.0,84.0,37.0,,,517.0,1162.0,624.0,8221.0,8792.0,7702.0,0.07183203666204839,0.12384098902270063,517.0,0.4012575935201961
53019,WA,Ferry County,2483.0,1857.0,626.0,2233.0,,,250.0,0.0,250.0,1286.0,1197.0,2153.0,,36.0,12.0,195.0,,,209.0,492.0,256.0,1991.0,2276.0,1725.0,0.10068465565847765,0.19814740233588402,209.0,0.25211437776882806
53021,WA,Franklin County,12639.0,8109.0,4530.0,11227.0,65.0,11162.0,1412.0,45.0,1367.0,6101.0,6538.0,8178.0,289.0,3450.0,322.0,37.0,28.0,351.0,1033.0,2464.0,1529.0,10175.0,11532.0,9865.0,0.11171769918506211,0.19495213228894692,1412.0,0.3584144315214811
53023,WA,Garfield County,743.0,648.0,95.0,675.0,0.0,675.0,68.0,0.0,68.0,391.0,352.0,708.0,0.0,11.0,,,0.0,16.0,52.0,98.0,43.0,645.0,678.0,559.0,0.09152086137281291,0.13189771197846567,68.0,0.1278600269179004
53025,WA,Grant County,18162.0,11651.0,6511.0,16088.0,68.0,16020.0,2074.0,64.0,2010.0,8782.0,9380.0,14512.0,158.0,2699.0,188.0,129.0,24.0,420.0,1630.0,3534.0,2076.0,14628.0,16893.0,14401.0,0.11419447197445215,0.19458209448298647,2074.0,0.3584957603788129
53027,WA,Grays Harbor County,22639.0,16884.0,5755.0,19731.0,71.0,19660.0,2908.0,42.0,2866.0,10908.0,11731.0,20444.0,138.0,535.0,316.0,424.0,49.0,607.0,2252.0,4190.0,2518.0,18449.0,21029.0,16986.0,0.12845090330845002,0.18507884623879148,2908.0,0.25420734131366224
53029,WA,Island County,27124.0,15885.0,11239.0,25663.0,55.0,25608.0,1461.0,27.0,1434.0,12426.0,14698.0,24278.0,257.0,611.0,656.0,64.0,15.0,340.0,1106.0,2003.0,1103.0,25121.0,25560.0,19679.0,0.053863736911959885,0.07384604040701961,1461.0,0.4143562896327975
53031,WA,Jefferson County,15212.0,12615.0,2597.0,14590.0,21.0,14569.0,622.0,,,7159.0,8053.0,14073.0,59.0,197.0,199.0,68.0,,,472.0,1417.0,699.0,13795.0,14325.0,11712.0,0.04088877202208783,0.09315014462266631,472.0,0.1707204838285564
53033,WA,King County,363748.0,168442.0,195306.0,340725.0,1252.0,339473.0,23023.0,874.0,22149.0,166488.0,197260.0,252612.0,21002.0,14617.0,51552.0,1240.0,263.0,5835.0,16925.0,58157.0,39728.0,305591.0,324472.0,291687.0,0.06329381879762913,0.1598826660215314,23023.0,0.5369266635143011
53035,WA,Kitsap County,66191.0,39840.0,26351.0,61212.0,166.0,61046.0,4979.0,116.0,4863.0,30448.0,35743.0,56619.0,1182.0,2188.0,2770.0,416.0,74.0,1225.0,3680.0,7052.0,4281.0,59139.0,60049.0,43336.0,0.07522170687857865,0.10654016407064404,4979.0,0.3981054826184829
53037,WA,Kittitas County,10704.0,7774.0,2930.0,9890.0,31.0,9859.0,814.0,17.0,797.0,5200.0,5504.0,9937.0,37.0,260.0,87.0,44.0,12.0,180.0,622.0,1234.0,671.0,9470.0,9908.0,8187.0,0.07604633781763827,0.11528400597907325,814.0,0.273729446935725
53039,WA,Klickitat County,7117.0,6322.0,795.0,6522.0,,,595.0,,,3587.0,3530.0,6512.0,19.0,228.0,41.0,67.0,,,464.0,991.0,511.0,6126.0,6565.0,5177.0,0.08360264156245609,0.13924406350990587,464.0,0.11170436981874385
53041,WA,Lewis County,23145.0,10227.0,12918.0,20396.0,55.0,20341.0,2749.0,36.0,2713.0,11139.0,12006.0,21305.0,111.0,678.0,207.0,169.0,37.0,552.0,2160.0,3857.0,2218.0,19288.0,21482.0,18299.0,0.11877295312162454,0.1666450637286671,2749.0,0.5581335061568373
53043,WA,Lincoln County,3739.0,2971.0,768.0,3367.0,,,372.0,,,1912.0,1827.0,3505.0,,47.0,14.0,31.0,,,286.0,533.0,301.0,3206.0,3484.0,2795.0,0.09949184273870018,0.14255148435410536,286.0,0.20540251404118748
53045,WA,Mason County,19955.0,11038.0,8917.0,18130.0,46.0,18084.0,1825.0,27.0,1798.0,9699.0,10256.0,18287.0,123.0,465.0,263.0,211.0,24.0,340.0,1461.0,2611.0,1414.0,17344.0,18398.0,14663.0,0.09145577549486344,0.1308443998997745,1825.0,0.4468554247055876
53047,WA,Okanogan County,12179.0,8756.0,3423.0,11050.0,34.0,11016.0,1129.0,17.0,1112.0,6085.0,6094.0,10323.0,45.0,636.0,57.0,614.0,,,894.0,2282.0,1119.0,9897.0,11175.0,9027.0,0.09270055012726824,0.18737170539453157,894.0,0.28105755809179733
53049,WA,Pacific County,9225.0,7303.0,1922.0,8365.0,23.0,8342.0,860.0,13.0,847.0,4470.0,4755.0,8483.0,38.0,196.0,153.0,84.0,,,695.0,1476.0,789.0,7749.0,8650.0,6989.0,0.09322493224932249,0.16,695.0,0.20834688346883468
53051,WA,Pend Oreille County,4639.0,3303.0,1336.0,4105.0,13.0,4092.0,534.0,,,2325.0,2314.0,4353.0,20.0,69.0,27.0,44.0,,,441.0,794.0,423.0,3845.0,4332.0,3462.0,0.11511101530502263,0.17115757706402243,441.0,0.28799310196162964
53053,WA,Pierce County,173998.0,84581.0,89417.0,156472.0,702.0,155770.0,17526.0,572.0,16954.0,79259.0,94739.0,134407.0,11125.0,7058.0,11980.0,1120.0,226.0,4099.0,13201.0,27533.0,18306.0,146465.0,157824.0,126708.0,0.10072529569305394,0.15823745100518397,17526.0,0.5138967114564535
53055,WA,San Juan County,6766.0,5494.0,1272.0,6592.0,,,174.0,,,3225.0,3541.0,6242.0,12.0,107.0,58.0,19.0,,,135.0,477.0,195.0,6289.0,6373.0,5460.0,0.025716819391073013,0.07049955660656222,135.0,0.18799881761749926
53057,WA,Skagit County,35745.0,19733.0,16012.0,33184.0,97.0,33087.0,2561.0,68.0,2493.0,16654.0,19091.0,31738.0,152.0,1705.0,556.0,309.0,35.0,621.0,1905.0,4142.0,2307.0,31603.0,33408.0,28437.0,0.07164638410966569,0.11587634634214576,2561.0,0.44795076234438386
53059,WA,Skamania County,2980.0,2283.0,697.0,2732.0,,,248.0,,,1489.0,1491.0,2760.0,,61.0,23.0,13.0,,,203.0,393.0,195.0,2587.0,2688.0,2168.0,0.08322147651006712,0.13187919463087247,203.0,0.23389261744966444
53061,WA,Snohomish County,150691.0,61037.0,89654.0,139041.0,475.0,138566.0,11650.0,378.0,11272.0,68750.0,81941.0,120274.0,2795.0,5647.0,13267.0,914.0,180.0,2805.0,8665.0,21938.0,14260.0,128753.0,135622.0,120575.0,0.07731052285803398,0.1455826824428798,11650.0,0.5949525850913459
53063,WA,Spokane County,121788.0,52600.0,69188.0,107307.0,329.0,106978.0,14481.0,262.0,14219.0,56248.0,65540.0,110230.0,1589.0,2695.0,2071.0,907.0,230.0,3583.0,10668.0,21274.0,12968.0,100514.0,112926.0,96844.0,0.11890334023056459,0.1746805925050087,14481.0,0.5681019476467304
53065,WA,Stevens County,14493.0,9333.0,5160.0,13005.0,34.0,12971.0,1488.0,15.0,1473.0,7255.0,7238.0,13330.0,47.0,232.0,93.0,359.0,15.0,299.0,1174.0,2365.0,1250.0,12128.0,13444.0,10654.0,0.10267025460567171,0.16318222590215967,1488.0,0.3560339474228938
53067,WA,Thurston County,69857.0,33093.0,36764.0,63139.0,193.0,62946.0,6718.0,137.0,6581.0,31340.0,38517.0,58933.0,1708.0,2377.0,3367.0,407.0,101.0,1778.0,4839.0,9297.0,6037.0,60560.0,64497.0,52632.0,0.09616788582389739,0.1330861617303921,6718.0,0.5262751048570652
53069,WA,Wahkiakum County,1744.0,969.0,775.0,1581.0,,,163.0,,,867.0,877.0,1641.0,,23.0,,15.0,,,137.0,217.0,107.0,1527.0,1631.0,1365.0,0.09346330275229357,0.12442660550458716,137.0,0.44438073394495414
53071,WA,Walla Walla County,14824.0,9972.0,4852.0,13561.0,47.0,13514.0,1263.0,26.0,1237.0,6829.0,7995.0,12962.0,102.0,1124.0,162.0,40.0,11.0,300.0,952.0,2144.0,1311.0,12680.0,13609.0,11551.0,0.08519967620075553,0.14463032919589855,1263.0,0.3273070696168376
53073,WA,Whatcom County,53624.0,28427.0,25197.0,49576.0,129.0,49447.0,4048.0,71.0,3977.0,24697.0,28927.0,46530.0,430.0,1690.0,2056.0,654.0,48.0,1043.0,2957.0,7252.0,4309.0,46372.0,49698.0,43892.0,0.0754885871997613,0.1352379531553036,4048.0,0.4698828882589885
53075,WA,Whitman County,7071.0,5038.0,2033.0,6345.0,16.0,6329.0,726.0,,,3358.0,3713.0,6453.0,43.0,126.0,126.0,27.0,,,524.0,1002.0,601.0,6069.0,6451.0,5581.0,0.10267288926601613,0.14170555791260075,524.0,0.2875123744873427
53077,WA,Yakima County,46618.0,25004.0,21614.0,41156.0,222.0,40934.0,5462.0,173.0,5289.0,22073.0,24545.0,32250.0,419.0,11209.0,533.0,1094.0,61.0,1182.0,4219.0,10956.0,6246.0,35662.0,43291.0,37346.0,0.11716504354541164,0.2350165172251062,5462.0,0.46364065382470293
53999,WA,Unknown,,,,,,,,,,,,,,,,,,,,,,,,,,,0.0,
54001,WV,Barbour County,4162.0,1822.0,2340.0,3448.0,18.0,3430.0,714.0,,,2031.0,2131.0,4043.0,30.0,,,,14.0,127.0,573.0,1024.0,677.0,3138.0,3895.0,3250.0,0.1715521383950024,0.24603555982700626,714.0,0.5622296972609322
54003,WV,Berkeley County,26584.0,15210.0,11374.0,22909.0,115.0,22794.0,3675.0,73.0,3602.0,12265.0,14319.0,23005.0,1973.0,625.0,259.0,22.0,42.0,656.0,2977.0,3488.0,1613.0,23096.0,23698.0,19357.0,0.13824104724646405,0.13120674089678003,3675.0,0.42785133915136925
54005,WV,Boone County,5730.0,1757.0,3973.0,4606.0,23.0,4583.0,1124.0,13.0,1111.0,2862.0,2868.0,5589.0,37.0,11.0,,,,,978.0,1212.0,692.0,4518.0,5524.0,3653.0,0.1961605584642234,0.21151832460732983,978.0,0.6933682373472949
54007,WV,Braxton County,3680.0,1330.0,2350.0,3219.0,17.0,3202.0,461.0,,,1831.0,1849.0,3586.0,22.0,,,,,,396.0,813.0,460.0,2867.0,3492.0,2974.0,0.1252717391304348,0.22092391304347825,396.0,0.6385869565217391
54009,WV,Brooke County,5957.0,2784.0,3173.0,5276.0,23.0,5253.0,681.0,13.0,668.0,2734.0,3223.0,5718.0,48.0,35.0,25.0,,,,571.0,847.0,435.0,5110.0,5630.0,5034.0,0.11431928823233171,0.14218566392479437,571.0,0.5326506630854457
54011,WV,Cabell County,20703.0,9129.0,11574.0,17511.0,73.0,17438.0,3192.0,48.0,3144.0,9355.0,11348.0,19237.0,815.0,117.0,90.0,11.0,27.0,579.0,2586.0,4060.0,2234.0,16643.0,19271.0,16624.0,0.15418055354296478,0.19610684441868328,3192.0,0.5590494131285321
54013,WV,Calhoun County,2076.0,888.0,1188.0,1693.0,,,383.0,,,1062.0,1014.0,2033.0,,,0.0,,,,334.0,585.0,310.0,1491.0,1973.0,1658.0,0.18448940269749517,0.2817919075144509,334.0,0.5722543352601156
54015,WV,Clay County,2550.0,790.0,1760.0,2043.0,,,507.0,,,1322.0,1228.0,2486.0,,,,0.0,,,440.0,748.0,409.0,1802.0,2441.0,2087.0,0.1988235294117647,0.29333333333333333,440.0,0.6901960784313725
54017,WV,Doddridge County,1628.0,745.0,883.0,1405.0,,,223.0,,,816.0,812.0,1590.0,,13.0,,0.0,,,186.0,308.0,128.0,1320.0,1491.0,1272.0,0.136977886977887,0.1891891891891892,186.0,0.5423832923832924
54019,WV,Fayette County,11428.0,4732.0,6696.0,9405.0,41.0,9364.0,2023.0,26.0,1997.0,5459.0,5969.0,10550.0,569.0,84.0,18.0,,19.0,275.0,1729.0,2561.0,1432.0,8867.0,10705.0,8434.0,0.17702135106755337,0.22409870493524675,2023.0,0.5859292964648233
54021,WV,Gilmer County,1539.0,614.0,925.0,1303.0,,,236.0,,,777.0,762.0,1507.0,,,,,0.0,30.0,206.0,369.0,187.0,1170.0,1452.0,1258.0,0.15334632878492527,0.23976608187134502,236.0,0.6010396361273554
54023,WV,Grant County,3324.0,1915.0,1409.0,2892.0,,,432.0,,,1607.0,1717.0,3246.0,24.0,,,0.0,,,369.0,654.0,308.0,2670.0,3126.0,2655.0,0.1299638989169675,0.1967509025270758,369.0,0.42388688327316487
54025,WV,Greenbrier County,9949.0,4873.0,5076.0,8707.0,28.0,8679.0,1242.0,13.0,1229.0,4682.0,5267.0,9453.0,256.0,38.0,21.0,,,,1042.0,1691.0,904.0,8258.0,9334.0,7696.0,0.12483666700170871,0.16996683083727007,1042.0,0.5102020303548095
54027,WV,Hampshire County,6588.0,3644.0,2944.0,5741.0,13.0,5728.0,847.0,11.0,836.0,3271.0,3317.0,6341.0,39.0,51.0,22.0,,16.0,141.0,690.0,1049.0,442.0,5539.0,6127.0,5089.0,0.12856709168184577,0.1592289010321797,847.0,0.44687310261080754
54029,WV,Hancock County,8320.0,4459.0,3861.0,7386.0,32.0,7354.0,934.0,19.0,915.0,3711.0,4609.0,7862.0,184.0,62.0,32.0,,,,781.0,1214.0,605.0,7106.0,7751.0,6947.0,0.11225961538461539,0.14591346153846155,781.0,0.4640625
54031,WV,Hardy County,3825.0,2167.0,1658.0,3321.0,11.0,3310.0,504.0,,,1852.0,1973.0,3613.0,72.0,47.0,12.0,,,,411.0,657.0,307.0,3168.0,3538.0,2986.0,0.13176470588235295,0.17176470588235293,411.0,0.4334640522875817
54033,WV,Harrison County,16668.0,7409.0,9259.0,14540.0,60.0,14480.0,2128.0,37.0,2091.0,7679.0,8989.0,15906.0,237.0,188.0,65.0,,43.0,327.0,1758.0,2961.0,1726.0,13707.0,15360.0,12863.0,0.12766978641708662,0.17764578833693304,2128.0,0.5554955603551716
54035,WV,Jackson County,7595.0,3070.0,4525.0,6390.0,24.0,6366.0,1205.0,14.0,1191.0,3628.0,3967.0,7394.0,14.0,27.0,,,,,1016.0,1409.0,724.0,6186.0,7223.0,6208.0,0.1586570111915734,0.18551678736010532,1016.0,0.5957867017774852
54037,WV,Jefferson County,13061.0,7785.0,5276.0,11817.0,51.0,11766.0,1244.0,36.0,1208.0,6056.0,7005.0,11313.0,870.0,322.0,151.0,,17.0,217.0,1010.0,1452.0,627.0,11609.0,11552.0,9446.0,0.09524538703008958,0.11117066074573156,1244.0,0.40395069290253427
54039,WV,Kanawha County,47333.0,18919.0,28414.0,40343.0,186.0,40157.0,6990.0,118.0,6872.0,21383.0,25950.0,42711.0,3076.0,273.0,317.0,,66.0,1137.0,5787.0,8489.0,4329.0,38844.0,44291.0,38468.0,0.1476770963175797,0.17934633342488326,6990.0,0.600300002112691
54041,WV,Lewis County,4425.0,1748.0,2677.0,3786.0,13.0,3773.0,639.0,,,2149.0,2276.0,4320.0,,11.0,,,,,525.0,948.0,467.0,3477.0,4132.0,3599.0,0.14440677966101695,0.21423728813559323,525.0,0.6049717514124294
54043,WV,Lincoln County,5279.0,1594.0,3685.0,4197.0,18.0,4179.0,1082.0,,,2640.0,2639.0,5155.0,,13.0,,,,,940.0,1366.0,719.0,3913.0,5058.0,4250.0,0.20496306118583066,0.2587611290017049,940.0,0.6980488728925933
54045,WV,Logan County,8557.0,3078.0,5479.0,6566.0,40.0,6526.0,1991.0,25.0,1966.0,4152.0,4405.0,8182.0,190.0,38.0,11.0,,25.0,278.0,1688.0,1962.0,1156.0,6595.0,8166.0,6137.0,0.23267500292158466,0.2292859647072572,1991.0,0.6402944957344864
54049,WV,Marion County,13971.0,5935.0,8036.0,12243.0,53.0,12190.0,1728.0,30.0,1698.0,6513.0,7458.0,13191.0,409.0,88.0,41.0,,16.0,268.0,1444.0,2474.0,1386.0,11497.0,13030.0,10011.0,0.1236847756066137,0.1770810965571541,1728.0,0.5751914680409419
54051,WV,Marshall County,7832.0,2946.0,4886.0,7008.0,15.0,6993.0,824.0,12.0,812.0,3608.0,4224.0,7593.0,40.0,47.0,26.0,,,,682.0,1158.0,621.0,6674.0,7450.0,6083.0,0.10520939734422881,0.1478549540347293,682.0,0.6238508682328907
54053,WV,Mason County,6670.0,2618.0,4052.0,5635.0,18.0,5617.0,1035.0,,,3100.0,3570.0,6487.0,20.0,13.0,13.0,0.0,,,881.0,1331.0,684.0,5339.0,6323.0,5331.0,0.15517241379310345,0.19955022488755622,881.0,0.607496251874063
54047,WV,Mcdowell County,5149.0,1675.0,3474.0,3860.0,30.0,3830.0,1289.0,17.0,1272.0,2625.0,2524.0,4563.0,462.0,21.0,,,13.0,183.0,1093.0,1749.0,1048.0,3400.0,4973.0,4066.0,0.25033987181977085,0.33967760730238883,1289.0,0.6746941153622062
54055,WV,Mercer County,16112.0,6702.0,9410.0,13164.0,78.0,13086.0,2948.0,60.0,2888.0,7427.0,8685.0,14774.0,912.0,74.0,39.0,,35.0,481.0,2432.0,3572.0,1960.0,12540.0,15311.0,12834.0,0.1829692154915591,0.22169811320754718,2948.0,0.5840367428003972
54057,WV,Mineral County,7420.0,4531.0,2889.0,6531.0,20.0,6511.0,889.0,15.0,874.0,3485.0,3935.0,7037.0,188.0,27.0,35.0,,,,727.0,1163.0,634.0,6257.0,7045.0,5946.0,0.11981132075471698,0.15673854447439353,727.0,0.38935309973045823
54059,WV,Mingo County,6490.0,2079.0,4411.0,4755.0,20.0,4735.0,1735.0,17.0,1718.0,3367.0,3123.0,6202.0,141.0,,11.0,,26.0,213.0,1496.0,1781.0,1112.0,4709.0,6221.0,4914.0,0.26733436055469956,0.27442218798151,1735.0,0.6796610169491526
54061,WV,Monongalia County,16263.0,7262.0,9001.0,14679.0,42.0,14637.0,1584.0,38.0,1546.0,7503.0,8760.0,14986.0,434.0,153.0,223.0,,26.0,304.0,1254.0,1947.0,1064.0,14316.0,14842.0,11991.0,0.09739900387382401,0.11971960892824202,1584.0,0.5534649203713952
54063,WV,Monroe County,3888.0,2021.0,1867.0,3287.0,11.0,3276.0,601.0,12.0,589.0,1905.0,1983.0,3780.0,32.0,12.0,,,,,526.0,569.0,272.0,3319.0,3695.0,3044.0,0.15457818930041153,0.1463477366255144,526.0,0.4801954732510288
54065,WV,Morgan County,5207.0,2967.0,2240.0,4588.0,14.0,4574.0,619.0,,,2513.0,2694.0,4955.0,33.0,52.0,27.0,,,,519.0,625.0,239.0,4582.0,4821.0,3941.0,0.11887843287881698,0.12003072786633379,519.0,0.43019012867294026
54067,WV,Nicholas County,7405.0,2796.0,4609.0,6153.0,25.0,6128.0,1252.0,12.0,1240.0,3649.0,3756.0,7215.0,,32.0,,,,,1071.0,1545.0,778.0,5860.0,7016.0,5691.0,0.16907494935854153,0.2086428089128967,1071.0,0.6224172856178258
54069,WV,Ohio County,11102.0,4838.0,6264.0,10113.0,23.0,10090.0,989.0,19.0,970.0,4990.0,6112.0,10375.0,320.0,63.0,62.0,11.0,20.0,177.0,792.0,1652.0,824.0,9450.0,10288.0,9166.0,0.08908304809944154,0.14880201765447668,989.0,0.5642226625833183
54071,WV,Pendleton County,2278.0,1161.0,1117.0,2054.0,,,224.0,,,1104.0,1174.0,2172.0,46.0,,,0.0,,,191.0,377.0,196.0,1901.0,2173.0,1878.0,0.09833187006145742,0.16549604916593502,191.0,0.49034240561896403
54073,WV,Pleasants County,1858.0,882.0,976.0,1587.0,,,271.0,,,862.0,996.0,1812.0,,,0.0,,,,228.0,330.0,156.0,1528.0,1756.0,1558.0,0.1458557588805167,0.17761033369214208,228.0,0.5252960172228203
54075,WV,Pocahontas County,2585.0,1317.0,1268.0,2295.0,,,290.0,,,1295.0,1290.0,2514.0,,14.0,,0.0,,,261.0,423.0,195.0,2162.0,2435.0,1994.0,0.11218568665377177,0.16363636363636364,261.0,0.4905222437137331
54077,WV,Preston County,8462.0,3845.0,4617.0,7390.0,15.0,7375.0,1072.0,14.0,1058.0,4086.0,4376.0,8220.0,34.0,26.0,,,,,915.0,1434.0,760.0,7028.0,7973.0,6495.0,0.126683999054597,0.169463483809974,915.0,0.5456156936894351
54079,WV,Putnam County,13624.0,5613.0,8011.0,11873.0,44.0,11829.0,1751.0,27.0,1724.0,6304.0,7320.0,13159.0,116.0,63.0,53.0,,20.0,248.0,1483.0,1713.0,892.0,11911.0,12749.0,11085.0,0.12852319436288903,0.12573399882560188,1751.0,0.5880064591896653
54081,WV,Raleigh County,19476.0,9365.0,10111.0,16070.0,85.0,15985.0,3406.0,35.0,3371.0,9286.0,10190.0,17719.0,1199.0,124.0,116.0,,32.0,541.0,2833.0,3656.0,1970.0,15820.0,18197.0,13913.0,0.17488190593551037,0.18771821729307867,3406.0,0.5191517765454919
54083,WV,Randolph County,7464.0,3531.0,3933.0,6485.0,16.0,6469.0,979.0,,,3614.0,3850.0,7222.0,51.0,32.0,13.0,,,,826.0,1551.0,926.0,5913.0,7027.0,5805.0,0.13116291532690247,0.20779742765273312,826.0,0.5269292604501608
54085,WV,Ritchie County,2793.0,1307.0,1486.0,2352.0,,,441.0,,,1397.0,1396.0,2713.0,,,,,,,377.0,597.0,273.0,2196.0,2581.0,2213.0,0.15789473684210525,0.21374865735767992,377.0,0.5320443967060509
54087,WV,Roane County,3914.0,1630.0,2284.0,3164.0,12.0,3152.0,750.0,,,1920.0,1994.0,3788.0,,15.0,,,,,615.0,967.0,504.0,2947.0,3716.0,3121.0,0.19161982626469085,0.24706182933060808,615.0,0.5835462442514052
54089,WV,Summers County,3577.0,1695.0,1882.0,2963.0,11.0,2952.0,614.0,,,1737.0,1840.0,3425.0,70.0,14.0,,,,,543.0,804.0,428.0,2773.0,3378.0,2750.0,0.17165222253284876,0.224769359798714,543.0,0.5261392228124127
54091,WV,Taylor County,4003.0,1837.0,2166.0,3472.0,24.0,3448.0,531.0,,,1921.0,2082.0,3894.0,24.0,16.0,,0.0,,,440.0,762.0,427.0,3241.0,3726.0,3100.0,0.13265051211591306,0.19035723207594304,440.0,0.5410941793654759
54093,WV,Tucker County,2099.0,994.0,1105.0,1846.0,,,253.0,,,1040.0,1059.0,2045.0,,,,0.0,,,229.0,339.0,169.0,1760.0,1973.0,1559.0,0.12053358742258218,0.1615054787994283,229.0,0.5264411624583135
54095,WV,Tyler County,2208.0,984.0,1224.0,1901.0,,,307.0,,,1080.0,1128.0,2152.0,,,,,,,263.0,355.0,181.0,1853.0,2119.0,1846.0,0.13903985507246377,0.16077898550724637,263.0,0.5543478260869565
54097,WV,Upshur County,6251.0,2514.0,3737.0,5455.0,22.0,5433.0,796.0,14.0,782.0,3039.0,3212.0,6086.0,15.0,24.0,,,,,656.0,1284.0,717.0,4967.0,5894.0,4974.0,0.12733962565989443,0.20540713485842266,656.0,0.5978243481043033
54099,WV,Wayne County,10466.0,4205.0,6261.0,8522.0,39.0,8483.0,1944.0,17.0,1927.0,4986.0,5480.0,10162.0,51.0,23.0,15.0,,33.0,309.0,1602.0,2436.0,1344.0,8030.0,9807.0,8472.0,0.18574431492451748,0.23275367857825338,1944.0,0.5982228167399197
54101,WV,Webster County,2490.0,795.0,1695.0,2069.0,,,421.0,,,1239.0,1251.0,2440.0,,,,0.0,,,365.0,765.0,452.0,1725.0,2409.0,2095.0,0.16907630522088354,0.3072289156626506,365.0,0.6807228915662651
54103,WV,Wetzel County,4102.0,1660.0,2442.0,3572.0,14.0,3558.0,530.0,,,1970.0,2132.0,3991.0,,16.0,,,,,430.0,730.0,396.0,3372.0,3922.0,3285.0,0.12920526572403707,0.1779619697708435,430.0,0.5953193564115066
54105,WV,Wirt County,1700.0,714.0,986.0,1363.0,,,337.0,,,855.0,845.0,1661.0,,,,0.0,,,273.0,414.0,195.0,1286.0,1619.0,1406.0,0.19823529411764707,0.24352941176470588,273.0,0.58
54107,WV,Wood County,22816.0,11402.0,11414.0,18896.0,55.0,18841.0,3920.0,45.0,3875.0,10519.0,12297.0,21956.0,215.0,97.0,83.0,11.0,44.0,771.0,3105.0,4566.0,2601.0,18250.0,21572.0,18691.0,0.1718092566619916,0.2001227208976157,3920.0,0.5002629733520336
54109,WV,Wyoming County,5600.0,1916.0,3684.0,4372.0,31.0,4341.0,1228.0,,,2896.0,2704.0,5460.0,37.0,19.0,,0.0,,,1071.0,1224.0,735.0,4376.0,5437.0,3964.0,0.21928571428571428,0.21857142857142858,1071.0,0.6578571428571428
54999,WV,Unknown,,,,,,,,,,,,,,,,,,,,,,,,,,,0.0,
55001,WI,Adams County,7338.0,3720.0,3618.0,6312.0,20.0,6292.0,1026.0,,,3792.0,3546.0,6938.0,32.0,104.0,21.0,17.0,23.0,235.0,768.0,1271.0,1150.0,6067.0,6975.0,5537.0,0.13982011447260834,0.17320795857181792,1026.0,0.49304987735077677
55003,WI,Ashland County,4475.0,2416.0,2059.0,3940.0,13.0,3927.0,535.0,12.0,523.0,2159.0,2316.0,3984.0,11.0,40.0,16.0,253.0,13.0,113.0,409.0,866.0,753.0,3609.0,4196.0,3250.0,0.11955307262569832,0.1935195530726257,535.0,0.4601117318435754
55005,WI,Barron County,13565.0,6195.0,7370.0,12153.0,34.0,12119.0,1412.0,27.0,1385.0,6517.0,7048.0,12856.0,48.0,109.0,43.0,56.0,32.0,293.0,1087.0,2134.0,1959.0,11431.0,12947.0,9381.0,0.10409141172134169,0.15731662366384078,1412.0,0.5433099889421305
55007,WI,Bayfield County,5873.0,3279.0,2594.0,5472.0,13.0,5459.0,401.0,,,2964.0,2909.0,5409.0,,24.0,,201.0,,,313.0,590.0,517.0,5283.0,5564.0,4079.0,0.06827856291503491,0.10045973097224586,313.0,0.441682274816959
55009,WI,Brown County,56645.0,16412.0,40233.0,51031.0,176.0,50855.0,5614.0,157.0,5457.0,25966.0,30679.0,50465.0,761.0,1541.0,733.0,1002.0,99.0,1352.0,4163.0,6993.0,6128.0,49652.0,53841.0,47899.0,0.09910848265513285,0.12345308500308942,5614.0,0.7102656898225792
55011,WI,Buffalo County,3718.0,2210.0,1508.0,3411.0,,,307.0,,,1868.0,1850.0,3557.0,,12.0,11.0,,,,241.0,426.0,366.0,3292.0,3522.0,2657.0,0.08257127487896719,0.11457772996234535,241.0,0.40559440559440557
55013,WI,Burnett County,6192.0,3082.0,3110.0,5707.0,18.0,5689.0,485.0,,,3131.0,3061.0,5854.0,17.0,35.0,12.0,94.0,,,387.0,683.0,575.0,5509.0,5918.0,4484.0,0.07832687338501292,0.11030361757105943,387.0,0.5022609819121447
55015,WI,Calumet County,9193.0,2536.0,6657.0,8517.0,18.0,8499.0,676.0,14.0,662.0,4390.0,4803.0,8578.0,28.0,95.0,84.0,24.0,15.0,158.0,503.0,676.0,616.0,8517.0,8781.0,7955.0,0.07353421081257479,0.07353421081257479,676.0,0.7241379310344828
55017,WI,Chippewa County,16416.0,8002.0,8414.0,14727.0,52.0,14675.0,1689.0,26.0,1663.0,7809.0,8607.0,15602.0,42.0,60.0,90.0,32.0,43.0,386.0,1260.0,2240.0,2032.0,14176.0,15634.0,11545.0,0.10288742690058479,0.1364522417153996,1689.0,0.5125487329434698
55019,WI,Clark County,7715.0,2905.0,4810.0,6782.0,31.0,6751.0,933.0,,,3862.0,3853.0,7331.0,19.0,90.0,27.0,11.0,13.0,263.0,657.0,1402.0,1217.0,6313.0,7345.0,5146.0,0.12093324692158133,0.18172391445236552,933.0,0.6234607906675308
55021,WI,Columbia County,15144.0,8678.0,6466.0,13750.0,34.0,13716.0,1394.0,33.0,1361.0,7241.0,7903.0,14213.0,91.0,176.0,71.0,36.0,28.0,316.0,1050.0,1817.0,1644.0,13327.0,14039.0,11274.0,0.09204965662968832,0.11998151082937136,1394.0,0.4269677760169044
55023,WI,Crawford County,4704.0,2562.0,2142.0,4245.0,12.0,4233.0,459.0,,,2294.0,2410.0,4544.0,,18.0,11.0,,,,344.0,713.0,606.0,3991.0,4440.0,3562.0,0.0975765306122449,0.1515731292517007,344.0,0.45535714285714285
55025,WI,Dane County,104671.0,63838.0,40833.0,95864.0,285.0,95579.0,8807.0,195.0,8612.0,47459.0,57212.0,91340.0,4084.0,1935.0,2143.0,118.0,160.0,2678.0,5969.0,11275.0,10435.0,93396.0,95960.0,81692.0,0.08413982860582205,0.10771847025441622,8807.0,0.39010805285131506
55027,WI,Dodge County,21326.0,9791.0,11535.0,19381.0,43.0,19338.0,1945.0,45.0,1900.0,10074.0,11252.0,19915.0,82.0,346.0,75.0,19.0,24.0,387.0,1534.0,2127.0,1894.0,19199.0,20147.0,17229.0,0.09120322610897497,0.09973740973459627,1945.0,0.5408890556128669
55029,WI,Door County,11304.0,5973.0,5331.0,10806.0,30.0,10776.0,498.0,,,5388.0,5916.0,10657.0,31.0,91.0,49.0,14.0,,,380.0,685.0,576.0,10619.0,10846.0,9125.0,0.0440552016985138,0.060598018400566174,380.0,0.4716029723991507
55031,WI,Douglas County,11507.0,4161.0,7346.0,10171.0,25.0,10146.0,1336.0,22.0,1314.0,5598.0,5909.0,10937.0,62.0,53.0,39.0,133.0,12.0,309.0,1015.0,1902.0,1710.0,9605.0,10897.0,9053.0,0.11610324150517076,0.16529069262188234,1336.0,0.638394021030677
55033,WI,Dunn County,10376.0,5402.0,4974.0,8925.0,30.0,8895.0,1451.0,21.0,1430.0,4995.0,5381.0,9676.0,44.0,70.0,138.0,26.0,25.0,395.0,1031.0,1886.0,1740.0,8490.0,9848.0,7644.0,0.13984194294525829,0.1817656129529684,1451.0,0.47937548188126444
55035,WI,Eau Claire County,22720.0,11362.0,11358.0,20239.0,81.0,20158.0,2481.0,51.0,2430.0,10324.0,12396.0,21253.0,122.0,156.0,396.0,49.0,42.0,720.0,1719.0,3377.0,3142.0,19343.0,21623.0,16739.0,0.10919894366197183,0.1486355633802817,2481.0,0.4999119718309859
55037,WI,Florence County,1716.0,831.0,885.0,1565.0,,,151.0,0.0,151.0,888.0,828.0,1642.0,,,,,,,132.0,242.0,218.0,1474.0,1621.0,1328.0,0.087995337995338,0.14102564102564102,132.0,0.5157342657342657
55039,WI,Fond Du Lac County,24451.0,7833.0,16618.0,22111.0,66.0,22045.0,2340.0,60.0,2280.0,11327.0,13124.0,22793.0,177.0,427.0,122.0,27.0,37.0,525.0,1778.0,2708.0,2415.0,21743.0,23175.0,20804.0,0.09570160729622511,0.11075211647785367,2340.0,0.6796450042943029
55041,WI,Forest County,2916.0,1396.0,1520.0,2618.0,,,298.0,14.0,284.0,1455.0,1461.0,2677.0,,18.0,,128.0,,,242.0,434.0,377.0,2482.0,2707.0,2092.0,0.10219478737997256,0.14883401920438957,242.0,0.5212620027434842
55043,WI,Grant County,12282.0,6087.0,6195.0,11194.0,27.0,11167.0,1088.0,19.0,1069.0,5726.0,6556.0,11795.0,43.0,41.0,39.0,,30.0,247.0,811.0,1680.0,1505.0,10602.0,11611.0,9372.0,0.08858492102263475,0.13678553981436248,1088.0,0.5043966780654616
55045,WI,Green County,9552.0,6188.0,3364.0,8772.0,31.0,8741.0,780.0,20.0,760.0,4509.0,5043.0,9103.0,19.0,59.0,14.0,,11.0,165.0,604.0,992.0,876.0,8560.0,8847.0,6905.0,0.08165829145728644,0.10385259631490787,780.0,0.35217755443886095
55047,WI,Green Lake County,5786.0,2018.0,3768.0,5264.0,14.0,5250.0,522.0,13.0,509.0,2784.0,3002.0,5407.0,20.0,100.0,23.0,,,,406.0,645.0,577.0,5141.0,5479.0,4874.0,0.09021776702385068,0.1114759764949879,406.0,0.6512270998963015
55049,WI,Iowa County,6202.0,3921.0,2281.0,5696.0,18.0,5678.0,506.0,,,2981.0,3221.0,5915.0,17.0,31.0,20.0,,15.0,113.0,378.0,678.0,609.0,5524.0,5735.0,4423.0,0.08158658497258948,0.10931957433086101,506.0,0.36778458561754274
55051,WI,Iron County,2279.0,995.0,1284.0,2087.0,,,192.0,,,1168.0,1111.0,2188.0,,16.0,,14.0,0.0,33.0,159.0,352.0,309.0,1927.0,2160.0,1702.0,0.08424747696358052,0.15445370776656428,192.0,0.5634050021939447
55053,WI,Jackson County,5089.0,2382.0,2707.0,4523.0,20.0,4503.0,566.0,,,2508.0,2581.0,4698.0,15.0,61.0,13.0,136.0,12.0,132.0,422.0,757.0,664.0,4332.0,4819.0,3658.0,0.11122027903320889,0.1487522106504225,566.0,0.5319316172135979
55055,WI,Jefferson County,19241.0,10432.0,8809.0,17252.0,59.0,17193.0,1989.0,35.0,1954.0,9036.0,10205.0,17688.0,90.0,432.0,64.0,19.0,38.0,469.0,1482.0,2365.0,2172.0,16876.0,17981.0,15123.0,0.10337300556104152,0.12291460942778441,1989.0,0.45782443739930356
55057,WI,Juneau County,7448.0,4185.0,3263.0,6498.0,18.0,6480.0,950.0,17.0,933.0,3682.0,3766.0,7126.0,20.0,71.0,17.0,21.0,12.0,172.0,766.0,1250.0,1091.0,6198.0,6972.0,5264.0,0.12755102040816327,0.16783029001074115,950.0,0.4381041890440387
55059,WI,Kenosha County,33728.0,15713.0,18015.0,29539.0,114.0,29425.0,4189.0,109.0,4080.0,15367.0,18361.0,28852.0,1765.0,1711.0,359.0,31.0,74.0,967.0,3148.0,4899.0,4454.0,28829.0,31409.0,27290.0,0.12419947817836813,0.14525023719165087,4189.0,0.5341259487666035
55061,WI,Kewaunee County,5386.0,1645.0,3741.0,4942.0,16.0,4926.0,444.0,,,2591.0,2795.0,5138.0,13.0,29.0,17.0,22.0,,,347.0,496.0,429.0,4890.0,5175.0,4560.0,0.08243594504270331,0.09209060527292982,347.0,0.694578536947642
55063,WI,La Crosse County,26704.0,12360.0,14344.0,24157.0,81.0,24076.0,2547.0,60.0,2487.0,12244.0,14460.0,25019.0,257.0,190.0,462.0,50.0,50.0,629.0,1868.0,3575.0,3314.0,23129.0,25370.0,20990.0,0.09537896944278011,0.1338750748951468,2547.0,0.5371479928100659
55065,WI,Lafayette County,3991.0,2278.0,1713.0,3657.0,12.0,3645.0,334.0,,,1996.0,1995.0,3831.0,,25.0,,0.0,,,235.0,446.0,395.0,3545.0,3712.0,2849.0,0.08368829867201202,0.11175144074166876,235.0,0.42921573540466046
55067,WI,Langlade County,6244.0,2179.0,4065.0,5554.0,13.0,5541.0,690.0,,,3011.0,3233.0,5946.0,12.0,37.0,18.0,34.0,11.0,137.0,542.0,984.0,810.0,5260.0,6010.0,4394.0,0.11050608584240872,0.15759128763613067,690.0,0.6510249839846253
55069,WI,Lincoln County,8684.0,3264.0,5420.0,7826.0,19.0,7807.0,858.0,13.0,845.0,4205.0,4479.0,8222.0,21.0,35.0,43.0,15.0,11.0,157.0,690.0,1085.0,963.0,7599.0,8304.0,6191.0,0.09880239520958084,0.12494242284661446,858.0,0.6241363426992169
55071,WI,Manitowoc County,22314.0,8006.0,14308.0,19968.0,60.0,19908.0,2346.0,44.0,2302.0,10636.0,11678.0,20555.0,133.0,270.0,282.0,70.0,52.0,549.0,1745.0,2731.0,2464.0,19583.0,21434.0,19114.0,0.10513578919064265,0.12238953123599534,2346.0,0.641211795285471
55073,WI,Marathon County,31725.0,10901.0,20824.0,28834.0,89.0,28745.0,2891.0,78.0,2813.0,14944.0,16781.0,29516.0,114.0,199.0,797.0,68.0,58.0,671.0,2162.0,3615.0,3202.0,28110.0,30222.0,22615.0,0.09112687155240347,0.11394799054373522,2891.0,0.6563908589440505
55075,WI,Marinette County,14018.0,4762.0,9256.0,12476.0,25.0,12451.0,1542.0,22.0,1520.0,6937.0,7081.0,13359.0,39.0,122.0,55.0,41.0,,,1266.0,1901.0,1586.0,12117.0,13452.0,11563.0,0.11000142673705236,0.13561135682693679,1266.0,0.6602939078327864
55077,WI,Marquette County,5426.0,2475.0,2951.0,4889.0,,,537.0,,,2701.0,2725.0,5154.0,16.0,44.0,16.0,13.0,,,448.0,648.0,567.0,4778.0,5065.0,4225.0,0.09896793217840029,0.11942499078510874,448.0,0.5438628824179874
55078,WI,Menominee County,951.0,361.0,590.0,808.0,,,143.0,,,436.0,515.0,310.0,,22.0,0.0,488.0,0.0,36.0,107.0,297.0,258.0,654.0,873.0,720.0,0.15036803364879076,0.31230283911671924,143.0,0.6203995793901157
55079,WI,Milwaukee County,165187.0,54349.0,110838.0,141876.0,1052.0,140824.0,23311.0,1012.0,22299.0,73468.0,91719.0,102664.0,40205.0,12078.0,3259.0,382.0,360.0,5584.0,17367.0,40098.0,36546.0,125089.0,153772.0,141651.0,0.14111885317851888,0.24274307300211276,23311.0,0.6709850048732648
55081,WI,Monroe County,10535.0,6144.0,4391.0,9283.0,33.0,9250.0,1252.0,19.0,1233.0,5109.0,5426.0,9942.0,96.0,94.0,48.0,62.0,24.0,324.0,904.0,1630.0,1490.0,8905.0,9723.0,7103.0,0.11884195538680589,0.15472235405790222,1252.0,0.41680113906027527
55083,WI,Oconto County,10844.0,2808.0,8036.0,9874.0,32.0,9842.0,970.0,,,5455.0,5389.0,10255.0,24.0,67.0,33.0,102.0,12.0,168.0,790.0,1112.0,933.0,9732.0,10361.0,8935.0,0.08945038731095536,0.10254518627812616,970.0,0.7410549612689045
55085,WI,Oneida County,13618.0,6544.0,7074.0,12494.0,23.0,12471.0,1124.0,22.0,1102.0,6741.0,6877.0,12867.0,16.0,70.0,33.0,73.0,16.0,217.0,891.0,1394.0,1194.0,12224.0,13063.0,9948.0,0.08253781759436041,0.10236451755030107,1124.0,0.5194595388456454
55087,WI,Outagamie County,42193.0,11375.0,30818.0,38168.0,101.0,38067.0,4025.0,98.0,3927.0,19297.0,22896.0,38546.0,295.0,634.0,658.0,358.0,79.0,997.0,2949.0,4340.0,3938.0,37853.0,40238.0,36506.0,0.0953949707297419,0.10286066409119997,4025.0,0.7304055175029033
55089,WI,Ozaukee County,24397.0,10801.0,13596.0,23053.0,52.0,23001.0,1344.0,22.0,1322.0,11099.0,13298.0,21902.0,391.0,259.0,275.0,17.0,31.0,346.0,967.0,1613.0,1471.0,22784.0,22991.0,20664.0,0.055088740418903964,0.06611468623191376,1344.0,0.5572816329876624
55091,WI,Pepin County,2311.0,1342.0,969.0,2033.0,,,278.0,,,1162.0,1149.0,2216.0,,,,,,,194.0,392.0,370.0,1919.0,2223.0,1645.0,0.12029424491562095,0.1696235395932497,194.0,0.4192990047598442
55093,WI,Pierce County,9515.0,4547.0,4968.0,8741.0,21.0,8720.0,774.0,15.0,759.0,4563.0,4952.0,9088.0,29.0,64.0,31.0,,12.0,185.0,577.0,903.0,820.0,8612.0,8952.0,7177.0,0.08134524435102469,0.09490278507619548,774.0,0.5221229637414608
55095,WI,Polk County,12928.0,6044.0,6884.0,11772.0,20.0,11752.0,1156.0,24.0,1132.0,6325.0,6603.0,12442.0,14.0,83.0,40.0,29.0,19.0,244.0,893.0,1410.0,1225.0,11518.0,12238.0,9101.0,0.08941831683168316,0.10906559405940594,1156.0,0.5324876237623762
55097,WI,Portage County,16238.0,7145.0,9093.0,14903.0,27.0,14876.0,1335.0,23.0,1312.0,7593.0,8645.0,15169.0,66.0,201.0,161.0,22.0,22.0,326.0,987.0,1588.0,1393.0,14650.0,15551.0,12871.0,0.08221455844315803,0.09779529498706738,1335.0,0.5599827564971056
55099,WI,Price County,5044.0,2329.0,2715.0,4555.0,16.0,4539.0,489.0,,,2601.0,2443.0,4855.0,,24.0,11.0,15.0,,,396.0,713.0,632.0,4331.0,4819.0,3536.0,0.09694686756542427,0.14135606661379857,396.0,0.5382632831086439
55101,WI,Racine County,46453.0,17670.0,28783.0,40658.0,165.0,40493.0,5795.0,166.0,5629.0,21199.0,25254.0,37657.0,4059.0,2641.0,423.0,43.0,96.0,1340.0,4359.0,6882.0,6261.0,39571.0,43659.0,38916.0,0.12474974705616429,0.1481497427507373,5795.0,0.6196155253697285
55103,WI,Richland County,4695.0,3122.0,1573.0,4208.0,11.0,4197.0,487.0,,,2262.0,2433.0,4526.0,,24.0,13.0,,13.0,105.0,369.0,738.0,669.0,3957.0,4425.0,3105.0,0.10372736954206603,0.15718849840255592,487.0,0.33503727369542063
55105,WI,Rock County,37518.0,18784.0,18734.0,33038.0,152.0,32886.0,4480.0,118.0,4362.0,17311.0,20207.0,33818.0,1434.0,909.0,300.0,40.0,82.0,986.0,3412.0,5431.0,4857.0,32087.0,35205.0,30114.0,0.11940935017858095,0.1447571832187217,4480.0,0.49933365317980705
55107,WI,Rusk County,4517.0,1866.0,2651.0,3997.0,,,520.0,,,2256.0,2261.0,4320.0,13.0,32.0,12.0,,,,402.0,822.0,730.0,3695.0,4307.0,3083.0,0.11512065530219172,0.18197918972769536,402.0,0.5868939561655966
55111,WI,Sauk County,16095.0,9801.0,6294.0,14711.0,34.0,14677.0,1384.0,40.0,1344.0,7491.0,8604.0,15086.0,56.0,190.0,46.0,70.0,44.0,306.0,1034.0,1927.0,1693.0,14168.0,14977.0,11529.0,0.08598943771357564,0.11972662317489903,1384.0,0.39105312208760484
55113,WI,Sawyer County,6400.0,3202.0,3198.0,5917.0,16.0,5901.0,483.0,13.0,470.0,3203.0,3197.0,5709.0,,44.0,12.0,361.0,15.0,87.0,381.0,793.0,686.0,5607.0,6073.0,4515.0,0.07546875,0.12390625,483.0,0.4996875
55115,WI,Shawano County,10607.0,3038.0,7569.0,9605.0,39.0,9566.0,1002.0,21.0,981.0,5114.0,5493.0,9709.0,23.0,69.0,31.0,419.0,17.0,194.0,791.0,1284.0,1069.0,9323.0,10167.0,8648.0,0.09446591873291223,0.12105213538229471,1002.0,0.7135853681531065
55117,WI,Sheboygan County,29134.0,11505.0,17629.0,26190.0,84.0,26106.0,2944.0,67.0,2877.0,13513.0,15621.0,25617.0,206.0,639.0,531.0,42.0,40.0,724.0,2180.0,3510.0,3206.0,25624.0,27838.0,24133.0,0.10105031921466329,0.12047779227019977,2944.0,0.6051005697810119
55109,WI,St. Croix County,19280.0,9363.0,9917.0,17895.0,41.0,17854.0,1385.0,34.0,1351.0,9105.0,10175.0,18263.0,75.0,165.0,101.0,16.0,20.0,313.0,1052.0,1404.0,1289.0,17876.0,18077.0,14649.0,0.07183609958506224,0.07282157676348548,1385.0,0.5143672199170124
55119,WI,Taylor County,5003.0,1793.0,3210.0,4539.0,11.0,4528.0,464.0,,,2492.0,2511.0,4767.0,,27.0,13.0,,,,358.0,642.0,562.0,4361.0,4824.0,3003.0,0.09274435338796722,0.12832300619628223,358.0,0.6416150309814111
55121,WI,Trempealeau County,7253.0,3552.0,3701.0,6584.0,22.0,6562.0,669.0,21.0,648.0,3543.0,3710.0,6991.0,,70.0,23.0,,11.0,150.0,508.0,913.0,783.0,6340.0,6800.0,5155.0,0.09223769474700125,0.1258789466427685,669.0,0.5102716117468634
55123,WI,Vernon County,7885.0,3355.0,4530.0,7188.0,15.0,7173.0,697.0,11.0,686.0,3896.0,3989.0,7556.0,22.0,35.0,28.0,12.0,15.0,175.0,507.0,1044.0,942.0,6841.0,7424.0,5969.0,0.08839568801521877,0.13240329740012682,697.0,0.5745085605580216
55125,WI,Vilas County,9440.0,5094.0,4346.0,8812.0,19.0,8793.0,628.0,13.0,615.0,4723.0,4717.0,8665.0,12.0,44.0,31.0,282.0,,,476.0,887.0,721.0,8553.0,9085.0,7128.0,0.06652542372881357,0.09396186440677966,476.0,0.46038135593220336
55127,WI,Walworth County,25426.0,13526.0,11900.0,23349.0,76.0,23273.0,2077.0,40.0,2037.0,11907.0,13519.0,23336.0,132.0,873.0,132.0,13.0,46.0,468.0,1563.0,2291.0,2006.0,23135.0,23838.0,20328.0,0.08168803586879572,0.09010461732085268,2077.0,0.4680248564461575
55129,WI,Washburn County,6449.0,3064.0,3385.0,5805.0,11.0,5794.0,644.0,,,3201.0,3248.0,6133.0,11.0,41.0,17.0,47.0,,,502.0,889.0,803.0,5560.0,6176.0,4673.0,0.09986044347960925,0.13785082958598233,502.0,0.5248875794696852
55131,WI,Washington County,34219.0,12560.0,21659.0,32011.0,85.0,31926.0,2208.0,72.0,2136.0,15765.0,18454.0,31510.0,301.0,386.0,220.0,18.0,32.0,489.0,1687.0,2156.0,1920.0,32063.0,32385.0,28793.0,0.06452555597767322,0.06300593237674976,2208.0,0.6329524533154096
55133,WI,Waukesha County,104518.0,42000.0,62518.0,97621.0,270.0,97351.0,6897.0,149.0,6748.0,47740.0,56778.0,93828.0,1790.0,2092.0,1389.0,90.0,146.0,1873.0,4878.0,8186.0,7542.0,96332.0,98230.0,88094.0,0.06598863353680706,0.07832143745574925,6897.0,0.5981553416636369
55135,WI,Waupaca County,15537.0,4511.0,11026.0,13876.0,42.0,13834.0,1661.0,30.0,1631.0,7466.0,8071.0,14762.0,44.0,172.0,41.0,49.0,24.0,320.0,1317.0,1996.0,1795.0,13541.0,14846.0,13285.0,0.10690609512775955,0.1284675291240265,1661.0,0.7096608096801185
55137,WI,Waushara County,7486.0,2350.0,5136.0,6682.0,22.0,6660.0,804.0,,,3766.0,3720.0,7069.0,11.0,158.0,19.0,11.0,,,650.0,948.0,840.0,6538.0,7129.0,6211.0,0.10740048089767566,0.12663638792412504,650.0,0.686080683943361
55139,WI,Winnebago County,37758.0,10888.0,26870.0,33703.0,130.0,33573.0,4055.0,112.0,3943.0,17310.0,20448.0,34665.0,361.0,574.0,453.0,94.0,56.0,988.0,3011.0,4625.0,4227.0,33133.0,36065.0,32731.0,0.1073944594523015,0.12249059801896287,4055.0,0.7116372689231422
55141,WI,Wood County,20894.0,7089.0,13805.0,18628.0,62.0,18566.0,2266.0,37.0,2229.0,9773.0,11121.0,19813.0,78.0,201.0,160.0,70.0,37.0,539.0,1690.0,2990.0,2714.0,17904.0,20003.0,15231.0,0.10845218723078395,0.14310328323920743,2266.0,0.6607159950224945
55999,WI,Unknown,,,,,,,,,,,,,,,,,,,,,,,,,,,0.0,
56001,WY,Albany County,6194.0,4945.0,1249.0,5696.0,16.0,5680.0,498.0,,,3048.0,3146.0,5462.0,36.0,414.0,49.0,11.0,,,344.0,543.0,329.0,5651.0,5685.0,4547.0,0.08040038747174685,0.08766548272521796,344.0,0.20164675492412013
56003,WY,Big Horn County,3104.0,2663.0,441.0,2859.0,,,245.0,,,1549.0,1555.0,2856.0,,114.0,,33.0,,,198.0,285.0,160.0,2819.0,2896.0,2209.0,0.07893041237113402,0.09181701030927836,198.0,0.14207474226804123
56005,WY,Campbell County,7985.0,6661.0,1324.0,7140.0,18.0,7122.0,845.0,17.0,828.0,3925.0,4060.0,7425.0,15.0,234.0,32.0,52.0,12.0,186.0,647.0,705.0,384.0,7280.0,7372.0,6034.0,0.1058234189104571,0.08829054477144646,845.0,0.16581089542892924
56007,WY,Carbon County,3248.0,2473.0,775.0,2969.0,,,279.0,,,1658.0,1590.0,2773.0,23.0,315.0,12.0,,,,217.0,274.0,119.0,2974.0,2988.0,2275.0,0.08589901477832512,0.08435960591133004,217.0,0.23860837438423646
56009,WY,Converse County,3156.0,2685.0,471.0,2874.0,,,282.0,,,1546.0,1610.0,2922.0,,94.0,,12.0,,,214.0,268.0,138.0,2888.0,2935.0,2314.0,0.08935361216730038,0.08491761723700887,214.0,0.14923954372623574
56011,WY,Crook County,2125.0,1716.0,409.0,2003.0,,,122.0,,,1053.0,1072.0,2042.0,0.0,12.0,,,,,94.0,99.0,57.0,2026.0,1963.0,1516.0,0.05741176470588235,0.046588235294117646,94.0,0.19247058823529412
56013,WY,Fremont County,9623.0,7973.0,1650.0,8758.0,28.0,8730.0,865.0,31.0,834.0,4668.0,4955.0,8042.0,17.0,299.0,26.0,868.0,14.0,207.0,644.0,1107.0,695.0,8516.0,8897.0,6882.0,0.0898888080640133,0.11503689078250026,865.0,0.17146420035332016
56015,WY,Goshen County,3496.0,2566.0,930.0,3244.0,,,252.0,,,1705.0,1791.0,3138.0,,197.0,13.0,,,,185.0,301.0,151.0,3195.0,3242.0,2556.0,0.07208237986270023,0.08609839816933638,185.0,0.2660183066361556
56017,WY,Hot Springs County,1585.0,1300.0,285.0,1448.0,,,137.0,,,762.0,823.0,1492.0,,33.0,,13.0,,,120.0,196.0,119.0,1389.0,1488.0,1228.0,0.08643533123028391,0.12365930599369085,120.0,0.17981072555205047
56019,WY,Johnson County,2756.0,2203.0,553.0,2601.0,,,155.0,,,1368.0,1388.0,2621.0,,39.0,,,0.0,21.0,134.0,177.0,79.0,2579.0,2568.0,2015.0,0.05624092888243832,0.06422351233671988,155.0,0.20065312046444123
56021,WY,Laramie County,22119.0,16794.0,5325.0,19905.0,50.0,19855.0,2214.0,49.0,2165.0,10462.0,11657.0,18860.0,388.0,1854.0,180.0,53.0,31.0,558.0,1625.0,2291.0,1360.0,19828.0,20205.0,14718.0,0.10009494100094941,0.10357611103576111,2214.0,0.24074325240743252
56023,WY,Lincoln County,4803.0,3666.0,1137.0,4567.0,,,236.0,,,2429.0,2374.0,4533.0,,74.0,23.0,,,,170.0,222.0,138.0,4581.0,4493.0,3427.0,0.049135956693733086,0.0462211118051218,170.0,0.23672704559650218
56025,WY,Natrona County,17151.0,13750.0,3401.0,15266.0,49.0,15217.0,1885.0,45.0,1840.0,8227.0,8924.0,15724.0,131.0,652.0,73.0,76.0,22.0,451.0,1412.0,2118.0,1279.0,15033.0,15881.0,13103.0,0.10990612792257011,0.12349134161273395,1885.0,0.1982974753658679
56027,WY,Niobrara County,674.0,506.0,168.0,625.0,,,49.0,,,321.0,353.0,643.0,0.0,12.0,,,0.0,,,54.0,26.0,620.0,636.0,478.0,0.07270029673590504,0.08011869436201781,0.0,0.24925816023738873
56029,WY,Park County,9201.0,7772.0,1429.0,8656.0,15.0,8641.0,545.0,,,4507.0,4694.0,8595.0,13.0,215.0,38.0,28.0,,,402.0,596.0,338.0,8605.0,8581.0,6734.0,0.059232692098684925,0.06477556787305727,402.0,0.155309205521139
56031,WY,Platte County,2690.0,1989.0,701.0,2509.0,,,181.0,,,1346.0,1344.0,2480.0,,103.0,,,,,143.0,212.0,91.0,2478.0,2517.0,1978.0,0.06728624535315986,0.07881040892193308,143.0,0.2605947955390335
56033,WY,Sheridan County,8875.0,8021.0,854.0,8301.0,,,574.0,,,4319.0,4556.0,8308.0,27.0,155.0,38.0,37.0,11.0,121.0,442.0,686.0,341.0,8189.0,8186.0,6313.0,0.06467605633802817,0.07729577464788732,574.0,0.09622535211267606
56035,WY,Sublette County,2126.0,1851.0,275.0,2012.0,,,114.0,,,1113.0,1013.0,2020.0,,26.0,0.0,,,,93.0,98.0,46.0,2028.0,1988.0,1494.0,0.053621825023518345,0.04609595484477893,93.0,0.12935089369708372
56037,WY,Sweetwater County,7705.0,6306.0,1399.0,6814.0,23.0,6791.0,891.0,17.0,874.0,3828.0,3877.0,6650.0,59.0,692.0,49.0,23.0,15.0,197.0,679.0,722.0,333.0,6983.0,7153.0,5754.0,0.11563919532770928,0.0937053861129137,891.0,0.18157040882543804
56039,WY,Teton County,4445.0,4028.0,417.0,4358.0,,,87.0,,,2236.0,2209.0,4058.0,,72.0,40.0,,,,52.0,111.0,66.0,4334.0,4115.0,3402.0,0.01957255343082115,0.024971878515185602,52.0,0.09381327334083239
56041,WY,Uinta County,4421.0,2801.0,1620.0,3924.0,11.0,3913.0,497.0,12.0,485.0,2226.0,2195.0,4088.0,,170.0,14.0,15.0,11.0,107.0,379.0,476.0,305.0,3945.0,4086.0,3419.0,0.11241800497624972,0.10766794842795747,497.0,0.3664329337254015
56043,WY,Washakie County,2181.0,1735.0,446.0,2023.0,,,158.0,,,1067.0,1114.0,1950.0,0.0,164.0,,,,,130.0,215.0,119.0,1966.0,2025.0,1614.0,0.0724438331040807,0.09857863365428703,130.0,0.20449335167354424
56045,WY,Weston County,1957.0,1604.0,353.0,1813.0,,,144.0,,,1005.0,952.0,1877.0,0.0,17.0,,,,,110.0,181.0,95.0,1776.0,1815.0,1424.0,0.07358201328564129,0.09248850281042412,110.0,0.18037812979049567
56999,WY,Unknown,,,,,,,,,,,,,,,,,,,,,,,,,,,0.0,
72001,PR,Adjuntas Municipio,3975.0,701.0,3274.0,3358.0,20.0,3338.0,617.0,15.0,602.0,1982.0,1993.0,,,3963.0,0.0,0.0,,,546.0,15.0,,3960.0,3326.0,3276.0,0.1552201257861635,0.0037735849056603774,546.0,0.8236477987421383
72003,PR,Aguada Municipio,9726.0,902.0,8824.0,7922.0,50.0,7872.0,1804.0,42.0,1762.0,4765.0,4961.0,39.0,,9684.0,0.0,0.0,,,1604.0,81.0,47.0,9645.0,8994.0,8862.0,0.18548221262595105,0.008328192473781616,1604.0,0.9072588936870245
72005,PR,Aguadilla Municipio,13461.0,1732.0,11729.0,11407.0,88.0,11319.0,2054.0,42.0,2012.0,6404.0,7057.0,87.0,,13364.0,0.0,0.0,24.0,228.0,1802.0,113.0,64.0,13348.0,12196.0,11811.0,0.1525889607012852,0.00839462149914568,2054.0,0.8713319961369883
72007,PR,Aguas Buenas Municipio,5787.0,839.0,4948.0,4764.0,26.0,4738.0,1023.0,20.0,1003.0,2797.0,2990.0,,,5775.0,0.0,0.0,,,922.0,24.0,,5763.0,5040.0,4966.0,0.1767755313634007,0.00414722654224987,922.0,0.8550198721271817
72009,PR,Aibonito Municipio,6729.0,913.0,5816.0,5278.0,43.0,5235.0,1451.0,19.0,1432.0,3184.0,3545.0,19.0,,6706.0,0.0,,,,1309.0,36.0,23.0,6693.0,6013.0,5840.0,0.21563382374795662,0.005349977708426215,1309.0,0.8643186208946352
72013,PR,Arecibo Municipio,23401.0,2649.0,20752.0,18741.0,97.0,18644.0,4660.0,65.0,4595.0,10753.0,12648.0,77.0,,23317.0,,,29.0,407.0,4224.0,165.0,84.0,23236.0,21345.0,20804.0,0.19913678902610998,0.0070509807273193455,4660.0,0.8867997094141276
72015,PR,Arroyo Municipio,4327.0,527.0,3800.0,3521.0,31.0,3490.0,806.0,19.0,787.0,2018.0,2309.0,,0.0,4318.0,0.0,0.0,,,726.0,55.0,34.0,4272.0,3885.0,3817.0,0.18627224404899467,0.012710885139819737,726.0,0.8782066096602728
72011,PR,Añasco Municipio,6596.0,607.0,5989.0,5488.0,36.0,5452.0,1108.0,27.0,1081.0,3034.0,3562.0,22.0,,6568.0,0.0,0.0,,,996.0,39.0,21.0,6557.0,6088.0,5989.0,0.16798059429957551,0.005912674348089751,996.0,0.9079745300181928
72017,PR,Barceloneta Municipio,5560.0,656.0,4904.0,4246.0,24.0,4222.0,1314.0,23.0,1291.0,2582.0,2978.0,14.0,,5545.0,0.0,0.0,,,1180.0,44.0,28.0,5516.0,5026.0,4890.0,0.23633093525179857,0.007913669064748202,1180.0,0.8820143884892087
72019,PR,Barranquitas Municipio,5895.0,977.0,4918.0,4629.0,16.0,4613.0,1266.0,21.0,1245.0,2923.0,2972.0,13.0,0.0,5881.0,0.0,0.0,,,1122.0,32.0,16.0,5863.0,5018.0,4927.0,0.21475826972010179,0.00542832909245123,1122.0,0.8342663273960984
72021,PR,Bayamón Municipio,44018.0,5717.0,38301.0,38911.0,198.0,38713.0,5107.0,151.0,4956.0,18488.0,25530.0,163.0,,43833.0,,0.0,42.0,639.0,4426.0,211.0,98.0,43807.0,39998.0,38662.0,0.11602071879685583,0.0047934935708119405,5107.0,0.8701213140079058
72023,PR,Cabo Rojo Municipio,10882.0,1369.0,9513.0,9718.0,51.0,9667.0,1164.0,32.0,1132.0,4947.0,5935.0,72.0,,10801.0,0.0,0.0,,,1036.0,65.0,36.0,10817.0,9873.0,9606.0,0.10696563131777247,0.0059731666972982905,1036.0,0.8741959198676714
72025,PR,Caguas Municipio,30991.0,4197.0,26794.0,26685.0,128.0,26557.0,4306.0,85.0,4221.0,13353.0,17638.0,100.0,,30873.0,0.0,0.0,41.0,427.0,3838.0,185.0,96.0,30806.0,27928.0,27040.0,0.1389435642605918,0.0059694750088735435,4306.0,0.8645735858797715
72027,PR,Camuy Municipio,8063.0,980.0,7083.0,6291.0,34.0,6257.0,1772.0,20.0,1752.0,3844.0,4219.0,41.0,0.0,8022.0,0.0,0.0,12.0,140.0,1620.0,60.0,33.0,8003.0,7204.0,7063.0,0.21976931663152674,0.0074413989830088055,1772.0,0.8784571499441896
72029,PR,Canóvanas Municipio,9701.0,1211.0,8490.0,8357.0,44.0,8313.0,1344.0,38.0,1306.0,4412.0,5289.0,25.0,,9671.0,0.0,0.0,,,1213.0,79.0,45.0,9622.0,8724.0,8511.0,0.138542418307391,0.008143490361818368,1213.0,0.8751675085042779
72031,PR,Carolina Municipio,35168.0,4928.0,30240.0,31334.0,176.0,31158.0,3834.0,124.0,3710.0,14492.0,20676.0,179.0,,34965.0,,,35.0,417.0,3382.0,223.0,109.0,34945.0,31754.0,30715.0,0.10901956323930846,0.006340991810737034,3834.0,0.8598726114649682
72033,PR,Cataño Municipio,4526.0,613.0,3913.0,3907.0,23.0,3884.0,619.0,22.0,597.0,2028.0,2498.0,,0.0,4517.0,0.0,0.0,,,544.0,44.0,29.0,4482.0,4039.0,3929.0,0.13676535572249227,0.009721608484312859,544.0,0.8645603181617322
72035,PR,Cayey Municipio,12125.0,1612.0,10513.0,9785.0,70.0,9715.0,2340.0,45.0,2295.0,5698.0,6427.0,46.0,,12076.0,0.0,0.0,17.0,236.0,2087.0,65.0,37.0,12060.0,10854.0,10569.0,0.19298969072164948,0.0053608247422680414,2340.0,0.8670515463917525
72037,PR,Ceiba Municipio,2737.0,349.0,2388.0,2336.0,16.0,2320.0,401.0,,,1243.0,1494.0,14.0,,2721.0,0.0,0.0,,,368.0,26.0,11.0,2711.0,2492.0,2402.0,0.1465107782243332,0.009499451954694921,368.0,0.8724881256850566
72039,PR,Ciales Municipio,4877.0,616.0,4261.0,3749.0,16.0,3733.0,1128.0,,,2448.0,2429.0,11.0,0.0,4865.0,0.0,0.0,,,1005.0,22.0,,4855.0,4359.0,4271.0,0.23128972729136765,0.004510969858519582,1005.0,0.8736928439614517
72041,PR,Cidra Municipio,9265.0,1280.0,7985.0,7160.0,49.0,7111.0,2105.0,27.0,2078.0,4467.0,4798.0,28.0,,9235.0,0.0,0.0,15.0,182.0,1908.0,60.0,27.0,9205.0,8184.0,8014.0,0.2271991365353481,0.0064759848893685915,2105.0,0.86184565569347
72043,PR,Coamo Municipio,8203.0,1136.0,7067.0,6684.0,44.0,6640.0,1519.0,24.0,1495.0,3959.0,4244.0,22.0,0.0,8177.0,0.0,0.0,,,1341.0,86.0,54.0,8117.0,7254.0,7090.0,0.18517615506522003,0.010483969279531878,1341.0,0.8615140802145557
72045,PR,Comerío Municipio,3926.0,579.0,3347.0,3118.0,20.0,3098.0,808.0,13.0,795.0,1877.0,2049.0,,0.0,3922.0,0.0,0.0,,,725.0,25.0,,3901.0,3410.0,3357.0,0.20580743759551706,0.006367804381049415,725.0,0.8525216505348956
72047,PR,Corozal Municipio,7595.0,1090.0,6505.0,6149.0,56.0,6093.0,1446.0,26.0,1420.0,3631.0,3964.0,16.0,0.0,7578.0,0.0,0.0,,,1279.0,48.0,28.0,7547.0,6627.0,6517.0,0.19038841342988808,0.0063199473337722184,1279.0,0.8564845292955892
72049,PR,Culebra Municipio,361.0,83.0,278.0,330.0,0.0,330.0,31.0,0.0,31.0,187.0,174.0,11.0,0.0,348.0,,0.0,0.0,,,,,,309.0,288.0,0.08587257617728532,,0.0,0.7700831024930748
72051,PR,Dorado Municipio,7561.0,1048.0,6513.0,6500.0,52.0,6448.0,1061.0,33.0,1028.0,3478.0,4083.0,52.0,0.0,7507.0,0.0,0.0,,,957.0,59.0,32.0,7502.0,6945.0,6690.0,0.14032535378918132,0.007803200634836662,957.0,0.8613939955032404
72053,PR,Fajardo Municipio,7291.0,949.0,6342.0,6185.0,46.0,6139.0,1106.0,30.0,1076.0,3215.0,4076.0,40.0,,7238.0,0.0,0.0,,,972.0,65.0,20.0,7226.0,6600.0,6386.0,0.1516938691537512,0.008915100809216843,972.0,0.8698395281854341
72054,PR,Florida Municipio,3758.0,531.0,3227.0,2935.0,15.0,2920.0,823.0,17.0,806.0,1829.0,1929.0,,0.0,3755.0,0.0,0.0,,,751.0,28.0,14.0,3730.0,3288.0,3203.0,0.21899946780202234,0.007450771687067589,751.0,0.8587014369345396
72057,PR,Guayama Municipio,8503.0,924.0,7579.0,6963.0,57.0,6906.0,1540.0,16.0,1524.0,3979.0,4524.0,22.0,,8473.0,0.0,,,,1402.0,95.0,59.0,8408.0,7730.0,7619.0,0.18111254851228978,0.011172527343290604,1402.0,0.8913324708926261
72059,PR,Guayanilla Municipio,5380.0,711.0,4669.0,4556.0,30.0,4526.0,824.0,20.0,804.0,2576.0,2804.0,17.0,,5361.0,0.0,0.0,,,741.0,36.0,16.0,5344.0,4795.0,4692.0,0.15315985130111523,0.006691449814126394,741.0,0.8678438661710037
72061,PR,Guaynabo Municipio,20048.0,4405.0,15643.0,18575.0,84.0,18491.0,1473.0,50.0,1423.0,8190.0,11858.0,247.0,,19780.0,0.0,0.0,16.0,186.0,1271.0,75.0,32.0,19973.0,18012.0,17026.0,0.07347366320830008,0.003741021548284118,1473.0,0.7802773343974462
72063,PR,Gurabo Municipio,8278.0,1136.0,7142.0,6950.0,31.0,6919.0,1328.0,31.0,1297.0,3762.0,4516.0,42.0,,8229.0,0.0,0.0,11.0,122.0,1195.0,60.0,31.0,8218.0,7405.0,7193.0,0.16042522348393332,0.00724812756704518,1328.0,0.8627687847306112
72055,PR,Guánica Municipio,3802.0,443.0,3359.0,3356.0,32.0,3324.0,446.0,,,1837.0,1965.0,,0.0,3794.0,0.0,0.0,,,390.0,44.0,18.0,3758.0,3431.0,3359.0,0.11730668069437139,0.011572856391372961,390.0,0.8834823776959495
72065,PR,Hatillo Municipio,8447.0,1120.0,7327.0,6866.0,26.0,6840.0,1581.0,25.0,1556.0,3937.0,4510.0,33.0,0.0,8409.0,,,18.0,148.0,1415.0,57.0,33.0,8390.0,7492.0,7349.0,0.18716704155321415,0.006747957854859713,1581.0,0.8674085474132828
72067,PR,Hormigueros Municipio,4433.0,412.0,4021.0,3902.0,20.0,3882.0,531.0,13.0,518.0,1872.0,2561.0,13.0,0.0,4418.0,0.0,0.0,,,471.0,22.0,,4411.0,4126.0,4029.0,0.11978344236408753,0.004962779156327543,471.0,0.9070606812542297
72069,PR,Humacao Municipio,14231.0,1653.0,12578.0,11383.0,76.0,11307.0,2848.0,36.0,2812.0,6530.0,7701.0,81.0,,14136.0,,0.0,16.0,218.0,2614.0,107.0,48.0,14124.0,12987.0,12699.0,0.20012648443538752,0.007518796992481203,2848.0,0.8838451268357811
72071,PR,Isabela Municipio,10236.0,1129.0,9107.0,8271.0,54.0,8217.0,1965.0,32.0,1933.0,4945.0,5291.0,48.0,,10185.0,0.0,0.0,18.0,177.0,1770.0,75.0,41.0,10161.0,9325.0,9119.0,0.19196951934349354,0.007327080890973036,1965.0,0.8897030089878859
72073,PR,Jayuya Municipio,3483.0,554.0,2929.0,2709.0,16.0,2693.0,774.0,,,1732.0,1751.0,,,3479.0,0.0,0.0,,,690.0,23.0,,3460.0,2967.0,2924.0,0.2222222222222222,0.006603502727533735,690.0,0.8409417169107092
72075,PR,Juana Díaz Municipio,9542.0,1050.0,8492.0,8077.0,60.0,8017.0,1465.0,37.0,1428.0,4540.0,5002.0,14.0,,9526.0,0.0,0.0,,,1309.0,102.0,63.0,9440.0,8670.0,8500.0,0.15353175434919303,0.010689582896667365,1309.0,0.8899601760637182
72077,PR,Juncos Municipio,8391.0,1011.0,7380.0,6696.0,37.0,6659.0,1695.0,31.0,1664.0,3847.0,4544.0,15.0,,8369.0,0.0,0.0,,,1555.0,71.0,39.0,8320.0,7534.0,7405.0,0.20200214515552378,0.008461446788225479,1555.0,0.8795137647479442
72079,PR,Lajas Municipio,5666.0,698.0,4968.0,4913.0,27.0,4886.0,753.0,,,2695.0,2971.0,26.0,,5636.0,0.0,0.0,12.0,99.0,642.0,52.0,26.0,5614.0,5108.0,4995.0,0.13289798799858807,0.009177550300035298,753.0,0.8768090363572185
72081,PR,Lares Municipio,7396.0,1315.0,6081.0,6151.0,39.0,6112.0,1245.0,21.0,1224.0,3699.0,3697.0,15.0,0.0,7377.0,0.0,,11.0,143.0,1091.0,63.0,30.0,7333.0,6230.0,6087.0,0.16833423472147108,0.008518117901568416,1245.0,0.8222011898323418
72083,PR,Las Marías Municipio,2101.0,315.0,1786.0,1804.0,11.0,1793.0,297.0,,,1006.0,1095.0,,0.0,2095.0,,0.0,,,270.0,11.0,,2090.0,1808.0,1779.0,0.14136125654450263,0.005235602094240838,270.0,0.8500713945740124
72085,PR,Las Piedras Municipio,8539.0,777.0,7762.0,6482.0,31.0,6451.0,2057.0,25.0,2032.0,3959.0,4580.0,19.0,0.0,8516.0,0.0,0.0,18.0,168.0,1871.0,66.0,39.0,8473.0,7886.0,7774.0,0.24089471835109497,0.007729242300035133,2057.0,0.9090057383768592
72087,PR,Loíza Municipio,3948.0,646.0,3302.0,3408.0,23.0,3385.0,540.0,19.0,521.0,1847.0,2101.0,,,3943.0,0.0,0.0,,,483.0,37.0,,3911.0,3369.0,3309.0,0.13677811550151975,0.009371833839918946,483.0,0.8363728470111449
72089,PR,Luquillo Municipio,4154.0,588.0,3566.0,3557.0,22.0,3535.0,597.0,16.0,581.0,1900.0,2254.0,35.0,,4115.0,,0.0,,,526.0,33.0,13.0,4121.0,3736.0,3607.0,0.14371689937409726,0.007944150216658643,526.0,0.8584496870486278
72091,PR,Manatí Municipio,10145.0,1072.0,9073.0,8249.0,44.0,8205.0,1896.0,34.0,1862.0,4606.0,5539.0,37.0,,10101.0,,,,,1717.0,61.0,34.0,10084.0,9405.0,9127.0,0.18689009364218828,0.0060128141941843275,1717.0,0.8943321833415475
72093,PR,Maricao Municipio,1191.0,227.0,964.0,1043.0,,,148.0,,,587.0,604.0,,0.0,1183.0,0.0,0.0,,,131.0,,,,987.0,970.0,0.12426532325776658,,131.0,0.8094038623005877
72095,PR,Maunabo Municipio,3144.0,399.0,2745.0,2316.0,,,828.0,11.0,817.0,1621.0,1523.0,,0.0,3141.0,0.0,0.0,,,748.0,25.0,11.0,3119.0,2802.0,2757.0,0.2633587786259542,0.007951653944020356,748.0,0.8730916030534351
72097,PR,Mayagüez Municipio,19276.0,2252.0,17024.0,17277.0,113.0,17164.0,1999.0,51.0,1948.0,8541.0,10735.0,78.0,0.0,19195.0,0.0,0.0,22.0,244.0,1733.0,128.0,69.0,19148.0,17626.0,17270.0,0.10370408798505915,0.006640381821954763,1999.0,0.8831707823199834
72099,PR,Moca Municipio,8866.0,921.0,7945.0,7164.0,63.0,7101.0,1702.0,30.0,1672.0,4362.0,4504.0,24.0,,8837.0,0.0,0.0,15.0,177.0,1510.0,63.0,41.0,8803.0,8099.0,7955.0,0.19196932100157907,0.007105797428378074,1702.0,0.8961200090232349
72101,PR,Morovis Municipio,6719.0,757.0,5962.0,5145.0,26.0,5119.0,1574.0,17.0,1557.0,3311.0,3408.0,13.0,0.0,6706.0,0.0,0.0,,,1441.0,43.0,22.0,6676.0,6039.0,5961.0,0.23426105075159995,0.006399761869325792,1441.0,0.8873344247655901
72103,PR,Naguabo Municipio,5302.0,652.0,4650.0,4298.0,33.0,4265.0,1004.0,17.0,987.0,2477.0,2825.0,22.0,,5276.0,0.0,0.0,,,899.0,47.0,27.0,5255.0,4758.0,4650.0,0.1893625047152018,0.008864579403998492,899.0,0.8770275367785741
72105,PR,Naranjito Municipio,6570.0,857.0,5713.0,5353.0,31.0,5322.0,1217.0,24.0,1193.0,3274.0,3296.0,13.0,0.0,6557.0,0.0,0.0,,,1074.0,33.0,19.0,6537.0,5828.0,5727.0,0.1852359208523592,0.00502283105022831,1074.0,0.869558599695586
72107,PR,Orocovis Municipio,5184.0,721.0,4463.0,3810.0,20.0,3790.0,1374.0,15.0,1359.0,2704.0,2480.0,12.0,0.0,5172.0,0.0,0.0,,,1245.0,31.0,18.0,5153.0,4515.0,4453.0,0.2650462962962963,0.005979938271604938,1245.0,0.8609182098765432
72109,PR,Patillas Municipio,4866.0,569.0,4297.0,3826.0,25.0,3801.0,1040.0,15.0,1025.0,2435.0,2431.0,,,4857.0,0.0,,13.0,111.0,916.0,51.0,30.0,4815.0,4370.0,4304.0,0.2137279079325935,0.010480887792848335,1040.0,0.8830661734484176
72111,PR,Peñuelas Municipio,4972.0,543.0,4429.0,4196.0,51.0,4145.0,776.0,20.0,756.0,2477.0,2495.0,11.0,,4960.0,0.0,0.0,,,659.0,38.0,21.0,4934.0,4519.0,4425.0,0.15607401448109412,0.007642799678197908,659.0,0.8907884151246983
72113,PR,Ponce Municipio,34711.0,4323.0,30388.0,30575.0,181.0,30394.0,4136.0,103.0,4033.0,15710.0,19001.0,109.0,,34592.0,,0.0,41.0,502.0,3593.0,214.0,118.0,34497.0,31562.0,30813.0,0.11915531099651408,0.006165192590245167,4136.0,0.8754573478148138
72115,PR,Quebradillas Municipio,6417.0,894.0,5523.0,5072.0,27.0,5045.0,1345.0,22.0,1323.0,3104.0,3313.0,25.0,,6390.0,0.0,0.0,,,1210.0,48.0,20.0,6369.0,5671.0,5543.0,0.2095995013246065,0.0074801309022907905,1210.0,0.8606825619448341
72117,PR,Rincón Municipio,3865.0,512.0,3353.0,3306.0,19.0,3287.0,559.0,,,1836.0,2029.0,53.0,0.0,3806.0,0.0,,,,501.0,31.0,18.0,3834.0,3519.0,3405.0,0.1446313065976714,0.008020698576972834,501.0,0.867529107373868
72119,PR,Río Grande Municipio,10387.0,1196.0,9191.0,8842.0,69.0,8773.0,1545.0,49.0,1496.0,4718.0,5669.0,39.0,0.0,10338.0,,,,,1364.0,90.0,47.0,10297.0,9444.0,9242.0,0.14874362183498605,0.008664677000096275,1364.0,0.8848560700876095
72121,PR,Sabana Grande Municipio,5942.0,649.0,5293.0,5079.0,53.0,5026.0,863.0,24.0,839.0,2653.0,3289.0,16.0,0.0,5923.0,0.0,0.0,,,760.0,37.0,22.0,5905.0,5420.0,5297.0,0.14523729384045775,0.006226859643217772,760.0,0.8907775159878829
72123,PR,Salinas Municipio,6625.0,845.0,5780.0,5441.0,38.0,5403.0,1184.0,21.0,1163.0,3240.0,3385.0,16.0,,6606.0,0.0,0.0,15.0,106.0,1063.0,62.0,32.0,6563.0,5931.0,5811.0,0.17871698113207546,0.009358490566037736,1184.0,0.8724528301886793
72125,PR,San Germán Municipio,7656.0,978.0,6678.0,6625.0,55.0,6570.0,1031.0,31.0,1000.0,3588.0,4068.0,20.0,,7634.0,0.0,0.0,11.0,129.0,891.0,38.0,18.0,7618.0,6905.0,6718.0,0.13466562173458727,0.004963427377220481,1031.0,0.872257053291536
72127,PR,San Juan Municipio,76609.0,16846.0,59763.0,70214.0,320.0,69894.0,6395.0,201.0,6194.0,32314.0,44295.0,731.0,26.0,75797.0,12.0,,55.0,869.0,5471.0,416.0,221.0,76193.0,66826.0,63537.0,0.08347583182132648,0.00543017138978449,6395.0,0.7801041653069483
72129,PR,San Lorenzo Municipio,8917.0,1008.0,7909.0,7084.0,38.0,7046.0,1833.0,26.0,1807.0,4192.0,4725.0,22.0,,8890.0,,0.0,11.0,146.0,1676.0,73.0,36.0,8844.0,8056.0,7926.0,0.20556240888191096,0.008186609846360883,1833.0,0.8869574969160031
72131,PR,San Sebastián Municipio,11046.0,1147.0,9899.0,9274.0,53.0,9221.0,1772.0,32.0,1740.0,5333.0,5713.0,27.0,,11014.0,0.0,0.0,16.0,177.0,1579.0,82.0,42.0,10964.0,10116.0,9948.0,0.16042006156074598,0.007423501720079667,1772.0,0.8961615064276661
72133,PR,Santa Isabel Municipio,4381.0,571.0,3810.0,3588.0,23.0,3565.0,793.0,21.0,772.0,2023.0,2358.0,,,4374.0,0.0,0.0,,,706.0,37.0,19.0,4344.0,3905.0,3815.0,0.18100890207715134,0.008445560374343757,706.0,0.8696644601689112
72135,PR,Toa Alta Municipio,12826.0,1558.0,11268.0,10748.0,61.0,10687.0,2078.0,49.0,2029.0,5912.0,6914.0,31.0,,12790.0,0.0,0.0,14.0,220.0,1844.0,68.0,35.0,12758.0,11617.0,11307.0,0.16201465772649307,0.005301730859192266,2078.0,0.8785279900202714
72137,PR,Toa Baja Municipio,17018.0,2149.0,14869.0,14918.0,84.0,14834.0,2100.0,53.0,2047.0,7331.0,9687.0,41.0,,16962.0,,0.0,24.0,257.0,1819.0,110.0,47.0,16908.0,15470.0,14955.0,0.12339875426019509,0.006463744270772124,2100.0,0.8737219414737337
72139,PR,Trujillo Alto Municipio,12044.0,1767.0,10277.0,10905.0,61.0,10844.0,1139.0,38.0,1101.0,5087.0,6957.0,68.0,,11969.0,0.0,0.0,,,991.0,63.0,27.0,11981.0,10801.0,10448.0,0.09456991032879442,0.005230820325473264,991.0,0.8532879442045832
72141,PR,Utuado Municipio,7151.0,1098.0,6053.0,5884.0,44.0,5840.0,1267.0,14.0,1253.0,3655.0,3496.0,11.0,,7137.0,,,14.0,126.0,1127.0,53.0,29.0,7098.0,6158.0,6066.0,0.17717801706055097,0.007411550832051461,1267.0,0.8464550412529717
72143,PR,Vega Alta Municipio,8577.0,956.0,7621.0,7109.0,35.0,7074.0,1468.0,31.0,1437.0,3968.0,4609.0,19.0,,8549.0,,0.0,13.0,142.0,1313.0,72.0,53.0,8505.0,7851.0,7661.0,0.17115541564649644,0.008394543546694649,1468.0,0.8885391162411099
72145,PR,Vega Baja Municipio,12427.0,1244.0,11183.0,10091.0,51.0,10040.0,2336.0,46.0,2290.0,5711.0,6716.0,26.0,,12398.0,0.0,0.0,18.0,213.0,2105.0,102.0,47.0,12325.0,11484.0,11196.0,0.1879777902953247,0.008207934336525308,2336.0,0.8998953890721816
72147,PR,Vieques Municipio,1659.0,367.0,1292.0,1498.0,,,161.0,,,812.0,847.0,31.0,,1625.0,0.0,0.0,,,132.0,28.0,11.0,1631.0,1417.0,1338.0,0.0970464135021097,0.016877637130801686,132.0,0.7787823990355636
72149,PR,Villalba Municipio,5552.0,840.0,4712.0,4533.0,28.0,4505.0,1019.0,24.0,995.0,2704.0,2848.0,,0.0,5540.0,0.0,0.0,13.0,103.0,903.0,25.0,11.0,5527.0,4807.0,4727.0,0.18353746397694526,0.0045028818443804035,1019.0,0.8487031700288185
72151,PR,Yabucoa Municipio,9167.0,982.0,8185.0,6742.0,50.0,6692.0,2425.0,33.0,2392.0,4580.0,4587.0,16.0,,9150.0,0.0,0.0,,,2236.0,67.0,44.0,9100.0,8284.0,8192.0,0.26453583506054323,0.007308825133631504,2236.0,0.8928766226682666
72153,PR,Yauco Municipio,9282.0,1029.0,8253.0,8057.0,54.0,8003.0,1225.0,22.0,1203.0,4456.0,4826.0,28.0,0.0,9254.0,0.0,0.0,13.0,134.0,1078.0,54.0,28.0,9228.0,8440.0,8266.0,0.13197586726998492,0.005817711700064641,1225.0,0.8891402714932126
72999,PR,Unknown,,,,,,,,,,,,,,,,,,,,,,,,,,,0.0,
78010,VI,St. Croix Island,10074.0,7136.0,2938.0,9458.0,63.0,9395.0,616.0,35.0,581.0,4622.0,5452.0,1405.0,6578.0,1640.0,71.0,,,,487.0,216.0,119.0,9858.0,9209.0,5488.0,0.06114750843756204,0.02144133412745682,487.0,0.2916418503077228
78020,VI,St. John Island,965.0,761.0,204.0,927.0,,,38.0,,,466.0,499.0,406.0,481.0,38.0,,0.0,0.0,,,14.0,,951.0,877.0,511.0,0.039378238341968914,0.014507772020725389,0.0,0.21139896373056996
78030,VI,St. Thomas Island,9912.0,6669.0,3243.0,9385.0,70.0,9315.0,527.0,41.0,486.0,4530.0,5382.0,1381.0,7479.0,597.0,153.0,,,,409.0,174.0,90.0,9738.0,8926.0,5941.0,0.05316787732041969,0.017554479418886198,409.0,0.32717917675544794
78999,VI,Unknown,,,,,,,,,,,,,,,,,,,,,,,,,,,0.0,
